2026-09-29T10:12:06Z INFO Logging to /tmp/logs/update_2026-09-29T10-12-06Z.log.
2026-09-29T10:12:06Z INFO Update content-id-to-usage-dandiset-path (base directory /tmp).
2026-09-29T10:12:08Z INFO 430877 content IDs are already unique; 11727 need a heuristic.
2026-09-29T10:12:08Z INFO Fetching creation times for 66 dandisets from S3.
2026-09-29T10:12:09Z INFO Resolved 66 dandiset creation times.
2026-09-29T10:12:10Z INFO Processing 2000 items (442563 already recorded).
2026-09-29T10:12:12Z INFO [1/2000] 000147c3-afc0-4f12-99eb-e69468a13f45: attributed to 001697; 2.2 s; peak memory 624 MiB.
2026-09-29T10:12:13Z INFO [2/2000] 0001b3cc-6552-4292-a31a-3b737be036f3: attributed to 001697; 0.5 s; peak memory 624 MiB.
2026-09-29T10:12:13Z INFO [3/2000] 00088f02-1440-448c-98c3-74d3ed54bd29: attributed to 001697; 0.6 s; peak memory 624 MiB.
2026-09-29T10:12:14Z INFO [4/2000] 000c752a-88d5-4cea-a24b-4ee3d8bdc2d7: attributed to 000026; 0.4 s; peak memory 624 MiB.
2026-09-29T10:12:14Z INFO [5/2000] 000e77ee-4be9-4c88-8f73-c4c1ac297996: attributed to 001063; 0.3 s; peak memory 624 MiB.
2026-09-29T10:12:14Z INFO [6/2000] 000eaa62-d735-4f9d-aaf4-3434c099049f: attributed to 000026; 0.2 s; peak memory 624 MiB.
2026-09-29T10:12:14Z INFO [7/2000] 0014c791-de5a-4ba1-a5ce-c7e45ff77ae9: attributed to 001697; 0.0 s; peak memory 624 MiB.
2026-09-29T10:12:14Z INFO [8/2000] 0014fc85-15c2-45f3-90ff-8a8f941cdeda: attributed to 001697; 0.0 s; peak memory 624 MiB.
2026-09-29T10:12:15Z INFO [9/2000] 0016d2f2-fd1f-4263-be35-a09484bf0bfc: attributed to 000026; 0.2 s; peak memory 624 MiB.
2026-09-29T10:12:15Z INFO [10/2000] 001df09b-e6c3-485e-b1cc-8947ffb8b01d: attributed to 000026; 0.3 s; peak memory 624 MiB.
2026-09-29T10:12:15Z INFO [11/2000] 00260c68-ce0c-49bb-b6b0-46dd31d8fa08: attributed to 001697; 0.0 s; peak memory 624 MiB.
2026-09-29T10:12:15Z INFO [12/2000] 002a5d5e-b04c-4e5b-b866-573bf7b67ce5: attributed to 001697; 0.7 s; peak memory 624 MiB.
2026-09-29T10:12:16Z INFO [13/2000] 002da3da-b041-4863-a2d1-bc6c3f35fa9e: attributed to 001697; 0.4 s; peak memory 624 MiB.
2026-09-29T10:12:16Z INFO [14/2000] 003017e2-a3cf-4a11-97d6-3c348537a136: attributed to 001697; 0.0 s; peak memory 624 MiB.
2026-09-29T10:12:16Z INFO [15/2000] 0030d9e3-fb22-4e08-951b-35c01f263d89: attributed to 001258; 0.0 s; peak memory 624 MiB.
2026-09-29T10:12:16Z INFO [16/2000] 0034edfc-cd4a-4593-9fbe-e5b2820041ac: attributed to 001697; 0.4 s; peak memory 624 MiB.
2026-09-29T10:12:17Z INFO [17/2000] 003e6893-7926-43af-a688-ec1e3a6a09f6: attributed to 000946; 0.2 s; peak memory 624 MiB.
2026-09-29T10:12:17Z INFO [18/2000] 0045a3b6-b14b-4e43-a3cd-87177648f292: attributed to 001063; 0.2 s; peak memory 624 MiB.
2026-09-29T10:12:17Z INFO [19/2000] 004a9b18-3b64-4ce3-af25-33def5411dfe: attributed to 000026; 0.2 s; peak memory 624 MiB.
2026-09-29T10:12:17Z INFO [20/2000] 004efe94-9a6f-4ddb-8d7d-74a849ea33aa: attributed to 001697; 0.4 s; peak memory 624 MiB.
2026-09-29T10:12:17Z INFO [21/2000] 0056013b-e42e-4eb1-8e7b-05d1ae166ecd: attributed to 000026; 0.2 s; peak memory 624 MiB.
2026-09-29T10:12:17Z INFO [22/2000] 0061699e-1fd0-4fa1-8192-bdb535917748: attributed to 000142; 0.0 s; peak memory 624 MiB.
2026-09-29T10:12:18Z INFO [23/2000] 0070c6b0-e6cb-4a94-8855-59649aff58f8: attributed to 001697; 0.4 s; peak memory 624 MiB.
2026-09-29T10:12:18Z INFO [24/2000] 0071ea07-8934-41d6-be46-ea2a18ddaf75: attributed to 001697; 0.0 s; peak memory 624 MiB.
2026-09-29T10:12:18Z INFO [25/2000] 007918dc-a8cd-4d1f-8a97-40f434af0007: attributed to 001697; 0.0 s; peak memory 624 MiB.
2026-09-29T10:12:18Z INFO [26/2000] 007d8429-1d3c-4dd9-ae1c-d925dc4aa583: attributed to 001697; 0.4 s; peak memory 624 MiB.
2026-09-29T10:12:19Z INFO [27/2000] 0082011e-a136-441c-886c-e83a13e19799: attributed to 001697; 0.4 s; peak memory 624 MiB.
2026-09-29T10:12:19Z INFO [28/2000] 0082baab-0338-4a49-93ac-2e61f765e707: attributed to 001697; 0.5 s; peak memory 624 MiB.
2026-09-29T10:12:19Z INFO [29/2000] 0082e472-c2ae-4618-931e-b47506542c8d: attributed to 001697; 0.0 s; peak memory 624 MiB.
2026-09-29T10:12:19Z INFO [30/2000] 0084ee0c-332c-4e96-9d77-7e542c73d09c: attributed to 001697; 0.0 s; peak memory 624 MiB.
2026-09-29T10:12:19Z INFO [31/2000] 009560be-82a6-4d29-8f06-a4548c0e82eb: attributed to 001697; 0.0 s; peak memory 624 MiB.
2026-09-29T10:12:19Z INFO [32/2000] 0097cee2-f245-4d17-8e60-14f51385f173: attributed to 000946; 0.2 s; peak memory 624 MiB.
2026-09-29T10:12:20Z INFO [33/2000] 009b21ac-a708-44d4-a268-fa3ff4319489: attributed to 001697; 0.6 s; peak memory 624 MiB.
2026-09-29T10:12:20Z INFO [34/2000] 009e5ee8-6067-42d6-a0bd-d558faa7372c: attributed to 000026; 0.2 s; peak memory 624 MiB.
2026-09-29T10:12:20Z INFO [35/2000] 00a37ce0-0de0-4d37-ba64-d2735efad9dc: attributed to 001697; 0.0 s; peak memory 624 MiB.
2026-09-29T10:12:20Z INFO [36/2000] 00a60456-3405-40ec-ad51-87e6f2e12241: attributed to 001697; 0.0 s; peak memory 624 MiB.
2026-09-29T10:12:20Z INFO [37/2000] 00c10c3c-6be6-4b50-8dfd-ebfc0f278b38: attributed to 001697; 0.4 s; peak memory 624 MiB.
2026-09-29T10:12:21Z INFO [38/2000] 00c4f5f1-e55f-4d1c-8ec4-e67042fce602: attributed to 001063; 0.2 s; peak memory 624 MiB.
2026-09-29T10:12:21Z INFO [39/2000] 00ce6b6b-007e-4eff-9361-e68cd5f5846c: attributed to 000293; 0.0 s; peak memory 624 MiB.
2026-09-29T10:12:21Z INFO [40/2000] 00cf169a-cd38-409b-b1cc-922e76d1a314: attributed to 001697; 0.0 s; peak memory 624 MiB.
2026-09-29T10:12:21Z INFO [41/2000] 00d8da6e-8cbe-4ca0-9e91-60e17bfe6c3b: attributed to 001697; 0.4 s; peak memory 624 MiB.
2026-09-29T10:12:21Z INFO [42/2000] 00d9066d-8b45-40cd-b5b6-b43135a0943a: attributed to 000026; 0.2 s; peak memory 624 MiB.
2026-09-29T10:12:21Z INFO [43/2000] 00eb066b-bbd5-48ee-9ed2-c4035f07231c: attributed to 001697; 0.0 s; peak memory 624 MiB.
2026-09-29T10:12:21Z INFO [44/2000] 00ee6218-496b-44e2-85b8-e050c59a74d2: attributed to 000570; 0.0 s; peak memory 624 MiB.
2026-09-29T10:12:21Z INFO [45/2000] 00f02be4-5573-4ef9-a76d-097cd3c259b1: attributed to 001697; 0.0 s; peak memory 624 MiB.
2026-09-29T10:12:21Z INFO [46/2000] 00f5fb4a-bed9-48a5-ba07-a3799e46ca74: attributed to 001697; 0.0 s; peak memory 624 MiB.
2026-09-29T10:12:21Z INFO [47/2000] 00f89cd7-d63b-4ade-84e9-8f2b8531f548: attributed to 001697; 0.0 s; peak memory 624 MiB.
2026-09-29T10:12:21Z INFO [48/2000] 00ff6bef-0169-44f4-8535-26f77519af8b: attributed to 001063; 0.2 s; peak memory 624 MiB.
2026-09-29T10:12:22Z INFO [49/2000] 0104b839-aea6-4cb2-a0ee-9a241644b041: attributed to 001697; 0.3 s; peak memory 624 MiB.
2026-09-29T10:12:22Z INFO [50/2000] 0107bc9f-bd65-4c7c-9489-8fc7e66276cd: attributed to 001697; 0.0 s; peak memory 624 MiB.
2026-09-29T10:12:23Z INFO [50/2000] 0107bc9f-bd65-4c7c-9489-8fc7e66276cd: checkpointed 442563 records.
2026-09-29T10:12:23Z INFO [51/2000] 01099416-e2ac-4526-a4ed-2f189115cafa: attributed to 001697; 0.0 s; peak memory 627 MiB.
2026-09-29T10:12:23Z INFO [52/2000] 0109fa6a-fb03-4dc5-ac92-40372c2e6dbe: attributed to 001697; 0.4 s; peak memory 627 MiB.
2026-09-29T10:12:23Z INFO [53/2000] 010a1067-7a24-47ee-b891-55aa45f87d9a: attributed to 000946; 0.2 s; peak memory 627 MiB.
2026-09-29T10:12:24Z INFO [54/2000] 010c6b1f-0b10-4dec-99bf-83d445eb9f55: attributed to 001697; 0.4 s; peak memory 627 MiB.
2026-09-29T10:12:24Z INFO [55/2000] 011cdd2c-78cb-414c-a11b-f9f975357a34: attributed to 001258; 0.0 s; peak memory 627 MiB.
2026-09-29T10:12:24Z INFO [56/2000] 011f44c4-a688-4019-9658-f847744ce4e2: attributed to 001697; 0.4 s; peak memory 627 MiB.
2026-09-29T10:12:24Z INFO [57/2000] 0122f93c-3382-47f1-b8b4-5fe7b18ca977: attributed to 001449; 0.3 s; peak memory 627 MiB.
2026-09-29T10:12:26Z INFO [58/2000] 0127fef2-b8fd-4338-baed-d9051b9f1427: attributed to 001346; 1.8 s; peak memory 627 MiB.
2026-09-29T10:12:26Z INFO [59/2000] 012ac7ce-84d5-41ac-9c4c-8bdc3e49942f: attributed to 000570; 0.0 s; peak memory 627 MiB.
2026-09-29T10:12:29Z INFO [60/2000] 012fc13c-1cd7-4baa-af1b-08a26c96cf53: attributed to 001873; 2.6 s; peak memory 627 MiB.
2026-09-29T10:12:29Z INFO [61/2000] 0130e057-6b6a-480e-90e9-28e1a4f9c8aa: attributed to 001697; 0.4 s; peak memory 627 MiB.
2026-09-29T10:12:30Z INFO [62/2000] 01463a1a-e4c2-4c56-83ae-d599d72f107e: attributed to 001362; 0.2 s; peak memory 627 MiB.
2026-09-29T10:12:30Z INFO [63/2000] 01468d42-dec0-40b6-993d-f141c90b9879: attributed to 000946; 0.2 s; peak memory 627 MiB.
2026-09-29T10:12:30Z INFO [64/2000] 0155b06f-9c60-4317-94a4-a50d0689867f: attributed to 001697; 0.6 s; peak memory 627 MiB.
2026-09-29T10:12:31Z INFO [65/2000] 015f9aff-a66b-42cb-83de-50800d934c19: attributed to 001697; 0.4 s; peak memory 627 MiB.
2026-09-29T10:12:31Z INFO [66/2000] 0166c151-e037-43cf-8921-07a86e219de3: attributed to 001697; 0.0 s; peak memory 627 MiB.
2026-09-29T10:12:31Z INFO [67/2000] 01683507-ff81-4a66-9e39-6aae59ba100e: attributed to 001697; 0.0 s; peak memory 627 MiB.
2026-09-29T10:12:31Z INFO [68/2000] 016c5b77-afc2-49d9-be8e-d18c2a97e7af: attributed to 001697; 0.4 s; peak memory 627 MiB.
2026-09-29T10:12:31Z INFO [69/2000] 016cb0d7-3991-417d-a089-76f2a5446670: attributed to 001442; 0.2 s; peak memory 627 MiB.
2026-09-29T10:12:32Z INFO [70/2000] 01883c6a-7be6-4c15-9d30-0d62d0125057: attributed to 001697; 0.4 s; peak memory 627 MiB.
2026-09-29T10:12:33Z INFO [71/2000] 018927df-6327-4f19-9e3d-36ae3f976333: attributed to 001697; 1.4 s; peak memory 627 MiB.
2026-09-29T10:12:33Z INFO [72/2000] 018f183b-c87d-421f-8199-e8c1c9142b42: attributed to 000026; 0.2 s; peak memory 627 MiB.
2026-09-29T10:12:34Z INFO [73/2000] 0192e38f-f218-4318-b002-5406f8efa0a2: attributed to 000026; 0.2 s; peak memory 627 MiB.
2026-09-29T10:12:34Z INFO [74/2000] 01938e2d-3ccf-4927-9988-c201fc52b699: attributed to 000026; 0.2 s; peak memory 627 MiB.
2026-09-29T10:12:34Z INFO [75/2000] 019994fd-fed6-4943-9069-40752fd66d2d: attributed to 001697; 0.0 s; peak memory 627 MiB.
2026-09-29T10:12:34Z INFO [76/2000] 019a046b-bc09-491e-aeac-4be098312bd2: attributed to 001697; 0.0 s; peak memory 627 MiB.
2026-09-29T10:12:34Z INFO [77/2000] 019a4fa9-4157-4efd-877a-0cc055328668: attributed to 000946; 0.2 s; peak memory 627 MiB.
2026-09-29T10:12:34Z INFO [78/2000] 019f4005-07bb-4807-ae46-84054e49a323: attributed to 001697; 0.4 s; peak memory 627 MiB.
2026-09-29T10:12:35Z INFO [79/2000] 01a0fa8a-9321-42cb-80dd-2b0f97beb847: attributed to 001697; 0.4 s; peak memory 627 MiB.
2026-09-29T10:12:35Z INFO [80/2000] 01d1ad8d-f9bf-40b6-8519-d112744fdd32: attributed to 001697; 0.0 s; peak memory 627 MiB.
2026-09-29T10:12:35Z INFO [81/2000] 01debc50-76b7-4129-b9ab-17bec0636fd5: attributed to 001873; 0.7 s; peak memory 627 MiB.
2026-09-29T10:12:36Z INFO [82/2000] 01dec86b-f2a7-442d-b42b-3ff501e93276: attributed to 000946; 0.2 s; peak memory 627 MiB.
2026-09-29T10:12:36Z INFO [83/2000] 01df4f15-9983-4a70-a446-ab6fa2910d81: attributed to 001697; 0.0 s; peak memory 627 MiB.
2026-09-29T10:12:36Z INFO [84/2000] 01e1eb7f-3461-429e-baa4-e800d2b01196: attributed to 000570; 0.0 s; peak memory 627 MiB.
2026-09-29T10:12:36Z INFO [85/2000] 01ec5524-5890-4198-bb7e-ffdeda8cc43f: attributed to 001697; 0.0 s; peak memory 627 MiB.
2026-09-29T10:12:36Z INFO [86/2000] 01ecd8b9-d7ef-4766-a927-78e0342efb97: attributed to 001697; 0.4 s; peak memory 627 MiB.
2026-09-29T10:12:36Z INFO [87/2000] 01f7b176-c3b0-4627-8dde-7cf6362e2447: attributed to 001697; 0.5 s; peak memory 627 MiB.
2026-09-29T10:12:37Z INFO [88/2000] 01fba041-9989-4121-ae0e-cc07e3070848: attributed to 001697; 1.0 s; peak memory 627 MiB.
2026-09-29T10:12:38Z INFO [89/2000] 01fec623-9d29-4446-813a-776b784bfa1a: attributed to 000026; 0.9 s; peak memory 627 MiB.
2026-09-29T10:12:38Z INFO [90/2000] 01ff4434-dd87-42a0-a940-12117fc676db: attributed to 001697; 0.0 s; peak memory 627 MiB.
2026-09-29T10:12:39Z INFO [91/2000] 02023c8b-291b-4400-a8e6-edc25f763fcb: attributed to 001697; 0.4 s; peak memory 627 MiB.
2026-09-29T10:12:39Z INFO [92/2000] 02037a08-804a-4754-b82e-cd2dcd2a3d29: attributed to 001697; 0.0 s; peak memory 627 MiB.
2026-09-29T10:12:39Z INFO [93/2000] 020fdee7-5f53-4734-aa6c-d75ef5f80b85: attributed to 000026; 0.2 s; peak memory 627 MiB.
2026-09-29T10:12:39Z INFO [94/2000] 02131687-22b4-48c0-9620-a8f9385c2cc5: attributed to 000026; 0.2 s; peak memory 627 MiB.
2026-09-29T10:12:39Z INFO [95/2000] 0215cd4e-c975-4751-a770-cad265b28564: attributed to 000142; 0.0 s; peak memory 627 MiB.
2026-09-29T10:12:39Z INFO [96/2000] 02190bd2-4904-4f65-ae93-0822f0ea1e28: attributed to 000109; 0.0 s; peak memory 627 MiB.
2026-09-29T10:12:39Z INFO [97/2000] 02224d0f-7542-4522-bc96-6e33e91b6817: attributed to 001697; 0.0 s; peak memory 627 MiB.
2026-09-29T10:12:39Z INFO [98/2000] 0222bbce-0bd9-4f2b-b6ab-e59c5a3c1406: attributed to 000026; 0.2 s; peak memory 627 MiB.
2026-09-29T10:12:40Z INFO [99/2000] 02265549-01d5-45ac-9d5e-cbff19393a5b: attributed to 001697; 0.5 s; peak memory 627 MiB.
2026-09-29T10:12:40Z INFO [100/2000] 0234851c-a9bf-49a6-9688-7750a445e697: attributed to 000109; 0.0 s; peak memory 627 MiB.
2026-09-29T10:12:41Z INFO [100/2000] 0234851c-a9bf-49a6-9688-7750a445e697: checkpointed 442563 records.
2026-09-29T10:12:41Z INFO [101/2000] 0235d46e-2436-4d6f-ab58-69d0e42c56c7: attributed to 001697; 0.0 s; peak memory 627 MiB.
2026-09-29T10:12:41Z INFO [102/2000] 023c734d-aa17-444b-9c8b-a9d7ef7c6012: attributed to 001697; 0.6 s; peak memory 627 MiB.
2026-09-29T10:12:42Z INFO [103/2000] 02414e65-b3c7-4d70-8da6-b1bcb61bf293: attributed to 000026; 0.2 s; peak memory 627 MiB.
2026-09-29T10:12:42Z INFO [104/2000] 0241afc0-b68e-463c-a66c-6c18db12cf9e: attributed to 001697; 0.4 s; peak memory 627 MiB.
2026-09-29T10:12:43Z INFO [105/2000] 02473270-53dd-44e3-a813-36ce43aaf22b: attributed to 000026; 0.8 s; peak memory 627 MiB.
2026-09-29T10:12:43Z INFO [106/2000] 0247d72e-e794-4474-8e7d-6bfeff7e5d41: attributed to 001873; 0.5 s; peak memory 627 MiB.
2026-09-29T10:12:43Z INFO [107/2000] 0249c82a-1c48-4dce-a334-78bf925e7afd: attributed to 000142; 0.0 s; peak memory 627 MiB.
2026-09-29T10:12:44Z INFO [108/2000] 024ad335-b5fd-4368-8981-91bce7d12c60: attributed to 001697; 0.4 s; peak memory 627 MiB.
2026-09-29T10:12:44Z INFO [109/2000] 02537384-34d5-4ee0-8b5b-66078a9acdec: attributed to 000026; 0.2 s; peak memory 627 MiB.
2026-09-29T10:12:44Z INFO [110/2000] 02565f35-b576-403a-96e5-e744de156879: attributed to 000026; 0.2 s; peak memory 627 MiB.
2026-09-29T10:12:44Z INFO [111/2000] 0263a4f2-2491-4b83-a995-a152640b45df: attributed to 001697; 0.4 s; peak memory 627 MiB.
2026-09-29T10:12:44Z INFO [112/2000] 02670486-9ebb-4bf3-ac2a-2b771550ffc3: attributed to 001697; 0.0 s; peak memory 627 MiB.
2026-09-29T10:12:45Z INFO [113/2000] 0269a04c-b8ac-48ac-b557-570bce1711dc: attributed to 000026; 0.2 s; peak memory 627 MiB.
2026-09-29T10:12:45Z INFO [114/2000] 026d9c1a-5b81-4055-ae7c-456bd5d2fa00: attributed to 001697; 0.4 s; peak memory 627 MiB.
2026-09-29T10:12:45Z INFO [115/2000] 027a64f7-792e-4bd4-be63-2f4a8169aa29: attributed to 001697; 0.4 s; peak memory 627 MiB.
2026-09-29T10:12:46Z INFO [116/2000] 0281e7d5-8b11-4b5e-bbad-639c73ac4480: attributed to 001697; 0.4 s; peak memory 627 MiB.
2026-09-29T10:12:46Z INFO [117/2000] 0285657a-37e7-4365-a462-0341755b6b85: attributed to 000209; 0.0 s; peak memory 627 MiB.
2026-09-29T10:12:46Z INFO [118/2000] 028f3070-356e-464e-b9bb-cba04d9a0a31: attributed to 001697; 0.0 s; peak memory 627 MiB.
2026-09-29T10:12:46Z INFO [119/2000] 029852e2-8d08-415e-9f3e-7507b4c4703a: attributed to 001873; 0.5 s; peak memory 627 MiB.
2026-09-29T10:12:46Z INFO [120/2000] 02afc064-05df-42a9-b76d-d5bf35f0ee3f: attributed to 000026; 0.2 s; peak memory 627 MiB.
2026-09-29T10:12:47Z INFO [121/2000] 02b12d9b-cc16-48eb-803b-752531f00f2e: attributed to 000026; 0.2 s; peak memory 627 MiB.
2026-09-29T10:12:47Z INFO [122/2000] 02b40308-7b6c-4319-a761-05bca9e120ba: attributed to 001697; 0.4 s; peak memory 627 MiB.
2026-09-29T10:12:48Z INFO [123/2000] 02b53bfb-5763-4895-9885-6babf4bdfbb3: attributed to 001697; 0.6 s; peak memory 627 MiB.
2026-09-29T10:12:48Z INFO [124/2000] 02bfceaf-9ff1-4a0f-8146-0698df50835d: attributed to 000026; 0.2 s; peak memory 627 MiB.
2026-09-29T10:12:48Z INFO [125/2000] 02c489d1-6da4-4e40-b14c-8ecc4c3f8b3e: attributed to 001697; 0.4 s; peak memory 627 MiB.
2026-09-29T10:12:48Z INFO [126/2000] 02c504be-face-4f82-bd33-4ad3fa3ec114: attributed to 001697; 0.0 s; peak memory 627 MiB.
2026-09-29T10:12:48Z INFO [127/2000] 02c581cb-e81f-44b9-bbd9-7156c84550ba: attributed to 001697; 0.0 s; peak memory 627 MiB.
2026-09-29T10:12:48Z INFO [128/2000] 02c5f702-3f70-4e81-90e8-1910a15d5ef1: attributed to 001858; 0.0 s; peak memory 627 MiB.
2026-09-29T10:12:48Z INFO [129/2000] 02d09b50-b8ac-494e-afad-9455ea39c74e: attributed to 000142; 0.0 s; peak memory 627 MiB.
2026-09-29T10:12:48Z INFO [130/2000] 02d64635-3047-4796-b9f9-f1c09934251a: attributed to 001697; 0.0 s; peak memory 627 MiB.
2026-09-29T10:12:48Z INFO [131/2000] 02d833d3-79d0-443a-9f20-7915b6136217: attributed to 001697; 0.0 s; peak memory 627 MiB.
2026-09-29T10:12:48Z INFO [132/2000] 02d99bbe-e231-4b7d-a656-6b9e7b7fd080: attributed to 001749; 0.2 s; peak memory 627 MiB.
2026-09-29T10:12:49Z INFO [133/2000] 02e6eb00-c072-44ef-9a50-8969bcffdb93: attributed to 000026; 0.2 s; peak memory 627 MiB.
2026-09-29T10:12:49Z INFO [134/2000] 03059cb3-bfb7-46ea-94ca-0277b232a26f: attributed to 000026; 0.5 s; peak memory 627 MiB.
2026-09-29T10:12:49Z INFO [135/2000] 0309c595-c5cf-487e-930a-54ee1f69ffc5: attributed to 001697; 0.0 s; peak memory 627 MiB.
2026-09-29T10:12:56Z INFO [136/2000] 030b0a5d-adb1-4444-bb96-f1776118611d: attributed to 001697; 6.9 s; peak memory 627 MiB.
2026-09-29T10:12:56Z INFO [137/2000] 03134fbf-8ac2-4cea-ba46-6cbd696531f0: attributed to 001697; 0.4 s; peak memory 627 MiB.
2026-09-29T10:12:57Z INFO [138/2000] 0317cf5a-4047-4e19-aae1-4f7b7434d2d7: attributed to 000029; 0.2 s; peak memory 627 MiB.
2026-09-29T10:12:57Z INFO [139/2000] 0318ab5f-106b-470d-accf-a052b1464a96: attributed to 001697; 0.4 s; peak memory 627 MiB.
2026-09-29T10:12:57Z INFO [140/2000] 03208b4c-3453-42ce-a4bc-66ba61308329: attributed to 000946; 0.2 s; peak memory 627 MiB.
2026-09-29T10:12:57Z INFO [141/2000] 03210f99-a593-4286-9815-efa6b96b5f35: attributed to 001697; 0.0 s; peak memory 627 MiB.
2026-09-29T10:12:57Z INFO [142/2000] 032db881-7900-48de-80bb-174de32b5c52: attributed to 000142; 0.0 s; peak memory 627 MiB.
2026-09-29T10:12:57Z INFO [143/2000] 0340d477-2f62-4dae-9661-8dcb3a79b2a7: attributed to 001697; 0.0 s; peak memory 627 MiB.
2026-09-29T10:12:58Z INFO [144/2000] 034258f9-93a2-4cf2-8bba-b2cf9b6e6d5c: attributed to 001873; 0.8 s; peak memory 627 MiB.
2026-09-29T10:12:58Z INFO [145/2000] 0343a009-6425-4e81-80d4-293cb1bd3d5a: attributed to 001697; 0.4 s; peak memory 627 MiB.
2026-09-29T10:12:59Z INFO [146/2000] 034aaf0c-9fb4-4979-9d52-cb130a74e033: attributed to 001697; 0.4 s; peak memory 627 MiB.
2026-09-29T10:12:59Z INFO [147/2000] 034c552e-1e01-4db0-ad99-2ce5b22f0934: attributed to 001697; 0.0 s; peak memory 627 MiB.
2026-09-29T10:13:00Z INFO [148/2000] 034c570d-63e6-4e67-8936-2c2c53a43d37: attributed to 001697; 1.7 s; peak memory 627 MiB.
2026-09-29T10:13:00Z INFO [149/2000] 034c872a-2810-4e8d-95f3-9bf278bd9939: attributed to 001697; 0.0 s; peak memory 627 MiB.
2026-09-29T10:13:01Z INFO [150/2000] 0352ae13-f036-4b4a-98a4-0d28ada11e93: attributed to 000403; 0.8 s; peak memory 627 MiB.
2026-09-29T10:13:02Z INFO [150/2000] 0352ae13-f036-4b4a-98a4-0d28ada11e93: checkpointed 442563 records.
2026-09-29T10:13:03Z INFO [151/2000] 035779d2-0dc1-4dd7-bd96-b2f92ddae4c7: attributed to 000026; 0.3 s; peak memory 628 MiB.
2026-09-29T10:13:03Z INFO [152/2000] 035f9e6d-5f85-49f0-b89e-c32c0fa8f78b: attributed to 001697; 0.9 s; peak memory 628 MiB.
2026-09-29T10:13:04Z INFO [153/2000] 036812cf-af2a-4b56-91ac-0ceb4c113550: attributed to 000026; 0.2 s; peak memory 628 MiB.
2026-09-29T10:13:04Z INFO [154/2000] 03688151-9880-4958-9d1e-3d8563221599: attributed to 001449; 0.3 s; peak memory 628 MiB.
2026-09-29T10:13:04Z INFO [155/2000] 036b66dd-5cab-463a-9110-5432a89996b4: attributed to 001697; 0.0 s; peak memory 628 MiB.
2026-09-29T10:13:04Z INFO [156/2000] 0374e9e1-2d3e-4312-ad73-cc75effcfc73: attributed to 001697; 0.5 s; peak memory 628 MiB.
2026-09-29T10:13:05Z INFO [157/2000] 03808660-c16e-4213-b3a8-0fe914642e1f: attributed to 000026; 0.2 s; peak memory 628 MiB.
2026-09-29T10:13:05Z INFO [158/2000] 038b0c79-71ec-468b-ac85-8bb68f844fa3: attributed to 000109; 0.0 s; peak memory 628 MiB.
2026-09-29T10:13:05Z INFO [159/2000] 03a807f2-a048-47a2-9362-367b4512c3b9: attributed to 000026; 0.2 s; peak memory 628 MiB.
2026-09-29T10:13:05Z INFO [160/2000] 03a91d94-0799-4ce0-93cb-120631bdb87b: attributed to 001873; 0.6 s; peak memory 628 MiB.
2026-09-29T10:13:05Z INFO [161/2000] 03ac3868-34ef-40a1-a300-92bde08cd950: attributed to 001697; 0.0 s; peak memory 628 MiB.
2026-09-29T10:13:06Z INFO [162/2000] 03b73eaf-775d-4d8d-b327-277018788605: attributed to 000026; 0.5 s; peak memory 628 MiB.
2026-09-29T10:13:06Z INFO [163/2000] 03ba189f-f95c-4a99-8bda-298c893a81fd: attributed to 001063; 0.2 s; peak memory 628 MiB.
2026-09-29T10:13:06Z INFO [164/2000] 03ba4414-95b9-46a6-9476-8e06f7af4406: attributed to 001697; 0.0 s; peak memory 628 MiB.
2026-09-29T10:13:06Z INFO [165/2000] 03c0bae8-34f7-478c-a6cb-f62233302e7f: attributed to 001697; 0.0 s; peak memory 628 MiB.
2026-09-29T10:13:06Z INFO [166/2000] 03c35207-ef9f-4614-b44d-07859b22eda7: attributed to 001437; 0.2 s; peak memory 628 MiB.
2026-09-29T10:13:06Z INFO [167/2000] 03c64167-1409-4f8b-b421-6118fa05fa8a: attributed to 001697; 0.0 s; peak memory 628 MiB.
2026-09-29T10:13:07Z INFO [168/2000] 03d12bf6-f5a3-4939-83e0-2359079fe5ad: attributed to 001697; 0.5 s; peak memory 628 MiB.
2026-09-29T10:13:07Z INFO [169/2000] 03e1f879-01cf-4d34-b990-3af4825933cc: attributed to 001697; 0.5 s; peak memory 628 MiB.
2026-09-29T10:13:08Z INFO [170/2000] 03e22d6b-a6e7-42f4-ab1d-5069afa4191c: attributed to 000026; 0.3 s; peak memory 628 MiB.
2026-09-29T10:13:08Z INFO [171/2000] 03e4d928-8d18-4be1-b932-b815d1c37b80: attributed to 000403; 0.0 s; peak memory 628 MiB.
2026-09-29T10:13:08Z INFO [172/2000] 03ecc157-55d3-4a27-b36d-fba841df6f5a: attributed to 001697; 0.0 s; peak memory 628 MiB.
2026-09-29T10:13:08Z INFO [173/2000] 03f01e58-64c0-406d-ae47-edf86c506995: attributed to 001697; 0.0 s; peak memory 628 MiB.
2026-09-29T10:13:08Z INFO [174/2000] 03f5e06d-63ec-4a39-9f3c-97f1a3873725: attributed to 001697; 0.4 s; peak memory 628 MiB.
2026-09-29T10:13:08Z INFO [175/2000] 04101269-867a-4ae7-a9db-0e2a8adf3f2a: attributed to 000142; 0.0 s; peak memory 628 MiB.
2026-09-29T10:13:08Z INFO [176/2000] 04142e26-b7e4-4973-b577-e13d166f5fba: attributed to 001697; 0.4 s; peak memory 628 MiB.
2026-09-29T10:13:08Z INFO [177/2000] 041b3753-ee8d-4a72-a888-61d5f9053bc5: attributed to 000026; 0.2 s; peak memory 628 MiB.
2026-09-29T10:13:08Z INFO [178/2000] 042bb1f3-abd1-4c1c-be16-46e140dd3010: attributed to 000142; 0.0 s; peak memory 628 MiB.
2026-09-29T10:13:08Z INFO [179/2000] 042dcb56-6760-4558-9574-98e9784ae740: attributed to 001697; 0.0 s; peak memory 628 MiB.
2026-09-29T10:13:09Z INFO [180/2000] 044284d4-9cd7-4885-b4aa-e0a32af2337f: attributed to 001697; 0.5 s; peak memory 628 MiB.
2026-09-29T10:13:09Z INFO [181/2000] 044b01c9-21e1-409f-bcfd-351b874af897: attributed to 000946; 0.2 s; peak memory 628 MiB.
2026-09-29T10:13:10Z INFO [182/2000] 045109c5-f5ff-4b0c-962b-65ae20e7dec9: attributed to 001697; 0.4 s; peak memory 628 MiB.
2026-09-29T10:13:10Z INFO [183/2000] 04579b27-813c-4b54-bebd-91825ad8f263: attributed to 001697; 0.4 s; peak memory 628 MiB.
2026-09-29T10:13:12Z INFO [184/2000] 045b5b99-18ba-4fe7-bae8-606006a50d3b: attributed to 001353; 2.4 s; peak memory 628 MiB.
2026-09-29T10:13:13Z INFO [185/2000] 045f32dd-5dc9-49f1-92f3-5f3b2f0cf3bb: attributed to 000173; 0.3 s; peak memory 628 MiB.
2026-09-29T10:13:13Z INFO [186/2000] 0460c57a-3619-4eaa-a850-e7996fb5b2ed: attributed to 001697; 0.4 s; peak memory 628 MiB.
2026-09-29T10:13:13Z INFO [187/2000] 046988ac-c09b-40cd-bd1d-e279bc566fd6: attributed to 001697; 0.4 s; peak memory 628 MiB.
2026-09-29T10:13:14Z INFO [188/2000] 0473b36e-9edf-47e2-9661-a048599b39f7: attributed to 001697; 0.5 s; peak memory 628 MiB.
2026-09-29T10:13:14Z INFO [189/2000] 047501d0-0bf4-493c-a584-c59fa611ec03: attributed to 000570; 0.0 s; peak memory 628 MiB.
2026-09-29T10:13:14Z INFO [190/2000] 04760eb2-ae2d-4106-a65b-26fb52dbd481: attributed to 001697; 0.5 s; peak memory 628 MiB.
2026-09-29T10:13:14Z INFO [191/2000] 047741c6-c6c1-4c8e-9362-4c2e2926ced1: attributed to 001697; 0.0 s; peak memory 628 MiB.
2026-09-29T10:13:15Z INFO [192/2000] 04774f3d-75e0-4d8a-b575-e20327265764: attributed to 000026; 0.2 s; peak memory 628 MiB.
2026-09-29T10:13:15Z INFO [193/2000] 047d5b67-1c1f-426b-bfc3-dd78ca472c4a: attributed to 001697; 0.0 s; peak memory 628 MiB.
2026-09-29T10:13:15Z INFO [194/2000] 0482bdd4-7812-4b98-9398-6045951e7f31: attributed to 000946; 0.2 s; peak memory 628 MiB.
2026-09-29T10:13:15Z INFO [195/2000] 04886d15-9281-43f6-84a2-589ced84a30e: attributed to 000142; 0.0 s; peak memory 628 MiB.
2026-09-29T10:13:15Z INFO [196/2000] 048b2916-6135-4da8-8bbc-d941414e88fe: attributed to 001697; 0.0 s; peak memory 628 MiB.
2026-09-29T10:13:15Z INFO [197/2000] 04932298-ae0e-4371-879a-d69326817f47: attributed to 001258; 0.0 s; peak memory 628 MiB.
2026-09-29T10:13:15Z INFO [198/2000] 04936997-4568-49a2-9867-01b55d403b5e: attributed to 000026; 0.2 s; peak memory 628 MiB.
2026-09-29T10:13:16Z INFO [199/2000] 049bc5b8-3bde-4e74-ac33-37b92317adce: attributed to 001697; 0.6 s; peak memory 628 MiB.
2026-09-29T10:13:16Z INFO [200/2000] 04a4bf61-4ac1-4838-83b6-1678a84afa8d: attributed to 001449; 0.2 s; peak memory 628 MiB.
2026-09-29T10:13:17Z INFO [200/2000] 04a4bf61-4ac1-4838-83b6-1678a84afa8d: checkpointed 442563 records.
2026-09-29T10:13:17Z INFO [201/2000] 04a5b241-32e6-4734-925f-9a85948182cd: attributed to 000026; 0.2 s; peak memory 628 MiB.
2026-09-29T10:13:17Z INFO [202/2000] 04a6dbd4-140a-420f-8bae-4092026a4297: attributed to 000946; 0.2 s; peak memory 628 MiB.
2026-09-29T10:13:18Z INFO [203/2000] 04aa495c-ad88-43de-b804-d60b871ae10e: attributed to 001697; 0.5 s; peak memory 628 MiB.
2026-09-29T10:13:18Z INFO [204/2000] 04b6269a-c0e7-4a40-bf5a-0d00ed7a0f62: attributed to 001697; 0.0 s; peak memory 628 MiB.
2026-09-29T10:13:18Z INFO [205/2000] 04b8e00f-5d4c-4509-aaec-b61a078c875b: attributed to 001697; 0.0 s; peak memory 628 MiB.
2026-09-29T10:13:18Z INFO [206/2000] 04bcea86-944b-44af-990a-0881d2e0828a: attributed to 001697; 0.0 s; peak memory 628 MiB.
2026-09-29T10:13:18Z INFO [207/2000] 04c13341-9d34-4107-b0a0-d55c79c67fb5: attributed to 000026; 0.2 s; peak memory 628 MiB.
2026-09-29T10:13:18Z INFO [208/2000] 04cf4a39-b460-412a-958f-f637ebc0d37e: attributed to 001697; 0.0 s; peak memory 628 MiB.
2026-09-29T10:13:18Z INFO [209/2000] 04d03f98-036e-49f2-9777-cd8b121c9520: attributed to 001697; 0.4 s; peak memory 628 MiB.
2026-09-29T10:13:18Z INFO [210/2000] 04d9b821-b6dc-42c1-9194-fb4089a3f71d: attributed to 001748; 0.0 s; peak memory 628 MiB.
2026-09-29T10:13:18Z INFO [211/2000] 04e5f7d7-a7ff-4686-881c-cc5583645985: attributed to 001697; 0.0 s; peak memory 628 MiB.
2026-09-29T10:13:18Z INFO [212/2000] 04e6692a-f8ae-4205-9b25-88979f89798e: attributed to 000293; 0.0 s; peak memory 628 MiB.
2026-09-29T10:13:18Z INFO [213/2000] 050147d6-7254-4c5b-8b07-3ad78bd0d362: attributed to 001697; 0.0 s; peak memory 628 MiB.
2026-09-29T10:13:19Z INFO [214/2000] 051059c3-3da6-4be5-8061-259e0250cb94: attributed to 001697; 0.4 s; peak memory 628 MiB.
2026-09-29T10:13:19Z INFO [215/2000] 05130e8d-4f5c-44f2-b160-cb029bbeb3d3: attributed to 001697; 0.0 s; peak memory 628 MiB.
2026-09-29T10:13:19Z INFO [216/2000] 0525f4a7-f9cd-4768-bade-4997351957fa: attributed to 000403; 0.0 s; peak memory 628 MiB.
2026-09-29T10:13:19Z INFO [217/2000] 0529f038-6e60-4ea2-89ae-a165bde64119: attributed to 001449; 0.2 s; peak memory 628 MiB.
2026-09-29T10:13:19Z INFO [218/2000] 052dc55d-d0cb-4494-b6d6-7e4159255f1d: attributed to 000026; 0.2 s; peak memory 628 MiB.
2026-09-29T10:13:19Z INFO [219/2000] 05335dcd-bcd5-4f7b-ad42-7bffc834d203: attributed to 000946; 0.2 s; peak memory 628 MiB.
2026-09-29T10:13:19Z INFO [220/2000] 0535661a-622b-427f-9d59-b403b456459f: attributed to 001697; 0.0 s; peak memory 628 MiB.
2026-09-29T10:13:19Z INFO [221/2000] 053c9b64-689f-4e57-9a79-c12ba772a9d7: attributed to 000026; 0.2 s; peak memory 628 MiB.
2026-09-29T10:13:20Z INFO [222/2000] 053cfe45-0164-4f6c-9ffe-703d6b14fcb6: attributed to 001697; 0.5 s; peak memory 628 MiB.
2026-09-29T10:13:20Z INFO [223/2000] 05456fd2-8649-4fd9-93ba-5ac66ac9a19b: attributed to 001697; 0.4 s; peak memory 628 MiB.
2026-09-29T10:13:20Z INFO [224/2000] 054d4131-46d8-439b-b0e5-9eb9bc437850: attributed to 000026; 0.2 s; peak memory 628 MiB.
2026-09-29T10:13:21Z INFO [225/2000] 0550ba12-ecf2-461e-a7e7-fc473b3a9fa7: attributed to 000026; 0.2 s; peak memory 628 MiB.
2026-09-29T10:13:21Z INFO [226/2000] 055548e9-0f82-4787-9145-ee46012c713e: attributed to 000568; 0.2 s; peak memory 628 MiB.
2026-09-29T10:13:21Z INFO [227/2000] 0557035c-2ef1-4a1f-92bb-32535a25e041: attributed to 000946; 0.2 s; peak memory 628 MiB.
2026-09-29T10:13:21Z INFO [228/2000] 055dc434-4372-4fa7-886e-37f4d1cce5fa: attributed to 001697; 0.0 s; peak memory 628 MiB.
2026-09-29T10:13:22Z INFO [229/2000] 05607705-d1fa-475e-8f41-0583f1667230: attributed to 001697; 0.8 s; peak memory 628 MiB.
2026-09-29T10:13:22Z INFO [230/2000] 05636d06-513b-405c-bef6-41f416ee13a3: attributed to 000026; 0.3 s; peak memory 628 MiB.
2026-09-29T10:13:22Z INFO [231/2000] 0566d50d-7180-453e-9816-10ff8a51064a: attributed to 001697; 0.0 s; peak memory 628 MiB.
2026-09-29T10:13:23Z INFO [232/2000] 0569430a-0fe2-49ff-bff4-910a8ff3de5f: attributed to 001873; 0.5 s; peak memory 628 MiB.
2026-09-29T10:13:23Z INFO [233/2000] 056a3280-f7ba-4f14-bb68-45aae5cc3f99: attributed to 001697; 0.4 s; peak memory 628 MiB.
2026-09-29T10:13:24Z INFO [234/2000] 056f3997-12fb-46ad-a728-d57b784a17d8: attributed to 000026; 0.5 s; peak memory 628 MiB.
2026-09-29T10:13:24Z INFO [235/2000] 057b60a6-20d3-4304-ae61-6fa005e5b75a: attributed to 000173; 0.2 s; peak memory 628 MiB.
2026-09-29T10:13:24Z INFO [236/2000] 0587c5f2-9488-4fb5-a5ca-1d6710cee52f: attributed to 001697; 0.0 s; peak memory 628 MiB.
2026-09-29T10:13:24Z INFO [237/2000] 058900c0-7228-4d15-960b-34fd81cd7f70: attributed to 001697; 0.0 s; peak memory 628 MiB.
2026-09-29T10:13:24Z INFO [238/2000] 058a8fe1-8bcb-490d-81de-a364837084f6: attributed to 001697; 0.4 s; peak memory 628 MiB.
2026-09-29T10:13:24Z INFO [239/2000] 058d4681-a59c-4449-a2a7-93af12adee28: attributed to 000403; 0.0 s; peak memory 628 MiB.
2026-09-29T10:13:24Z INFO [240/2000] 05908988-e6e8-4378-95f0-02e314de2056: attributed to 001697; 0.0 s; peak memory 628 MiB.
2026-09-29T10:13:25Z INFO [241/2000] 0590c64e-0011-45e4-8b92-ca5839d45195: attributed to 001697; 0.4 s; peak memory 628 MiB.
2026-09-29T10:13:25Z INFO [242/2000] 05973403-95ec-412e-b34e-aae27d3e5ff5: attributed to 001748; 0.0 s; peak memory 628 MiB.
2026-09-29T10:13:25Z INFO [243/2000] 0599910b-4ecc-431b-8506-5e4094e8c443: attributed to 001449; 0.2 s; peak memory 628 MiB.
2026-09-29T10:13:25Z INFO [244/2000] 059fe375-57b7-4e92-b9bb-6ae5627f0c10: attributed to 001697; 0.4 s; peak memory 628 MiB.
2026-09-29T10:13:25Z INFO [245/2000] 05a24175-4d86-4d91-b845-c10995c2f8b9: attributed to 000403; 0.0 s; peak memory 628 MiB.
2026-09-29T10:13:25Z INFO [246/2000] 05a63b97-9379-416f-8147-61a4b985ea9f: attributed to 000026; 0.2 s; peak memory 628 MiB.
2026-09-29T10:13:25Z INFO [247/2000] 05ab3ca1-ed1e-4aff-801c-1a7a086cfd27: attributed to 000142; 0.0 s; peak memory 628 MiB.
2026-09-29T10:13:25Z INFO [248/2000] 05ab4478-a3be-4d09-9242-15dfa6d420ac: attributed to 000946; 0.2 s; peak memory 628 MiB.
2026-09-29T10:13:25Z INFO [249/2000] 05ad5b95-0e6b-4678-aa74-0e69211559fb: attributed to 001697; 0.0 s; peak memory 628 MiB.
2026-09-29T10:13:25Z INFO [250/2000] 05af6a9d-18f2-48f2-8fbe-9c6890ac9ca2: attributed to 000570; 0.0 s; peak memory 628 MiB.
2026-09-29T10:13:27Z INFO [250/2000] 05af6a9d-18f2-48f2-8fbe-9c6890ac9ca2: checkpointed 442563 records.
2026-09-29T10:13:27Z INFO [251/2000] 05b1e36b-e4fd-463c-8674-6993cab9e5dd: attributed to 001697; 0.4 s; peak memory 628 MiB.
2026-09-29T10:13:28Z INFO [252/2000] 05b6742f-45db-40dd-8bf9-a5a54156b1a4: attributed to 001697; 1.4 s; peak memory 628 MiB.
2026-09-29T10:13:29Z INFO [253/2000] 05c2dcab-10d6-4701-a50d-d598e981e723: attributed to 001697; 0.5 s; peak memory 628 MiB.
2026-09-29T10:13:29Z INFO [254/2000] 05c50af5-93f4-48b0-83e9-c8cf01b24cad: attributed to 001697; 0.0 s; peak memory 628 MiB.
2026-09-29T10:13:29Z INFO [255/2000] 05d7afbc-3a98-4231-8ecf-7e2c930a695b: attributed to 001697; 0.0 s; peak memory 628 MiB.
2026-09-29T10:13:29Z INFO [256/2000] 05d91e1f-3b9b-4ab8-9716-683affbb9ed3: attributed to 001873; 0.5 s; peak memory 628 MiB.
2026-09-29T10:13:30Z INFO [257/2000] 05e66b8c-08fc-48e1-bb97-b84d33e97f18: attributed to 001697; 0.4 s; peak memory 628 MiB.
2026-09-29T10:13:30Z INFO [258/2000] 05e6c26f-af1c-47c4-a2ec-49dba5fda968: attributed to 001697; 0.0 s; peak memory 628 MiB.
2026-09-29T10:13:30Z INFO [259/2000] 05ec2f3b-2c86-4eff-b069-e86b26c1e4a7: attributed to 001697; 0.0 s; peak memory 628 MiB.
2026-09-29T10:13:30Z INFO [260/2000] 05eea071-1bdc-4bf6-b2b4-1ce180db5fc9: attributed to 001697; 0.0 s; peak memory 628 MiB.
2026-09-29T10:13:30Z INFO [261/2000] 05f1c78b-2ee2-41c0-9fcc-312556fabe30: attributed to 000946; 0.2 s; peak memory 628 MiB.
2026-09-29T10:13:30Z INFO [262/2000] 05f52a93-1a44-407f-95d8-1da4945df1dc: attributed to 000142; 0.0 s; peak memory 628 MiB.
2026-09-29T10:13:30Z INFO [263/2000] 05ff53ed-1551-4ce9-a728-4d9b95ee74b5: attributed to 001449; 0.1 s; peak memory 628 MiB.
2026-09-29T10:13:31Z INFO [264/2000] 060a8dbe-d0ec-4f53-bb48-4702dbee2eeb: attributed to 001697; 1.1 s; peak memory 628 MiB.
2026-09-29T10:13:32Z INFO [265/2000] 060e2c43-8d28-497e-990f-11987e96ad5f: attributed to 001697; 0.4 s; peak memory 628 MiB.
2026-09-29T10:13:33Z INFO [266/2000] 06162e96-a446-481c-ba5f-38b8cfe4cdb2: attributed to 001697; 1.3 s; peak memory 628 MiB.
2026-09-29T10:13:33Z INFO [267/2000] 06167c65-4275-4801-8e26-75947600630e: attributed to 000026; 0.2 s; peak memory 628 MiB.
2026-09-29T10:13:33Z INFO [268/2000] 06177a9d-c03b-44b2-88bd-42d2cbef44d0: attributed to 000946; 0.2 s; peak memory 628 MiB.
2026-09-29T10:13:33Z INFO [269/2000] 0620d64b-8a8a-4c69-827a-895e9b669312: attributed to 001697; 0.0 s; peak memory 628 MiB.
2026-09-29T10:13:34Z INFO [270/2000] 0636a059-b2ea-47af-82a0-c932e6ee5b01: attributed to 000571; 0.9 s; peak memory 628 MiB.
2026-09-29T10:13:34Z INFO [271/2000] 063915a1-a97c-4764-96e4-51eb4d1b7400: attributed to 000026; 0.2 s; peak memory 628 MiB.
2026-09-29T10:13:35Z INFO [272/2000] 063d62dc-fb5d-472f-9eff-75b79be5ff80: attributed to 001697; 0.5 s; peak memory 628 MiB.
2026-09-29T10:13:35Z INFO [273/2000] 063ddd52-8788-49ed-89bf-46a463d220fa: attributed to 001697; 0.0 s; peak memory 628 MiB.
2026-09-29T10:13:36Z INFO [274/2000] 0644c7f4-781f-4131-99ab-d8ff318bbb74: attributed to 001697; 1.0 s; peak memory 628 MiB.
2026-09-29T10:13:36Z INFO [275/2000] 0649e942-0010-496e-906c-4a029571ceb1: attributed to 000026; 0.2 s; peak memory 628 MiB.
2026-09-29T10:13:36Z INFO [276/2000] 064c1647-0fa4-4fa4-a29c-04e1b12d074c: attributed to 001697; 0.0 s; peak memory 628 MiB.
2026-09-29T10:13:36Z INFO [277/2000] 06535891-a77f-4b02-a1bd-a203bbaa73f7: attributed to 000293; 0.0 s; peak memory 628 MiB.
2026-09-29T10:13:36Z INFO [278/2000] 065a742e-ef72-4dc3-b351-ff075b2ee206: attributed to 001697; 0.0 s; peak memory 628 MiB.
2026-09-29T10:13:36Z INFO [279/2000] 06624b09-6858-442d-90dc-6e18474b9bc8: attributed to 001697; 0.4 s; peak memory 628 MiB.
2026-09-29T10:13:37Z INFO [280/2000] 066263e7-9b25-402b-aa7d-f0458407b1f1: attributed to 000946; 0.2 s; peak memory 628 MiB.
2026-09-29T10:13:37Z INFO [281/2000] 0668cac8-7ac6-4ef4-9157-4f36bd9a52a3: attributed to 001697; 0.0 s; peak memory 628 MiB.
2026-09-29T10:13:37Z INFO [282/2000] 066b4bd5-e7be-406c-946f-6dce2f73dc05: attributed to 000568; 0.2 s; peak memory 628 MiB.
2026-09-29T10:13:37Z INFO [283/2000] 06731b35-c537-4861-bf36-fbe0300a9c73: attributed to 000026; 0.2 s; peak memory 628 MiB.
2026-09-29T10:13:37Z INFO [284/2000] 06797683-2cb5-445e-9acf-01dd40934204: attributed to 001697; 0.0 s; peak memory 628 MiB.
2026-09-29T10:13:37Z INFO [285/2000] 0683e652-4aaf-46f5-9592-6edcdb8d8969: attributed to 001773; 0.2 s; peak memory 628 MiB.
2026-09-29T10:13:37Z INFO [286/2000] 06850f4d-e156-4ded-a33a-b99ee25939f1: attributed to 001697; 0.0 s; peak memory 628 MiB.
2026-09-29T10:13:38Z INFO [287/2000] 068ab057-201a-4f95-ae14-0ade53ea6507: attributed to 001697; 0.5 s; peak memory 628 MiB.
2026-09-29T10:13:38Z INFO [288/2000] 068cb2ae-b8a6-4339-bcb6-14037c5c3ce9: attributed to 001697; 0.0 s; peak memory 628 MiB.
2026-09-29T10:13:39Z INFO [289/2000] 068d136a-69f9-4063-9182-9b3069b4bb0d: attributed to 001697; 1.2 s; peak memory 628 MiB.
2026-09-29T10:13:39Z INFO [290/2000] 068d32d5-549d-4bd9-a382-8614eb35bb41: attributed to 000946; 0.2 s; peak memory 628 MiB.
2026-09-29T10:13:39Z INFO [291/2000] 068f05af-c538-4daf-8998-d2005f01bff9: attributed to 001697; 0.4 s; peak memory 628 MiB.
2026-09-29T10:13:40Z INFO [292/2000] 0692515c-4c59-455c-a49c-5ec4b6b49399: attributed to 000026; 0.2 s; peak memory 628 MiB.
2026-09-29T10:13:40Z INFO [293/2000] 0695072c-a64b-4dab-a47d-6b968115789f: attributed to 001697; 0.0 s; peak memory 628 MiB.
2026-09-29T10:13:40Z INFO [294/2000] 069dfd4f-867d-48fd-adca-ba4ee4fd006e: attributed to 001697; 0.6 s; peak memory 628 MiB.
2026-09-29T10:13:40Z INFO [295/2000] 069f1365-b301-4ba5-9997-8399e6dfaaee: attributed to 000026; 0.2 s; peak memory 628 MiB.
2026-09-29T10:13:40Z INFO [296/2000] 06a40700-63ed-45d5-96ec-347853f313f0: attributed to 001697; 0.0 s; peak memory 628 MiB.
2026-09-29T10:13:40Z INFO [297/2000] 06aad969-bef3-463f-9fc3-0e92dee908c4: attributed to 001697; 0.0 s; peak memory 628 MiB.
2026-09-29T10:13:40Z INFO [298/2000] 06b88858-7705-4756-8b93-6b6ee5918199: attributed to 000293; 0.0 s; peak memory 628 MiB.
2026-09-29T10:13:40Z INFO [299/2000] 06bb05e2-dfa6-44f7-8491-ecd85c5f8ea4: attributed to 001063; 0.2 s; peak memory 628 MiB.
2026-09-29T10:13:41Z INFO [300/2000] 06bb3f63-b9c7-4e58-99d9-4cb9b27b85f4: attributed to 000026; 0.4 s; peak memory 628 MiB.
2026-09-29T10:13:42Z INFO [300/2000] 06bb3f63-b9c7-4e58-99d9-4cb9b27b85f4: checkpointed 442563 records.
2026-09-29T10:13:42Z INFO [301/2000] 06bcffe0-3159-4a4f-af76-c2a36281628e: attributed to 001697; 0.0 s; peak memory 628 MiB.
2026-09-29T10:13:42Z INFO [302/2000] 06bd7f52-7bd0-48e0-8a9b-a0e2abdeaf23: attributed to 001697; 0.4 s; peak memory 628 MiB.
2026-09-29T10:13:42Z INFO [303/2000] 06c0625a-67e9-47c0-880b-e74bc3c18280: attributed to 001697; 0.0 s; peak memory 628 MiB.
2026-09-29T10:13:43Z INFO [304/2000] 06c8de2e-21d2-43b1-b534-d418f5b2ff26: attributed to 000026; 0.2 s; peak memory 628 MiB.
2026-09-29T10:13:43Z INFO [305/2000] 06d4fd0e-635b-4121-ba5a-f338b5e71c62: attributed to 000026; 0.2 s; peak memory 628 MiB.
2026-09-29T10:13:43Z INFO [306/2000] 06dfa103-cdd0-4a31-b245-4dd268c3e536: attributed to 001873; 0.6 s; peak memory 628 MiB.
2026-09-29T10:13:43Z INFO [307/2000] 06e02870-48db-412a-a488-3c5375cc0371: attributed to 000209; 0.0 s; peak memory 628 MiB.
2026-09-29T10:13:43Z INFO [308/2000] 06e92a49-8c55-4d09-9a1a-ee9d31e7d2df: attributed to 000142; 0.0 s; peak memory 628 MiB.
2026-09-29T10:13:43Z INFO [309/2000] 06ef6b7c-ca5f-45a7-ba54-22386190f1ed: attributed to 001697; 0.0 s; peak memory 628 MiB.
2026-09-29T10:13:44Z INFO [310/2000] 06f41fd1-3e45-4e04-824e-2b7f99a04030: attributed to 000026; 0.3 s; peak memory 628 MiB.
2026-09-29T10:13:44Z INFO [311/2000] 06f6f8b0-453d-4bb0-a1d4-6dc3dfe1e90c: attributed to 001697; 0.4 s; peak memory 628 MiB.
2026-09-29T10:13:44Z INFO [312/2000] 06f9dc2e-be17-449a-b802-e1c8f44f8777: attributed to 001697; 0.0 s; peak memory 628 MiB.
2026-09-29T10:13:44Z INFO [313/2000] 0703021e-5bb4-44bc-aaa1-9aa9495ffb82: attributed to 001697; 0.4 s; peak memory 628 MiB.
2026-09-29T10:13:45Z INFO [314/2000] 0703541b-8cf3-41f4-8fdf-796c45241242: attributed to 000946; 0.2 s; peak memory 628 MiB.
2026-09-29T10:13:45Z INFO [315/2000] 07048f80-83e1-4ba1-9d27-e3e11772385a: attributed to 001697; 0.0 s; peak memory 628 MiB.
2026-09-29T10:13:45Z INFO [316/2000] 07070d36-90eb-49e9-afa3-d0f5ef3485fc: attributed to 001697; 0.0 s; peak memory 628 MiB.
2026-09-29T10:13:45Z INFO [317/2000] 071c5146-80de-4cbe-846b-2753c36f6188: attributed to 001697; 0.6 s; peak memory 628 MiB.
2026-09-29T10:13:45Z INFO [318/2000] 071def81-5e87-4484-83fc-9ff336dd41d8: attributed to 001697; 0.0 s; peak memory 628 MiB.
2026-09-29T10:13:45Z INFO [319/2000] 072d889c-8386-4113-a4fa-6c0bfcfa248f: attributed to 000026; 0.2 s; peak memory 628 MiB.
2026-09-29T10:13:45Z INFO [320/2000] 072daf44-06c7-4a5b-bfbb-bf3563e2e335: attributed to 001697; 0.0 s; peak memory 628 MiB.
2026-09-29T10:13:45Z INFO [321/2000] 072edaf6-659e-4dbd-9f00-a5808da5f3c9: attributed to 001697; 0.0 s; peak memory 628 MiB.
2026-09-29T10:13:45Z INFO [322/2000] 07315498-3de2-470d-a021-dadc107744a2: attributed to 001697; 0.0 s; peak memory 628 MiB.
2026-09-29T10:13:46Z INFO [323/2000] 073404ed-40fe-4bf4-985c-73ffa88698af: attributed to 001697; 0.4 s; peak memory 628 MiB.
2026-09-29T10:13:46Z INFO [324/2000] 0739930f-9697-44ed-b635-e130ccde75da: attributed to 001697; 0.4 s; peak memory 628 MiB.
2026-09-29T10:13:46Z INFO [325/2000] 07480951-37cc-490b-b485-fc16942d7b21: attributed to 001697; 0.0 s; peak memory 628 MiB.
2026-09-29T10:13:46Z INFO [326/2000] 07509553-6658-450b-aeb5-c300530043c2: attributed to 000026; 0.2 s; peak memory 628 MiB.
2026-09-29T10:13:47Z INFO [327/2000] 07582df8-e4b6-4ea8-bcc0-d08fa6784e0d: attributed to 001697; 0.4 s; peak memory 628 MiB.
2026-09-29T10:13:47Z INFO [328/2000] 0766708e-7888-42f6-b3bd-018863016286: attributed to 000946; 0.2 s; peak memory 628 MiB.
2026-09-29T10:13:48Z INFO [329/2000] 0768324a-94b4-48f6-8041-891e732a129f: attributed to 000026; 0.9 s; peak memory 628 MiB.
2026-09-29T10:13:48Z INFO [330/2000] 0773df98-736e-4063-99f9-93a8b652c9c2: attributed to 000946; 0.2 s; peak memory 628 MiB.
2026-09-29T10:13:48Z INFO [331/2000] 07758916-eef6-45c1-b7c1-0923abc1d4cc: attributed to 001697; 0.0 s; peak memory 628 MiB.
2026-09-29T10:13:48Z INFO [332/2000] 077e6362-d866-4020-95cf-8650eecb947a: attributed to 001697; 0.4 s; peak memory 628 MiB.
2026-09-29T10:13:48Z INFO [333/2000] 077ffc58-16af-419b-a63e-69c9a83de6c4: attributed to 001697; 0.0 s; peak memory 628 MiB.
2026-09-29T10:13:48Z INFO [334/2000] 07806af7-4831-42bb-b8f6-0f8d13080acf: attributed to 001697; 0.0 s; peak memory 628 MiB.
2026-09-29T10:13:49Z INFO [335/2000] 07850559-d191-4c80-9653-ebb62b857dc3: attributed to 001697; 0.4 s; peak memory 628 MiB.
2026-09-29T10:13:49Z INFO [336/2000] 078ac7c1-c227-4308-b126-89e49279f5bf: attributed to 000026; 0.2 s; peak memory 628 MiB.
2026-09-29T10:13:49Z INFO [337/2000] 07961241-8295-4ed5-8743-1323a6cc7e99: attributed to 001697; 0.6 s; peak memory 628 MiB.
2026-09-29T10:13:49Z INFO [338/2000] 079659e2-e933-419a-98f1-1d6f8a7353ae: attributed to 000026; 0.2 s; peak memory 628 MiB.
2026-09-29T10:13:49Z INFO [339/2000] 0796bc45-62e0-46e6-9d73-626ac80e5a55: attributed to 000570; 0.0 s; peak memory 628 MiB.
2026-09-29T10:13:50Z INFO [340/2000] 079f6909-85d9-44ab-8290-2b5629e9d353: attributed to 001697; 0.5 s; peak memory 628 MiB.
2026-09-29T10:13:50Z INFO [341/2000] 07a7605d-1f35-44c8-8720-b4e4c296a7b8: attributed to 001697; 0.4 s; peak memory 628 MiB.
2026-09-29T10:13:51Z INFO [342/2000] 07a8b3f0-4d38-4153-8512-a18a8d61c098: attributed to 001697; 0.4 s; peak memory 628 MiB.
2026-09-29T10:13:51Z INFO [343/2000] 07af0b66-7cde-4776-85b0-ca556596261e: attributed to 001697; 0.4 s; peak memory 628 MiB.
2026-09-29T10:13:51Z INFO [344/2000] 07af5421-9536-456d-ac14-6b99967a2f58: attributed to 001063; 0.2 s; peak memory 628 MiB.
2026-09-29T10:13:52Z INFO [345/2000] 07b0d5f5-24f7-4172-94e1-ffbb912a9058: attributed to 000026; 0.2 s; peak memory 628 MiB.
2026-09-29T10:13:52Z INFO [346/2000] 07b54c2d-89c8-46c5-ac9f-8aefb125e271: attributed to 001697; 0.0 s; peak memory 628 MiB.
2026-09-29T10:13:52Z INFO [347/2000] 07c14add-5b6e-4743-90f0-5399d1423519: attributed to 001449; 0.2 s; peak memory 628 MiB.
2026-09-29T10:13:52Z INFO [348/2000] 07c6a7af-987f-4550-abb2-533f28c9d20b: attributed to 001697; 0.0 s; peak memory 628 MiB.
2026-09-29T10:13:52Z INFO [349/2000] 07cb4a7c-ee05-4d49-b94c-0796c54e7237: attributed to 000026; 0.2 s; peak memory 628 MiB.
2026-09-29T10:13:52Z INFO [350/2000] 07cd292f-257f-44ca-9642-6aecdc77c8d1: attributed to 001697; 0.0 s; peak memory 628 MiB.
2026-09-29T10:13:53Z INFO [350/2000] 07cd292f-257f-44ca-9642-6aecdc77c8d1: checkpointed 442563 records.
2026-09-29T10:13:53Z INFO [351/2000] 07d18fdd-dc25-4bc7-a67d-a2b4cc5d5790: attributed to 000142; 0.0 s; peak memory 628 MiB.
2026-09-29T10:13:53Z INFO [352/2000] 07d6e152-e266-4cb8-a153-1cfb7a717c9f: attributed to 001697; 0.0 s; peak memory 628 MiB.
2026-09-29T10:13:53Z INFO [353/2000] 07db64ad-31d8-41d0-86bc-252b09883eab: attributed to 000568; 0.2 s; peak memory 628 MiB.
2026-09-29T10:13:53Z INFO [354/2000] 07dcbcb5-a31a-4c41-92ee-a5f0ad17428d: attributed to 000026; 0.2 s; peak memory 628 MiB.
2026-09-29T10:13:53Z INFO [355/2000] 07e0b87b-001f-4821-bd80-aacae74340f1: attributed to 001697; 0.0 s; peak memory 628 MiB.
2026-09-29T10:13:53Z INFO [356/2000] 07e7fef6-d880-4d4d-97c0-48872ad14036: attributed to 001063; 0.2 s; peak memory 628 MiB.
2026-09-29T10:13:53Z INFO [357/2000] 07ebe58e-8803-4fb1-bcc3-e5a4726befed: attributed to 001697; 0.0 s; peak memory 628 MiB.
2026-09-29T10:13:53Z INFO [358/2000] 07ed5bb2-eb50-47b1-bb65-37c77298c5df: attributed to 001697; 0.0 s; peak memory 628 MiB.
2026-09-29T10:13:58Z INFO [359/2000] 07f2837d-c3a0-46cf-ac12-ee107ae90973: attributed to 001514; 4.9 s; peak memory 628 MiB.
2026-09-29T10:13:58Z INFO [360/2000] 07fbb1d7-db54-4810-95f9-947cd082bd62: attributed to 001697; 0.0 s; peak memory 628 MiB.
2026-09-29T10:14:00Z INFO [361/2000] 07fbc5ee-6592-4ebf-92b7-8eb28ee7d02a: attributed to 000571; 1.2 s; peak memory 628 MiB.
2026-09-29T10:14:00Z INFO [362/2000] 080f501f-95a0-4a38-941d-da538f2aaeb2: attributed to 000026; 0.2 s; peak memory 628 MiB.
2026-09-29T10:14:00Z INFO [363/2000] 0814ea06-e851-4288-817d-26b54fa8ef01: attributed to 000568; 0.2 s; peak memory 628 MiB.
2026-09-29T10:14:00Z INFO [364/2000] 0819fb64-18ed-414a-aaff-abe0c7b38a25: attributed to 001697; 0.4 s; peak memory 628 MiB.
2026-09-29T10:14:00Z INFO [365/2000] 081cd5b3-bb8a-4375-b526-930ae30d9703: attributed to 000403; 0.0 s; peak memory 628 MiB.
2026-09-29T10:14:00Z INFO [366/2000] 081ef1f3-b4c9-48a5-a47d-4f97a6785f98: attributed to 001697; 0.0 s; peak memory 628 MiB.
2026-09-29T10:14:00Z INFO [367/2000] 082abe1b-da4f-4e80-926a-6626d410e45b: attributed to 000209; 0.0 s; peak memory 628 MiB.
2026-09-29T10:14:00Z INFO [368/2000] 08358057-4a73-447b-a4ef-0249c2fcfe56: attributed to 000026; 0.2 s; peak memory 628 MiB.
2026-09-29T10:14:00Z INFO [369/2000] 0838cd4c-b082-4fd7-ae9e-0cde84c604b3: attributed to 001697; 0.0 s; peak memory 628 MiB.
2026-09-29T10:14:02Z INFO [370/2000] 083b8420-7b8d-4a84-81f6-8351b8624deb: attributed to 001697; 2.0 s; peak memory 628 MiB.
2026-09-29T10:14:03Z INFO [371/2000] 0850faee-af61-411c-b417-fce5d16e4fed: attributed to 000026; 0.4 s; peak memory 628 MiB.
2026-09-29T10:14:03Z INFO [372/2000] 08543c2b-56b2-410c-bca5-6c9b710c90db: attributed to 001449; 0.2 s; peak memory 628 MiB.
2026-09-29T10:14:03Z INFO [373/2000] 0855369c-38ed-4d94-8752-20d9e883d724: attributed to 000570; 0.0 s; peak memory 628 MiB.
2026-09-29T10:14:03Z INFO [374/2000] 085fae3c-af14-46f9-a2bb-14ef23639dad: attributed to 001697; 0.0 s; peak memory 628 MiB.
2026-09-29T10:14:04Z INFO [375/2000] 0865bdbf-3f79-4b51-91b3-5ee4fa26050b: attributed to 001697; 0.6 s; peak memory 628 MiB.
2026-09-29T10:14:04Z INFO [376/2000] 086ea78e-ba8f-46eb-bf66-759dd65a7d31: attributed to 000026; 0.2 s; peak memory 628 MiB.
2026-09-29T10:14:04Z INFO [377/2000] 08716d7b-2577-4e76-a5d7-64584ca33198: attributed to 001697; 0.4 s; peak memory 628 MiB.
2026-09-29T10:14:04Z INFO [378/2000] 087e9786-af3d-427b-bff9-c1911506e4d4: attributed to 000946; 0.2 s; peak memory 628 MiB.
2026-09-29T10:14:04Z INFO [379/2000] 087e9a5d-4287-41e5-90eb-791a821a6e96: attributed to 001697; 0.0 s; peak memory 628 MiB.
2026-09-29T10:14:05Z INFO [380/2000] 08805218-0ec5-4560-ad6b-47931266f09e: attributed to 000026; 0.2 s; peak memory 628 MiB.
2026-09-29T10:14:05Z INFO [381/2000] 0883cf11-986f-4f0a-bc7b-c0362c88ae72: attributed to 001697; 0.4 s; peak memory 628 MiB.
2026-09-29T10:14:05Z INFO [382/2000] 0886dc3c-bfe1-43c5-9ea3-4e0c278523cf: attributed to 000408; 0.0 s; peak memory 628 MiB.
2026-09-29T10:14:05Z INFO [383/2000] 088f0213-c451-462c-95b5-7f3dba0766e2: attributed to 000026; 0.2 s; peak memory 628 MiB.
2026-09-29T10:14:05Z INFO [384/2000] 089dc399-392a-4bb7-841c-4e4270cacac9: attributed to 001697; 0.0 s; peak memory 628 MiB.
2026-09-29T10:14:05Z INFO [385/2000] 08a3c91d-ed69-4c77-9e85-840f00edde31: attributed to 000946; 0.2 s; peak memory 628 MiB.
2026-09-29T10:14:05Z INFO [386/2000] 08abb1fe-e647-4985-af86-54d2c7ab5668: attributed to 001697; 0.0 s; peak memory 628 MiB.
2026-09-29T10:14:06Z INFO [387/2000] 08ae632e-188b-47d8-b1a2-860cb740edbe: attributed to 000559; 0.3 s; peak memory 628 MiB.
2026-09-29T10:14:06Z INFO [388/2000] 08b8f202-c238-4434-ac33-d4bbbd533bea: attributed to 001697; 0.0 s; peak memory 628 MiB.
2026-09-29T10:14:06Z INFO [389/2000] 08be41c0-2691-4e0a-806f-070b01b19840: attributed to 001697; 0.4 s; peak memory 628 MiB.
2026-09-29T10:14:06Z INFO [390/2000] 08da0d76-e7cb-4521-b20e-488526b467a4: attributed to 001697; 0.0 s; peak memory 628 MiB.
2026-09-29T10:14:06Z INFO [391/2000] 08df56d3-4366-49c1-8a1f-af4f91230c7c: attributed to 000142; 0.0 s; peak memory 628 MiB.
2026-09-29T10:14:07Z INFO [392/2000] 08e61e1f-6096-4c07-86b7-c24cd36ed6db: attributed to 001449; 0.9 s; peak memory 628 MiB.
2026-09-29T10:14:07Z INFO [393/2000] 08f0433b-0ec4-4bfb-b67e-a9304fabdb8b: attributed to 000026; 0.2 s; peak memory 628 MiB.
2026-09-29T10:14:07Z INFO [394/2000] 08f525a9-78a1-48ab-8461-7500f8271ad5: attributed to 000026; 0.2 s; peak memory 628 MiB.
2026-09-29T10:14:07Z INFO [395/2000] 08f93523-55db-486c-986b-2a308d48661d: attributed to 001697; 0.0 s; peak memory 628 MiB.
2026-09-29T10:14:07Z INFO [396/2000] 09005b17-1d76-4ffa-a818-85eb343fd551: attributed to 001697; 0.0 s; peak memory 628 MiB.
2026-09-29T10:14:08Z INFO [397/2000] 090ac60b-8e19-4516-b4eb-7b50ee340095: attributed to 001697; 0.4 s; peak memory 628 MiB.
2026-09-29T10:14:08Z INFO [398/2000] 090e5be7-dc29-4b13-bc8d-1ae022003b81: attributed to 000946; 0.2 s; peak memory 628 MiB.
2026-09-29T10:14:08Z INFO [399/2000] 091441a3-5910-46cd-a5ee-69f5e6cdc884: attributed to 001697; 0.4 s; peak memory 628 MiB.
2026-09-29T10:14:08Z INFO [400/2000] 09150a5e-d08f-494b-8e31-675ef5527b8b: attributed to 000571; 0.2 s; peak memory 628 MiB.
2026-09-29T10:14:10Z INFO [400/2000] 09150a5e-d08f-494b-8e31-675ef5527b8b: checkpointed 442563 records.
2026-09-29T10:14:10Z INFO [401/2000] 0918bbe7-4fcb-4557-b31f-fba686f7d7d8: attributed to 000026; 0.2 s; peak memory 628 MiB.
2026-09-29T10:14:10Z INFO [402/2000] 0918ddd0-8885-454a-8153-89379bb5234b: attributed to 001697; 0.4 s; peak memory 628 MiB.
2026-09-29T10:14:11Z INFO [403/2000] 0918ff12-6dcf-469b-b38c-3a075c8f8a0f: attributed to 001697; 0.4 s; peak memory 628 MiB.
2026-09-29T10:14:11Z INFO [404/2000] 091aee2a-9dd3-4eb4-bc6c-04626aa5bd88: attributed to 001697; 0.0 s; peak memory 628 MiB.
2026-09-29T10:14:12Z INFO [405/2000] 091bd872-e650-4a55-98a7-e46df9c0ab13: attributed to 000026; 1.1 s; peak memory 628 MiB.
2026-09-29T10:14:12Z INFO [406/2000] 091ca8e6-080c-4fc7-b23d-1e21833a7d7e: attributed to 001697; 0.4 s; peak memory 628 MiB.
2026-09-29T10:14:12Z INFO [407/2000] 091ed9e6-43a3-43f0-8983-b6b45d67638c: attributed to 000946; 0.1 s; peak memory 628 MiB.
2026-09-29T10:14:13Z INFO [408/2000] 09282aa4-0d11-481b-ac26-83be399a50ef: attributed to 001697; 0.4 s; peak memory 628 MiB.
2026-09-29T10:14:13Z INFO [409/2000] 092b7d6b-38d4-4d3c-be75-c031f024295a: attributed to 000403; 0.0 s; peak memory 628 MiB.
2026-09-29T10:14:13Z INFO [410/2000] 09375253-8f87-48e9-bb80-10f4fb69d6de: attributed to 000026; 0.2 s; peak memory 628 MiB.
2026-09-29T10:14:13Z INFO [411/2000] 09376987-55f9-4ea6-a35c-13d06051be1e: attributed to 001372; 0.4 s; peak memory 628 MiB.
2026-09-29T10:14:13Z INFO [412/2000] 093eabb8-7ad2-47b9-8f72-9a0d5ee3e740: attributed to 000026; 0.2 s; peak memory 628 MiB.
2026-09-29T10:14:13Z INFO [413/2000] 0941141f-cbdc-43a5-9b3a-437b6d1d82ef: attributed to 000946; 0.2 s; peak memory 628 MiB.
2026-09-29T10:14:13Z INFO [414/2000] 09417762-1cb9-4fd8-b4a0-93b833a80453: attributed to 000142; 0.0 s; peak memory 628 MiB.
2026-09-29T10:14:13Z INFO [415/2000] 09473803-cad0-47ec-ade7-a590360df691: attributed to 001697; 0.0 s; peak memory 628 MiB.
2026-09-29T10:14:14Z INFO [416/2000] 0948174a-24cc-4a49-806d-2e18d737d716: attributed to 000026; 0.2 s; peak memory 628 MiB.
2026-09-29T10:14:14Z INFO [417/2000] 09517add-28b1-4bf6-9e77-57d1bdce16b3: attributed to 001449; 0.2 s; peak memory 628 MiB.
2026-09-29T10:14:14Z INFO [418/2000] 095f2ae9-be7e-4718-8996-4f9c5b00c880: attributed to 001697; 0.4 s; peak memory 628 MiB.
2026-09-29T10:14:14Z INFO [419/2000] 09661b05-133f-4878-953e-5c1c994fd881: attributed to 001748; 0.0 s; peak memory 628 MiB.
2026-09-29T10:14:14Z INFO [420/2000] 09671c14-43f1-4b19-92d9-01b996518494: attributed to 001697; 0.0 s; peak memory 628 MiB.
2026-09-29T10:14:15Z INFO [421/2000] 09712028-f219-4f17-9f3a-6b2b32d1d324: attributed to 001697; 0.4 s; peak memory 628 MiB.
2026-09-29T10:14:15Z INFO [422/2000] 0983eba3-cad7-47a3-bdbe-4422337e3a05: attributed to 001697; 0.4 s; peak memory 628 MiB.
2026-09-29T10:14:15Z INFO [423/2000] 0990772b-f725-42f8-beeb-9a47e6dc5004: attributed to 000026; 0.2 s; peak memory 628 MiB.
2026-09-29T10:14:16Z INFO [424/2000] 0990aadd-13f5-4175-b95b-ce44132161de: attributed to 001702; 0.4 s; peak memory 628 MiB.
2026-09-29T10:14:16Z INFO [425/2000] 099df081-be7c-420c-aba6-8c1bc0192b1b: attributed to 001697; 0.0 s; peak memory 628 MiB.
2026-09-29T10:14:16Z INFO [426/2000] 09a02986-5fea-43d2-989a-ee99d052368c: attributed to 001697; 0.4 s; peak memory 628 MiB.
2026-09-29T10:14:16Z INFO [427/2000] 09a574e0-9567-474e-9685-2b7e25b6c5fa: attributed to 001697; 0.0 s; peak memory 628 MiB.
2026-09-29T10:14:16Z INFO [428/2000] 09ab678b-afef-4025-a87b-8af59617b431: attributed to 000026; 0.2 s; peak memory 628 MiB.
2026-09-29T10:14:16Z INFO [429/2000] 09ac4cca-84d0-41a1-971a-a40da3bf4bb2: attributed to 001697; 0.0 s; peak memory 628 MiB.
2026-09-29T10:14:17Z INFO [430/2000] 09b0aea2-ee09-47fe-ba1d-c3df48a81481: attributed to 001873; 0.6 s; peak memory 628 MiB.
2026-09-29T10:14:17Z INFO [431/2000] 09b30c59-41ac-4611-80e2-f096bb0f7e2f: attributed to 001449; 0.1 s; peak memory 628 MiB.
2026-09-29T10:14:17Z INFO [432/2000] 09b8d51e-db49-48ff-916e-e779af2fcb00: attributed to 001697; 0.6 s; peak memory 628 MiB.
2026-09-29T10:14:18Z INFO [433/2000] 09bc39ac-b16d-41f5-8dc6-d6fb535d9c3a: attributed to 001697; 0.5 s; peak memory 628 MiB.
2026-09-29T10:14:18Z INFO [434/2000] 09c800de-d79e-45d6-ae19-82de69775ce8: attributed to 000142; 0.0 s; peak memory 628 MiB.
2026-09-29T10:14:18Z INFO [435/2000] 09d3f976-6f83-4189-b06e-88ebf7f49295: attributed to 000293; 0.0 s; peak memory 628 MiB.
2026-09-29T10:14:18Z INFO [436/2000] 09d72f30-ba17-42bc-a8bc-8d66be4a1a61: attributed to 001697; 0.4 s; peak memory 628 MiB.
2026-09-29T10:14:19Z INFO [437/2000] 09d834df-2629-4b6b-8e41-58cde597b0cd: attributed to 001697; 0.9 s; peak memory 628 MiB.
2026-09-29T10:14:19Z INFO [438/2000] 09d9dec8-2f0f-4f7c-bfe5-48613a6cce09: attributed to 000403; 0.0 s; peak memory 628 MiB.
2026-09-29T10:14:19Z INFO [439/2000] 09e238ee-85dd-4bd7-bdce-633bb477c237: attributed to 000026; 0.2 s; peak memory 628 MiB.
2026-09-29T10:14:19Z INFO [440/2000] 09e39016-49e6-4b79-bf75-c3843df166b1: attributed to 000946; 0.2 s; peak memory 628 MiB.
2026-09-29T10:14:20Z INFO [441/2000] 09f73670-b58b-4934-a00c-74dfdd47344d: attributed to 000571; 0.2 s; peak memory 628 MiB.
2026-09-29T10:14:20Z INFO [442/2000] 09f775a2-4667-4333-a50b-619d1b2ad3de: attributed to 001697; 0.4 s; peak memory 628 MiB.
2026-09-29T10:14:20Z INFO [443/2000] 09f9db91-b0c6-48de-a043-c3804d96d8f3: attributed to 000026; 0.2 s; peak memory 628 MiB.
2026-09-29T10:14:21Z INFO [444/2000] 09fe3400-de45-4fa6-b8b7-fcd2fa63ed2e: attributed to 001697; 0.4 s; peak memory 628 MiB.
2026-09-29T10:14:21Z INFO [445/2000] 09fec329-67d8-4458-9603-4f128b9572fc: attributed to 000026; 0.2 s; peak memory 628 MiB.
2026-09-29T10:14:21Z INFO [446/2000] 0a006220-95db-45fe-8f89-776a39a4a99a: attributed to 001697; 0.4 s; peak memory 628 MiB.
2026-09-29T10:14:21Z INFO [447/2000] 0a0d517f-bacd-46f0-a847-3a5e07925f40: attributed to 001697; 0.4 s; peak memory 628 MiB.
2026-09-29T10:14:22Z INFO [448/2000] 0a0ebcc1-ecec-4440-ae8a-b354c8c16690: attributed to 000026; 0.2 s; peak memory 628 MiB.
2026-09-29T10:14:22Z INFO [449/2000] 0a0f644f-fa1d-4255-a591-f3c15c57e93a: attributed to 001697; 0.4 s; peak memory 628 MiB.
2026-09-29T10:14:22Z INFO [450/2000] 0a11cd36-9d28-4c5b-bc5c-caa1a59ea571: attributed to 001697; 0.4 s; peak memory 628 MiB.
2026-09-29T10:14:23Z INFO [450/2000] 0a11cd36-9d28-4c5b-bc5c-caa1a59ea571: checkpointed 442563 records.
2026-09-29T10:14:24Z INFO [451/2000] 0a1a0678-460d-46ae-b3f4-def6fe76915f: attributed to 001697; 0.8 s; peak memory 628 MiB.
2026-09-29T10:14:25Z INFO [452/2000] 0a1be2a8-2f3e-4ab0-b8ed-ca57f690dfaa: attributed to 001697; 0.5 s; peak memory 628 MiB.
2026-09-29T10:14:25Z INFO [453/2000] 0a1d42e0-2606-466a-bd9c-ec8dcf1bb64a: attributed to 000946; 0.2 s; peak memory 628 MiB.
2026-09-29T10:14:25Z INFO [454/2000] 0a1dc36b-3c9e-4290-9baf-ecf67d545a79: attributed to 001697; 0.0 s; peak memory 628 MiB.
2026-09-29T10:14:25Z INFO [455/2000] 0a288776-7596-415c-8cc2-167ae30829b3: attributed to 001697; 0.0 s; peak memory 628 MiB.
2026-09-29T10:14:25Z INFO [456/2000] 0a2a743e-8388-43fa-82f9-70a08ae9e2bd: attributed to 001697; 0.4 s; peak memory 628 MiB.
2026-09-29T10:14:25Z INFO [457/2000] 0a3bd367-9a1c-4030-adaa-3a1909fd19db: attributed to 000026; 0.2 s; peak memory 628 MiB.
2026-09-29T10:14:25Z INFO [458/2000] 0a418868-df73-4da7-8232-8a69a3d02b1b: attributed to 000293; 0.0 s; peak memory 628 MiB.
2026-09-29T10:14:26Z INFO [459/2000] 0a4507d6-3d7c-434c-b9b1-136dafd927f8: attributed to 000026; 0.2 s; peak memory 628 MiB.
2026-09-29T10:14:26Z INFO [460/2000] 0a4ae464-3d15-45c4-92c6-a15c246cd5ae: attributed to 000026; 0.2 s; peak memory 628 MiB.
2026-09-29T10:14:26Z INFO [461/2000] 0a5663d6-849d-4fa9-a3bc-fbf9a7cbb557: attributed to 000026; 0.2 s; peak memory 628 MiB.
2026-09-29T10:14:26Z INFO [462/2000] 0a57c8a8-770b-4c49-9830-8080037fe9f0: attributed to 000173; 0.2 s; peak memory 628 MiB.
2026-09-29T10:14:26Z INFO [463/2000] 0a5da652-1bc6-48a2-b0e5-ab9800137003: attributed to 001697; 0.4 s; peak memory 628 MiB.
2026-09-29T10:14:26Z INFO [464/2000] 0a6b8250-da9b-4862-8ee2-606fa51a6e93: attributed to 000142; 0.0 s; peak memory 628 MiB.
2026-09-29T10:14:27Z INFO [465/2000] 0a6ed878-38ca-4a1f-8e73-02343bb9be2b: attributed to 000026; 0.2 s; peak memory 628 MiB.
2026-09-29T10:14:27Z INFO [466/2000] 0a81da64-9762-418a-bc63-ecd60ddb7aaa: attributed to 001449; 0.5 s; peak memory 628 MiB.
2026-09-29T10:14:27Z INFO [467/2000] 0a837f02-bd9a-4f44-ad88-7a24421fbb51: attributed to 000142; 0.0 s; peak memory 628 MiB.
2026-09-29T10:14:28Z INFO [468/2000] 0a8ac1b8-5159-47b8-8d74-d1e4d803383c: attributed to 001697; 0.4 s; peak memory 628 MiB.
2026-09-29T10:14:28Z INFO [469/2000] 0a900d0b-27a7-4a2b-89af-f368b2215d0c: attributed to 001697; 0.9 s; peak memory 628 MiB.
2026-09-29T10:14:29Z INFO [470/2000] 0a9af2f4-9c28-4fd5-85a0-392ebe99e7c4: attributed to 000946; 0.2 s; peak memory 628 MiB.
2026-09-29T10:14:30Z INFO [471/2000] 0aa18aa3-c693-4c52-a0bc-638f4674d4e3: attributed to 001346; 1.7 s; peak memory 628 MiB.
2026-09-29T10:14:31Z INFO [472/2000] 0aab4bce-a6f7-4261-a640-cd1ca3ecf69e: attributed to 001697; 0.4 s; peak memory 628 MiB.
2026-09-29T10:14:31Z INFO [473/2000] 0ab6634d-9a32-4ee3-a699-5373d76f6245: attributed to 001697; 0.4 s; peak memory 628 MiB.
2026-09-29T10:14:31Z INFO [474/2000] 0ab7cc6b-635b-4211-9b7f-b9ce56f364fe: attributed to 000946; 0.2 s; peak memory 628 MiB.
2026-09-29T10:14:31Z INFO [475/2000] 0abf42c4-1a3d-44da-98f4-2404be33a16e: attributed to 000142; 0.0 s; peak memory 628 MiB.
2026-09-29T10:14:31Z INFO [476/2000] 0ac54d35-b075-44da-ba5d-4ccb87e85a41: attributed to 001697; 0.0 s; peak memory 628 MiB.
2026-09-29T10:14:31Z INFO [477/2000] 0ac780fc-d9b4-45bd-a5cf-ad39ebf7d288: attributed to 000026; 0.2 s; peak memory 628 MiB.
2026-09-29T10:14:31Z INFO [478/2000] 0acfd857-379d-4977-a94c-7c49ba73bef1: attributed to 001697; 0.0 s; peak memory 628 MiB.
2026-09-29T10:14:33Z INFO [479/2000] 0addde1c-93c3-4c79-864d-6c657680d2cb: attributed to 001346; 1.3 s; peak memory 628 MiB.
2026-09-29T10:14:33Z INFO [480/2000] 0ae11a14-8852-458b-9581-f35a32bfb9b8: attributed to 001697; 0.0 s; peak memory 628 MiB.
2026-09-29T10:14:33Z INFO [481/2000] 0af4ce07-75fa-45e6-84d1-2b4cca635112: attributed to 001765; 0.3 s; peak memory 628 MiB.
2026-09-29T10:14:33Z INFO [482/2000] 0afad648-92d8-4eae-9a0b-6d4b86250b9a: attributed to 001697; 0.4 s; peak memory 628 MiB.
2026-09-29T10:14:33Z INFO [483/2000] 0afecd69-20d7-4560-8f2a-9090064f39dd: attributed to 001697; 0.0 s; peak memory 628 MiB.
2026-09-29T10:14:34Z INFO [484/2000] 0b042d7e-a69a-4a2c-9c7d-e96b893e8f59: attributed to 001697; 0.4 s; peak memory 628 MiB.
2026-09-29T10:14:34Z INFO [485/2000] 0b0533de-9aa5-4f98-a220-57d0af5b47c7: attributed to 001697; 0.0 s; peak memory 628 MiB.
2026-09-29T10:14:34Z INFO [486/2000] 0b05746d-7e90-473f-9416-f61da4eefba0: attributed to 001258; 0.0 s; peak memory 628 MiB.
2026-09-29T10:14:34Z INFO [487/2000] 0b0a6805-8d7f-4438-99c3-d9aba431850b: attributed to 001697; 0.6 s; peak memory 628 MiB.
2026-09-29T10:14:35Z INFO [488/2000] 0b0cac89-d781-4781-a8e9-26b0b5da1379: attributed to 000026; 0.2 s; peak memory 628 MiB.
2026-09-29T10:14:35Z INFO [489/2000] 0b27233e-8489-493c-9440-635c72855911: attributed to 000209; 0.0 s; peak memory 628 MiB.
2026-09-29T10:14:35Z INFO [490/2000] 0b2b97c3-692d-4f2b-9e91-d8a5b1262b7a: attributed to 001697; 0.0 s; peak memory 628 MiB.
2026-09-29T10:14:36Z INFO [491/2000] 0b2d6950-8fa0-41ce-a00f-dcb6409f514b: attributed to 000026; 0.9 s; peak memory 628 MiB.
2026-09-29T10:14:36Z INFO [492/2000] 0b2eaf0e-63b6-4df1-8451-7e10626828c0: attributed to 001449; 0.2 s; peak memory 628 MiB.
2026-09-29T10:14:36Z INFO [493/2000] 0b35f5fb-2167-45f6-a6e7-d1d8f391f1bd: attributed to 001697; 0.4 s; peak memory 628 MiB.
2026-09-29T10:14:37Z INFO [494/2000] 0b3d0157-ea7d-4c2c-9877-369b2a0a8efb: attributed to 001697; 0.4 s; peak memory 628 MiB.
2026-09-29T10:14:37Z INFO [495/2000] 0b3fac5a-3180-42ef-bcd7-0401938bdcbe: attributed to 001697; 0.4 s; peak memory 628 MiB.
2026-09-29T10:14:37Z INFO [496/2000] 0b48f343-3334-4cb8-a171-08c632c2f1d5: attributed to 001697; 0.3 s; peak memory 628 MiB.
2026-09-29T10:14:37Z INFO [497/2000] 0b59eccc-ea55-4ea2-b9ae-8e128191e616: attributed to 001697; 0.0 s; peak memory 628 MiB.
2026-09-29T10:14:37Z INFO [498/2000] 0b5d15f6-767f-43ee-9927-66cd375eff12: attributed to 000026; 0.2 s; peak memory 628 MiB.
2026-09-29T10:14:37Z INFO [499/2000] 0b5fe457-08ac-41b2-9755-638c2b05e8be: attributed to 001697; 0.0 s; peak memory 628 MiB.
2026-09-29T10:14:38Z INFO [500/2000] 0b615956-0be0-44e9-b385-04b6fd6fc985: attributed to 001697; 0.4 s; peak memory 628 MiB.
2026-09-29T10:14:39Z INFO [500/2000] 0b615956-0be0-44e9-b385-04b6fd6fc985: checkpointed 442563 records.
2026-09-29T10:14:39Z INFO [501/2000] 0b67d501-09cb-4fb3-90c5-3a707b5f8191: attributed to 001697; 0.0 s; peak memory 628 MiB.
2026-09-29T10:14:39Z INFO [502/2000] 0b6d951c-edb2-422a-a90e-65c2658abb29: attributed to 001697; 0.4 s; peak memory 628 MiB.
2026-09-29T10:14:39Z INFO [503/2000] 0b789f13-e37f-4acc-b67d-af5ae6d3f531: attributed to 001697; 0.0 s; peak memory 628 MiB.
2026-09-29T10:14:40Z INFO [504/2000] 0b7a3857-bda9-4346-b8b9-078a70840780: attributed to 001873; 0.9 s; peak memory 628 MiB.
2026-09-29T10:14:41Z INFO [505/2000] 0b807f40-2f14-48ce-b617-56623b35d060: attributed to 001697; 0.5 s; peak memory 628 MiB.
2026-09-29T10:14:41Z INFO [506/2000] 0b8a4bfd-cb74-45b2-b197-71198362f744: attributed to 001697; 0.0 s; peak memory 628 MiB.
2026-09-29T10:14:41Z INFO [507/2000] 0b8ee6e2-4e75-4a37-bb36-2193c0107588: attributed to 000108; 0.2 s; peak memory 628 MiB.
2026-09-29T10:14:41Z INFO [508/2000] 0b9830ca-3d38-4854-8fc4-299521bc10bc: attributed to 001697; 0.0 s; peak memory 628 MiB.
2026-09-29T10:14:41Z INFO [509/2000] 0b98f1ec-dc1a-4824-b72c-2b7ad39196e7: attributed to 000403; 0.0 s; peak memory 628 MiB.
2026-09-29T10:14:41Z INFO [510/2000] 0bac6066-5635-46e3-8945-c0d506073017: attributed to 000142; 0.0 s; peak memory 628 MiB.
2026-09-29T10:14:41Z INFO [511/2000] 0bb9388c-acd1-453d-a8eb-df33f48d7ddf: attributed to 001697; 0.0 s; peak memory 628 MiB.
2026-09-29T10:14:41Z INFO [512/2000] 0bbe3aae-62d7-4227-a2b0-52ee25eb0814: attributed to 000026; 0.2 s; peak memory 628 MiB.
2026-09-29T10:14:42Z INFO [513/2000] 0bbea8f0-cc76-4c46-a445-95850b05c0c2: attributed to 001697; 0.4 s; peak memory 628 MiB.
2026-09-29T10:14:42Z INFO [514/2000] 0bc3d6d0-2c0c-4cae-a9b5-1acc1d467cf9: attributed to 001697; 0.4 s; peak memory 628 MiB.
2026-09-29T10:14:42Z INFO [515/2000] 0bc70d40-f3b7-42db-9b11-c804895d2372: attributed to 000026; 0.2 s; peak memory 628 MiB.
2026-09-29T10:14:42Z INFO [516/2000] 0bdab188-54bb-4a68-8820-c6acaf442c5a: attributed to 001697; 0.0 s; peak memory 628 MiB.
2026-09-29T10:14:42Z INFO [517/2000] 0beb1074-3866-4478-991a-19b8722a1eb8: attributed to 001697; 0.0 s; peak memory 628 MiB.
2026-09-29T10:14:42Z INFO [518/2000] 0bfd0f77-26a1-4e76-87ef-2d786aafbe4d: attributed to 001697; 0.0 s; peak memory 628 MiB.
2026-09-29T10:14:43Z INFO [519/2000] 0c03cecb-b66c-4da0-9b87-7167ea3fae13: attributed to 001697; 0.4 s; peak memory 628 MiB.
2026-09-29T10:14:43Z INFO [520/2000] 0c086796-b06a-49f1-be85-b18338ab87d2: attributed to 001697; 0.0 s; peak memory 628 MiB.
2026-09-29T10:14:43Z INFO [521/2000] 0c0d6f97-bc11-4a13-8ba1-88b9bc1e4709: attributed to 000026; 0.2 s; peak memory 628 MiB.
2026-09-29T10:14:43Z INFO [522/2000] 0c0ecf75-a891-401e-87e9-572d30fa863f: attributed to 000403; 0.0 s; peak memory 628 MiB.
2026-09-29T10:14:43Z INFO [523/2000] 0c19f80a-cf3b-4e17-bec8-905d039fe53a: attributed to 000293; 0.0 s; peak memory 628 MiB.
2026-09-29T10:14:43Z INFO [524/2000] 0c1d9356-d449-4868-95f6-9afbcfe40a01: attributed to 001449; 0.2 s; peak memory 628 MiB.
2026-09-29T10:14:43Z INFO [525/2000] 0c21f9bd-2e71-48eb-a1dc-260d19522c72: attributed to 001697; 0.0 s; peak memory 628 MiB.
2026-09-29T10:14:43Z INFO [526/2000] 0c280488-8071-4eb8-8f34-2b5479f06fae: attributed to 000403; 0.0 s; peak memory 628 MiB.
2026-09-29T10:14:43Z INFO [527/2000] 0c3715c2-c14f-4577-a22e-c3c5918b901a: attributed to 001697; 0.4 s; peak memory 628 MiB.
2026-09-29T10:14:43Z INFO [528/2000] 0c3a3f7a-0c74-4470-8824-5359e94e7788: attributed to 001697; 0.0 s; peak memory 628 MiB.
2026-09-29T10:14:44Z INFO [529/2000] 0c3e24e3-ff36-45a4-b176-2ee6300cc774: attributed to 001697; 0.4 s; peak memory 628 MiB.
2026-09-29T10:14:44Z INFO [530/2000] 0c3f8ae0-5be2-4c06-8402-63a864648a89: attributed to 000946; 0.1 s; peak memory 628 MiB.
2026-09-29T10:14:44Z INFO [531/2000] 0c4215a7-feeb-40a3-9b2a-49f8ceda1d49: attributed to 000026; 0.2 s; peak memory 628 MiB.
2026-09-29T10:14:44Z INFO [532/2000] 0c44573d-1534-4891-8f13-e2147a9d22f7: attributed to 001697; 0.0 s; peak memory 628 MiB.
2026-09-29T10:14:44Z INFO [533/2000] 0c48add7-b93a-4e04-b239-a8fea7b91308: attributed to 000946; 0.1 s; peak memory 628 MiB.
2026-09-29T10:14:45Z INFO [534/2000] 0c54b54d-1f8d-4a67-b156-bf8565f40e96: attributed to 001697; 0.6 s; peak memory 628 MiB.
2026-09-29T10:14:45Z INFO [535/2000] 0c55fcae-30fe-47a4-9820-ae2640ccca82: attributed to 001063; 0.2 s; peak memory 628 MiB.
2026-09-29T10:14:45Z INFO [536/2000] 0c60502c-3ab2-475d-aaa6-4f867fbc37f2: attributed to 001697; 0.0 s; peak memory 628 MiB.
2026-09-29T10:14:45Z INFO [537/2000] 0c67ad60-4ae3-43f8-b068-5eebea1d0149: attributed to 001697; 0.0 s; peak memory 628 MiB.
2026-09-29T10:14:45Z INFO [538/2000] 0c696697-571b-442f-a731-57e6b56afb3b: attributed to 000946; 0.2 s; peak memory 628 MiB.
2026-09-29T10:14:45Z INFO [539/2000] 0c69c31a-3205-4598-95cf-7ce4f1e58e76: attributed to 001697; 0.0 s; peak memory 628 MiB.
2026-09-29T10:14:46Z INFO [540/2000] 0c6fded9-d5ce-4a8e-8450-1f53290798ba: attributed to 001697; 0.5 s; peak memory 628 MiB.
2026-09-29T10:14:46Z INFO [541/2000] 0c7da04e-f35d-4608-93d6-7bad5c35ff1a: attributed to 000026; 0.3 s; peak memory 628 MiB.
2026-09-29T10:14:46Z INFO [542/2000] 0c7f9c4c-ccea-4608-bb4e-1bf0e1ccae5b: attributed to 000026; 0.2 s; peak memory 628 MiB.
2026-09-29T10:14:46Z INFO [543/2000] 0c81e9fe-f21e-4756-97d0-455502943073: attributed to 000209; 0.0 s; peak memory 628 MiB.
2026-09-29T10:14:46Z INFO [544/2000] 0c85ce73-e8c3-41f9-a10f-48819b90eea8: attributed to 001697; 0.0 s; peak memory 628 MiB.
2026-09-29T10:14:46Z INFO [545/2000] 0c892eac-cd1a-4477-b35c-ee1dfbcf1b2c: attributed to 001346; 0.2 s; peak memory 628 MiB.
2026-09-29T10:14:46Z INFO [546/2000] 0c8aee03-4178-4aa2-8ea4-25c72f5a3d76: attributed to 001697; 0.0 s; peak memory 628 MiB.
2026-09-29T10:14:47Z INFO [547/2000] 0c9140bc-4f5b-4ddc-8350-3ea46e66eb9a: attributed to 001697; 0.4 s; peak memory 628 MiB.
2026-09-29T10:14:47Z INFO [548/2000] 0c955930-7638-4e31-a05e-bbbacbd000f1: attributed to 001697; 0.4 s; peak memory 628 MiB.
2026-09-29T10:14:47Z INFO [549/2000] 0c9df45c-d3f7-4b93-a3f4-5b93bd8387f9: attributed to 000142; 0.0 s; peak memory 628 MiB.
2026-09-29T10:14:47Z INFO [550/2000] 0c9e6000-1650-4df9-b452-0ffaba58f97c: attributed to 001697; 0.4 s; peak memory 628 MiB.
2026-09-29T10:14:49Z INFO [550/2000] 0c9e6000-1650-4df9-b452-0ffaba58f97c: checkpointed 442563 records.
2026-09-29T10:14:49Z INFO [551/2000] 0c9fb5a2-5692-49ed-a67d-fa38666a9d38: attributed to 001873; 0.7 s; peak memory 628 MiB.
2026-09-29T10:14:50Z INFO [552/2000] 0ca13327-8a74-437f-aadf-4421bf5b3e2e: attributed to 001697; 0.6 s; peak memory 628 MiB.
2026-09-29T10:14:50Z INFO [553/2000] 0ca26b93-3464-4ca3-87ce-3b37d8363e7b: attributed to 001697; 0.4 s; peak memory 628 MiB.
2026-09-29T10:14:50Z INFO [554/2000] 0ca26fd9-59cd-4b77-8c95-88e91cb0ad10: attributed to 001697; 0.0 s; peak memory 628 MiB.
2026-09-29T10:14:51Z INFO [555/2000] 0cab9e03-238f-4f07-a31f-9903517ec966: attributed to 001697; 0.4 s; peak memory 628 MiB.
2026-09-29T10:14:51Z INFO [556/2000] 0cb2f4af-770b-407c-ac5b-7a8bd9201f78: attributed to 001697; 0.8 s; peak memory 628 MiB.
2026-09-29T10:14:52Z INFO [557/2000] 0cc0402e-8321-49ef-a51a-b6237ba70ef1: attributed to 001697; 0.4 s; peak memory 628 MiB.
2026-09-29T10:14:52Z INFO [558/2000] 0cc2eafe-74e9-49c7-860c-f43d345609ce: attributed to 000142; 0.0 s; peak memory 628 MiB.
2026-09-29T10:14:52Z INFO [559/2000] 0cc419a7-1765-4246-b25e-1881328886c7: attributed to 001697; 0.0 s; peak memory 628 MiB.
2026-09-29T10:14:52Z INFO [560/2000] 0cc67cef-037a-4a9c-ac29-0c6d9d337adb: attributed to 001697; 0.0 s; peak memory 628 MiB.
2026-09-29T10:14:52Z INFO [561/2000] 0cca0402-6c1a-464a-a9ae-51364e6b15e2: attributed to 000026; 0.2 s; peak memory 628 MiB.
2026-09-29T10:14:52Z INFO [562/2000] 0cd780cb-7a50-40ba-806d-a4fdc38e07be: attributed to 001697; 0.4 s; peak memory 628 MiB.
2026-09-29T10:14:53Z INFO [563/2000] 0cdf1766-86ca-4db4-9a47-88ff73ae1f86: attributed to 000026; 0.2 s; peak memory 628 MiB.
2026-09-29T10:14:53Z INFO [564/2000] 0ce19f07-fb85-4117-8eb4-1da361d03445: attributed to 001697; 0.4 s; peak memory 628 MiB.
2026-09-29T10:14:53Z INFO [565/2000] 0ce4ef7f-5d60-4a90-bd6c-bb6aef30ec19: attributed to 001697; 0.0 s; peak memory 628 MiB.
2026-09-29T10:14:53Z INFO [566/2000] 0ce7b85f-5a9c-4571-a718-43a4bddc6fa0: attributed to 001697; 0.0 s; peak memory 628 MiB.
2026-09-29T10:14:53Z INFO [567/2000] 0cf3145f-3998-4944-87e4-350f0c5031bd: attributed to 000946; 0.2 s; peak memory 628 MiB.
2026-09-29T10:14:53Z INFO [568/2000] 0cf4e0f7-b943-4756-8803-ac97f79fc9ec: attributed to 000026; 0.2 s; peak memory 628 MiB.
2026-09-29T10:14:54Z INFO [569/2000] 0cff8b55-469a-42b9-88da-16719b73ca9b: attributed to 000946; 0.2 s; peak memory 628 MiB.
2026-09-29T10:14:54Z INFO [570/2000] 0d013e0e-654f-4117-a5c5-559c9e879d0c: attributed to 001697; 0.0 s; peak memory 628 MiB.
2026-09-29T10:14:54Z INFO [571/2000] 0d0d9a24-3306-4446-be95-46039a28358c: attributed to 001697; 0.0 s; peak memory 628 MiB.
2026-09-29T10:14:54Z INFO [572/2000] 0d11d7af-a280-4906-b229-b00750c52be2: attributed to 001697; 0.4 s; peak memory 628 MiB.
2026-09-29T10:14:54Z INFO [573/2000] 0d15a750-6013-47d2-85f6-13746bbb7c80: attributed to 001697; 0.3 s; peak memory 628 MiB.
2026-09-29T10:14:55Z INFO [574/2000] 0d1aa575-f1f8-4549-9558-678fc3a75c59: attributed to 001697; 0.4 s; peak memory 628 MiB.
2026-09-29T10:14:55Z INFO [575/2000] 0d1abd4f-ce40-4c52-97b6-c75c91036b8b: attributed to 000026; 0.2 s; peak memory 628 MiB.
2026-09-29T10:14:55Z INFO [576/2000] 0d227f61-58bf-466f-9ac1-c632ddf2e433: attributed to 000142; 0.0 s; peak memory 628 MiB.
2026-09-29T10:14:55Z INFO [577/2000] 0d37ed8f-67b4-4930-abd1-a2ce82218a03: attributed to 000142; 0.0 s; peak memory 628 MiB.
2026-09-29T10:14:55Z INFO [578/2000] 0d3fe92b-c9c2-4893-9af4-19e24437eeb3: attributed to 000173; 0.2 s; peak memory 628 MiB.
2026-09-29T10:14:55Z INFO [579/2000] 0d49b712-4770-4b0f-acc6-5cbc3d87e06a: attributed to 001697; 0.0 s; peak memory 628 MiB.
2026-09-29T10:14:56Z INFO [580/2000] 0d4ccd7e-794f-4eb4-9a80-34a59575532f: attributed to 001697; 0.5 s; peak memory 628 MiB.
2026-09-29T10:14:56Z INFO [581/2000] 0d57c196-8716-4ace-bd6f-518f5e78ae17: attributed to 000026; 0.2 s; peak memory 628 MiB.
2026-09-29T10:14:56Z INFO [582/2000] 0d586b1a-7f8d-4ce8-b843-6a0da7cdb616: attributed to 001697; 0.0 s; peak memory 628 MiB.
2026-09-29T10:14:56Z INFO [583/2000] 0d595e9d-13f4-43b8-bcd9-ca35b341e059: attributed to 000026; 0.2 s; peak memory 628 MiB.
2026-09-29T10:14:56Z INFO [584/2000] 0d6d05d5-b3bd-41d8-8fed-12eac81b1686: attributed to 000142; 0.0 s; peak memory 628 MiB.
2026-09-29T10:14:56Z INFO [585/2000] 0d6e2ca9-5b6b-4560-b2a0-1e526d12d636: attributed to 000026; 0.2 s; peak memory 628 MiB.
2026-09-29T10:14:56Z INFO [586/2000] 0d702e3b-0e16-432b-9b56-c5565c0bbbe4: attributed to 000026; 0.3 s; peak memory 628 MiB.
2026-09-29T10:14:56Z INFO [587/2000] 0d7734b5-41fe-48b1-a0b2-1a4eff9c70a2: attributed to 000026; 0.2 s; peak memory 628 MiB.
2026-09-29T10:14:57Z INFO [588/2000] 0d78c2f9-a6fd-4f7c-b938-a6b160f82401: attributed to 001697; 0.4 s; peak memory 628 MiB.
2026-09-29T10:14:57Z INFO [589/2000] 0d7e0e8e-2c32-4b82-b1f8-9ad956707012: attributed to 001697; 0.4 s; peak memory 628 MiB.
2026-09-29T10:14:58Z INFO [590/2000] 0d83596c-e34a-4668-9db7-ff1fbcae1659: attributed to 000026; 0.5 s; peak memory 628 MiB.
2026-09-29T10:14:58Z INFO [591/2000] 0d8f46bb-6916-4ece-8b1d-561f300f4633: attributed to 000109; 0.0 s; peak memory 628 MiB.
2026-09-29T10:14:58Z INFO [592/2000] 0d916016-710a-4d99-b000-ac08ff06c113: attributed to 000026; 0.2 s; peak memory 628 MiB.
2026-09-29T10:14:58Z INFO [593/2000] 0d95dd03-3fa3-4d55-b679-f3337da983d8: attributed to 001449; 0.2 s; peak memory 628 MiB.
2026-09-29T10:14:58Z INFO [594/2000] 0da6612e-676f-43e3-b074-55abf3818c36: attributed to 001697; 0.4 s; peak memory 628 MiB.
2026-09-29T10:14:59Z INFO [595/2000] 0dadb264-e1e2-496e-a7c5-3625d732e359: attributed to 000026; 0.2 s; peak memory 628 MiB.
2026-09-29T10:14:59Z INFO [596/2000] 0db918a8-665e-4e97-a85c-31d27b6aec1d: attributed to 000946; 0.2 s; peak memory 628 MiB.
2026-09-29T10:14:59Z INFO [597/2000] 0dba0056-265f-4c45-890c-81e71c7e86b3: attributed to 001697; 0.0 s; peak memory 628 MiB.
2026-09-29T10:14:59Z INFO [598/2000] 0dbf3b0c-1712-488b-a9c3-361c81e0f960: attributed to 001697; 0.4 s; peak memory 628 MiB.
2026-09-29T10:14:59Z INFO [599/2000] 0dc69100-1cff-4990-94c9-4b6cc2448f5d: attributed to 001449; 0.2 s; peak memory 628 MiB.
2026-09-29T10:14:59Z INFO [600/2000] 0dc98742-f591-42e7-8bfc-faaea36ed020: attributed to 000142; 0.0 s; peak memory 628 MiB.
2026-09-29T10:15:00Z INFO [600/2000] 0dc98742-f591-42e7-8bfc-faaea36ed020: checkpointed 442563 records.
2026-09-29T10:15:01Z INFO [601/2000] 0dcbeafb-b931-434a-a01b-d9e8497859fc: attributed to 000026; 0.2 s; peak memory 628 MiB.
2026-09-29T10:15:02Z INFO [602/2000] 0dcf1b2b-7ad1-4a1f-a276-7d78a6020351: attributed to 001697; 1.0 s; peak memory 628 MiB.
2026-09-29T10:15:02Z INFO [603/2000] 0dcfe218-adfe-4af5-b638-91f292edb188: attributed to 001697; 0.0 s; peak memory 628 MiB.
2026-09-29T10:15:03Z INFO [604/2000] 0dd5bdc8-c560-46db-976f-c0ebcf5ff9b7: attributed to 001697; 1.1 s; peak memory 628 MiB.
2026-09-29T10:15:04Z INFO [605/2000] 0dd927e1-6f6c-4cdf-98ab-2a033d4ca642: attributed to 001873; 1.6 s; peak memory 628 MiB.
2026-09-29T10:15:04Z INFO [606/2000] 0de78716-10d7-4c18-949c-eb623c1f0bb9: attributed to 001697; 0.0 s; peak memory 628 MiB.
2026-09-29T10:15:04Z INFO [607/2000] 0de7cc65-7089-43ba-81a7-eeb1c490d746: attributed to 001697; 0.0 s; peak memory 628 MiB.
2026-09-29T10:15:04Z INFO [608/2000] 0df7f3a2-c06d-45fc-be37-88ff45acd769: attributed to 000403; 0.0 s; peak memory 628 MiB.
2026-09-29T10:15:04Z INFO [609/2000] 0df8b65a-2b3c-4376-a438-35945a0ef935: attributed to 001697; 0.0 s; peak memory 628 MiB.
2026-09-29T10:15:05Z INFO [610/2000] 0e0a4944-fe8e-4a56-9d1c-c7ad256091a6: attributed to 000946; 0.2 s; peak memory 628 MiB.
2026-09-29T10:15:05Z INFO [611/2000] 0e1c405b-3088-49cf-a6cb-9ae6005ef7fc: attributed to 001697; 0.6 s; peak memory 628 MiB.
2026-09-29T10:15:05Z INFO [612/2000] 0e1f1371-2279-42e6-83ba-b7c9c34d4000: attributed to 001697; 0.0 s; peak memory 628 MiB.
2026-09-29T10:15:05Z INFO [613/2000] 0e202cb5-1949-4723-8172-6741970d50a7: attributed to 000946; 0.2 s; peak memory 628 MiB.
2026-09-29T10:15:05Z INFO [614/2000] 0e229b53-79ed-4567-92ca-4c89ca655e9c: attributed to 001697; 0.0 s; peak memory 628 MiB.
2026-09-29T10:15:05Z INFO [615/2000] 0e284071-81ca-4263-9861-78065117f796: attributed to 001697; 0.0 s; peak memory 628 MiB.
2026-09-29T10:15:05Z INFO [616/2000] 0e2dfa93-ad7a-4d7a-b5ed-b37b27a0d78b: attributed to 001697; 0.0 s; peak memory 628 MiB.
2026-09-29T10:15:05Z INFO [617/2000] 0e2e5f39-5cdc-4206-8e5b-24b3b485a16d: attributed to 001697; 0.0 s; peak memory 628 MiB.
2026-09-29T10:15:05Z INFO [618/2000] 0e2ed647-a0c1-4f89-8bcc-bf1714db91fb: attributed to 001697; 0.0 s; peak memory 628 MiB.
2026-09-29T10:15:06Z INFO [619/2000] 0e3eb7e3-de6b-4c7b-bec9-2fdbf8617257: attributed to 001697; 0.9 s; peak memory 628 MiB.
2026-09-29T10:15:07Z INFO [620/2000] 0e408fa9-4800-465f-9040-08f38f7c6ca3: attributed to 001697; 0.5 s; peak memory 628 MiB.
2026-09-29T10:15:07Z INFO [621/2000] 0e444bb7-e023-4e28-9c36-8a5b090edcc6: attributed to 001449; 0.2 s; peak memory 628 MiB.
2026-09-29T10:15:07Z INFO [622/2000] 0e45f2e5-7dd8-459c-a3a3-bea6960a4475: attributed to 000571; 0.2 s; peak memory 628 MiB.
2026-09-29T10:15:07Z INFO [623/2000] 0e58894d-e637-4d73-a6bb-1b5d76bf1961: attributed to 000403; 0.0 s; peak memory 628 MiB.
2026-09-29T10:15:07Z INFO [624/2000] 0e5ce98f-0cd5-487e-a16a-6cf3de2dd329: attributed to 000946; 0.2 s; peak memory 628 MiB.
2026-09-29T10:15:07Z INFO [625/2000] 0e61cc47-15e4-4ccf-9fe4-d314d8915e51: attributed to 001697; 0.0 s; peak memory 628 MiB.
2026-09-29T10:15:08Z INFO [626/2000] 0e6e7d24-5645-4d77-8f0e-a38f50ae6a33: attributed to 001697; 0.4 s; peak memory 628 MiB.
2026-09-29T10:15:08Z INFO [627/2000] 0e785d7c-101c-4e55-84fa-6d3818ce305a: attributed to 001697; 0.4 s; peak memory 628 MiB.
2026-09-29T10:15:08Z INFO [628/2000] 0e80c286-5118-4c32-8039-3cd09b8d1f33: attributed to 000026; 0.2 s; peak memory 628 MiB.
2026-09-29T10:15:08Z INFO [629/2000] 0e82eb8a-e87e-4fbd-b8f2-87949cc7c909: attributed to 001697; 0.0 s; peak memory 628 MiB.
2026-09-29T10:15:08Z INFO [630/2000] 0e8ac8dc-2868-4fe6-b005-cbbfa9eb5e1a: attributed to 001697; 0.0 s; peak memory 628 MiB.
2026-09-29T10:15:08Z INFO [631/2000] 0e9162da-8cff-42ae-81b7-465558c5b112: attributed to 001697; 0.0 s; peak memory 628 MiB.
2026-09-29T10:15:08Z INFO [632/2000] 0e9b3a2a-9612-4ccf-a242-9fbcab4a2ba4: attributed to 000946; 0.2 s; peak memory 628 MiB.
2026-09-29T10:15:09Z INFO [633/2000] 0ea04128-c344-416b-9178-924a6d61d0fb: attributed to 001697; 0.4 s; peak memory 628 MiB.
2026-09-29T10:15:09Z INFO [634/2000] 0ead5bd0-a6d2-4778-b28f-665f42912687: attributed to 000142; 0.0 s; peak memory 628 MiB.
2026-09-29T10:15:09Z INFO [635/2000] 0eb3c62e-d303-4b80-ac66-3f3707220450: attributed to 001697; 0.4 s; peak memory 628 MiB.
2026-09-29T10:15:09Z INFO [636/2000] 0eb8a9db-af15-42fa-a3e3-c98591db3d2e: attributed to 000946; 0.2 s; peak memory 628 MiB.
2026-09-29T10:15:09Z INFO [637/2000] 0ebba316-16c2-4aef-84b4-4229c32d73cd: attributed to 001697; 0.0 s; peak memory 628 MiB.
2026-09-29T10:15:10Z INFO [638/2000] 0ebd40a5-eb48-4f8b-aa32-a4f2c95b4b51: attributed to 001697; 0.5 s; peak memory 628 MiB.
2026-09-29T10:15:10Z INFO [639/2000] 0ecaaa76-b9d6-4a64-acd4-3842f129c7a6: attributed to 001697; 0.5 s; peak memory 628 MiB.
2026-09-29T10:15:10Z INFO [640/2000] 0ed135f8-fd4b-4068-a4fc-521d0427a0a6: attributed to 001697; 0.0 s; peak memory 628 MiB.
2026-09-29T10:15:11Z INFO [641/2000] 0ed38ace-2ad5-4ac7-b991-896ab1eda024: attributed to 001697; 0.6 s; peak memory 628 MiB.
2026-09-29T10:15:11Z INFO [642/2000] 0ed68e90-13f4-4618-bd35-fa5b95e621ce: attributed to 000946; 0.2 s; peak memory 628 MiB.
2026-09-29T10:15:11Z INFO [643/2000] 0ed986e7-63be-41f4-bbfe-b4c28ba16b66: attributed to 000142; 0.0 s; peak memory 628 MiB.
2026-09-29T10:15:11Z INFO [644/2000] 0ed9f816-c4aa-40dc-a615-13394a7fdc10: attributed to 001697; 0.0 s; peak memory 628 MiB.
2026-09-29T10:15:11Z INFO [645/2000] 0edd2718-129f-41ea-803e-48478a50aaf2: attributed to 000026; 0.2 s; peak memory 628 MiB.
2026-09-29T10:15:11Z INFO [646/2000] 0ede9b54-63d6-48c3-97d6-a72ea7c48e80: attributed to 001697; 0.0 s; peak memory 628 MiB.
2026-09-29T10:15:12Z INFO [647/2000] 0eded098-b6c8-4577-a857-a5562752d939: attributed to 000946; 0.2 s; peak memory 628 MiB.
2026-09-29T10:15:12Z INFO [648/2000] 0ee0cb57-d4c5-4d2b-8a9e-342e172d250d: attributed to 000026; 0.2 s; peak memory 628 MiB.
2026-09-29T10:15:12Z INFO [649/2000] 0ee5d4bd-e1ff-4b67-8547-d21c52cc39da: attributed to 001697; 0.5 s; peak memory 628 MiB.
2026-09-29T10:15:12Z INFO [650/2000] 0ee6d20d-be1a-4744-8b4b-836932671ba8: attributed to 000570; 0.0 s; peak memory 628 MiB.
2026-09-29T10:15:13Z INFO [650/2000] 0ee6d20d-be1a-4744-8b4b-836932671ba8: checkpointed 442563 records.
2026-09-29T10:15:14Z INFO [651/2000] 0ee7c017-7b2d-4245-8f0b-bbed9761b005: attributed to 001697; 0.4 s; peak memory 628 MiB.
2026-09-29T10:15:14Z INFO [652/2000] 0ef65a8d-0c6d-4f42-ba11-23b3961eda04: attributed to 001697; 0.0 s; peak memory 628 MiB.
2026-09-29T10:15:14Z INFO [653/2000] 0ef9d5c4-7b80-4108-a149-ff1b4734c375: attributed to 001697; 0.0 s; peak memory 628 MiB.
2026-09-29T10:15:14Z INFO [654/2000] 0efdb0e0-d362-4000-b79c-37250f18a1a4: attributed to 001697; 0.0 s; peak memory 628 MiB.
2026-09-29T10:15:14Z INFO [655/2000] 0f0429e6-331d-4970-b611-faa3b7402017: attributed to 000026; 0.2 s; peak memory 628 MiB.
2026-09-29T10:15:14Z INFO [656/2000] 0f0484ec-b3f8-442b-b366-97dce837e9e8: attributed to 001449; 0.2 s; peak memory 628 MiB.
2026-09-29T10:15:14Z INFO [657/2000] 0f06e8a3-b59f-47d3-a4d0-606201fec30d: attributed to 000946; 0.2 s; peak memory 628 MiB.
2026-09-29T10:15:14Z INFO [658/2000] 0f08c349-868c-48db-aec9-824ff2efec10: attributed to 001697; 0.0 s; peak memory 628 MiB.
2026-09-29T10:15:16Z INFO [659/2000] 0f0b2829-4783-4bfd-85f9-38f70ff9487f: attributed to 000231; 1.3 s; peak memory 628 MiB.
2026-09-29T10:15:16Z INFO [660/2000] 0f143040-bbfb-4ee1-92c8-7b07f47d7822: attributed to 000026; 0.2 s; peak memory 628 MiB.
2026-09-29T10:15:16Z INFO [661/2000] 0f148dce-cc7d-43e6-b913-3af1982b5e8f: attributed to 001449; 0.2 s; peak memory 628 MiB.
2026-09-29T10:15:16Z INFO [662/2000] 0f14b789-c6a3-4bf4-8241-1d882dacc10b: attributed to 001697; 0.4 s; peak memory 628 MiB.
2026-09-29T10:15:17Z INFO [663/2000] 0f16f229-afc8-4745-bd48-5aa80bbb111d: attributed to 001203; 0.2 s; peak memory 628 MiB.
2026-09-29T10:15:17Z INFO [664/2000] 0f17adfa-46d1-451b-b1c3-7b2ddc9c6ff3: attributed to 000142; 0.0 s; peak memory 628 MiB.
2026-09-29T10:15:17Z INFO [665/2000] 0f1a04c5-25e9-489b-9968-1101df04c376: attributed to 001697; 0.6 s; peak memory 628 MiB.
2026-09-29T10:15:17Z INFO [666/2000] 0f24f052-9c43-4b4b-8258-e19d740ae364: attributed to 000026; 0.2 s; peak memory 628 MiB.
2026-09-29T10:15:18Z INFO [667/2000] 0f253d8a-08b7-4b2b-ac6d-70d848c0879d: attributed to 001697; 0.4 s; peak memory 628 MiB.
2026-09-29T10:15:18Z INFO [668/2000] 0f2c9180-2ad4-4f1f-89c7-86fcdbc3133d: attributed to 000026; 0.2 s; peak memory 628 MiB.
2026-09-29T10:15:18Z INFO [669/2000] 0f35d406-1e82-48dc-94e4-bcb1ee0930e7: attributed to 001697; 0.0 s; peak memory 628 MiB.
2026-09-29T10:15:18Z INFO [670/2000] 0f3ab814-c25f-44ce-846e-50772afbd070: attributed to 001258; 0.0 s; peak memory 628 MiB.
2026-09-29T10:15:18Z INFO [671/2000] 0f3c7e22-61bc-4eb9-9e4d-08c554c67651: attributed to 000026; 0.2 s; peak memory 628 MiB.
2026-09-29T10:15:18Z INFO [672/2000] 0f3ddc73-022b-4286-b034-a67703dc170d: attributed to 001697; 0.0 s; peak memory 628 MiB.
2026-09-29T10:15:18Z INFO [673/2000] 0f4286e7-db4c-4c80-834b-9b08aeb5d7d4: attributed to 001697; 0.4 s; peak memory 628 MiB.
2026-09-29T10:15:18Z INFO [674/2000] 0f45e86a-1b36-4893-a9d9-611d55f0779d: attributed to 001697; 0.0 s; peak memory 628 MiB.
2026-09-29T10:15:18Z INFO [675/2000] 0f46b403-3103-4656-bdbd-fc7acb520513: attributed to 001697; 0.0 s; peak memory 628 MiB.
2026-09-29T10:15:19Z INFO [676/2000] 0f4ba9f6-d951-4a18-bcf4-b58c5373b74a: attributed to 000026; 0.2 s; peak memory 628 MiB.
2026-09-29T10:15:19Z INFO [677/2000] 0f510f40-e076-4dd1-acf3-684c08d99778: attributed to 000946; 0.2 s; peak memory 628 MiB.
2026-09-29T10:15:19Z INFO [678/2000] 0f52329c-8301-4745-900f-453799769fac: attributed to 001697; 0.0 s; peak memory 628 MiB.
2026-09-29T10:15:19Z INFO [679/2000] 0f537632-ef20-4850-ae68-2b8f96616eef: attributed to 001697; 0.4 s; peak memory 628 MiB.
2026-09-29T10:15:19Z INFO [680/2000] 0f565ff4-c7a6-4a98-b774-9e6ad24f9f04: attributed to 000209; 0.0 s; peak memory 628 MiB.
2026-09-29T10:15:20Z INFO [681/2000] 0f567aaa-712b-4a7b-bc2c-5f5039eba577: attributed to 001697; 0.4 s; peak memory 628 MiB.
2026-09-29T10:15:20Z INFO [682/2000] 0f59c1a7-5fe6-4d6c-8d74-37088362f00d: attributed to 000173; 0.2 s; peak memory 628 MiB.
2026-09-29T10:15:20Z INFO [683/2000] 0f5b35d2-0414-4cf8-9efa-a984d8336148: attributed to 000142; 0.0 s; peak memory 628 MiB.
2026-09-29T10:15:20Z INFO [684/2000] 0f627abe-8f0a-428a-8103-804f546c8b4e: attributed to 001449; 0.6 s; peak memory 628 MiB.
2026-09-29T10:15:20Z INFO [685/2000] 0f76514e-861b-4030-b759-becd1775227e: attributed to 001697; 0.0 s; peak memory 628 MiB.
2026-09-29T10:15:21Z INFO [686/2000] 0f82e88e-049b-43d3-8bdd-27f3282808b8: attributed to 001697; 0.6 s; peak memory 628 MiB.
2026-09-29T10:15:21Z INFO [687/2000] 0f837bbb-1b43-4ea9-9832-e9d38766b33d: attributed to 001697; 0.5 s; peak memory 628 MiB.
2026-09-29T10:15:22Z INFO [688/2000] 0f88f20a-89df-4478-9549-b41f0991939c: attributed to 000026; 0.2 s; peak memory 628 MiB.
2026-09-29T10:15:22Z INFO [689/2000] 0f92cd8c-68ec-40d3-afdc-d9263a12280b: attributed to 001697; 0.4 s; peak memory 628 MiB.
2026-09-29T10:15:22Z INFO [690/2000] 0f9bcb16-4c8e-47b0-b0c7-d0d6c965bab2: attributed to 000173; 0.2 s; peak memory 629 MiB.
2026-09-29T10:15:22Z INFO [691/2000] 0fa6c43c-c45b-4611-8c81-085f28d70b31: attributed to 000209; 0.0 s; peak memory 629 MiB.
2026-09-29T10:15:23Z INFO [692/2000] 0fae24ea-d2b8-43f9-aed2-9f01fbf1f993: attributed to 001697; 0.4 s; peak memory 629 MiB.
2026-09-29T10:15:23Z INFO [693/2000] 0fb82ccb-37d6-47f8-89bd-872b4275cf17: attributed to 001697; 0.4 s; peak memory 629 MiB.
2026-09-29T10:15:23Z INFO [694/2000] 0fbf7f04-b5ab-47ee-b7a2-687210c74a02: attributed to 001452; 0.2 s; peak memory 629 MiB.
2026-09-29T10:15:24Z INFO [695/2000] 0fc0d7da-a4e0-440e-858d-d686b4b5552a: attributed to 000026; 0.9 s; peak memory 629 MiB.
2026-09-29T10:15:24Z INFO [696/2000] 0fcf1cd0-3ada-42de-918a-25421cf40c20: attributed to 001697; 0.0 s; peak memory 629 MiB.
2026-09-29T10:15:24Z INFO [697/2000] 0fdc7ea7-ae0c-4a8d-a362-f248e993ea3c: attributed to 001697; 0.0 s; peak memory 629 MiB.
2026-09-29T10:15:24Z INFO [698/2000] 0fec0ebe-ac9c-46c7-89f6-75ea269fd4d5: attributed to 001697; 0.0 s; peak memory 629 MiB.
2026-09-29T10:15:24Z INFO [699/2000] 0ff01e69-c764-4bdd-8b9f-018603c7501e: attributed to 001697; 0.4 s; peak memory 629 MiB.
2026-09-29T10:15:25Z INFO [700/2000] 0ff748e6-8956-4599-b456-6a4b19a36ffb: attributed to 001697; 0.4 s; peak memory 629 MiB.
2026-09-29T10:15:26Z INFO [700/2000] 0ff748e6-8956-4599-b456-6a4b19a36ffb: checkpointed 442563 records.
2026-09-29T10:15:26Z INFO [701/2000] 0ff998a3-c5ee-4590-aad2-e8b4a15a1568: attributed to 001697; 0.4 s; peak memory 629 MiB.
2026-09-29T10:15:27Z INFO [702/2000] 0ffb487a-ed0f-496b-a01e-511087d3c311: attributed to 000026; 0.2 s; peak memory 629 MiB.
2026-09-29T10:15:27Z INFO [703/2000] 0ffdb1b2-dd90-4331-90e4-7d9240a7230c: attributed to 001063; 0.2 s; peak memory 629 MiB.
2026-09-29T10:15:27Z INFO [704/2000] 100186cf-3129-4cab-b030-3a3146199ccc: attributed to 001697; 0.0 s; peak memory 629 MiB.
2026-09-29T10:15:27Z INFO [705/2000] 1004eb73-e224-4c7c-b1f9-028d657b0f88: attributed to 000026; 0.2 s; peak memory 629 MiB.
2026-09-29T10:15:27Z INFO [706/2000] 100f28d5-f53f-496f-90db-61ca84005e7f: attributed to 000109; 0.0 s; peak memory 629 MiB.
2026-09-29T10:15:27Z INFO [707/2000] 1013a049-780c-4270-aa23-87cc95ad142c: attributed to 001697; 0.0 s; peak memory 629 MiB.
2026-09-29T10:15:27Z INFO [708/2000] 1016b7ae-e429-4966-951c-52a84ebac695: attributed to 001697; 0.0 s; peak memory 629 MiB.
2026-09-29T10:15:27Z INFO [709/2000] 1029e2bf-52af-48ea-98bf-3141add3e9d6: attributed to 001697; 0.0 s; peak memory 629 MiB.
2026-09-29T10:15:27Z INFO [710/2000] 1030755d-d4dc-4e37-a032-b61dca4702b2: attributed to 000026; 0.2 s; peak memory 629 MiB.
2026-09-29T10:15:28Z INFO [711/2000] 1035bdec-d128-4818-a572-fa2e2e1a659c: attributed to 001697; 0.4 s; peak memory 629 MiB.
2026-09-29T10:15:28Z INFO [712/2000] 1044e3e6-5267-4bbd-890b-3c61b33a162c: attributed to 001697; 0.4 s; peak memory 629 MiB.
2026-09-29T10:15:28Z INFO [713/2000] 104ba7e4-3977-4b7e-8f8b-97ae007e5b83: attributed to 000026; 0.2 s; peak memory 629 MiB.
2026-09-29T10:15:29Z INFO [714/2000] 1051ac5c-b046-4872-8239-430940b69fe6: attributed to 001697; 0.7 s; peak memory 629 MiB.
2026-09-29T10:15:29Z INFO [715/2000] 10525e82-5d62-48b1-827d-ff4cc3bd63c6: attributed to 001697; 0.4 s; peak memory 629 MiB.
2026-09-29T10:15:29Z INFO [716/2000] 105a304e-c6c7-452d-85d1-86cb1329698d: attributed to 001258; 0.0 s; peak memory 629 MiB.
2026-09-29T10:15:30Z INFO [717/2000] 105f8e87-b4d8-45f6-8611-9f33eea6222a: attributed to 001873; 0.5 s; peak memory 629 MiB.
2026-09-29T10:15:30Z INFO [718/2000] 106e8931-7f95-4ad0-a811-3154e89da2af: attributed to 001697; 0.0 s; peak memory 629 MiB.
2026-09-29T10:15:30Z INFO [719/2000] 1072ed9f-8ed4-40e5-aef1-3189bc19f03d: attributed to 001258; 0.0 s; peak memory 629 MiB.
2026-09-29T10:15:30Z INFO [720/2000] 10745520-4cd5-40d8-b654-b3bf89477552: attributed to 001697; 0.4 s; peak memory 629 MiB.
2026-09-29T10:15:30Z INFO [721/2000] 1088b943-c233-435e-9095-e9004f1f9082: attributed to 000142; 0.0 s; peak memory 629 MiB.
2026-09-29T10:15:30Z INFO [722/2000] 108fe30b-7b2c-4589-9159-6cb32e98b459: attributed to 001697; 0.0 s; peak memory 629 MiB.
2026-09-29T10:15:31Z INFO [723/2000] 10936d81-6415-413e-9382-dfff987fb1ca: attributed to 001697; 0.5 s; peak memory 629 MiB.
2026-09-29T10:15:31Z INFO [724/2000] 1095fc8b-35d5-4ffa-bb6e-afdac881b668: attributed to 001697; 0.0 s; peak memory 629 MiB.
2026-09-29T10:15:31Z INFO [725/2000] 10972825-0f0c-4f2d-bb89-0647fb08018e: attributed to 001697; 0.0 s; peak memory 629 MiB.
2026-09-29T10:15:31Z INFO [726/2000] 10994a53-8447-41d1-a8c0-031df04f52a6: attributed to 001697; 0.0 s; peak memory 629 MiB.
2026-09-29T10:15:31Z INFO [727/2000] 1099b46c-e6e0-45bb-8385-4b0ef2b02066: attributed to 001697; 0.4 s; peak memory 629 MiB.
2026-09-29T10:15:31Z INFO [728/2000] 109b8cae-8cbd-4e07-826d-6e2eed344b06: attributed to 001697; 0.0 s; peak memory 629 MiB.
2026-09-29T10:15:31Z INFO [729/2000] 10a99ecf-3b57-4864-bc2e-4807cc19208d: attributed to 000026; 0.2 s; peak memory 629 MiB.
2026-09-29T10:15:32Z INFO [730/2000] 10a9bf57-54b2-4c0e-81d0-cf4ce1651fe9: attributed to 001697; 0.4 s; peak memory 629 MiB.
2026-09-29T10:15:32Z INFO [731/2000] 10ab189b-d83a-4be9-9382-8977b36c3c07: attributed to 000026; 0.2 s; peak memory 629 MiB.
2026-09-29T10:15:32Z INFO [732/2000] 10b3e15a-771e-46df-a67a-6437b2c6d9fe: attributed to 000026; 0.2 s; peak memory 629 MiB.
2026-09-29T10:15:32Z INFO [733/2000] 10b81180-ff51-4bc7-bed1-27ce0000f464: attributed to 001474; 0.2 s; peak memory 629 MiB.
2026-09-29T10:15:33Z INFO [734/2000] 10b823db-b4bc-4617-9384-5a65ad7c8f29: attributed to 001873; 0.5 s; peak memory 629 MiB.
2026-09-29T10:15:33Z INFO [735/2000] 10b8e146-50c1-4a04-8f59-db18a689a2c4: attributed to 001697; 0.0 s; peak memory 629 MiB.
2026-09-29T10:15:33Z INFO [736/2000] 10b90625-9bb1-4c94-b0c2-0dcf71c07cac: attributed to 000026; 0.2 s; peak memory 629 MiB.
2026-09-29T10:15:33Z INFO [737/2000] 10bddd93-95dc-43fd-ac64-d5f424108a00: attributed to 000026; 0.2 s; peak memory 629 MiB.
2026-09-29T10:15:33Z INFO [738/2000] 10c155b6-c6dd-47b2-a93e-a91d5715b52e: attributed to 001697; 0.4 s; peak memory 629 MiB.
2026-09-29T10:15:33Z INFO [739/2000] 10c8db3a-b671-4e2e-a667-97dd1869ead7: attributed to 001697; 0.0 s; peak memory 629 MiB.
2026-09-29T10:15:33Z INFO [740/2000] 10cba870-fcb1-4d6f-b4cf-b8847f3c6eed: attributed to 000109; 0.0 s; peak memory 629 MiB.
2026-09-29T10:15:33Z INFO [741/2000] 10ccb3b5-5563-4697-a2c5-f5aea2408e9c: attributed to 001697; 0.0 s; peak memory 629 MiB.
2026-09-29T10:15:33Z INFO [742/2000] 10cea64c-dcfa-4849-a328-69e198957c62: attributed to 001697; 0.0 s; peak memory 629 MiB.
2026-09-29T10:15:33Z INFO [743/2000] 10cfb2ce-02f7-4852-b04f-114e61218c33: attributed to 001697; 0.0 s; peak memory 629 MiB.
2026-09-29T10:15:33Z INFO [744/2000] 10cfc7eb-86ed-443c-8144-a4e4866f9ce4: attributed to 000142; 0.0 s; peak memory 629 MiB.
2026-09-29T10:15:34Z INFO [745/2000] 10d1d78f-924e-42a5-b3b7-2de666fbfd1a: attributed to 001697; 0.4 s; peak memory 629 MiB.
2026-09-29T10:15:34Z INFO [746/2000] 10d1f070-9fb4-4f58-a0be-33ecaf596f9c: attributed to 000026; 0.5 s; peak memory 629 MiB.
2026-09-29T10:15:34Z INFO [747/2000] 10d3eb5a-8f70-4a09-a0a1-5b144a1849b4: attributed to 000026; 0.2 s; peak memory 629 MiB.
2026-09-29T10:15:34Z INFO [748/2000] 10d866c3-c9bd-4a9c-a7d3-63dc2a76c371: attributed to 001697; 0.0 s; peak memory 629 MiB.
2026-09-29T10:15:34Z INFO [749/2000] 10de8486-9e81-4ccb-8cdd-b5181cdfb080: attributed to 000142; 0.0 s; peak memory 629 MiB.
2026-09-29T10:15:35Z INFO [750/2000] 10e0a54d-9631-4018-96f4-e30552953183: attributed to 001697; 0.4 s; peak memory 629 MiB.
2026-09-29T10:15:36Z INFO [750/2000] 10e0a54d-9631-4018-96f4-e30552953183: checkpointed 442563 records.
2026-09-29T10:15:36Z INFO [751/2000] 10e0bfbc-fa3a-4c01-8a85-8366f26ae810: attributed to 001697; 0.4 s; peak memory 629 MiB.
2026-09-29T10:15:36Z INFO [752/2000] 10eaa288-6cbf-4846-af90-4cb14c568c1f: attributed to 000173; 0.2 s; peak memory 629 MiB.
2026-09-29T10:15:37Z INFO [753/2000] 10ecd1d6-5edf-45b2-8377-4e443024b45a: attributed to 001697; 0.4 s; peak memory 629 MiB.
2026-09-29T10:15:37Z INFO [754/2000] 10f11468-7ad3-4771-885a-8c91cda9cc23: attributed to 001697; 0.4 s; peak memory 629 MiB.
2026-09-29T10:15:37Z INFO [755/2000] 10fdd593-4791-4056-a9ce-1d2e1047c293: attributed to 000946; 0.2 s; peak memory 629 MiB.
2026-09-29T10:15:37Z INFO [756/2000] 10fe52c5-d575-40da-8898-d53048e15c71: attributed to 001697; 0.0 s; peak memory 629 MiB.
2026-09-29T10:15:37Z INFO [757/2000] 1104d903-eb05-42f6-b9a8-118823849c22: attributed to 001697; 0.0 s; peak memory 629 MiB.
2026-09-29T10:15:38Z INFO [758/2000] 1108a3c6-171a-4389-9611-9a9fd6701cfa: attributed to 001697; 0.4 s; peak memory 629 MiB.
2026-09-29T10:15:38Z INFO [759/2000] 110dccac-34b9-455a-ae56-c35cde0731dd: attributed to 001697; 0.0 s; peak memory 629 MiB.
2026-09-29T10:15:38Z INFO [760/2000] 11220c95-eb04-49cc-84f8-a16a12f5cfc5: attributed to 001697; 0.0 s; peak memory 629 MiB.
2026-09-29T10:15:39Z INFO [761/2000] 112b4ff8-e76f-4c1d-a6be-360995a66237: attributed to 001697; 1.4 s; peak memory 629 MiB.
2026-09-29T10:15:39Z INFO [762/2000] 112be15f-0093-492a-81e4-865d09b4422c: attributed to 000570; 0.0 s; peak memory 629 MiB.
2026-09-29T10:15:40Z INFO [763/2000] 11369e4f-032c-4a46-978b-1163ade4945b: attributed to 001697; 0.7 s; peak memory 629 MiB.
2026-09-29T10:15:40Z INFO [764/2000] 113be62e-7929-4650-94f7-3ef4aebcce79: attributed to 000946; 0.2 s; peak memory 629 MiB.
2026-09-29T10:15:40Z INFO [765/2000] 113cdca4-5fbd-44d9-a57d-a81f21affa5d: attributed to 001697; 0.0 s; peak memory 629 MiB.
2026-09-29T10:15:40Z INFO [766/2000] 11453f9e-96fa-44b3-80d9-f001bb136804: attributed to 001697; 0.0 s; peak memory 629 MiB.
2026-09-29T10:15:41Z INFO [767/2000] 1147a598-72e0-48c2-a084-6fbf6356e975: attributed to 001697; 0.7 s; peak memory 629 MiB.
2026-09-29T10:15:41Z INFO [768/2000] 1154d901-4fc4-4dc2-a6b8-aa65465231e2: attributed to 001697; 0.6 s; peak memory 629 MiB.
2026-09-29T10:15:41Z INFO [769/2000] 1157395f-7df7-4599-96e9-5c9515f46039: attributed to 000946; 0.2 s; peak memory 629 MiB.
2026-09-29T10:15:42Z INFO [770/2000] 1157d7dd-fb7e-41eb-be13-cd53e8da2785: attributed to 001697; 0.4 s; peak memory 629 MiB.
2026-09-29T10:15:42Z INFO [771/2000] 115cfb79-0f29-463a-80a8-625379620d18: attributed to 000026; 0.2 s; peak memory 629 MiB.
2026-09-29T10:15:42Z INFO [772/2000] 115ffc29-121b-414e-bde0-20321b616ee1: attributed to 000026; 0.2 s; peak memory 629 MiB.
2026-09-29T10:15:43Z INFO [773/2000] 11655628-011f-44c5-aa8e-04eb1dcade6f: attributed to 000026; 0.6 s; peak memory 629 MiB.
2026-09-29T10:15:43Z INFO [774/2000] 1167b8d2-be33-4d18-967c-9912838268cc: attributed to 001697; 0.4 s; peak memory 629 MiB.
2026-09-29T10:15:43Z INFO [775/2000] 116caae3-eb7c-486c-8a4e-917efb1281e7: attributed to 000403; 0.0 s; peak memory 629 MiB.
2026-09-29T10:15:44Z INFO [776/2000] 116db215-7fbb-4589-8735-5e0e9755b952: attributed to 000571; 0.6 s; peak memory 629 MiB.
2026-09-29T10:15:44Z INFO [777/2000] 117634c2-55be-4e68-8c34-9e713123366f: attributed to 000026; 0.2 s; peak memory 629 MiB.
2026-09-29T10:15:44Z INFO [778/2000] 117da1fe-9b48-4979-97f2-244a872c7f6c: attributed to 001697; 0.4 s; peak memory 629 MiB.
2026-09-29T10:15:45Z INFO [779/2000] 118403c7-f696-407e-997f-de571217ecb5: attributed to 001449; 0.2 s; peak memory 629 MiB.
2026-09-29T10:15:45Z INFO [780/2000] 11887de6-feeb-43c5-b99e-832a38973870: attributed to 001697; 0.4 s; peak memory 629 MiB.
2026-09-29T10:15:45Z INFO [781/2000] 118bf878-180f-4c47-ac3a-e7de3770746b: attributed to 000026; 0.6 s; peak memory 629 MiB.
2026-09-29T10:15:46Z INFO [782/2000] 119c530e-f12e-483b-b961-aaebe09181ad: attributed to 001697; 0.4 s; peak memory 629 MiB.
2026-09-29T10:15:46Z INFO [783/2000] 11a3e108-e690-45cd-b333-58abf3551d5a: attributed to 001697; 0.4 s; peak memory 629 MiB.
2026-09-29T10:15:47Z INFO [784/2000] 11a7161c-dca1-4981-8408-3dbae4cd4771: attributed to 001199; 0.2 s; peak memory 629 MiB.
2026-09-29T10:15:47Z INFO [785/2000] 11a8f5d0-d78d-44ae-b40d-b50b9a249dbc: attributed to 001697; 0.0 s; peak memory 629 MiB.
2026-09-29T10:15:47Z INFO [786/2000] 11aaa702-be1f-4c39-b086-fa5c7fa10b82: attributed to 000209; 0.0 s; peak memory 629 MiB.
2026-09-29T10:15:47Z INFO [787/2000] 11bd65b8-a123-45ec-a567-4734ae67ef81: attributed to 001697; 0.0 s; peak memory 629 MiB.
2026-09-29T10:15:47Z INFO [788/2000] 11c484c4-bbed-4e1f-8f37-4c583b3b8917: attributed to 000142; 0.0 s; peak memory 629 MiB.
2026-09-29T10:15:47Z INFO [789/2000] 11c89c98-36ec-40ed-b517-d25d4dd850cc: attributed to 000026; 0.2 s; peak memory 629 MiB.
2026-09-29T10:15:47Z INFO [790/2000] 11cd6f74-1be4-4771-80dd-59c48a0f273a: attributed to 001697; 0.0 s; peak memory 629 MiB.
2026-09-29T10:15:47Z INFO [791/2000] 11d5acf9-4913-4386-8f2f-87cfac03ec52: attributed to 000026; 0.3 s; peak memory 629 MiB.
2026-09-29T10:15:47Z INFO [792/2000] 11d8b1d5-1447-44a5-9988-462b66d00f90: attributed to 001697; 0.4 s; peak memory 629 MiB.
2026-09-29T10:15:48Z INFO [793/2000] 11dee68b-91a1-4bbb-9584-8e6821cea690: attributed to 001697; 0.5 s; peak memory 629 MiB.
2026-09-29T10:15:48Z INFO [794/2000] 11ec40d0-eabc-40c1-996e-ab5c595e42cf: attributed to 001697; 0.0 s; peak memory 629 MiB.
2026-09-29T10:15:48Z INFO [795/2000] 11ef8a2f-14e9-432e-b2aa-b40f286738c2: attributed to 001697; 0.0 s; peak memory 629 MiB.
2026-09-29T10:15:48Z INFO [796/2000] 11f5274a-01ac-4ccc-81b9-735f008a6b6e: attributed to 001697; 0.0 s; peak memory 629 MiB.
2026-09-29T10:15:48Z INFO [797/2000] 11fae7f3-7d86-4b3e-b8c4-d354a612eee7: attributed to 001697; 0.0 s; peak memory 629 MiB.
2026-09-29T10:15:48Z INFO [798/2000] 11fec506-4d17-4ca7-8df3-ee12d4af0fd7: attributed to 000142; 0.0 s; peak memory 629 MiB.
2026-09-29T10:15:48Z INFO [799/2000] 11ff4d86-3de0-47dc-8f6c-49c87994d6fd: attributed to 000026; 0.2 s; peak memory 629 MiB.
2026-09-29T10:15:48Z INFO [800/2000] 120ebed4-3e28-4baf-b000-b58f5cfcc8b2: attributed to 000946; 0.2 s; peak memory 629 MiB.
2026-09-29T10:15:49Z INFO [800/2000] 120ebed4-3e28-4baf-b000-b58f5cfcc8b2: checkpointed 442563 records.
2026-09-29T10:15:49Z INFO [801/2000] 12174aa1-75f8-4865-b70a-23d7ed7f583c: attributed to 001258; 0.0 s; peak memory 629 MiB.
2026-09-29T10:15:50Z INFO [802/2000] 1219a3db-14e3-4dd5-bee5-01b393054c9d: attributed to 000026; 0.2 s; peak memory 629 MiB.
2026-09-29T10:15:50Z INFO [803/2000] 1224874a-5163-45a7-adce-5da06840280d: attributed to 001697; 0.5 s; peak memory 629 MiB.
2026-09-29T10:15:51Z INFO [804/2000] 12274218-d390-4944-bf11-700185b6e102: attributed to 001697; 0.5 s; peak memory 629 MiB.
2026-09-29T10:15:51Z INFO [805/2000] 12308859-6214-4343-b12c-d9403fb67af1: attributed to 001697; 0.0 s; peak memory 629 MiB.
2026-09-29T10:15:51Z INFO [806/2000] 1231bf2e-8a3a-4e96-a711-a4ceb3ed37a4: attributed to 001697; 0.4 s; peak memory 629 MiB.
2026-09-29T10:15:51Z INFO [807/2000] 12411648-02c9-4b58-9ceb-c998b4c53924: attributed to 001697; 0.0 s; peak memory 629 MiB.
2026-09-29T10:15:51Z INFO [808/2000] 124931e3-59c2-47ff-a3b6-bb45e69573ed: attributed to 001697; 0.3 s; peak memory 629 MiB.
2026-09-29T10:15:51Z INFO [809/2000] 1256c1d5-e509-430a-828f-8434c31db732: attributed to 001697; 0.0 s; peak memory 629 MiB.
2026-09-29T10:15:51Z INFO [810/2000] 1257bf30-998e-44b8-afd7-fe33b43a58a4: attributed to 001258; 0.0 s; peak memory 629 MiB.
2026-09-29T10:15:51Z INFO [811/2000] 125844e2-2dd6-45d0-83ae-012c47fb47e3: attributed to 000026; 0.2 s; peak memory 629 MiB.
2026-09-29T10:15:52Z INFO [812/2000] 125864cf-d055-4978-96d0-acef5f190e50: attributed to 000946; 0.2 s; peak memory 629 MiB.
2026-09-29T10:15:52Z INFO [813/2000] 125c061e-21d1-4b5c-bc20-8753d421f99e: attributed to 000026; 0.2 s; peak memory 629 MiB.
2026-09-29T10:15:52Z INFO [814/2000] 1261df9e-e0d5-41e9-bdbc-4ed44ca4e118: attributed to 001697; 0.7 s; peak memory 629 MiB.
2026-09-29T10:15:52Z INFO [815/2000] 12721181-2114-4ccb-bfdc-bd87bbe49a8a: attributed to 001697; 0.0 s; peak memory 629 MiB.
2026-09-29T10:15:53Z INFO [816/2000] 12784a48-d11d-46ec-bc87-a60c69338241: attributed to 000026; 0.2 s; peak memory 629 MiB.
2026-09-29T10:15:55Z INFO [817/2000] 12796311-7b1f-4932-9324-98dcc10e9c92: attributed to 000571; 2.6 s; peak memory 629 MiB.
2026-09-29T10:15:55Z INFO [818/2000] 12838073-4ff7-48ef-b497-88ccc607df66: attributed to 001697; 0.0 s; peak memory 629 MiB.
2026-09-29T10:15:55Z INFO [819/2000] 128833a9-11ad-4e82-8482-cb0e2ad7a9f5: attributed to 000946; 0.2 s; peak memory 629 MiB.
2026-09-29T10:15:56Z INFO [820/2000] 128ccb7b-9680-4273-a4c4-d80e893b6d21: attributed to 001697; 0.4 s; peak memory 629 MiB.
2026-09-29T10:15:56Z INFO [821/2000] 128fe5e3-37da-4d1f-ba8e-e055f74bfc09: attributed to 000408; 0.0 s; peak memory 629 MiB.
2026-09-29T10:15:56Z INFO [822/2000] 1299bfca-d16c-4098-827e-d804754335e1: attributed to 001697; 0.0 s; peak memory 629 MiB.
2026-09-29T10:15:56Z INFO [823/2000] 129cec23-3bba-4ab4-876e-5acb54f5970e: attributed to 001697; 0.4 s; peak memory 629 MiB.
2026-09-29T10:15:56Z INFO [824/2000] 12a25079-e231-4f4b-9b4a-95e5a02a8514: attributed to 001697; 0.0 s; peak memory 629 MiB.
2026-09-29T10:15:56Z INFO [825/2000] 12a80644-2187-400a-a480-a7b9c22dfb9a: attributed to 000403; 0.0 s; peak memory 629 MiB.
2026-09-29T10:15:56Z INFO [826/2000] 12aa0d2c-a8f5-47e4-8d5f-9421555dece0: attributed to 001437; 0.2 s; peak memory 629 MiB.
2026-09-29T10:15:57Z INFO [827/2000] 12adee70-e013-474e-92ec-cb682f840709: attributed to 001697; 0.4 s; peak memory 629 MiB.
2026-09-29T10:15:57Z INFO [828/2000] 12b0acaa-dba3-4930-bb60-98d72b93f894: attributed to 000026; 0.2 s; peak memory 629 MiB.
2026-09-29T10:15:57Z INFO [829/2000] 12b1bd7e-51f3-4486-9bd1-90880fbbf384: attributed to 000109; 0.0 s; peak memory 629 MiB.
2026-09-29T10:15:57Z INFO [830/2000] 12ba4572-342c-4d63-9478-285985e14411: attributed to 001697; 0.0 s; peak memory 629 MiB.
2026-09-29T10:15:57Z INFO [831/2000] 12be581e-517d-4263-b00c-f2b57aa39f46: attributed to 000026; 0.5 s; peak memory 629 MiB.
2026-09-29T10:15:57Z INFO [832/2000] 12c7506c-e48c-4ca9-a14c-360368f7a052: attributed to 000142; 0.0 s; peak memory 629 MiB.
2026-09-29T10:15:58Z INFO [833/2000] 12c7ccc9-857e-4769-82be-49c11cc581c1: attributed to 001697; 0.4 s; peak memory 629 MiB.
2026-09-29T10:15:58Z INFO [834/2000] 12cf0adb-2d27-4d13-8312-01c253c2feea: attributed to 000026; 0.1 s; peak memory 629 MiB.
2026-09-29T10:15:58Z INFO [835/2000] 12d3205a-74fb-4d67-b701-fc944b811c7e: attributed to 000026; 0.2 s; peak memory 629 MiB.
2026-09-29T10:15:58Z INFO [836/2000] 12ee7fe4-28cc-4a1f-a75f-b714b75de34b: attributed to 000026; 0.2 s; peak memory 629 MiB.
2026-09-29T10:15:59Z INFO [837/2000] 12f7369f-5b3e-4f2a-bedd-0bb4bfe75375: attributed to 001697; 0.4 s; peak memory 629 MiB.
2026-09-29T10:15:59Z INFO [838/2000] 12ffd945-eefc-49ec-85ef-14760a75b76b: attributed to 001697; 0.4 s; peak memory 629 MiB.
2026-09-29T10:15:59Z INFO [839/2000] 130b8a61-e034-426a-acc6-6586f217402b: attributed to 001749; 0.2 s; peak memory 629 MiB.
2026-09-29T10:15:59Z INFO [840/2000] 131a7405-fe7f-4a82-9e51-0fc43671ba9a: attributed to 001697; 0.0 s; peak memory 629 MiB.
2026-09-29T10:15:59Z INFO [841/2000] 133a3ee4-0ae7-4ae5-aae2-0446454137da: attributed to 001697; 0.0 s; peak memory 629 MiB.
2026-09-29T10:16:00Z INFO [842/2000] 133b7b86-6fdf-4d42-96df-656015195f0c: attributed to 001697; 0.5 s; peak memory 629 MiB.
2026-09-29T10:16:00Z INFO [843/2000] 133c69d7-7a57-4b9c-b15b-044adcb4e9d4: attributed to 000026; 0.2 s; peak memory 629 MiB.
2026-09-29T10:16:00Z INFO [844/2000] 133f828c-b290-4414-900e-7f896e57ec88: attributed to 000026; 0.2 s; peak memory 629 MiB.
2026-09-29T10:16:00Z INFO [845/2000] 134dcc0a-090f-4dab-a4cd-e1493f8330b0: attributed to 000559; 0.2 s; peak memory 629 MiB.
2026-09-29T10:16:00Z INFO [846/2000] 135616c1-8718-4f77-8e93-179e8dd6e7c6: attributed to 000209; 0.0 s; peak memory 629 MiB.
2026-09-29T10:16:01Z INFO [847/2000] 135c151b-fbdd-4d54-94cc-00d402729e11: attributed to 001697; 0.5 s; peak memory 629 MiB.
2026-09-29T10:16:01Z INFO [848/2000] 1363c43e-0a25-4967-82c0-86bc1b04d707: attributed to 001203; 0.3 s; peak memory 629 MiB.
2026-09-29T10:16:01Z INFO [849/2000] 13640bc1-6cef-4bb4-9285-b0fc069e2d74: attributed to 000465; 0.0 s; peak memory 629 MiB.
2026-09-29T10:16:01Z INFO [850/2000] 1365021e-22bd-4c7a-88d3-077a3891d2a1: attributed to 001697; 0.0 s; peak memory 629 MiB.
2026-09-29T10:16:02Z INFO [850/2000] 1365021e-22bd-4c7a-88d3-077a3891d2a1: checkpointed 442563 records.
2026-09-29T10:16:02Z INFO [851/2000] 136627cb-abcf-47ec-94d9-13fa21112da6: attributed to 001697; 0.0 s; peak memory 629 MiB.
2026-09-29T10:16:04Z INFO [852/2000] 136d72ee-0d0f-480f-bad7-d822b86891d9: attributed to 001697; 1.7 s; peak memory 630 MiB.
2026-09-29T10:16:04Z INFO [853/2000] 137673dd-4347-4c40-8d97-a6442ae25e6d: attributed to 001697; 0.0 s; peak memory 630 MiB.
2026-09-29T10:16:04Z INFO [854/2000] 137b7451-3622-4999-a950-ef71dc4b6427: attributed to 001697; 0.0 s; peak memory 630 MiB.
2026-09-29T10:16:05Z INFO [855/2000] 137cd0db-6280-4d4b-b596-8f170f449a02: attributed to 001769; 0.6 s; peak memory 630 MiB.
2026-09-29T10:16:05Z INFO [856/2000] 13807521-64c8-45fc-98ee-68de97c5caa1: attributed to 001697; 0.0 s; peak memory 630 MiB.
2026-09-29T10:16:07Z INFO [857/2000] 138cabbe-7c94-4ceb-832a-89e8cd70139f: attributed to 001697; 2.9 s; peak memory 630 MiB.
2026-09-29T10:16:07Z INFO [858/2000] 138ff595-f122-4808-9027-9f7ca87ce977: attributed to 001697; 0.0 s; peak memory 630 MiB.
2026-09-29T10:16:08Z INFO [859/2000] 139cfebf-63ec-4658-ae85-9732d5a9f990: attributed to 001697; 0.4 s; peak memory 630 MiB.
2026-09-29T10:16:08Z INFO [860/2000] 139d8857-0fc6-47b8-aafe-e9c44b896d1b: attributed to 000142; 0.0 s; peak memory 630 MiB.
2026-09-29T10:16:08Z INFO [861/2000] 139e1da8-07a1-40cf-bd6b-ddd5d1c41420: attributed to 001697; 0.0 s; peak memory 630 MiB.
2026-09-29T10:16:08Z INFO [862/2000] 13a160d7-eb69-4cb4-adff-9f94e620dc3b: attributed to 001697; 0.4 s; peak memory 630 MiB.
2026-09-29T10:16:08Z INFO [863/2000] 13a318f9-9348-487b-9ee1-7798928b032e: attributed to 001697; 0.0 s; peak memory 630 MiB.
2026-09-29T10:16:08Z INFO [864/2000] 13ae3ccf-9ad5-45c3-9c76-ecf96ae31df5: attributed to 001697; 0.0 s; peak memory 630 MiB.
2026-09-29T10:16:08Z INFO [865/2000] 13b017c7-d3e3-46f3-b8a4-76d44f8f721a: attributed to 000109; 0.0 s; peak memory 630 MiB.
2026-09-29T10:16:08Z INFO [866/2000] 13b0c5b2-a7e1-4846-8f3c-1b6ac99debd0: attributed to 001697; 0.0 s; peak memory 630 MiB.
2026-09-29T10:16:08Z INFO [867/2000] 13b1b7a0-54cd-44a5-a99d-bfcf074c68a4: attributed to 001697; 0.0 s; peak memory 630 MiB.
2026-09-29T10:16:08Z INFO [868/2000] 13c1c3b1-9b34-46a9-837f-f50cc623baa9: attributed to 000568; 0.2 s; peak memory 630 MiB.
2026-09-29T10:16:08Z INFO [869/2000] 13c4d27c-c965-42d0-8c52-f60ed6c5607b: attributed to 001697; 0.0 s; peak memory 630 MiB.
2026-09-29T10:16:09Z INFO [870/2000] 13d34cc5-1288-477e-932e-81ccd1a0832a: attributed to 001697; 0.4 s; peak memory 630 MiB.
2026-09-29T10:16:09Z INFO [871/2000] 13e397d8-d0b4-444d-9cb5-c20dd160cbf3: attributed to 000571; 0.2 s; peak memory 630 MiB.
2026-09-29T10:16:09Z INFO [872/2000] 13e84929-f5cd-41c7-bbb3-4cb05591937e: attributed to 000026; 0.5 s; peak memory 630 MiB.
2026-09-29T10:16:10Z INFO [873/2000] 13f2807d-c70a-4728-9542-6e0ea41a7969: attributed to 001449; 0.2 s; peak memory 630 MiB.
2026-09-29T10:16:10Z INFO [874/2000] 14060aa7-bdef-4809-b3fc-3a8501b16c02: attributed to 000026; 0.2 s; peak memory 630 MiB.
2026-09-29T10:16:10Z INFO [875/2000] 1407c934-36dc-46c5-8d31-de67218d362c: attributed to 000142; 0.0 s; peak memory 630 MiB.
2026-09-29T10:16:10Z INFO [876/2000] 140b695f-821e-4c16-9cd2-31c3f7331b33: attributed to 001697; 0.0 s; peak memory 630 MiB.
2026-09-29T10:16:10Z INFO [877/2000] 140d65ae-4482-45f2-b580-e5312aef0000: attributed to 001449; 0.2 s; peak memory 630 MiB.
2026-09-29T10:16:10Z INFO [878/2000] 1410e3cb-9c14-4bbb-ad11-aad876a9ad28: attributed to 001449; 0.2 s; peak memory 630 MiB.
2026-09-29T10:16:10Z INFO [879/2000] 141cedc8-8caf-4b40-92f4-cb43c6ba2a77: attributed to 001697; 0.4 s; peak memory 630 MiB.
2026-09-29T10:16:11Z INFO [880/2000] 14231c63-15cd-4ff7-be6c-aaeca0fca87f: attributed to 000946; 0.2 s; peak memory 630 MiB.
2026-09-29T10:16:11Z INFO [881/2000] 1426a631-9002-4ec8-81c5-4916c8fdf5c0: attributed to 000026; 0.2 s; peak memory 630 MiB.
2026-09-29T10:16:11Z INFO [882/2000] 142c7634-d740-48fc-88d8-7975826416ff: attributed to 000946; 0.2 s; peak memory 630 MiB.
2026-09-29T10:16:11Z INFO [883/2000] 142e64ca-a1b1-446b-89f9-5b1f9228dca2: attributed to 001697; 0.0 s; peak memory 630 MiB.
2026-09-29T10:16:12Z INFO [884/2000] 14329fbe-e9e1-496b-a07b-0db8cff30eb6: attributed to 000571; 0.9 s; peak memory 630 MiB.
2026-09-29T10:16:12Z INFO [885/2000] 1436d8ff-7b07-4e64-b662-e6be93454f21: attributed to 000946; 0.2 s; peak memory 630 MiB.
2026-09-29T10:16:12Z INFO [886/2000] 143c3e4d-858d-490e-b0ea-5208f81cb5ad: attributed to 000026; 0.2 s; peak memory 630 MiB.
2026-09-29T10:16:12Z INFO [887/2000] 1440003d-74e8-4bf2-9af7-1af003abb106: attributed to 000946; 0.1 s; peak memory 630 MiB.
2026-09-29T10:16:12Z INFO [888/2000] 1443cb9f-5486-43ee-9e64-24049d7bbf70: attributed to 000173; 0.2 s; peak memory 630 MiB.
2026-09-29T10:16:12Z INFO [889/2000] 1449d297-538a-47c3-963b-75063a70501a: attributed to 000109; 0.0 s; peak memory 630 MiB.
2026-09-29T10:16:13Z INFO [890/2000] 144afd85-ba9d-429b-bd05-45dcfc1a9d86: attributed to 000571; 0.9 s; peak memory 630 MiB.
2026-09-29T10:16:14Z INFO [891/2000] 144c7850-527a-42c2-8733-97c91673685f: attributed to 001697; 0.4 s; peak memory 630 MiB.
2026-09-29T10:16:14Z INFO [892/2000] 144dfe26-47a3-4074-b32d-4a5e6be9a845: attributed to 001697; 0.0 s; peak memory 630 MiB.
2026-09-29T10:16:14Z INFO [893/2000] 14541f45-5321-48ac-9a4b-31e18f48f839: attributed to 000026; 0.2 s; peak memory 630 MiB.
2026-09-29T10:16:15Z INFO [894/2000] 1457d6c2-79a5-415d-b23f-f9b72d35a9ca: attributed to 001697; 0.7 s; peak memory 630 MiB.
2026-09-29T10:16:15Z INFO [895/2000] 145a7af5-20aa-427a-9625-7a2f0aa30bad: attributed to 001697; 0.0 s; peak memory 630 MiB.
2026-09-29T10:16:15Z INFO [896/2000] 145bb088-b5a2-4595-9bdd-161e32d3f2b4: attributed to 001697; 0.0 s; peak memory 630 MiB.
2026-09-29T10:16:15Z INFO [897/2000] 14617dcf-0831-4f56-bb5a-c9da18e36ef2: attributed to 001697; 0.4 s; peak memory 630 MiB.
2026-09-29T10:16:15Z INFO [898/2000] 14633cd0-b5f4-462a-a2a1-08ab63a534a9: attributed to 000026; 0.5 s; peak memory 630 MiB.
2026-09-29T10:16:16Z INFO [899/2000] 1467aa26-afea-48a8-88e8-4fadd5b90f04: attributed to 001697; 1.0 s; peak memory 630 MiB.
2026-09-29T10:16:17Z INFO [900/2000] 1470a251-2190-4d5f-b102-1657d327bb7b: attributed to 001449; 0.8 s; peak memory 630 MiB.
2026-09-29T10:16:18Z INFO [900/2000] 1470a251-2190-4d5f-b102-1657d327bb7b: checkpointed 442565 records.
2026-09-29T10:16:19Z INFO [901/2000] 1471b62e-269a-498d-9c2b-9f6929da57af: attributed to 001697; 0.4 s; peak memory 630 MiB.
2026-09-29T10:16:19Z INFO [902/2000] 14735b4e-642b-49f9-85cc-64eb51b53c1f: attributed to 000026; 0.2 s; peak memory 630 MiB.
2026-09-29T10:16:19Z INFO [903/2000] 14739d63-875d-46cd-9a14-5569c7e3d4b0: attributed to 000026; 0.4 s; peak memory 630 MiB.
2026-09-29T10:16:19Z INFO [904/2000] 1478902e-b250-4845-8514-6d25a27332f2: attributed to 000568; 0.2 s; peak memory 630 MiB.
2026-09-29T10:16:20Z INFO [905/2000] 147b5c2d-68fa-46e5-80e6-6496a74016bc: attributed to 000026; 0.2 s; peak memory 630 MiB.
2026-09-29T10:16:20Z INFO [906/2000] 147bd4fe-d64b-4164-bc27-80d8b2e42b0d: attributed to 000026; 0.6 s; peak memory 630 MiB.
2026-09-29T10:16:20Z INFO [907/2000] 1482be8a-e2e2-4bf0-b476-7d4549eeb0ed: attributed to 001697; 0.0 s; peak memory 630 MiB.
2026-09-29T10:16:20Z INFO [908/2000] 14891565-ccc7-4f5d-9728-8e341f3affec: attributed to 001697; 0.0 s; peak memory 630 MiB.
2026-09-29T10:16:20Z INFO [909/2000] 14917241-a542-432f-8187-a5e7f316e421: attributed to 000026; 0.2 s; peak memory 630 MiB.
2026-09-29T10:16:21Z INFO [910/2000] 149554ab-3832-4e68-aed8-504e1d6f5b41: attributed to 000026; 0.2 s; peak memory 630 MiB.
2026-09-29T10:16:21Z INFO [911/2000] 149718fc-adec-46f1-97b2-7d10a731c5bc: attributed to 001697; 0.0 s; peak memory 630 MiB.
2026-09-29T10:16:21Z INFO [912/2000] 1499bdc8-a053-4265-ad19-20abc9a86395: attributed to 001697; 0.4 s; peak memory 630 MiB.
2026-09-29T10:16:21Z INFO [913/2000] 149aefe4-d831-4c6b-9ca3-9f1894728b79: attributed to 000026; 0.2 s; peak memory 630 MiB.
2026-09-29T10:16:22Z INFO [914/2000] 149ed189-b465-4d2d-b920-74a75fce43cd: attributed to 001697; 0.4 s; peak memory 630 MiB.
2026-09-29T10:16:22Z INFO [915/2000] 14a1580e-d294-45ee-ae22-fc86a06053a8: attributed to 001697; 0.0 s; peak memory 630 MiB.
2026-09-29T10:16:22Z INFO [916/2000] 14a23580-8ac8-4545-be1b-b4eb30704a21: attributed to 000026; 0.2 s; peak memory 630 MiB.
2026-09-29T10:16:22Z INFO [917/2000] 14adb8a3-3b65-4945-b559-8700bffd0de7: attributed to 001697; 0.0 s; peak memory 630 MiB.
2026-09-29T10:16:22Z INFO [918/2000] 14adbfca-8cd9-483d-9f04-2496b8c89b55: attributed to 001697; 0.4 s; peak memory 630 MiB.
2026-09-29T10:16:23Z INFO [919/2000] 14b39029-f718-4aea-9ebb-0a9fbe08673b: attributed to 001697; 0.4 s; peak memory 630 MiB.
2026-09-29T10:16:23Z INFO [920/2000] 14b5ab3b-9feb-40c6-9fae-7d17326e2c7a: attributed to 000946; 0.2 s; peak memory 630 MiB.
2026-09-29T10:16:23Z INFO [921/2000] 14b87a42-fff5-4e0f-bfee-9f71c97ac2b0: attributed to 000026; 0.2 s; peak memory 630 MiB.
2026-09-29T10:16:23Z INFO [922/2000] 14ba43c1-bdca-4e4a-8c0f-3206e555d6d0: attributed to 001697; 0.0 s; peak memory 630 MiB.
2026-09-29T10:16:23Z INFO [923/2000] 14bd02de-968c-4e4f-a1a2-3a2b4abcb0e5: attributed to 001697; 0.0 s; peak memory 630 MiB.
2026-09-29T10:16:23Z INFO [924/2000] 14c155a8-5c88-481a-86e3-a628d397389a: attributed to 000403; 0.0 s; peak memory 630 MiB.
2026-09-29T10:16:23Z INFO [925/2000] 14c55b92-4c38-467a-a468-765ab46348e4: attributed to 001697; 0.4 s; peak memory 630 MiB.
2026-09-29T10:16:23Z INFO [926/2000] 14c882b3-4e58-488b-8790-4e6eefa93e44: attributed to 000142; 0.0 s; peak memory 630 MiB.
2026-09-29T10:16:24Z INFO [927/2000] 14cc190e-49a7-47c8-9a9c-94c89d4ab44c: attributed to 001697; 0.4 s; peak memory 630 MiB.
2026-09-29T10:16:24Z INFO [928/2000] 14d261e8-10dc-4e10-afef-21426ba855bd: attributed to 001697; 0.4 s; peak memory 630 MiB.
2026-09-29T10:16:24Z INFO [929/2000] 14d40b73-fa98-4c11-b22c-26e74460757b: attributed to 000293; 0.0 s; peak memory 630 MiB.
2026-09-29T10:16:24Z INFO [930/2000] 14db1d62-5962-463a-8a3b-8a6de6329c0b: attributed to 000109; 0.0 s; peak memory 630 MiB.
2026-09-29T10:16:25Z INFO [931/2000] 14dc13d0-2658-4449-b2f0-fd53575d247c: attributed to 001697; 0.4 s; peak memory 630 MiB.
2026-09-29T10:16:25Z INFO [932/2000] 14de5a26-ef48-48d3-929b-4fb76a3fd5ad: attributed to 001697; 0.0 s; peak memory 630 MiB.
2026-09-29T10:16:25Z INFO [933/2000] 14f4bcf6-8ef2-470d-9132-c8e4e6795b38: attributed to 001697; 0.0 s; peak memory 630 MiB.
2026-09-29T10:16:25Z INFO [934/2000] 14f6e693-8102-4eef-8de0-954cffe1a272: attributed to 001697; 0.4 s; peak memory 630 MiB.
2026-09-29T10:16:25Z INFO [935/2000] 15019704-4922-490d-8f06-2e5e43ec1148: attributed to 001697; 0.0 s; peak memory 630 MiB.
2026-09-29T10:16:25Z INFO [936/2000] 15170539-a4d6-4084-9e1e-39df2dbd9526: attributed to 001449; 0.1 s; peak memory 630 MiB.
2026-09-29T10:16:25Z INFO [937/2000] 1530f6a6-d584-43e1-b74b-ff7465a58ce1: attributed to 001697; 0.4 s; peak memory 630 MiB.
2026-09-29T10:16:26Z INFO [938/2000] 153c273f-e54a-4fdf-b372-b0ea077559a4: attributed to 001697; 0.4 s; peak memory 630 MiB.
2026-09-29T10:16:26Z INFO [939/2000] 15461b89-b9e8-48be-b97a-f5cfb084869e: attributed to 001372; 0.2 s; peak memory 630 MiB.
2026-09-29T10:16:26Z INFO [940/2000] 154d17f2-f40d-47a5-a12f-4218ba40e9bb: attributed to 000946; 0.2 s; peak memory 630 MiB.
2026-09-29T10:16:27Z INFO [941/2000] 154d48eb-01a6-4412-a3c1-69cad45eba3d: attributed to 001697; 0.4 s; peak memory 630 MiB.
2026-09-29T10:16:27Z INFO [942/2000] 15504838-0a73-4493-bc99-e31efcbad8ee: attributed to 001697; 0.7 s; peak memory 630 MiB.
2026-09-29T10:16:28Z INFO [943/2000] 15532da6-b1c9-4bad-a6d4-353ddb14a94b: attributed to 001697; 0.9 s; peak memory 630 MiB.
2026-09-29T10:16:28Z INFO [944/2000] 1555e820-54aa-40d9-83fd-cd573ee39cec: attributed to 000142; 0.0 s; peak memory 630 MiB.
2026-09-29T10:16:28Z INFO [945/2000] 15580c1c-c5c0-4eb7-b1fb-900f60745e13: attributed to 000465; 0.0 s; peak memory 630 MiB.
2026-09-29T10:16:28Z INFO [946/2000] 155e3ff3-bf7a-4f95-9e62-5e7b4881418c: attributed to 000946; 0.2 s; peak memory 630 MiB.
2026-09-29T10:16:28Z INFO [947/2000] 1565130d-453f-4206-94da-901cc86aa394: attributed to 001697; 0.0 s; peak memory 630 MiB.
2026-09-29T10:16:28Z INFO [948/2000] 1573dafd-1d28-41d1-9ac3-18e8fcbd2be9: attributed to 001697; 0.0 s; peak memory 630 MiB.
2026-09-29T10:16:28Z INFO [949/2000] 15748152-ea50-46d3-bab5-bf540d68c275: attributed to 000570; 0.0 s; peak memory 630 MiB.
2026-09-29T10:16:29Z INFO [950/2000] 1582ed8f-92ce-4f5d-8b53-d4e8d2636aea: attributed to 000026; 0.3 s; peak memory 630 MiB.
2026-09-29T10:16:30Z INFO [950/2000] 1582ed8f-92ce-4f5d-8b53-d4e8d2636aea: checkpointed 442565 records.
2026-09-29T10:16:30Z INFO [951/2000] 15a2cec7-8721-4628-90eb-31ff849c27ae: attributed to 001697; 0.0 s; peak memory 630 MiB.
2026-09-29T10:16:30Z INFO [952/2000] 15adf120-3aef-4538-bc66-2104580fdc07: attributed to 001697; 0.0 s; peak memory 630 MiB.
2026-09-29T10:16:30Z INFO [953/2000] 15b63640-6840-4eac-a0d8-ec1b3787d4d1: attributed to 001697; 0.4 s; peak memory 630 MiB.
2026-09-29T10:16:31Z INFO [954/2000] 15b684da-312b-46c0-ab7e-43e9d9eb72f7: attributed to 001873; 0.5 s; peak memory 630 MiB.
2026-09-29T10:16:31Z INFO [955/2000] 15bffeab-a4a2-4e01-add1-f5f6f7a705a3: attributed to 001697; 0.0 s; peak memory 630 MiB.
2026-09-29T10:16:31Z INFO [956/2000] 15cbe27c-8e54-4df7-a59e-87f3f8d96d76: attributed to 001697; 0.4 s; peak memory 630 MiB.
2026-09-29T10:16:53Z INFO [957/2000] 15cf032f-0873-43fd-a97a-83addcb5840a: attributed to 000571; 22.5 s; peak memory 631 MiB.
2026-09-29T10:16:53Z INFO [958/2000] 15d4675c-5e10-42c8-ad0e-1a9ae2fe317d: attributed to 001350; 0.0 s; peak memory 631 MiB.
2026-09-29T10:16:54Z INFO [959/2000] 15d97611-b457-4f4e-98b0-3840bf043b4a: attributed to 000946; 0.2 s; peak memory 631 MiB.
2026-09-29T10:16:54Z INFO [960/2000] 15db5010-5492-4519-92c2-5157eb15019c: attributed to 000026; 0.2 s; peak memory 631 MiB.
2026-09-29T10:16:54Z INFO [961/2000] 15ed8b3b-b4a9-4b04-8c76-3f8426edbadf: attributed to 000142; 0.0 s; peak memory 631 MiB.
2026-09-29T10:16:54Z INFO [962/2000] 15f5f542-2127-408a-a4e8-283054d3a19f: attributed to 001697; 0.4 s; peak memory 631 MiB.
2026-09-29T10:16:54Z INFO [963/2000] 15f9414a-529d-4d95-ac1c-9f214fdf44c2: attributed to 000946; 0.2 s; peak memory 631 MiB.
2026-09-29T10:16:54Z INFO [964/2000] 16040464-78d8-472d-a116-65f710293e49: attributed to 001510; 0.3 s; peak memory 631 MiB.
2026-09-29T10:16:55Z INFO [965/2000] 160522fb-431f-4a82-b03f-de1a897a56f6: attributed to 000026; 0.2 s; peak memory 631 MiB.
2026-09-29T10:16:55Z INFO [966/2000] 1613196d-c858-4872-b52f-f06b31961cd6: attributed to 001697; 0.0 s; peak memory 631 MiB.
2026-09-29T10:16:55Z INFO [967/2000] 16183df1-198c-4251-9150-972aeb3ad8c9: attributed to 001697; 0.4 s; peak memory 631 MiB.
2026-09-29T10:16:55Z INFO [968/2000] 1619fc1a-3d8d-4134-8dad-eed80f30646e: attributed to 000570; 0.0 s; peak memory 631 MiB.
2026-09-29T10:16:55Z INFO [969/2000] 161fd2c0-036b-483f-b824-76ac905726d4: attributed to 001697; 0.0 s; peak memory 631 MiB.
2026-09-29T10:16:55Z INFO [970/2000] 162601ba-e755-44cf-90ca-daebf4204c56: attributed to 001697; 0.4 s; peak memory 631 MiB.
2026-09-29T10:16:56Z INFO [971/2000] 162ba726-633e-4be4-a43d-40a61beb0e74: attributed to 001697; 0.4 s; peak memory 631 MiB.
2026-09-29T10:16:56Z INFO [972/2000] 162c9e38-2c96-47ef-953e-896bfa0f90d6: attributed to 000026; 0.6 s; peak memory 631 MiB.
2026-09-29T10:16:57Z INFO [973/2000] 162cf267-3fcc-4ec6-b080-45766b685a4d: attributed to 000946; 0.2 s; peak memory 631 MiB.
2026-09-29T10:16:57Z INFO [974/2000] 162ed9f3-ba0a-438d-8175-80727faaed8d: attributed to 001697; 0.4 s; peak memory 631 MiB.
2026-09-29T10:16:57Z INFO [975/2000] 1638e7d7-e43c-42ad-9f79-69440019d699: attributed to 001697; 0.0 s; peak memory 631 MiB.
2026-09-29T10:16:57Z INFO [976/2000] 163c0501-0556-4bb1-9a5d-67f05aba1559: attributed to 001697; 0.4 s; peak memory 631 MiB.
2026-09-29T10:16:57Z INFO [977/2000] 1641a7c3-16fb-4fe6-8d71-fcbfc3120c08: attributed to 000568; 0.2 s; peak memory 631 MiB.
2026-09-29T10:16:58Z INFO [978/2000] 16437131-ad8b-41a0-9520-073dc48885ae: attributed to 001697; 0.4 s; peak memory 631 MiB.
2026-09-29T10:16:59Z INFO [979/2000] 164f892d-ffc3-4ff4-b6eb-4ed604be7fbf: attributed to 001697; 0.8 s; peak memory 631 MiB.
2026-09-29T10:16:59Z INFO [980/2000] 16604539-fe24-4ee7-982b-9c88f394f60c: attributed to 000026; 0.2 s; peak memory 631 MiB.
2026-09-29T10:16:59Z INFO [981/2000] 1669a349-3f26-4fcc-984c-011a9607ca2d: attributed to 001697; 0.0 s; peak memory 631 MiB.
2026-09-29T10:16:59Z INFO [982/2000] 1674d1c7-4b22-4eaa-92b7-592a1a43e73f: attributed to 001697; 0.4 s; peak memory 631 MiB.
2026-09-29T10:16:59Z INFO [983/2000] 16757c84-a7f2-43ec-9ff7-4fa56e54bcd4: attributed to 000946; 0.2 s; peak memory 631 MiB.
2026-09-29T10:16:59Z INFO [984/2000] 1676ec85-92dc-44de-aced-d85cd5347fa9: attributed to 001449; 0.1 s; peak memory 631 MiB.
2026-09-29T10:16:59Z INFO [985/2000] 16862613-696c-476c-acf4-bf83309bdb44: attributed to 001697; 0.0 s; peak memory 631 MiB.
2026-09-29T10:17:00Z INFO [986/2000] 16933fec-c09b-437e-a1cc-d8c38c8608b7: attributed to 000946; 0.2 s; peak memory 631 MiB.
2026-09-29T10:17:00Z INFO [987/2000] 169833bc-2895-4cee-b7cd-f3dc07a601d5: attributed to 000026; 0.2 s; peak memory 631 MiB.
2026-09-29T10:17:02Z INFO [988/2000] 169b7a53-7a8f-46ba-bb0e-c6b219c71c13: attributed to 000571; 2.1 s; peak memory 631 MiB.
2026-09-29T10:17:02Z INFO [989/2000] 169ffde5-b37f-4557-8b63-785af054e439: attributed to 001697; 0.0 s; peak memory 631 MiB.
2026-09-29T10:17:03Z INFO [990/2000] 16b04f25-4e1b-4ac6-8f54-65b167e4894d: attributed to 001697; 0.9 s; peak memory 631 MiB.
2026-09-29T10:17:04Z INFO [991/2000] 16b108d5-283f-4c56-8fe9-9af93ce9f9d7: attributed to 001697; 1.0 s; peak memory 631 MiB.
2026-09-29T10:17:04Z INFO [992/2000] 16b384f5-4ced-41b1-afab-231ef92864fa: attributed to 001697; 0.6 s; peak memory 631 MiB.
2026-09-29T10:17:04Z INFO [993/2000] 16b3cd95-c35c-4a2d-b9b1-627720ed6285: attributed to 000465; 0.0 s; peak memory 631 MiB.
2026-09-29T10:17:05Z INFO [994/2000] 16b46712-0475-4e07-b585-5c405ac63fe1: attributed to 000026; 0.2 s; peak memory 631 MiB.
2026-09-29T10:17:05Z INFO [995/2000] 16b4a51f-513f-4e20-ab5e-d5692ac4d031: attributed to 000209; 0.0 s; peak memory 631 MiB.
2026-09-29T10:17:05Z INFO [996/2000] 16b7193d-b586-41d4-a08b-b49d432b4fbf: attributed to 000570; 0.0 s; peak memory 631 MiB.
2026-09-29T10:17:05Z INFO [997/2000] 16c80807-22ed-420e-9539-f62410c31a66: attributed to 001748; 0.0 s; peak memory 631 MiB.
2026-09-29T10:17:05Z INFO [998/2000] 16ce2791-6b9f-40ef-b373-645701a5a68a: attributed to 001697; 0.4 s; peak memory 631 MiB.
2026-09-29T10:17:05Z INFO [999/2000] 16e29c42-5ac6-4c0d-a08c-275b819a261d: attributed to 000946; 0.2 s; peak memory 631 MiB.
2026-09-29T10:17:06Z INFO [1000/2000] 16f00c33-ad42-47e9-b00b-8a8c785bf9f4: attributed to 001697; 0.3 s; peak memory 631 MiB.
2026-09-29T10:17:07Z INFO [1000/2000] 16f00c33-ad42-47e9-b00b-8a8c785bf9f4: checkpointed 442567 records.
2026-09-29T10:17:07Z INFO [1001/2000] 16f15170-87d1-4f7f-af0d-98c4f105c57b: attributed to 001697; 0.0 s; peak memory 631 MiB.
2026-09-29T10:17:07Z INFO [1002/2000] 16f3abc7-2365-4e1b-8ccd-5f1ce6ab436b: attributed to 000026; 0.2 s; peak memory 631 MiB.
2026-09-29T10:17:07Z INFO [1003/2000] 16f42725-51db-40ce-8ecf-a8b6ff4b80bc: attributed to 000946; 0.2 s; peak memory 631 MiB.
2026-09-29T10:17:07Z INFO [1004/2000] 16f53878-fa60-4adb-ac51-7043bc1958ad: attributed to 001697; 0.0 s; peak memory 631 MiB.
2026-09-29T10:17:07Z INFO [1005/2000] 16f7f3f5-a051-489a-90b6-79e4329a2b04: attributed to 000026; 0.2 s; peak memory 631 MiB.
2026-09-29T10:17:09Z INFO [1006/2000] 16fe26ed-01ac-4501-97aa-cb9a3ad8c9f6: attributed to 001697; 1.3 s; peak memory 631 MiB.
2026-09-29T10:17:09Z INFO [1007/2000] 1701abbd-2219-4850-bc26-e686f6720321: attributed to 001697; 0.0 s; peak memory 631 MiB.
2026-09-29T10:17:09Z INFO [1008/2000] 170b7793-c0de-4e2e-9459-572450f07322: attributed to 001697; 0.0 s; peak memory 631 MiB.
2026-09-29T10:17:09Z INFO [1009/2000] 17123a26-6abc-43b1-86ca-92481701c869: attributed to 001697; 0.4 s; peak memory 631 MiB.
2026-09-29T10:17:09Z INFO [1010/2000] 1712e8e5-b9d2-4c93-8c2a-31cd40085ca8: attributed to 001697; 0.0 s; peak memory 631 MiB.
2026-09-29T10:17:09Z INFO [1011/2000] 17146606-2401-4e05-a806-4dd5184eff73: attributed to 001697; 0.0 s; peak memory 631 MiB.
2026-09-29T10:17:09Z INFO [1012/2000] 1719d871-bc3f-49d6-8bde-f58d608e5ff7: attributed to 001697; 0.4 s; peak memory 631 MiB.
2026-09-29T10:17:09Z INFO [1013/2000] 172e6c6c-8b2f-4c1b-84cb-573bd87344a1: attributed to 000026; 0.2 s; peak memory 631 MiB.
2026-09-29T10:17:09Z INFO [1014/2000] 172feed2-243a-446f-b6eb-aae6b4f81b02: attributed to 001697; 0.0 s; peak memory 631 MiB.
2026-09-29T10:17:10Z INFO [1015/2000] 173785a0-8250-420c-9cde-cdeb935298de: attributed to 001697; 0.4 s; peak memory 631 MiB.
2026-09-29T10:17:10Z INFO [1016/2000] 17400d3f-c5e6-4ae8-b6eb-2e4781ceee32: attributed to 001697; 0.4 s; peak memory 631 MiB.
2026-09-29T10:17:11Z INFO [1017/2000] 1741fb09-8ff6-420c-b852-10254d58783c: attributed to 001697; 0.4 s; peak memory 631 MiB.
2026-09-29T10:17:11Z INFO [1018/2000] 17433e50-57bc-401a-aa36-1ea7059b6c08: attributed to 000026; 0.2 s; peak memory 631 MiB.
2026-09-29T10:17:11Z INFO [1019/2000] 174a57de-521d-4706-8667-beaae2ea99a4: attributed to 000142; 0.0 s; peak memory 631 MiB.
2026-09-29T10:17:11Z INFO [1020/2000] 1751b758-58cc-4bfb-9b4f-4a61e8244c42: attributed to 001697; 0.0 s; peak memory 631 MiB.
2026-09-29T10:17:11Z INFO [1021/2000] 175cacd5-55bf-40c4-9872-4dd030f040cd: attributed to 000026; 0.2 s; peak memory 631 MiB.
2026-09-29T10:17:11Z INFO [1022/2000] 175ecb0f-3dcb-492c-be42-d7d76358f2c4: attributed to 001697; 0.0 s; peak memory 631 MiB.
2026-09-29T10:17:11Z INFO [1023/2000] 175ed717-e5e5-470b-9b59-e969d2d84335: attributed to 001063; 0.2 s; peak memory 631 MiB.
2026-09-29T10:17:11Z INFO [1024/2000] 1768c724-59e4-40f7-a96d-aace4430fc70: attributed to 000946; 0.1 s; peak memory 631 MiB.
2026-09-29T10:17:11Z INFO [1025/2000] 176969f1-3efa-4127-accb-adeca12d6165: attributed to 000946; 0.2 s; peak memory 631 MiB.
2026-09-29T10:17:11Z INFO [1026/2000] 176c0758-98a9-486d-a9c8-111f6abf6cf2: attributed to 001697; 0.0 s; peak memory 631 MiB.
2026-09-29T10:17:11Z INFO [1027/2000] 176f62d9-ae09-44bb-a33d-19bb693f7213: attributed to 000209; 0.0 s; peak memory 631 MiB.
2026-09-29T10:17:11Z INFO [1028/2000] 1783a291-2378-4f4f-9425-9dd80aca1e70: attributed to 000946; 0.2 s; peak memory 631 MiB.
2026-09-29T10:17:12Z INFO [1029/2000] 1783cba5-de00-49eb-8e9a-777e5630b62e: attributed to 000026; 0.2 s; peak memory 631 MiB.
2026-09-29T10:17:12Z INFO [1030/2000] 17847f4f-0b34-4bb7-8633-78115eb76f7a: attributed to 001697; 0.0 s; peak memory 631 MiB.
2026-09-29T10:17:12Z INFO [1031/2000] 1789c395-0beb-4f8f-a71e-0c9a50440f4b: attributed to 001697; 0.4 s; peak memory 631 MiB.
2026-09-29T10:17:12Z INFO [1032/2000] 17932039-b176-45e7-9eb8-09abecd48f76: attributed to 001697; 0.0 s; peak memory 631 MiB.
2026-09-29T10:17:12Z INFO [1033/2000] 17991ad0-d93a-4da6-ab3a-7f1ac9f10566: attributed to 000946; 0.1 s; peak memory 631 MiB.
2026-09-29T10:17:13Z INFO [1034/2000] 17a25ac9-a322-486c-9033-50226c3df31f: attributed to 001697; 0.5 s; peak memory 631 MiB.
2026-09-29T10:17:13Z INFO [1035/2000] 17bc594f-2cf6-467a-832c-fda37986ddb8: attributed to 001697; 0.0 s; peak memory 631 MiB.
2026-09-29T10:17:13Z INFO [1036/2000] 17bcc41f-3c64-4f34-9003-2e2e9e01173f: attributed to 001697; 0.0 s; peak memory 631 MiB.
2026-09-29T10:17:13Z INFO [1037/2000] 17c9fb0f-c5a8-4c13-80bc-b9a24af37fc5: attributed to 000142; 0.0 s; peak memory 631 MiB.
2026-09-29T10:17:13Z INFO [1038/2000] 17cc1152-b041-4a01-b7e6-b3e71b36d726: attributed to 000026; 0.2 s; peak memory 631 MiB.
2026-09-29T10:17:13Z INFO [1039/2000] 17da07da-cfd8-4db0-96b5-26e6f1648a39: attributed to 000293; 0.0 s; peak memory 631 MiB.
2026-09-29T10:17:13Z INFO [1040/2000] 17da47d7-8361-4abc-bef4-76ba94ccb6fe: attributed to 001697; 0.0 s; peak memory 631 MiB.
2026-09-29T10:17:13Z INFO [1041/2000] 17ecf05c-465d-4204-b03d-e07d974b5420: attributed to 000026; 0.2 s; peak memory 631 MiB.
2026-09-29T10:17:14Z INFO [1042/2000] 17f5aba5-b656-4153-be5d-74f781a3da99: attributed to 000026; 0.6 s; peak memory 631 MiB.
2026-09-29T10:17:14Z INFO [1043/2000] 180040d5-a91f-4d58-816b-7a3c16b8401f: attributed to 001697; 0.4 s; peak memory 631 MiB.
2026-09-29T10:17:14Z INFO [1044/2000] 1801bc22-c8aa-4cd3-9b34-c22c222cbf00: attributed to 000026; 0.2 s; peak memory 631 MiB.
2026-09-29T10:17:14Z INFO [1045/2000] 1809f541-1cb1-48b8-b916-9a696bab488d: attributed to 000006; 0.0 s; peak memory 631 MiB.
2026-09-29T10:17:14Z INFO [1046/2000] 180b2902-a49f-4005-a190-7980d8539b65: attributed to 000946; 0.2 s; peak memory 631 MiB.
2026-09-29T10:17:14Z INFO [1047/2000] 181ded5d-b292-4c2f-8b29-0211dfe0317a: attributed to 001697; 0.0 s; peak memory 631 MiB.
2026-09-29T10:17:14Z INFO [1048/2000] 181ff27c-08ab-4c98-9c35-0bea0f378c6c: attributed to 001697; 0.0 s; peak memory 631 MiB.
2026-09-29T10:17:14Z INFO [1049/2000] 1820c524-9cff-4e0c-902e-0ddc822d25f3: attributed to 001697; 0.0 s; peak memory 631 MiB.
2026-09-29T10:17:14Z INFO [1050/2000] 1822d4fb-100e-41eb-9271-dd624dafac7f: attributed to 000946; 0.2 s; peak memory 631 MiB.
2026-09-29T10:17:16Z INFO [1050/2000] 1822d4fb-100e-41eb-9271-dd624dafac7f: checkpointed 442567 records.
2026-09-29T10:17:16Z INFO [1051/2000] 1828860f-1293-4a1d-837a-628702fbb664: attributed to 000026; 0.2 s; peak memory 631 MiB.
2026-09-29T10:17:18Z INFO [1052/2000] 1829a8b8-92b6-4388-8c39-ac9cd134a569: attributed to 001697; 2.1 s; peak memory 631 MiB.
2026-09-29T10:17:18Z INFO [1053/2000] 182c39af-02ea-4edb-a818-bf81e75e0205: attributed to 001697; 0.4 s; peak memory 631 MiB.
2026-09-29T10:17:19Z INFO [1054/2000] 182d2e2f-a70d-4ebd-a300-25c5bef60ad3: attributed to 001697; 0.4 s; peak memory 631 MiB.
2026-09-29T10:17:19Z INFO [1055/2000] 1834a4a0-0182-4896-a374-f9a40df2a4d2: attributed to 001697; 0.4 s; peak memory 631 MiB.
2026-09-29T10:17:19Z INFO [1056/2000] 1837018e-dbcb-4490-991e-e9480f463030: attributed to 001697; 0.0 s; peak memory 631 MiB.
2026-09-29T10:17:19Z INFO [1057/2000] 1839e770-d295-4e28-a983-d8998808e4ed: attributed to 001697; 0.0 s; peak memory 631 MiB.
2026-09-29T10:17:19Z INFO [1058/2000] 183f7def-5cd5-4b14-96de-6bcc459bea1b: attributed to 001449; 0.1 s; peak memory 631 MiB.
2026-09-29T10:17:19Z INFO [1059/2000] 184a13d3-ab75-4bfd-80c5-83348cd3fdce: attributed to 000109; 0.0 s; peak memory 631 MiB.
2026-09-29T10:17:20Z INFO [1060/2000] 1850e519-a106-42e4-9e84-7967b5766b1e: attributed to 001697; 0.4 s; peak memory 631 MiB.
2026-09-29T10:17:20Z INFO [1061/2000] 1854cac5-0ad0-4607-be13-ffc9b4c79320: attributed to 001697; 0.8 s; peak memory 631 MiB.
2026-09-29T10:17:20Z INFO [1062/2000] 1855ad3f-8ab2-481c-9af9-b78c4ac81b33: attributed to 000403; 0.0 s; peak memory 631 MiB.
2026-09-29T10:17:21Z INFO [1063/2000] 186663a3-c4f0-4dfe-a1b4-008d53ee9a15: attributed to 001697; 0.4 s; peak memory 631 MiB.
2026-09-29T10:17:21Z INFO [1064/2000] 186e2acd-aa2f-4745-b599-d488810bb24b: attributed to 000026; 0.2 s; peak memory 631 MiB.
2026-09-29T10:17:21Z INFO [1065/2000] 18705ef1-13f9-4c27-959a-fadd6f3c116b: attributed to 000026; 0.2 s; peak memory 631 MiB.
2026-09-29T10:17:21Z INFO [1066/2000] 18721cba-8ef4-43f7-8455-5d7cb4858da4: attributed to 001697; 0.4 s; peak memory 631 MiB.
2026-09-29T10:17:22Z INFO [1067/2000] 18780738-beaf-412a-9bec-6601f38b804b: attributed to 000026; 0.2 s; peak memory 631 MiB.
2026-09-29T10:17:22Z INFO [1068/2000] 188130d2-711d-4471-a4f1-a6781216f45d: attributed to 001697; 0.4 s; peak memory 631 MiB.
2026-09-29T10:17:22Z INFO [1069/2000] 18853931-9406-45f4-9852-2ca0629df108: attributed to 001697; 0.0 s; peak memory 631 MiB.
2026-09-29T10:17:22Z INFO [1070/2000] 189243bb-ed9d-4ca1-951e-44174f218748: attributed to 000142; 0.0 s; peak memory 631 MiB.
2026-09-29T10:17:22Z INFO [1071/2000] 1898d120-6fdb-471d-90c4-5010d7521e74: attributed to 001697; 0.0 s; peak memory 631 MiB.
2026-09-29T10:17:22Z INFO [1072/2000] 189ecd53-655c-4119-8239-bba203342190: attributed to 000403; 0.0 s; peak memory 631 MiB.
2026-09-29T10:17:22Z INFO [1073/2000] 18afda9d-3d41-4abc-8028-655a8ff7fd11: attributed to 000026; 0.2 s; peak memory 631 MiB.
2026-09-29T10:17:22Z INFO [1074/2000] 18bc3944-cb3f-490c-8afd-3d7abf328594: attributed to 000109; 0.0 s; peak memory 631 MiB.
2026-09-29T10:17:23Z INFO [1075/2000] 18ccc2cf-b7bf-41dd-b4d5-46d960ec72ae: attributed to 001697; 0.4 s; peak memory 631 MiB.
2026-09-29T10:17:23Z INFO [1076/2000] 18cf2363-b969-4b2f-b847-68b0f799667d: attributed to 001697; 0.0 s; peak memory 631 MiB.
2026-09-29T10:17:23Z INFO [1077/2000] 18d3ff94-9801-4892-ae8a-6eb23ed25baf: attributed to 000570; 0.0 s; peak memory 631 MiB.
2026-09-29T10:17:23Z INFO [1078/2000] 18dd2c7c-8a28-47f9-8534-cc98db93078b: attributed to 001858; 0.0 s; peak memory 631 MiB.
2026-09-29T10:17:23Z INFO [1079/2000] 18de0251-629d-4291-b72e-ac9ef7ebf6b5: attributed to 001697; 0.4 s; peak memory 631 MiB.
2026-09-29T10:17:23Z INFO [1080/2000] 18f901ad-7b80-4d21-beb8-8421caa3dcdd: attributed to 001748; 0.0 s; peak memory 631 MiB.
2026-09-29T10:17:23Z INFO [1081/2000] 18fd4d60-cf6b-4ba6-9363-e2e6b7338c29: attributed to 000026; 0.3 s; peak memory 631 MiB.
2026-09-29T10:17:24Z INFO [1082/2000] 19039c5d-b0e3-4965-b91c-8a8c91791aba: attributed to 001449; 0.3 s; peak memory 631 MiB.
2026-09-29T10:17:24Z INFO [1083/2000] 190dbfec-04a1-4916-a43f-a711a42cf6fa: attributed to 001697; 0.4 s; peak memory 631 MiB.
2026-09-29T10:17:24Z INFO [1084/2000] 190fceee-cfbd-497a-93ea-88153de6aacf: attributed to 001697; 0.4 s; peak memory 631 MiB.
2026-09-29T10:17:25Z INFO [1085/2000] 1910e1b9-4bb8-4e34-a7bd-62df9125cc5b: attributed to 001697; 0.4 s; peak memory 631 MiB.
2026-09-29T10:17:25Z INFO [1086/2000] 1912ed8c-8b80-480d-b10f-3de3393dc2f1: attributed to 001748; 0.0 s; peak memory 631 MiB.
2026-09-29T10:17:25Z INFO [1087/2000] 191f630a-c431-4536-9866-6c95fb6d8365: attributed to 001697; 0.0 s; peak memory 631 MiB.
2026-09-29T10:17:25Z INFO [1088/2000] 1927b7ea-c362-4fe8-a155-fbbaaed8b6b7: attributed to 001697; 0.7 s; peak memory 631 MiB.
2026-09-29T10:17:25Z INFO [1089/2000] 192b1406-c495-46fb-acbd-8536bd332fe2: attributed to 000142; 0.0 s; peak memory 631 MiB.
2026-09-29T10:17:25Z INFO [1090/2000] 1932eb66-f27f-4382-bf0c-c3fa1a9300e6: attributed to 001697; 0.0 s; peak memory 631 MiB.
2026-09-29T10:17:26Z INFO [1091/2000] 19349de7-2097-4c84-84a5-f07df19d39ee: attributed to 001697; 0.4 s; peak memory 631 MiB.
2026-09-29T10:17:26Z INFO [1092/2000] 1938494c-5755-4524-b334-302f982fb630: attributed to 001697; 0.0 s; peak memory 631 MiB.
2026-09-29T10:17:26Z INFO [1093/2000] 193b58b3-a517-41df-a69e-3a2a00a79746: attributed to 001697; 0.4 s; peak memory 631 MiB.
2026-09-29T10:17:26Z INFO [1094/2000] 193c4f2b-01d1-4063-bf6c-ccb3c6086df2: attributed to 001697; 0.0 s; peak memory 631 MiB.
2026-09-29T10:17:27Z INFO [1095/2000] 193cc5be-8b13-498d-9f8c-82e61e798319: attributed to 001449; 0.5 s; peak memory 631 MiB.
2026-09-29T10:17:27Z INFO [1096/2000] 19440181-aaf5-4ad3-9c3d-8ef5ee003154: attributed to 000026; 0.2 s; peak memory 631 MiB.
2026-09-29T10:17:28Z INFO [1097/2000] 1944cd68-f3e2-40e4-870e-95757fe5c4f9: attributed to 001697; 0.7 s; peak memory 631 MiB.
2026-09-29T10:17:28Z INFO [1098/2000] 1946b6ac-262a-4bdf-ac82-0e72538309ca: attributed to 001697; 0.5 s; peak memory 631 MiB.
2026-09-29T10:17:29Z INFO [1099/2000] 194c237a-a333-4b6c-b0e6-94b5777aac64: attributed to 001697; 0.4 s; peak memory 631 MiB.
2026-09-29T10:17:29Z INFO [1100/2000] 194c8912-b237-4212-a0ba-380934855b7d: attributed to 000026; 0.2 s; peak memory 631 MiB.
2026-09-29T10:17:30Z INFO [1100/2000] 194c8912-b237-4212-a0ba-380934855b7d: checkpointed 442567 records.
2026-09-29T10:17:30Z INFO [1101/2000] 1958a48a-3ee7-4629-b953-b06542111225: attributed to 001258; 0.0 s; peak memory 631 MiB.
2026-09-29T10:17:30Z INFO [1102/2000] 195b5732-2b1e-42e8-8abc-9af7d9a06e11: attributed to 001697; 0.4 s; peak memory 631 MiB.
2026-09-29T10:17:30Z INFO [1103/2000] 19603920-8a3f-4522-be11-83cee166d974: attributed to 000209; 0.0 s; peak memory 631 MiB.
2026-09-29T10:17:30Z INFO [1104/2000] 1961e264-3de8-4f7d-a64e-70cccb85485d: attributed to 001697; 0.0 s; peak memory 631 MiB.
2026-09-29T10:17:30Z INFO [1105/2000] 19675885-c0a2-4af0-8dc9-1fd4ebcd8436: attributed to 001449; 0.1 s; peak memory 631 MiB.
2026-09-29T10:17:31Z INFO [1106/2000] 196e1cce-ee75-4e60-b028-c7f5ba1019b5: attributed to 001697; 0.4 s; peak memory 631 MiB.
2026-09-29T10:17:31Z INFO [1107/2000] 1972ec5e-1f8f-4033-8849-e760b820f7d9: attributed to 001697; 0.4 s; peak memory 631 MiB.
2026-09-29T10:17:32Z INFO [1108/2000] 197c21b6-4343-44cd-a320-fb6e216e8fc4: attributed to 001697; 0.4 s; peak memory 631 MiB.
2026-09-29T10:17:32Z INFO [1109/2000] 1984c4a3-7bb3-4eb9-a27c-33b787d3d70c: attributed to 000026; 0.2 s; peak memory 631 MiB.
2026-09-29T10:17:32Z INFO [1110/2000] 19934cb5-ae62-4bd3-a132-e75f5d40e27b: attributed to 000026; 0.2 s; peak memory 631 MiB.
2026-09-29T10:17:32Z INFO [1111/2000] 1993b201-3c3a-46a6-b154-0df0d8c79fdd: attributed to 001697; 0.0 s; peak memory 631 MiB.
2026-09-29T10:17:32Z INFO [1112/2000] 19a1a2e2-6ae8-4aed-ab50-f957ebf74ea5: attributed to 001697; 0.0 s; peak memory 631 MiB.
2026-09-29T10:17:34Z INFO [1113/2000] 19a8ec18-c912-4173-ae26-bb12f327f7b7: attributed to 001697; 2.5 s; peak memory 631 MiB.
2026-09-29T10:17:34Z INFO [1114/2000] 19ad4e71-5352-43bf-89fb-67dfbf9ef898: attributed to 001697; 0.0 s; peak memory 631 MiB.
2026-09-29T10:17:35Z INFO [1115/2000] 19b13801-157c-4b07-b92a-638d4b9633a7: attributed to 000026; 0.2 s; peak memory 631 MiB.
2026-09-29T10:17:35Z INFO [1116/2000] 19b45178-ed7d-466a-a0b6-2231addcfa7c: attributed to 001697; 0.0 s; peak memory 631 MiB.
2026-09-29T10:17:35Z INFO [1117/2000] 19b4e19a-9f48-4cb0-9283-c9f487d06ad5: attributed to 000108; 0.2 s; peak memory 631 MiB.
2026-09-29T10:17:35Z INFO [1118/2000] 19bda939-e895-453e-832b-0012eb2d8755: attributed to 000403; 0.0 s; peak memory 631 MiB.
2026-09-29T10:17:35Z INFO [1119/2000] 19bfb7b5-49a3-4ef1-a3ee-5f697cd0e667: attributed to 000026; 0.2 s; peak memory 631 MiB.
2026-09-29T10:17:35Z INFO [1120/2000] 19c0a988-d3f5-4cc3-a4bb-a5afdb4e6852: attributed to 000568; 0.2 s; peak memory 631 MiB.
2026-09-29T10:17:35Z INFO [1121/2000] 19c0ce47-69ca-46f3-a075-04fe9693b0a3: attributed to 000026; 0.2 s; peak memory 632 MiB.
2026-09-29T10:17:35Z INFO [1122/2000] 19c1d518-a611-457d-8060-a4187e528570: attributed to 001697; 0.0 s; peak memory 632 MiB.
2026-09-29T10:17:36Z INFO [1123/2000] 19c3d20a-fdf6-416e-870a-becd338b37ea: attributed to 001697; 1.2 s; peak memory 632 MiB.
2026-09-29T10:17:37Z INFO [1124/2000] 19d371ad-2566-4f3a-9eee-abbf227cf738: attributed to 001782; 0.2 s; peak memory 632 MiB.
2026-09-29T10:17:37Z INFO [1125/2000] 19d62283-5846-490b-ae53-aca0db797d8c: attributed to 000026; 0.2 s; peak memory 632 MiB.
2026-09-29T10:17:37Z INFO [1126/2000] 19de459e-2533-483e-b7a7-af1c23f99933: attributed to 001697; 0.0 s; peak memory 632 MiB.
2026-09-29T10:17:37Z INFO [1127/2000] 19e973d7-37d1-4c08-82ea-42cc4f463342: attributed to 001697; 0.4 s; peak memory 632 MiB.
2026-09-29T10:17:37Z INFO [1128/2000] 19ed4f8a-d981-4bff-8ea3-3630533b223b: attributed to 001782; 0.1 s; peak memory 632 MiB.
2026-09-29T10:17:37Z INFO [1129/2000] 19ee0772-f09c-4eda-a5cd-06f4786ef394: attributed to 001697; 0.0 s; peak memory 632 MiB.
2026-09-29T10:17:38Z INFO [1130/2000] 19f41f3f-9bc1-40a2-855d-8642db6c460b: attributed to 001437; 0.2 s; peak memory 632 MiB.
2026-09-29T10:17:38Z INFO [1131/2000] 19f603c0-c21d-4080-a3f2-f246a435d916: attributed to 001063; 0.2 s; peak memory 632 MiB.
2026-09-29T10:17:38Z INFO [1132/2000] 19fba8b7-e6d7-470b-a1e3-385837b73eb8: attributed to 001697; 0.4 s; peak memory 632 MiB.
2026-09-29T10:17:38Z INFO [1133/2000] 1a03b0c6-c756-46d4-94c3-84ab6d7049e6: attributed to 001697; 0.0 s; peak memory 632 MiB.
2026-09-29T10:17:38Z INFO [1134/2000] 1a05d80f-4150-40be-a262-8be97f8708d8: attributed to 000403; 0.0 s; peak memory 632 MiB.
2026-09-29T10:17:38Z INFO [1135/2000] 1a080956-9644-4e1b-8948-a2d76c62ae19: attributed to 001697; 0.0 s; peak memory 632 MiB.
2026-09-29T10:17:38Z INFO [1136/2000] 1a0ed5ed-dbac-432f-b9a4-58065516141e: attributed to 000026; 0.2 s; peak memory 632 MiB.
2026-09-29T10:17:39Z INFO [1137/2000] 1a0f1228-f9aa-4491-b3f8-ddaa8d768ecb: attributed to 001697; 0.4 s; peak memory 632 MiB.
2026-09-29T10:17:39Z INFO [1138/2000] 1a15643b-0e66-44e8-84d6-163f5f9a0629: attributed to 001697; 0.0 s; peak memory 632 MiB.
2026-09-29T10:17:39Z INFO [1139/2000] 1a1e2147-70fe-436b-8a9e-2bfd57126c50: attributed to 000026; 0.2 s; peak memory 632 MiB.
2026-09-29T10:17:40Z INFO [1140/2000] 1a1f08bf-efb3-4bfb-b655-ad4878d36443: attributed to 001697; 0.6 s; peak memory 632 MiB.
2026-09-29T10:17:40Z INFO [1141/2000] 1a1fc5ac-e4bc-4457-b972-38892a8d9646: attributed to 000026; 0.2 s; peak memory 632 MiB.
2026-09-29T10:17:40Z INFO [1142/2000] 1a23ef25-b036-48d4-915f-1fe17e4b27c5: attributed to 001697; 0.4 s; peak memory 632 MiB.
2026-09-29T10:17:40Z INFO [1143/2000] 1a2b246f-0204-4594-8d31-ebe6830e96a0: attributed to 001697; 0.0 s; peak memory 632 MiB.
2026-09-29T10:17:40Z INFO [1144/2000] 1a33ed6a-d812-481a-a0d5-a1d4c101c153: attributed to 000026; 0.2 s; peak memory 632 MiB.
2026-09-29T10:17:41Z INFO [1145/2000] 1a4ad24c-a97e-47a5-b9fc-9eab777cb055: attributed to 001697; 0.4 s; peak memory 632 MiB.
2026-09-29T10:17:41Z INFO [1146/2000] 1a4c8779-1708-492d-b3d1-2a01b8e01b78: attributed to 001697; 0.0 s; peak memory 632 MiB.
2026-09-29T10:17:41Z INFO [1147/2000] 1a54a4d9-7d38-47e3-938b-20dca4d5e416: attributed to 001449; 0.2 s; peak memory 632 MiB.
2026-09-29T10:17:42Z INFO [1148/2000] 1a66a8af-162e-45a8-9804-355c73993a9a: attributed to 001873; 0.8 s; peak memory 632 MiB.
2026-09-29T10:17:42Z INFO [1149/2000] 1a66cb5b-dc04-4a29-afc3-7e8d5c34855b: attributed to 001474; 0.2 s; peak memory 632 MiB.
2026-09-29T10:17:42Z INFO [1150/2000] 1a6b1ae2-1a89-4ea4-8ebb-897d61a0a291: attributed to 001697; 0.0 s; peak memory 632 MiB.
2026-09-29T10:17:43Z INFO [1150/2000] 1a6b1ae2-1a89-4ea4-8ebb-897d61a0a291: checkpointed 442567 records.
2026-09-29T10:17:43Z INFO [1151/2000] 1a74540d-5998-4468-b42d-c13b54714a04: attributed to 001697; 0.4 s; peak memory 632 MiB.
2026-09-29T10:17:44Z INFO [1152/2000] 1a7b2281-9c07-4376-bab1-7ef3dd613aa9: attributed to 001697; 0.4 s; peak memory 632 MiB.
2026-09-29T10:17:44Z INFO [1153/2000] 1a7b7b77-b5e4-4447-9e5c-70efbb1be82f: attributed to 001697; 0.5 s; peak memory 632 MiB.
2026-09-29T10:17:44Z INFO [1154/2000] 1a7eca0c-85ef-4f55-b608-c987896793a0: attributed to 001697; 0.0 s; peak memory 632 MiB.
2026-09-29T10:17:44Z INFO [1155/2000] 1a8d1ff9-aa9e-4bfd-b68f-352720879ea3: attributed to 001697; 0.4 s; peak memory 632 MiB.
2026-09-29T10:17:45Z INFO [1156/2000] 1a8f792d-af57-4740-8ad3-62c00f4a240a: attributed to 001697; 0.8 s; peak memory 632 MiB.
2026-09-29T10:17:45Z INFO [1157/2000] 1a91460f-b5c4-48bc-a152-c83659cf305b: attributed to 000570; 0.0 s; peak memory 632 MiB.
2026-09-29T10:17:45Z INFO [1158/2000] 1a93bf2d-fb79-4438-a5fe-adc4e3b6091d: attributed to 000026; 0.2 s; peak memory 632 MiB.
2026-09-29T10:17:46Z INFO [1159/2000] 1a94e2c1-8e79-4cb9-8b8a-33e7a6a68543: attributed to 001697; 0.5 s; peak memory 632 MiB.
2026-09-29T10:17:46Z INFO [1160/2000] 1a9933aa-5ce0-49d3-9ad6-414205e4ec56: attributed to 000026; 0.2 s; peak memory 632 MiB.
2026-09-29T10:17:46Z INFO [1161/2000] 1a9b5919-63d0-4654-b3e0-2068277aa9a0: attributed to 001697; 0.0 s; peak memory 632 MiB.
2026-09-29T10:17:46Z INFO [1162/2000] 1a9eea79-d24f-4200-874e-97681506c81e: attributed to 000946; 0.2 s; peak memory 632 MiB.
2026-09-29T10:17:46Z INFO [1163/2000] 1a9eef9f-39d3-4013-9aab-cf15cd9e6cb8: attributed to 001697; 0.0 s; peak memory 632 MiB.
2026-09-29T10:17:47Z INFO [1164/2000] 1aa7efe0-b122-40c4-b355-23c0e555c85b: attributed to 000026; 0.9 s; peak memory 632 MiB.
2026-09-29T10:17:48Z INFO [1165/2000] 1aaae4c3-b598-46fb-829b-4bcdf7723e62: attributed to 001697; 0.4 s; peak memory 632 MiB.
2026-09-29T10:17:48Z INFO [1166/2000] 1ab00bca-d222-4642-82bd-65d57a458e4d: attributed to 001697; 0.0 s; peak memory 632 MiB.
2026-09-29T10:17:48Z INFO [1167/2000] 1ab23d45-72ba-41fa-a94c-3e72c61b3d5e: attributed to 001697; 0.4 s; peak memory 632 MiB.
2026-09-29T10:17:48Z INFO [1168/2000] 1ab6f354-50a1-4f96-903b-8f1ee3b204cf: attributed to 000946; 0.1 s; peak memory 632 MiB.
2026-09-29T10:17:48Z INFO [1169/2000] 1ab8e7a4-07f9-4ac8-b274-a79c98e4f1b1: attributed to 001748; 0.0 s; peak memory 632 MiB.
2026-09-29T10:17:48Z INFO [1170/2000] 1aba4182-cb97-475a-96f6-3771f85dd025: attributed to 000026; 0.4 s; peak memory 632 MiB.
2026-09-29T10:17:48Z INFO [1171/2000] 1abc0889-fb65-49be-9719-76489e46357b: attributed to 001697; 0.0 s; peak memory 632 MiB.
2026-09-29T10:17:49Z INFO [1172/2000] 1ac24ded-dc28-4b70-8e60-9d035b346f7b: attributed to 000026; 0.4 s; peak memory 632 MiB.
2026-09-29T10:17:49Z INFO [1173/2000] 1ac4d5d5-c329-45ca-bfde-539b13e0e81b: attributed to 000142; 0.0 s; peak memory 632 MiB.
2026-09-29T10:17:49Z INFO [1174/2000] 1ac4e6e6-1f45-4965-ab77-cfc8bd58eb34: attributed to 001791; 0.2 s; peak memory 632 MiB.
2026-09-29T10:17:49Z INFO [1175/2000] 1ad20995-7352-42a5-a782-8efec692f51b: attributed to 001697; 0.0 s; peak memory 632 MiB.
2026-09-29T10:17:49Z INFO [1176/2000] 1ad859f8-0f07-4e13-b64f-fc737e524b63: attributed to 000946; 0.1 s; peak memory 632 MiB.
2026-09-29T10:17:49Z INFO [1177/2000] 1ad8f7d1-b30c-4dd7-a966-5ff0a34f3953: attributed to 000142; 0.0 s; peak memory 632 MiB.
2026-09-29T10:17:49Z INFO [1178/2000] 1ad957ee-69c1-44b2-99d7-4edf96e6d127: attributed to 000142; 0.0 s; peak memory 632 MiB.
2026-09-29T10:17:49Z INFO [1179/2000] 1ae3ab0d-7ab8-407f-a0a5-dfb83d93c3b9: attributed to 001697; 0.0 s; peak memory 632 MiB.
2026-09-29T10:17:49Z INFO [1180/2000] 1ae7c9fd-21e0-4ad0-9227-6592435d2e55: attributed to 000209; 0.0 s; peak memory 632 MiB.
2026-09-29T10:17:49Z INFO [1181/2000] 1ae8191a-5eac-4e8e-a343-58e57004c6e1: attributed to 001697; 0.0 s; peak memory 632 MiB.
2026-09-29T10:17:49Z INFO [1182/2000] 1aeead15-4f22-4a5f-b2c6-b4093ec7dea0: attributed to 001697; 0.0 s; peak memory 632 MiB.
2026-09-29T10:17:50Z INFO [1183/2000] 1aef88f1-3864-4e1b-a1be-e4e32536d44d: attributed to 001697; 0.4 s; peak memory 632 MiB.
2026-09-29T10:17:50Z INFO [1184/2000] 1af3c5b7-2a3d-4258-9dd7-bd761f34ceb9: attributed to 001873; 0.5 s; peak memory 632 MiB.
2026-09-29T10:17:50Z INFO [1185/2000] 1af52c75-512a-4257-935d-4438cfa86297: attributed to 000026; 0.3 s; peak memory 632 MiB.
2026-09-29T10:17:51Z INFO [1186/2000] 1afdb68d-ab64-48d8-92cd-7b716cdc171c: attributed to 001449; 0.3 s; peak memory 632 MiB.
2026-09-29T10:17:51Z INFO [1187/2000] 1b00f848-3af3-4b38-8a94-c2f821793668: attributed to 000209; 0.0 s; peak memory 632 MiB.
2026-09-29T10:17:51Z INFO [1188/2000] 1b04c498-f374-48ee-b0ce-7f348dae3a34: attributed to 001697; 0.0 s; peak memory 632 MiB.
2026-09-29T10:17:51Z INFO [1189/2000] 1b06cef0-0782-4b21-b681-19f181004281: attributed to 001697; 0.0 s; peak memory 632 MiB.
2026-09-29T10:17:51Z INFO [1190/2000] 1b0f24e3-4c56-494c-a942-e25757509a63: attributed to 001697; 0.7 s; peak memory 632 MiB.
2026-09-29T10:17:52Z INFO [1191/2000] 1b10d497-0199-4a4a-a388-2795921e6545: attributed to 001697; 0.6 s; peak memory 632 MiB.
2026-09-29T10:17:52Z INFO [1192/2000] 1b1489b0-b5cf-4c81-8e97-550f3804b449: attributed to 001697; 0.4 s; peak memory 632 MiB.
2026-09-29T10:17:53Z INFO [1193/2000] 1b15c6c6-14b5-493d-bd31-8cef75d44ec5: attributed to 001697; 0.4 s; peak memory 632 MiB.
2026-09-29T10:17:53Z INFO [1194/2000] 1b1dcc35-ffef-440a-94f6-1cbdba4ed1d0: attributed to 000026; 0.2 s; peak memory 632 MiB.
2026-09-29T10:17:54Z INFO [1195/2000] 1b20a308-6de1-4b71-a94f-3cca8bb2a3cd: attributed to 000026; 0.7 s; peak memory 632 MiB.
2026-09-29T10:17:54Z INFO [1196/2000] 1b2548e7-14b5-4196-b964-e7286a739680: attributed to 000026; 0.2 s; peak memory 632 MiB.
2026-09-29T10:17:54Z INFO [1197/2000] 1b2637af-c228-4c08-9477-d16b893e03bf: attributed to 001063; 0.2 s; peak memory 632 MiB.
2026-09-29T10:17:54Z INFO [1198/2000] 1b271559-b305-4113-93ad-a70e224275de: attributed to 001697; 0.0 s; peak memory 632 MiB.
2026-09-29T10:17:54Z INFO [1199/2000] 1b2fd351-7d04-446f-91f4-ece8427a4304: attributed to 000026; 0.2 s; peak memory 632 MiB.
2026-09-29T10:17:54Z INFO [1200/2000] 1b3b81fe-77d0-4714-b579-d02292b1be35: attributed to 001697; 0.0 s; peak memory 632 MiB.
2026-09-29T10:17:55Z INFO [1200/2000] 1b3b81fe-77d0-4714-b579-d02292b1be35: checkpointed 442567 records.
2026-09-29T10:17:55Z INFO [1201/2000] 1b3e5b27-c9c8-45f3-9803-12e5665e4ad9: attributed to 000026; 0.2 s; peak memory 632 MiB.
2026-09-29T10:17:55Z INFO [1202/2000] 1b41cdd2-9cda-4206-a961-f33f665539fa: attributed to 000026; 0.2 s; peak memory 632 MiB.
2026-09-29T10:17:56Z INFO [1203/2000] 1b486345-e8d6-4f8c-af01-06785b1dafb8: attributed to 000026; 0.2 s; peak memory 632 MiB.
2026-09-29T10:17:56Z INFO [1204/2000] 1b4d56fc-0a13-4976-bf16-c3329f378a0e: attributed to 000026; 0.2 s; peak memory 632 MiB.
2026-09-29T10:17:56Z INFO [1205/2000] 1b4eede8-3567-4448-bb05-f73430d0e199: attributed to 000026; 0.7 s; peak memory 632 MiB.
2026-09-29T10:17:57Z INFO [1206/2000] 1b5ab7f1-d233-407f-8d04-d3bdadd81ecb: attributed to 001697; 0.4 s; peak memory 632 MiB.
2026-09-29T10:17:57Z INFO [1207/2000] 1b60ab0f-07e5-41fa-bca6-cfe412887e0a: attributed to 001697; 0.4 s; peak memory 632 MiB.
2026-09-29T10:17:57Z INFO [1208/2000] 1b63cb73-544b-4fba-b6db-9b5350341ffc: attributed to 001697; 0.0 s; peak memory 632 MiB.
2026-09-29T10:17:57Z INFO [1209/2000] 1b6e1138-d7c4-4cca-9c33-14885fc6d9b9: attributed to 001697; 0.0 s; peak memory 632 MiB.
2026-09-29T10:17:57Z INFO [1210/2000] 1b75d3db-2bd9-4557-8483-160a8b51b414: attributed to 001697; 0.0 s; peak memory 632 MiB.
2026-09-29T10:17:58Z INFO [1211/2000] 1b8d3892-9ca8-4c5c-9342-7d499082dce9: attributed to 001697; 0.4 s; peak memory 632 MiB.
2026-09-29T10:17:58Z INFO [1212/2000] 1b8ff9c6-79e6-454d-9463-88da9856bf3a: attributed to 000026; 0.2 s; peak memory 632 MiB.
2026-09-29T10:17:58Z INFO [1213/2000] 1b931747-db10-4891-8c6e-50d5083e4da2: attributed to 001697; 0.5 s; peak memory 632 MiB.
2026-09-29T10:17:58Z INFO [1214/2000] 1b953042-a749-49bb-80a2-984546fec79b: attributed to 001046; 0.0 s; peak memory 632 MiB.
2026-09-29T10:17:58Z INFO [1215/2000] 1b99f5f1-a074-4546-8b18-7e1134b8b256: attributed to 001748; 0.0 s; peak memory 632 MiB.
2026-09-29T10:17:58Z INFO [1216/2000] 1ba88b76-25bd-4ae4-9442-5ddffadb8261: attributed to 001697; 0.0 s; peak memory 632 MiB.
2026-09-29T10:17:59Z INFO [1217/2000] 1bad1abd-bbba-4801-8bf7-def587bc4bb2: attributed to 001697; 0.4 s; peak memory 632 MiB.
2026-09-29T10:17:59Z INFO [1218/2000] 1bafaaf2-60f7-4089-8c03-fd99ebbef36b: attributed to 001697; 0.0 s; peak memory 632 MiB.
2026-09-29T10:17:59Z INFO [1219/2000] 1bb49717-44d8-40bb-b8b0-c33f6e08fc1f: attributed to 001697; 0.4 s; peak memory 632 MiB.
2026-09-29T10:17:59Z INFO [1220/2000] 1bbf6d2b-54c3-4d15-ad91-31fd630cca44: attributed to 001697; 0.0 s; peak memory 632 MiB.
2026-09-29T10:17:59Z INFO [1221/2000] 1bc3fc53-cf14-4fe0-bc36-01ee06b06e6c: attributed to 001697; 0.4 s; peak memory 632 MiB.
2026-09-29T10:18:00Z INFO [1222/2000] 1bce646e-78ec-4674-a4a2-5803dc541de8: attributed to 001697; 0.4 s; peak memory 632 MiB.
2026-09-29T10:18:00Z INFO [1223/2000] 1bcead52-90a4-4baf-a338-c124ae83fbf4: attributed to 000026; 0.2 s; peak memory 632 MiB.
2026-09-29T10:18:00Z INFO [1224/2000] 1bd2a42d-3352-41e5-8dd1-4a78634c5f4a: attributed to 000026; 0.2 s; peak memory 632 MiB.
2026-09-29T10:18:01Z INFO [1225/2000] 1bd6f169-239d-4000-af5f-36c87a2ccf69: attributed to 001697; 0.5 s; peak memory 632 MiB.
2026-09-29T10:18:01Z INFO [1226/2000] 1bd9bbd6-7423-4763-a061-16e077def863: attributed to 001697; 0.7 s; peak memory 632 MiB.
2026-09-29T10:18:04Z INFO [1227/2000] 1be48383-148d-46f3-8f59-9008f2a47dab: attributed to 001697; 2.1 s; peak memory 632 MiB.
2026-09-29T10:18:04Z INFO [1228/2000] 1be95676-56ec-494b-88f3-9fc31352f3e5: attributed to 001697; 0.0 s; peak memory 632 MiB.
2026-09-29T10:18:04Z INFO [1229/2000] 1bee5b19-a5d2-4289-ad3a-67d80de30d82: attributed to 001697; 0.6 s; peak memory 632 MiB.
2026-09-29T10:18:05Z INFO [1230/2000] 1bfe02df-f6e9-49ee-a3c4-e43588539c51: attributed to 001697; 0.5 s; peak memory 632 MiB.
2026-09-29T10:18:05Z INFO [1231/2000] 1c182e7c-ccaa-4ff8-a409-ab56459fc11b: attributed to 001697; 0.5 s; peak memory 632 MiB.
2026-09-29T10:18:05Z INFO [1232/2000] 1c18f315-59d5-42a1-89b5-59fe02477675: attributed to 001697; 0.0 s; peak memory 632 MiB.
2026-09-29T10:18:05Z INFO [1233/2000] 1c1f233a-f2d9-4604-9ab6-49a16a7d92e0: attributed to 000026; 0.2 s; peak memory 632 MiB.
2026-09-29T10:18:05Z INFO [1234/2000] 1c25256f-aa3c-4861-b739-f7019f58be28: attributed to 000026; 0.2 s; peak memory 632 MiB.
2026-09-29T10:18:06Z INFO [1235/2000] 1c26206d-9df0-40a5-b128-4ccac4eea212: attributed to 000026; 0.2 s; peak memory 632 MiB.
2026-09-29T10:18:06Z INFO [1236/2000] 1c284482-4133-4dc9-a5a8-4333b36e320b: attributed to 001697; 0.4 s; peak memory 632 MiB.
2026-09-29T10:18:07Z INFO [1237/2000] 1c2cd985-15e8-4fe8-b6ee-78e0c5890eab: attributed to 001697; 0.9 s; peak memory 632 MiB.
2026-09-29T10:18:07Z INFO [1238/2000] 1c349dd7-e014-477e-b9e6-f81342dbb275: attributed to 001697; 0.4 s; peak memory 632 MiB.
2026-09-29T10:18:07Z INFO [1239/2000] 1c370bf8-74d6-46e9-b05e-f08b568a393f: attributed to 001697; 0.0 s; peak memory 632 MiB.
2026-09-29T10:18:08Z INFO [1240/2000] 1c3f30a7-5af7-421e-8f93-8f3087756016: attributed to 000026; 0.5 s; peak memory 632 MiB.
2026-09-29T10:18:08Z INFO [1241/2000] 1c3f820a-2dad-4bc7-8f88-b39d1647fd27: attributed to 001697; 0.0 s; peak memory 632 MiB.
2026-09-29T10:18:08Z INFO [1242/2000] 1c41e4a8-a655-46f7-a3bf-4aabf8aff747: attributed to 001697; 0.4 s; peak memory 632 MiB.
2026-09-29T10:18:09Z INFO [1243/2000] 1c446eaa-1e45-4a96-960f-8a24b686a7b5: attributed to 001697; 0.4 s; peak memory 632 MiB.
2026-09-29T10:18:09Z INFO [1244/2000] 1c4628b6-7183-4f92-bef8-e95eeb911219: attributed to 000570; 0.0 s; peak memory 632 MiB.
2026-09-29T10:18:09Z INFO [1245/2000] 1c4f2e92-fbda-422d-ab05-776e136e4a56: attributed to 001697; 0.4 s; peak memory 632 MiB.
2026-09-29T10:18:09Z INFO [1246/2000] 1c5f30bf-7d1a-4447-b8a3-4389112a84fe: attributed to 001697; 0.4 s; peak memory 632 MiB.
2026-09-29T10:18:09Z INFO [1247/2000] 1c608343-0323-4aa7-b784-4609b5bb0cfb: attributed to 001697; 0.0 s; peak memory 632 MiB.
2026-09-29T10:18:10Z INFO [1248/2000] 1c618c5e-dc8b-4797-947c-ede9dbed7ef8: attributed to 001697; 0.4 s; peak memory 632 MiB.
2026-09-29T10:18:10Z INFO [1249/2000] 1c73d78e-32fd-4703-bf56-a11313236d7d: attributed to 000946; 0.2 s; peak memory 632 MiB.
2026-09-29T10:18:10Z INFO [1250/2000] 1c78f2c6-5fa4-49ca-9afc-628ce4b00c3b: attributed to 001697; 0.0 s; peak memory 632 MiB.
2026-09-29T10:18:11Z INFO [1250/2000] 1c78f2c6-5fa4-49ca-9afc-628ce4b00c3b: checkpointed 442567 records.
2026-09-29T10:18:12Z INFO [1251/2000] 1c7d65f1-9e47-47e4-b2b6-85e3ebdb04d7: attributed to 001697; 0.5 s; peak memory 632 MiB.
2026-09-29T10:18:12Z INFO [1252/2000] 1c899ab7-25c0-4259-b689-92da7f4fee8f: attributed to 001697; 0.4 s; peak memory 632 MiB.
2026-09-29T10:18:12Z INFO [1253/2000] 1c8b1776-126f-4db5-9bb7-dd3d871d810e: attributed to 001449; 0.1 s; peak memory 632 MiB.
2026-09-29T10:18:13Z INFO [1254/2000] 1c8bee42-44cc-4104-9d68-d66b8de18568: attributed to 001697; 0.5 s; peak memory 632 MiB.
2026-09-29T10:18:13Z INFO [1255/2000] 1c8d6445-1a78-4ba4-ba91-cfa3887a5572: attributed to 001697; 0.4 s; peak memory 632 MiB.
2026-09-29T10:18:13Z INFO [1256/2000] 1c9b97e1-f7df-403f-9e44-4e2a4dd71f1d: attributed to 000026; 0.2 s; peak memory 632 MiB.
2026-09-29T10:18:14Z INFO [1257/2000] 1ca3192e-fcb2-4268-9207-6d2e6a87ead6: attributed to 001697; 0.5 s; peak memory 632 MiB.
2026-09-29T10:18:14Z INFO [1258/2000] 1ca4ce3b-1bef-4e57-a002-a932ba8b8ac4: attributed to 001697; 0.5 s; peak memory 632 MiB.
2026-09-29T10:18:14Z INFO [1259/2000] 1ca6804d-9863-4809-af5d-7c618300244f: attributed to 001697; 0.0 s; peak memory 632 MiB.
2026-09-29T10:18:14Z INFO [1260/2000] 1cac67e9-4dd5-4711-bab6-c9f1939041a1: attributed to 001697; 0.0 s; peak memory 632 MiB.
2026-09-29T10:18:15Z INFO [1261/2000] 1cb06935-e59b-4497-9eca-06ef2060dae0: attributed to 001697; 0.5 s; peak memory 632 MiB.
2026-09-29T10:18:15Z INFO [1262/2000] 1cb1b3ab-1505-4b98-860d-648cb2cfad3c: attributed to 000026; 0.2 s; peak memory 632 MiB.
2026-09-29T10:18:15Z INFO [1263/2000] 1cb22d18-aa7d-430b-b2ae-0287a45e1825: attributed to 000026; 0.2 s; peak memory 632 MiB.
2026-09-29T10:18:15Z INFO [1264/2000] 1cbf571a-a9b2-44ec-9b19-7845b512afc0: attributed to 000026; 0.2 s; peak memory 632 MiB.
2026-09-29T10:18:15Z INFO [1265/2000] 1cc2c1c9-04bd-4063-8368-aaf7b1a662a4: attributed to 001697; 0.0 s; peak memory 632 MiB.
2026-09-29T10:18:16Z INFO [1266/2000] 1cc614ab-511d-41bd-b5e0-db4f403c7dac: attributed to 001697; 0.5 s; peak memory 632 MiB.
2026-09-29T10:18:16Z INFO [1267/2000] 1ccae8f3-831e-42f0-94d7-ad6246a706b7: attributed to 001697; 0.4 s; peak memory 632 MiB.
2026-09-29T10:18:16Z INFO [1268/2000] 1cccadd1-7ee2-4c81-ad5a-796da814aee0: attributed to 000946; 0.2 s; peak memory 632 MiB.
2026-09-29T10:18:16Z INFO [1269/2000] 1cceefbe-1cb9-45c6-9be5-1fb2340e0574: attributed to 001697; 0.0 s; peak memory 632 MiB.
2026-09-29T10:18:16Z INFO [1270/2000] 1ce477f5-ad2b-4566-9093-2ad105dc27a8: attributed to 001697; 0.0 s; peak memory 632 MiB.
2026-09-29T10:18:17Z INFO [1271/2000] 1ce8b5d0-bfa5-4994-8e11-3fd9cb471da2: attributed to 001346; 0.7 s; peak memory 632 MiB.
2026-09-29T10:18:17Z INFO [1272/2000] 1ce8ca13-85a6-4624-ab79-41045b50d4d0: attributed to 001697; 0.5 s; peak memory 632 MiB.
2026-09-29T10:18:17Z INFO [1273/2000] 1cf3c36b-a953-4d11-ab29-db515185b85b: attributed to 001697; 0.0 s; peak memory 632 MiB.
2026-09-29T10:18:18Z INFO [1274/2000] 1cf56493-705f-4a4e-b0e3-c1816d39388c: attributed to 001697; 0.9 s; peak memory 632 MiB.
2026-09-29T10:18:18Z INFO [1275/2000] 1cf92bf2-cde8-4296-b2e6-8a098eeb65d3: attributed to 001697; 0.0 s; peak memory 632 MiB.
2026-09-29T10:18:19Z INFO [1276/2000] 1cf998fc-0fa0-45f9-881f-705767e12076: attributed to 001697; 0.4 s; peak memory 632 MiB.
2026-09-29T10:18:19Z INFO [1277/2000] 1cfdd54b-66e0-4449-a947-c7eaa0c34cfb: attributed to 000026; 0.2 s; peak memory 632 MiB.
2026-09-29T10:18:19Z INFO [1278/2000] 1cfe7b0a-f4cb-4d3f-8ca5-874faf5ef13c: attributed to 000026; 0.2 s; peak memory 632 MiB.
2026-09-29T10:18:19Z INFO [1279/2000] 1d0d0f91-2f6b-484b-bbfc-6911670531b2: attributed to 001449; 0.1 s; peak memory 632 MiB.
2026-09-29T10:18:19Z INFO [1280/2000] 1d15e7bc-2d2d-4808-9efc-129d289534de: attributed to 000946; 0.2 s; peak memory 632 MiB.
2026-09-29T10:18:19Z INFO [1281/2000] 1d2509e4-0d2e-4934-b22b-b2b04b3a60f0: attributed to 001697; 0.0 s; peak memory 632 MiB.
2026-09-29T10:18:20Z INFO [1282/2000] 1d2f3d9d-6968-469a-a239-9bc90142879b: attributed to 001697; 0.4 s; peak memory 632 MiB.
2026-09-29T10:18:20Z INFO [1283/2000] 1d33aaa8-544a-4a13-89fb-c78002865111: attributed to 001697; 0.0 s; peak memory 632 MiB.
2026-09-29T10:18:20Z INFO [1284/2000] 1d3f5d3c-d1be-4c12-ad23-1e2ef830b956: attributed to 001449; 0.2 s; peak memory 632 MiB.
2026-09-29T10:18:20Z INFO [1285/2000] 1d41e775-7f53-4c86-b408-4010fa89e3f3: attributed to 001697; 0.4 s; peak memory 632 MiB.
2026-09-29T10:18:20Z INFO [1286/2000] 1d440085-9319-4b15-8bbd-e34f28fa5d63: attributed to 001697; 0.0 s; peak memory 632 MiB.
2026-09-29T10:18:20Z INFO [1287/2000] 1d4b3e2e-5891-4ea7-b591-b8c8c6e52eec: attributed to 001449; 0.1 s; peak memory 632 MiB.
2026-09-29T10:18:21Z INFO [1288/2000] 1d51a752-8c6d-47fb-b112-997d78499aae: attributed to 001697; 0.4 s; peak memory 632 MiB.
2026-09-29T10:18:21Z INFO [1289/2000] 1d6122a1-dd90-43b2-85cd-2bd716143f36: attributed to 000946; 0.2 s; peak memory 632 MiB.
2026-09-29T10:18:21Z INFO [1290/2000] 1d61d222-f253-45c2-9df0-330f601264fe: attributed to 001697; 0.4 s; peak memory 632 MiB.
2026-09-29T10:18:22Z INFO [1291/2000] 1d67b8f2-a471-4a90-ac1b-a6056e3f464e: attributed to 001697; 0.4 s; peak memory 632 MiB.
2026-09-29T10:18:22Z INFO [1292/2000] 1d6ac403-9fc3-4dfc-bf08-17d336bd704b: attributed to 000109; 0.0 s; peak memory 632 MiB.
2026-09-29T10:18:22Z INFO [1293/2000] 1d6e584a-19dc-44c1-a69a-e6eab82433af: attributed to 001697; 0.4 s; peak memory 632 MiB.
2026-09-29T10:18:22Z INFO [1294/2000] 1d736084-5ea4-4b20-a882-2ecfac852f07: attributed to 000026; 0.2 s; peak memory 632 MiB.
2026-09-29T10:18:23Z INFO [1295/2000] 1d7508e8-9fa6-485c-92c3-ced520d94e70: attributed to 001063; 0.2 s; peak memory 632 MiB.
2026-09-29T10:18:23Z INFO [1296/2000] 1d7a01ee-1ef2-4e05-918d-e9a506e8b1c7: attributed to 001697; 0.0 s; peak memory 632 MiB.
2026-09-29T10:18:23Z INFO [1297/2000] 1d83f7f4-5ec7-47a0-bed5-f708e32b7c17: attributed to 001697; 0.0 s; peak memory 632 MiB.
2026-09-29T10:18:23Z INFO [1298/2000] 1d88ef90-697a-4644-8402-545da8b0aee0: attributed to 001697; 0.4 s; peak memory 632 MiB.
2026-09-29T10:18:23Z INFO [1299/2000] 1d894254-c227-4a5e-bda5-6eaeaae3f0e1: attributed to 001697; 0.4 s; peak memory 632 MiB.
2026-09-29T10:18:23Z INFO [1300/2000] 1d8e2086-9748-4299-88f8-d1f040e10c66: attributed to 001449; 0.2 s; peak memory 632 MiB.
2026-09-29T10:18:26Z INFO [1300/2000] 1d8e2086-9748-4299-88f8-d1f040e10c66: checkpointed 442567 records.
2026-09-29T10:18:26Z INFO [1301/2000] 1d9522b7-7019-4319-9224-23e52b75fb12: attributed to 000026; 0.2 s; peak memory 632 MiB.
2026-09-29T10:18:26Z INFO [1302/2000] 1d9611b0-aeaa-4c15-9968-9df82565d896: attributed to 001697; 0.0 s; peak memory 632 MiB.
2026-09-29T10:18:26Z INFO [1303/2000] 1d979630-9bea-480e-b720-b34ff8896a0c: attributed to 001873; 0.6 s; peak memory 632 MiB.
2026-09-29T10:18:27Z INFO [1304/2000] 1d9902c4-cff9-44c1-b563-3c73054025d9: attributed to 000026; 0.4 s; peak memory 632 MiB.
2026-09-29T10:18:27Z INFO [1305/2000] 1d9c4b1e-d1da-4d8c-9359-ec61b8557b48: attributed to 000026; 0.2 s; peak memory 632 MiB.
2026-09-29T10:18:27Z INFO [1306/2000] 1db7c37d-c98e-4d77-9502-ffe459cc80fc: attributed to 000026; 0.2 s; peak memory 632 MiB.
2026-09-29T10:18:28Z INFO [1307/2000] 1dcb0986-88ed-43ad-ac8b-382dd12436a1: attributed to 001697; 0.5 s; peak memory 632 MiB.
2026-09-29T10:18:28Z INFO [1308/2000] 1de16fef-cb89-49d9-af43-b5ab23ee4206: attributed to 001697; 0.0 s; peak memory 632 MiB.
2026-09-29T10:18:28Z INFO [1309/2000] 1de3973e-8d71-4de0-9175-7d492bc88673: attributed to 001697; 0.0 s; peak memory 632 MiB.
2026-09-29T10:18:28Z INFO [1310/2000] 1dec7348-0655-47c4-8d53-9fa382cd3c20: attributed to 000109; 0.0 s; peak memory 632 MiB.
2026-09-29T10:18:28Z INFO [1311/2000] 1deeefc1-ca17-4acd-8f43-0713e0abd8e0: attributed to 000142; 0.0 s; peak memory 632 MiB.
2026-09-29T10:18:28Z INFO [1312/2000] 1deffaa0-26ff-45a5-b0cc-55c963eb3f9f: attributed to 001697; 0.5 s; peak memory 632 MiB.
2026-09-29T10:18:28Z INFO [1313/2000] 1df04144-a6f4-41ee-8ce8-421de4de9a33: attributed to 001697; 0.4 s; peak memory 632 MiB.
2026-09-29T10:18:28Z INFO [1314/2000] 1df53278-eb77-41f5-bcd1-57f46bef0f94: attributed to 001697; 0.0 s; peak memory 632 MiB.
2026-09-29T10:18:28Z INFO [1315/2000] 1df7327e-367d-49e1-b318-0d22330227f0: attributed to 000403; 0.0 s; peak memory 632 MiB.
2026-09-29T10:18:29Z INFO [1316/2000] 1dfe2c21-6518-438f-ab02-5394a32ad797: attributed to 000946; 0.2 s; peak memory 632 MiB.
2026-09-29T10:18:29Z INFO [1317/2000] 1dff4191-468a-48a7-b8ab-050fd1e7b8f6: attributed to 000026; 0.2 s; peak memory 632 MiB.
2026-09-29T10:18:29Z INFO [1318/2000] 1dff4813-dcc1-490a-906e-1c771d9b9d3d: attributed to 000209; 0.0 s; peak memory 632 MiB.
2026-09-29T10:18:29Z INFO [1319/2000] 1e03e183-30b8-4287-9b92-6bbb70240b68: attributed to 000142; 0.0 s; peak memory 632 MiB.
2026-09-29T10:18:29Z INFO [1320/2000] 1e072775-a3ab-48ee-b7ae-b7f754ba9ee0: attributed to 001697; 0.4 s; peak memory 632 MiB.
2026-09-29T10:18:30Z INFO [1321/2000] 1e082021-b5ab-416c-9622-d8c600767f59: attributed to 001697; 0.8 s; peak memory 632 MiB.
2026-09-29T10:18:30Z INFO [1322/2000] 1e099532-a2bd-4aea-b4bd-12ec5cdc9557: attributed to 001697; 0.0 s; peak memory 632 MiB.
2026-09-29T10:18:30Z INFO [1323/2000] 1e0c6abc-37e6-4c04-b38f-4b070ec7c9c9: attributed to 000946; 0.2 s; peak memory 632 MiB.
2026-09-29T10:18:30Z INFO [1324/2000] 1e0e73c7-dee5-4544-bf80-53e2dbd89821: attributed to 001697; 0.0 s; peak memory 632 MiB.
2026-09-29T10:18:30Z INFO [1325/2000] 1e216b94-69a8-48c8-b97e-3e9815abc8f6: attributed to 001697; 0.0 s; peak memory 632 MiB.
2026-09-29T10:18:30Z INFO [1326/2000] 1e25366c-fdf3-4b2a-bf67-3e010c79eed8: attributed to 001697; 0.0 s; peak memory 632 MiB.
2026-09-29T10:18:30Z INFO [1327/2000] 1e262aba-7850-4bb9-81fc-bc19b91cad97: attributed to 001697; 0.0 s; peak memory 632 MiB.
2026-09-29T10:18:30Z INFO [1328/2000] 1e2fa7a0-0f8e-44e8-958b-c768381d8101: attributed to 000026; 0.2 s; peak memory 632 MiB.
2026-09-29T10:18:31Z INFO [1329/2000] 1e3b8c5e-4ecf-467a-8ae6-164f68bad891: attributed to 001697; 0.5 s; peak memory 632 MiB.
2026-09-29T10:18:31Z INFO [1330/2000] 1e52bcff-0f7b-4969-b589-849e1fae9b58: attributed to 000026; 0.2 s; peak memory 632 MiB.
2026-09-29T10:18:31Z INFO [1331/2000] 1e54eaec-d450-426f-923b-0246549616c9: attributed to 000026; 0.2 s; peak memory 632 MiB.
2026-09-29T10:18:31Z INFO [1332/2000] 1e570c24-7856-4ad9-9ccc-f7da304899bf: attributed to 000403; 0.0 s; peak memory 632 MiB.
2026-09-29T10:18:32Z INFO [1333/2000] 1e60d559-a2a6-4c64-903b-60cf02f57574: attributed to 000571; 0.9 s; peak memory 632 MiB.
2026-09-29T10:18:32Z INFO [1334/2000] 1e64da71-eb4a-41c2-8d52-3db6218102c5: attributed to 000109; 0.0 s; peak memory 632 MiB.
2026-09-29T10:18:32Z INFO [1335/2000] 1e72bd4d-0f3f-4864-a21e-6cf68266f5c3: attributed to 001697; 0.4 s; peak memory 632 MiB.
2026-09-29T10:18:32Z INFO [1336/2000] 1e73264a-7c31-4dfb-b059-be5cc67f1cb1: attributed to 001697; 0.0 s; peak memory 632 MiB.
2026-09-29T10:18:32Z INFO [1337/2000] 1e75d854-a3ab-4b03-bf11-a0f78c4c9b39: attributed to 000142; 0.0 s; peak memory 632 MiB.
2026-09-29T10:18:32Z INFO [1338/2000] 1e85a1d2-58dc-40f9-974f-a686b8e94f9d: attributed to 000026; 0.2 s; peak memory 632 MiB.
2026-09-29T10:18:32Z INFO [1339/2000] 1e86ff62-c1b3-4835-8113-df6cc47e3e0f: attributed to 001697; 0.0 s; peak memory 632 MiB.
2026-09-29T10:18:33Z INFO [1340/2000] 1e895e1a-361f-4feb-b03e-b7884707dc0a: attributed to 001449; 0.2 s; peak memory 632 MiB.
2026-09-29T10:18:33Z INFO [1341/2000] 1e8a865e-5852-41d4-b317-e4352994ca04: attributed to 001697; 0.4 s; peak memory 632 MiB.
2026-09-29T10:18:33Z INFO [1342/2000] 1e8ce690-4fa6-41f7-bfe3-dee091cf6984: attributed to 001697; 0.4 s; peak memory 632 MiB.
2026-09-29T10:18:34Z INFO [1343/2000] 1e8d0679-fcd0-45f8-99d6-99fc83579fa2: attributed to 000026; 0.8 s; peak memory 632 MiB.
2026-09-29T10:18:35Z INFO [1344/2000] 1e8d3ec7-7ba0-4329-a23d-755e54d44d8a: attributed to 001697; 0.4 s; peak memory 632 MiB.
2026-09-29T10:18:35Z INFO [1345/2000] 1e97db15-32b4-4c41-a8b9-5079db66259d: attributed to 000173; 0.2 s; peak memory 632 MiB.
2026-09-29T10:18:35Z INFO [1346/2000] 1e9ba4dd-0be5-4810-b94a-3a00cb2a0c5c: attributed to 000026; 0.2 s; peak memory 632 MiB.
2026-09-29T10:18:35Z INFO [1347/2000] 1e9ebb34-5a93-4511-8123-9d371ee56943: attributed to 001697; 0.4 s; peak memory 632 MiB.
2026-09-29T10:18:36Z INFO [1348/2000] 1ea35d9a-90a0-4dfa-bb07-b625919e3ea3: attributed to 001697; 0.4 s; peak memory 632 MiB.
2026-09-29T10:18:36Z INFO [1349/2000] 1ea3dc9b-5dde-47e3-a8b7-5323cb606944: attributed to 000109; 0.0 s; peak memory 632 MiB.
2026-09-29T10:18:36Z INFO [1350/2000] 1eaa322b-7704-4ed6-adcf-eb73fc07d172: attributed to 001697; 0.0 s; peak memory 632 MiB.
2026-09-29T10:18:37Z INFO [1350/2000] 1eaa322b-7704-4ed6-adcf-eb73fc07d172: checkpointed 442568 records.
2026-09-29T10:18:37Z INFO [1351/2000] 1eab2818-28b7-4894-8bda-0f2bf397c160: attributed to 001791; 0.2 s; peak memory 632 MiB.
2026-09-29T10:18:37Z INFO [1352/2000] 1eada1b4-6d8d-4db8-a6ad-115fd3100005: attributed to 001697; 0.4 s; peak memory 632 MiB.
2026-09-29T10:18:38Z INFO [1353/2000] 1eb450e3-6a41-4d26-b5a3-bd188553373a: attributed to 001697; 0.5 s; peak memory 632 MiB.
2026-09-29T10:18:38Z INFO [1354/2000] 1ebf8d02-956a-47a0-83c9-4ced72ef086a: attributed to 001697; 0.5 s; peak memory 632 MiB.
2026-09-29T10:18:39Z INFO [1355/2000] 1ec642ff-30b9-4d43-872a-51f8b6043b30: attributed to 001697; 0.4 s; peak memory 632 MiB.
2026-09-29T10:18:39Z INFO [1356/2000] 1eca51e2-455c-4754-9e00-fef89f0d9509: attributed to 001697; 0.0 s; peak memory 632 MiB.
2026-09-29T10:18:39Z INFO [1357/2000] 1ed82b17-d190-4e9a-a93b-af2d781b00c0: attributed to 001697; 0.4 s; peak memory 632 MiB.
2026-09-29T10:18:40Z INFO [1358/2000] 1eddce9d-05c5-4ec5-bfe9-53666282c427: attributed to 001697; 0.5 s; peak memory 632 MiB.
2026-09-29T10:18:40Z INFO [1359/2000] 1ee4ce52-ab8b-4b58-b33a-f5863df0ba11: attributed to 001697; 0.6 s; peak memory 632 MiB.
2026-09-29T10:18:41Z INFO [1360/2000] 1ee943b4-63fa-4994-b26b-d6c8290ce665: attributed to 001697; 0.5 s; peak memory 632 MiB.
2026-09-29T10:18:41Z INFO [1361/2000] 1eee691e-6537-4e26-a065-504865fedf3b: attributed to 001697; 0.0 s; peak memory 632 MiB.
2026-09-29T10:18:41Z INFO [1362/2000] 1ef3dead-9d4e-4fef-8e4d-02660e38c85d: attributed to 001697; 0.0 s; peak memory 632 MiB.
2026-09-29T10:18:41Z INFO [1363/2000] 1ef4f63b-51e3-4acb-82d2-1d6e15c28216: attributed to 000209; 0.0 s; peak memory 632 MiB.
2026-09-29T10:18:41Z INFO [1364/2000] 1ef53515-a4ec-499f-b6da-582b236fbc92: attributed to 000026; 0.2 s; peak memory 632 MiB.
2026-09-29T10:18:41Z INFO [1365/2000] 1f007b96-6605-4dd2-a21f-d9d8c82c844a: attributed to 000026; 0.2 s; peak memory 632 MiB.
2026-09-29T10:18:41Z INFO [1366/2000] 1f0b9412-fcd4-4a24-a676-69282f8b46cc: attributed to 000026; 0.5 s; peak memory 632 MiB.
2026-09-29T10:18:41Z INFO [1367/2000] 1f0cbc43-b217-4674-820b-141806f93a1b: attributed to 000293; 0.0 s; peak memory 632 MiB.
2026-09-29T10:18:42Z INFO [1368/2000] 1f1443d0-9dca-4474-b29b-080f1c61277f: attributed to 001430; 0.2 s; peak memory 632 MiB.
2026-09-29T10:18:42Z INFO [1369/2000] 1f19d91d-9150-4c60-a98c-8d1baaafbce2: attributed to 001697; 0.0 s; peak memory 632 MiB.
2026-09-29T10:18:42Z INFO [1370/2000] 1f24ef14-3dd7-4b11-89af-6d5d288f7ad8: attributed to 001697; 0.0 s; peak memory 632 MiB.
2026-09-29T10:18:42Z INFO [1371/2000] 1f289ff6-b9f0-459a-a585-8ee450c2a800: attributed to 000946; 0.1 s; peak memory 632 MiB.
2026-09-29T10:18:42Z INFO [1372/2000] 1f327e3b-6249-4b89-8707-e7c91d3e3a41: attributed to 000209; 0.0 s; peak memory 632 MiB.
2026-09-29T10:18:42Z INFO [1373/2000] 1f348aa2-2f34-428b-ba7f-27044c81a8e3: attributed to 001697; 0.0 s; peak memory 632 MiB.
2026-09-29T10:18:42Z INFO [1374/2000] 1f34ec26-5cb6-40e0-9f5e-cc2082d05371: attributed to 000946; 0.2 s; peak memory 632 MiB.
2026-09-29T10:18:42Z INFO [1375/2000] 1f3c93b4-1d6a-418b-8665-900a6a4a011b: attributed to 001697; 0.5 s; peak memory 632 MiB.
2026-09-29T10:18:42Z INFO [1376/2000] 1f3cdeec-ab36-48f9-9e25-63b281f3c918: attributed to 001697; 0.0 s; peak memory 632 MiB.
2026-09-29T10:18:43Z INFO [1377/2000] 1f41ee8b-82d9-4ec1-9d38-0deacc06f74b: attributed to 001697; 0.5 s; peak memory 632 MiB.
2026-09-29T10:18:43Z INFO [1378/2000] 1f48dd79-d343-4006-b654-22e6997d0422: attributed to 001697; 0.4 s; peak memory 632 MiB.
2026-09-29T10:18:44Z INFO [1379/2000] 1f4ad16a-18c1-46de-b19f-ec82a36906b6: attributed to 001697; 0.4 s; peak memory 632 MiB.
2026-09-29T10:18:44Z INFO [1380/2000] 1f66518c-f5f7-47bc-9e04-95d8b87b93af: attributed to 001697; 0.4 s; peak memory 632 MiB.
2026-09-29T10:18:44Z INFO [1381/2000] 1f6ba5ff-d8f5-4725-a1ed-6a501edfa20a: attributed to 000209; 0.0 s; peak memory 632 MiB.
2026-09-29T10:18:44Z INFO [1382/2000] 1f77aa38-eb82-48f1-8514-64fa2bc68a50: attributed to 000142; 0.0 s; peak memory 632 MiB.
2026-09-29T10:18:44Z INFO [1383/2000] 1f78b961-bc31-432d-8e17-fd96ff5ef025: attributed to 000026; 0.3 s; peak memory 632 MiB.
2026-09-29T10:18:44Z INFO [1384/2000] 1f85d0a0-65ac-45a5-be14-dbceee813bf7: attributed to 001697; 0.0 s; peak memory 632 MiB.
2026-09-29T10:18:45Z INFO [1385/2000] 1f89ba78-7b1f-4341-95f4-037eff7e2cdf: attributed to 001697; 0.4 s; peak memory 632 MiB.
2026-09-29T10:18:45Z INFO [1386/2000] 1f99163b-f0cd-46cb-9e26-f5f2dae0bb06: attributed to 001697; 0.4 s; peak memory 632 MiB.
2026-09-29T10:18:45Z INFO [1387/2000] 1f9bcadd-e214-4437-bf29-7e9378e529d2: attributed to 001697; 0.0 s; peak memory 632 MiB.
2026-09-29T10:18:45Z INFO [1388/2000] 1f9cd296-5294-48df-af13-34bdeee65910: attributed to 000026; 0.2 s; peak memory 632 MiB.
2026-09-29T10:18:47Z INFO [1389/2000] 1f9e93d3-32ad-4d62-ab49-986ceb46c194: attributed to 000231; 1.1 s; peak memory 632 MiB.
2026-09-29T10:18:47Z INFO [1390/2000] 1fa0fa4d-b57d-4b2a-93bb-c532de1054fc: attributed to 001697; 0.4 s; peak memory 632 MiB.
2026-09-29T10:18:47Z INFO [1391/2000] 1fa78f8e-ec7b-4f9b-8033-9d4192a905d7: attributed to 001697; 0.0 s; peak memory 632 MiB.
2026-09-29T10:18:47Z INFO [1392/2000] 1fa798a0-323b-448f-bb17-d8b4ddd19ed5: attributed to 000109; 0.0 s; peak memory 632 MiB.
2026-09-29T10:18:48Z INFO [1393/2000] 1fab4492-e33f-4a1a-b667-3ce37eec5a26: attributed to 001697; 0.6 s; peak memory 632 MiB.
2026-09-29T10:18:48Z INFO [1394/2000] 1fb0830b-ea66-4567-8a36-87951ea71777: attributed to 000403; 0.0 s; peak memory 632 MiB.
2026-09-29T10:18:48Z INFO [1395/2000] 1fb0d9a0-4c4d-44ba-8a1b-82f14325b8bc: attributed to 001873; 0.5 s; peak memory 632 MiB.
2026-09-29T10:18:48Z INFO [1396/2000] 1fb5fde4-5f21-45a4-a643-20c49f8aa0dc: attributed to 001697; 0.4 s; peak memory 632 MiB.
2026-09-29T10:18:48Z INFO [1397/2000] 1fbb6417-8036-486f-bf0d-2e423fb5a54d: attributed to 001697; 0.0 s; peak memory 632 MiB.
2026-09-29T10:18:49Z INFO [1398/2000] 1fbce766-c7e6-425c-b2f1-335e68a891ab: attributed to 000026; 0.2 s; peak memory 632 MiB.
2026-09-29T10:18:49Z INFO [1399/2000] 1fbd1c0a-001b-480d-a334-8957e9ee355d: attributed to 001697; 0.5 s; peak memory 632 MiB.
2026-09-29T10:18:49Z INFO [1400/2000] 1fbe1f2b-4eb7-4e16-b882-867191decda3: attributed to 001697; 0.0 s; peak memory 632 MiB.
2026-09-29T10:18:50Z INFO [1400/2000] 1fbe1f2b-4eb7-4e16-b882-867191decda3: checkpointed 442568 records.
2026-09-29T10:18:51Z INFO [1401/2000] 1fd4e171-e229-470f-9782-9ba786d784f2: attributed to 001697; 0.5 s; peak memory 632 MiB.
2026-09-29T10:18:51Z INFO [1402/2000] 1fd73fe9-6f75-46eb-adfe-aa633a230924: attributed to 001278; 0.0 s; peak memory 632 MiB.
2026-09-29T10:18:51Z INFO [1403/2000] 1fd91533-cf0b-417a-ad85-779fdca32343: attributed to 000293; 0.0 s; peak memory 632 MiB.
2026-09-29T10:18:51Z INFO [1404/2000] 1fdce866-c263-4dd2-a0e1-800ab7705879: attributed to 001748; 0.0 s; peak memory 632 MiB.
2026-09-29T10:18:51Z INFO [1405/2000] 1fddd8ca-16c1-4e27-b739-90605f7d45ff: attributed to 001697; 0.0 s; peak memory 632 MiB.
2026-09-29T10:18:51Z INFO [1406/2000] 1fe5ea4f-1fac-4592-bfe6-ea68f05adb80: attributed to 001697; 0.0 s; peak memory 632 MiB.
2026-09-29T10:18:51Z INFO [1407/2000] 1fea3be3-fecb-4427-84a5-dd084b3da866: attributed to 001697; 0.0 s; peak memory 632 MiB.
2026-09-29T10:18:51Z INFO [1408/2000] 1feb9c82-3faf-4375-8f97-3080812e286e: attributed to 001697; 0.0 s; peak memory 632 MiB.
2026-09-29T10:18:51Z INFO [1409/2000] 1fed36e6-696f-4b21-a15a-009e990988d2: attributed to 001697; 0.0 s; peak memory 632 MiB.
2026-09-29T10:18:51Z INFO [1410/2000] 1feefe86-20cb-4f93-ab93-d7c87342e436: attributed to 000026; 0.2 s; peak memory 632 MiB.
2026-09-29T10:18:51Z INFO [1411/2000] 1ff43abd-3496-4c4e-912d-2a977dfb5c89: attributed to 001697; 0.0 s; peak memory 632 MiB.
2026-09-29T10:18:51Z INFO [1412/2000] 1ffc5916-0539-4b85-8786-fe2fbd6335ab: attributed to 000026; 0.2 s; peak memory 632 MiB.
2026-09-29T10:18:52Z INFO [1413/2000] 2005635a-960e-4bed-88fd-7bdaf37eedb7: attributed to 001697; 0.8 s; peak memory 632 MiB.
2026-09-29T10:18:52Z INFO [1414/2000] 200ad3d2-cb8e-4b27-b192-c16ef5c59cad: attributed to 001782; 0.1 s; peak memory 632 MiB.
2026-09-29T10:18:52Z INFO [1415/2000] 200b1451-25dd-4ca6-875e-211008c579a3: attributed to 001697; 0.0 s; peak memory 632 MiB.
2026-09-29T10:18:52Z INFO [1416/2000] 200ddfaf-95a0-4e8e-957f-8c1895aaa6e0: attributed to 001697; 0.0 s; peak memory 632 MiB.
2026-09-29T10:18:52Z INFO [1417/2000] 2011e809-d095-4a96-8331-57f716aabedc: attributed to 000293; 0.0 s; peak memory 632 MiB.
2026-09-29T10:18:52Z INFO [1418/2000] 2023282c-22a0-4f30-9324-3d52f0fcf10d: attributed to 000026; 0.2 s; peak memory 632 MiB.
2026-09-29T10:18:52Z INFO [1419/2000] 203167a8-627d-41d6-8497-53e61a86256b: attributed to 001697; 0.0 s; peak memory 632 MiB.
2026-09-29T10:18:53Z INFO [1420/2000] 2046e0ef-eb7e-4221-862b-769c6a607a5f: attributed to 001697; 0.6 s; peak memory 632 MiB.
2026-09-29T10:18:53Z INFO [1421/2000] 2064ee45-6c41-47d6-8aae-5e38fdba4de7: attributed to 000026; 0.2 s; peak memory 632 MiB.
2026-09-29T10:18:53Z INFO [1422/2000] 2076b9c9-b9b2-477b-8f0c-793d78a1cf09: attributed to 000568; 0.2 s; peak memory 632 MiB.
2026-09-29T10:18:53Z INFO [1423/2000] 207b4e9b-98a2-420e-b76d-3c1aae627ae4: attributed to 001449; 0.2 s; peak memory 632 MiB.
2026-09-29T10:18:54Z INFO [1424/2000] 207c81b7-0a6e-480f-b585-8621b00942cf: attributed to 001697; 0.6 s; peak memory 632 MiB.
2026-09-29T10:18:54Z INFO [1425/2000] 207c9ae1-7102-49e8-8da9-7fba8137e626: attributed to 001697; 0.0 s; peak memory 632 MiB.
2026-09-29T10:18:54Z INFO [1426/2000] 207de00f-b4a2-4606-9cb8-e1c01939932c: attributed to 000946; 0.2 s; peak memory 632 MiB.
2026-09-29T10:18:54Z INFO [1427/2000] 2086fecc-1157-499d-827c-485fed73c52f: attributed to 001697; 0.0 s; peak memory 632 MiB.
2026-09-29T10:18:55Z INFO [1428/2000] 208e0c31-b614-4d97-a69d-a8519a914074: attributed to 001697; 0.7 s; peak memory 632 MiB.
2026-09-29T10:18:55Z INFO [1429/2000] 20902427-07a2-4bb3-9c3e-c69bfbf0d99e: attributed to 000570; 0.0 s; peak memory 632 MiB.
2026-09-29T10:18:55Z INFO [1430/2000] 2095e699-8c06-4a11-a375-3e4755e64463: attributed to 000026; 0.2 s; peak memory 632 MiB.
2026-09-29T10:18:55Z INFO [1431/2000] 2096ab28-180f-4754-9b39-c0bb8c6a4e42: attributed to 000026; 0.2 s; peak memory 632 MiB.
2026-09-29T10:18:55Z INFO [1432/2000] 209b40c3-ad0f-4e86-9bb9-5e69a5fe0415: attributed to 001697; 0.4 s; peak memory 632 MiB.
2026-09-29T10:18:56Z INFO [1433/2000] 209c1a6b-cd63-455a-aebd-8de91dd96220: attributed to 000026; 0.2 s; peak memory 632 MiB.
2026-09-29T10:18:56Z INFO [1434/2000] 20ad4be3-d925-444a-a7d5-e14a6222fc0e: attributed to 000026; 0.2 s; peak memory 632 MiB.
2026-09-29T10:18:56Z INFO [1435/2000] 20bbe13a-cedb-49f4-8d42-c460c70e296f: attributed to 000026; 0.2 s; peak memory 632 MiB.
2026-09-29T10:18:56Z INFO [1436/2000] 20c3a914-96b9-4caa-a64a-9234bc2098ec: attributed to 001697; 0.0 s; peak memory 632 MiB.
2026-09-29T10:18:56Z INFO [1437/2000] 20fdda90-1528-4c1d-afe4-c8bac56b5aed: attributed to 001697; 0.4 s; peak memory 632 MiB.
2026-09-29T10:18:57Z INFO [1438/2000] 2101b43d-8e01-4fc5-acb6-efcbcd45f694: attributed to 000026; 0.2 s; peak memory 632 MiB.
2026-09-29T10:18:57Z INFO [1439/2000] 2105cc0a-ba8c-4ea3-9a9b-e29c84cdb7fd: attributed to 000109; 0.0 s; peak memory 632 MiB.
2026-09-29T10:18:57Z INFO [1440/2000] 2106a52d-be93-43a9-a8ae-eb0c46d8d115: attributed to 001437; 0.2 s; peak memory 632 MiB.
2026-09-29T10:18:57Z INFO [1441/2000] 2107dd32-dd3e-43e7-ae2b-5cac82af27d4: attributed to 000946; 0.1 s; peak memory 632 MiB.
2026-09-29T10:18:57Z INFO [1442/2000] 211ccec9-8c39-4561-8d46-f5d1531d518d: attributed to 001697; 0.4 s; peak memory 632 MiB.
2026-09-29T10:18:58Z INFO [1443/2000] 211d1202-9ac6-416d-b010-5ddb729a6619: attributed to 001697; 0.5 s; peak memory 632 MiB.
2026-09-29T10:18:58Z INFO [1444/2000] 211ff6b6-2956-4df2-8bc2-54d11c01f647: attributed to 000026; 0.2 s; peak memory 632 MiB.
2026-09-29T10:18:58Z INFO [1445/2000] 2129abe6-65de-48ee-b019-d15c75fd142c: attributed to 000026; 0.4 s; peak memory 632 MiB.
2026-09-29T10:18:58Z INFO [1446/2000] 212d3164-309a-4a1b-8654-deb80e5556f5: attributed to 001697; 0.0 s; peak memory 632 MiB.
2026-09-29T10:18:59Z INFO [1447/2000] 21370f16-4061-40c5-a23f-d983c91a0a86: attributed to 000026; 1.0 s; peak memory 632 MiB.
2026-09-29T10:18:59Z INFO [1448/2000] 21449753-0e4e-4c40-b8c9-ab0d57752dda: attributed to 000568; 0.2 s; peak memory 632 MiB.
2026-09-29T10:19:01Z INFO [1449/2000] 214ade27-27ad-4364-987f-5fe803860ffb: attributed to 001697; 1.1 s; peak memory 632 MiB.
2026-09-29T10:19:01Z INFO [1450/2000] 214fd820-2f18-411e-ad1c-dba1a0c95cd7: attributed to 001697; 0.0 s; peak memory 632 MiB.
2026-09-29T10:19:02Z INFO [1450/2000] 214fd820-2f18-411e-ad1c-dba1a0c95cd7: checkpointed 442568 records.
2026-09-29T10:19:03Z INFO [1451/2000] 2157206f-137b-4c26-b556-bf0c63d5bec8: attributed to 001697; 1.0 s; peak memory 632 MiB.
2026-09-29T10:19:03Z INFO [1452/2000] 215bc9e2-2f14-47c1-ae75-bef6655cb84a: attributed to 001697; 0.7 s; peak memory 632 MiB.
2026-09-29T10:19:03Z INFO [1453/2000] 215d1ef8-f781-4155-9e28-f16cc2ff8d0c: attributed to 001697; 0.0 s; peak memory 632 MiB.
2026-09-29T10:19:03Z INFO [1454/2000] 2163d4d0-e3a3-47c8-be6a-91c344172816: attributed to 001697; 0.0 s; peak memory 632 MiB.
2026-09-29T10:19:03Z INFO [1455/2000] 2167d977-bb46-49e0-9ecc-41b03b976089: attributed to 000142; 0.0 s; peak memory 632 MiB.
2026-09-29T10:19:03Z INFO [1456/2000] 216f207a-e7f4-43cb-a30a-513bce692de1: attributed to 000142; 0.0 s; peak memory 632 MiB.
2026-09-29T10:19:04Z INFO [1457/2000] 2179ab5b-1ca1-4c3a-a418-f8718ac47b25: attributed to 001449; 0.6 s; peak memory 632 MiB.
2026-09-29T10:19:04Z INFO [1458/2000] 21829cc9-e4d3-4b79-8667-a77146fa733f: attributed to 001697; 0.0 s; peak memory 632 MiB.
2026-09-29T10:19:04Z INFO [1459/2000] 219ebdda-1839-4d50-bbb3-8ed41015a17c: attributed to 001697; 0.0 s; peak memory 632 MiB.
2026-09-29T10:19:04Z INFO [1460/2000] 21a1a55a-ed87-4084-bbe3-5bbebc6fdd8a: attributed to 000026; 0.2 s; peak memory 632 MiB.
2026-09-29T10:19:05Z INFO [1461/2000] 21a24e09-8b78-46b2-ac2f-4ba5c2744dfb: attributed to 001697; 0.6 s; peak memory 632 MiB.
2026-09-29T10:19:05Z INFO [1462/2000] 21a8c61f-420e-4041-a18a-8e9e3203d2e3: attributed to 001258; 0.0 s; peak memory 632 MiB.
2026-09-29T10:19:05Z INFO [1463/2000] 21aaf71a-88cf-4bd9-a9f7-53dc27c2e7f8: attributed to 001203; 0.2 s; peak memory 632 MiB.
2026-09-29T10:19:05Z INFO [1464/2000] 21accd48-c82f-4d6d-8f52-c31c9ee990eb: attributed to 001697; 0.4 s; peak memory 632 MiB.
2026-09-29T10:19:06Z INFO [1465/2000] 21aeb80b-5dee-47ae-9311-41224e98a87f: attributed to 001765; 0.5 s; peak memory 632 MiB.
2026-09-29T10:19:06Z INFO [1466/2000] 21b08e52-af26-4beb-ba74-8ce7ad2dd563: attributed to 001697; 0.4 s; peak memory 632 MiB.
2026-09-29T10:19:06Z INFO [1467/2000] 21b13506-d81a-45b3-954b-e9007c3accbc: attributed to 000026; 0.2 s; peak memory 632 MiB.
2026-09-29T10:19:07Z INFO [1468/2000] 21b62f83-8d93-4077-b792-f4bde0654832: attributed to 000026; 0.2 s; peak memory 632 MiB.
2026-09-29T10:19:07Z INFO [1469/2000] 21c3c78e-094c-4276-85bf-f99d52c1c915: attributed to 001858; 0.0 s; peak memory 632 MiB.
2026-09-29T10:19:07Z INFO [1470/2000] 21c7c294-11d2-4198-b50a-17e5d01ecef1: attributed to 000209; 0.0 s; peak memory 632 MiB.
2026-09-29T10:19:07Z INFO [1471/2000] 21cd19a6-a33f-404a-a67a-e161f48a7276: attributed to 000572; 0.2 s; peak memory 632 MiB.
2026-09-29T10:19:07Z INFO [1472/2000] 21cf26f0-f793-4af2-a194-0d0b2468b5ee: attributed to 001697; 0.0 s; peak memory 632 MiB.
2026-09-29T10:19:07Z INFO [1473/2000] 21d12ded-4fa3-4041-bbfb-a8a40362feba: attributed to 001697; 0.0 s; peak memory 632 MiB.
2026-09-29T10:19:07Z INFO [1474/2000] 21d42dc0-a08f-4e53-a76c-598c4da36188: attributed to 001697; 0.5 s; peak memory 632 MiB.
2026-09-29T10:19:07Z INFO [1475/2000] 21d9a812-276a-4f90-8551-a920faca5d07: attributed to 001697; 0.0 s; peak memory 632 MiB.
2026-09-29T10:19:08Z INFO [1476/2000] 21e41fbf-8269-45cc-aca6-a67dae7c77b5: attributed to 000026; 0.3 s; peak memory 632 MiB.
2026-09-29T10:19:08Z INFO [1477/2000] 21fa3cf6-559a-484f-8696-253cd40ae4d9: attributed to 000142; 0.0 s; peak memory 632 MiB.
2026-09-29T10:19:08Z INFO [1478/2000] 21faf6de-7e75-4db5-812d-9b91c1faf210: attributed to 001697; 0.0 s; peak memory 632 MiB.
2026-09-29T10:19:08Z INFO [1479/2000] 22015c73-93c9-4212-a4c0-50c41ccd3803: attributed to 000026; 0.1 s; peak memory 632 MiB.
2026-09-29T10:19:08Z INFO [1480/2000] 2209c9f9-555a-4a95-a688-3d967cd256bf: attributed to 001697; 0.0 s; peak memory 632 MiB.
2026-09-29T10:19:08Z INFO [1481/2000] 221411e7-f1ec-462f-8cc4-9bb9e3e7c263: attributed to 000026; 0.1 s; peak memory 632 MiB.
2026-09-29T10:19:08Z INFO [1482/2000] 22186e57-c7be-4031-a140-5501e812b19b: attributed to 000209; 0.0 s; peak memory 632 MiB.
2026-09-29T10:19:09Z INFO [1483/2000] 2221dcff-97e5-4216-86f7-d50adf7dae8c: attributed to 001697; 1.0 s; peak memory 632 MiB.
2026-09-29T10:19:10Z INFO [1484/2000] 2229d5e9-cfbc-418b-aa20-beed9f493d2f: attributed to 000026; 1.2 s; peak memory 632 MiB.
2026-09-29T10:19:10Z INFO [1485/2000] 2232c084-4ac5-42f8-b119-14a7b3d0ee29: attributed to 000142; 0.0 s; peak memory 632 MiB.
2026-09-29T10:19:11Z INFO [1486/2000] 2234b8b5-7eca-4ee8-bd5d-000e3fba3a1c: attributed to 001697; 1.2 s; peak memory 632 MiB.
2026-09-29T10:19:11Z INFO [1487/2000] 2246cba6-b036-4094-9b84-4d0ad558797a: attributed to 000570; 0.0 s; peak memory 632 MiB.
2026-09-29T10:19:12Z INFO [1488/2000] 2252b359-3710-441b-9014-84f12f5c3af0: attributed to 001697; 0.4 s; peak memory 632 MiB.
2026-09-29T10:19:12Z INFO [1489/2000] 22535049-620b-4749-b4f4-a6fab648c364: attributed to 001697; 0.5 s; peak memory 632 MiB.
2026-09-29T10:19:12Z INFO [1490/2000] 2253c778-d21a-4b3a-bcee-0f0549be55ba: attributed to 001697; 0.0 s; peak memory 632 MiB.
2026-09-29T10:19:12Z INFO [1491/2000] 22582c64-3b2b-430c-87b5-8dedf60ef995: attributed to 000142; 0.0 s; peak memory 632 MiB.
2026-09-29T10:19:13Z INFO [1492/2000] 2260e173-9a5f-472e-b49c-d39067c76f49: attributed to 000026; 0.2 s; peak memory 632 MiB.
2026-09-29T10:19:13Z INFO [1493/2000] 2262bd44-6058-4c5c-8176-e6245e710a3b: attributed to 000946; 0.1 s; peak memory 632 MiB.
2026-09-29T10:19:13Z INFO [1494/2000] 22696d70-732e-4ac6-b431-5226c2f7d406: attributed to 001697; 0.6 s; peak memory 632 MiB.
2026-09-29T10:19:14Z INFO [1495/2000] 226ccb02-10e5-4dfb-be12-09ea897decb4: attributed to 001697; 0.5 s; peak memory 632 MiB.
2026-09-29T10:19:14Z INFO [1496/2000] 22714d35-d06a-4d23-908c-e5db99bf3ca8: attributed to 001697; 0.6 s; peak memory 632 MiB.
2026-09-29T10:19:15Z INFO [1497/2000] 2274d0b6-e602-4ea9-a6e3-e3005664e20d: attributed to 000026; 0.2 s; peak memory 632 MiB.
2026-09-29T10:19:15Z INFO [1498/2000] 227d6f75-449f-44f8-a0b3-e4b006f8129f: attributed to 001697; 0.6 s; peak memory 632 MiB.
2026-09-29T10:19:15Z INFO [1499/2000] 2284ebee-45ed-4048-a5ac-87a14a3917e7: attributed to 001697; 0.0 s; peak memory 632 MiB.
2026-09-29T10:19:16Z INFO [1500/2000] 2285252a-5a46-4b88-8287-9c0b6b6948cf: attributed to 001697; 0.5 s; peak memory 632 MiB.
2026-09-29T10:19:17Z INFO [1500/2000] 2285252a-5a46-4b88-8287-9c0b6b6948cf: checkpointed 442568 records.
2026-09-29T10:19:17Z INFO [1501/2000] 228a48ec-c1d3-4547-b7a4-6fb006f6c319: attributed to 001697; 0.0 s; peak memory 632 MiB.
2026-09-29T10:19:17Z INFO [1502/2000] 229f7ede-1a6f-4029-8c33-8a03bfdcbc5a: attributed to 000026; 0.2 s; peak memory 632 MiB.
2026-09-29T10:19:18Z INFO [1503/2000] 22b363d3-bf3a-4763-9ec9-9a5541c33a34: attributed to 001697; 0.7 s; peak memory 632 MiB.
2026-09-29T10:19:18Z INFO [1504/2000] 22bc9fcd-2880-4f89-8d44-bcde12b9e7f1: attributed to 001697; 0.0 s; peak memory 632 MiB.
2026-09-29T10:19:18Z INFO [1505/2000] 22c499a8-d116-4a4e-96a1-d5542eeeeaaa: attributed to 001697; 0.5 s; peak memory 632 MiB.
2026-09-29T10:19:19Z INFO [1506/2000] 22d258cd-a3f5-4c63-9983-8396d76e70ed: attributed to 000026; 0.2 s; peak memory 632 MiB.
2026-09-29T10:19:19Z INFO [1507/2000] 22da83dc-26de-40e1-886b-6bdc8208af04: attributed to 001449; 0.3 s; peak memory 632 MiB.
2026-09-29T10:19:19Z INFO [1508/2000] 22dc311f-4b62-482d-8d71-e47c3722aedb: attributed to 001697; 0.0 s; peak memory 632 MiB.
2026-09-29T10:19:19Z INFO [1509/2000] 22dede85-4e8e-40b5-9ca8-f919f11e0a74: attributed to 000026; 0.2 s; peak memory 632 MiB.
2026-09-29T10:19:19Z INFO [1510/2000] 22e0cd0a-164f-4c87-84c3-6e2c740250fe: attributed to 001697; 0.0 s; peak memory 632 MiB.
2026-09-29T10:19:19Z INFO [1511/2000] 22e30c2b-b49e-406c-a1a7-3995f8af94c8: attributed to 000026; 0.2 s; peak memory 632 MiB.
2026-09-29T10:19:19Z INFO [1512/2000] 22ef419d-5875-48b9-adbc-7a492563b72c: attributed to 000142; 0.0 s; peak memory 632 MiB.
2026-09-29T10:19:19Z INFO [1513/2000] 22f62e8d-aced-41d0-abc4-f4431882727f: attributed to 001697; 0.0 s; peak memory 632 MiB.
2026-09-29T10:19:19Z INFO [1514/2000] 22f8843e-f98e-4449-8588-7291c785b1bb: attributed to 001697; 0.0 s; peak memory 632 MiB.
2026-09-29T10:19:19Z INFO [1515/2000] 22fd70bf-0dea-4ae9-8dee-42af10712ad3: attributed to 000946; 0.2 s; peak memory 632 MiB.
2026-09-29T10:19:20Z INFO [1516/2000] 22fef03d-e0cc-4969-aa2a-704f9a9bf432: attributed to 001697; 0.4 s; peak memory 632 MiB.
2026-09-29T10:19:20Z INFO [1517/2000] 23022343-1645-42f4-844b-6c0201e79803: attributed to 001697; 0.4 s; peak memory 632 MiB.
2026-09-29T10:19:21Z INFO [1518/2000] 2303ff09-0151-4b78-92d5-b9a3f36937db: attributed to 001697; 0.5 s; peak memory 632 MiB.
2026-09-29T10:19:21Z INFO [1519/2000] 230a30b7-174e-4448-b01c-a43f360dfe21: attributed to 000026; 0.2 s; peak memory 632 MiB.
2026-09-29T10:19:21Z INFO [1520/2000] 230acf29-d136-4d40-abcc-289f374dc237: attributed to 001697; 0.6 s; peak memory 632 MiB.
2026-09-29T10:19:21Z INFO [1521/2000] 230dcc96-eca0-4538-9d71-6909354ce5d7: attributed to 000109; 0.0 s; peak memory 632 MiB.
2026-09-29T10:19:22Z INFO [1522/2000] 23100919-f6fd-4aad-b712-0b83a6d19b97: attributed to 000026; 0.2 s; peak memory 632 MiB.
2026-09-29T10:19:22Z INFO [1523/2000] 23124f5e-40a4-4968-9eb0-a945282207c7: attributed to 001697; 0.5 s; peak memory 632 MiB.
2026-09-29T10:19:23Z INFO [1524/2000] 23131d2b-49a8-42c3-b287-8250dba8aab8: attributed to 001697; 0.5 s; peak memory 632 MiB.
2026-09-29T10:19:23Z INFO [1525/2000] 2317dc0a-2f50-4ed2-82ac-1697b187c06e: attributed to 001697; 0.0 s; peak memory 632 MiB.
2026-09-29T10:19:25Z INFO [1526/2000] 231a0f7b-9d54-4d1c-98ee-60139d821d47: attributed to 001873; 2.1 s; peak memory 632 MiB.
2026-09-29T10:19:25Z INFO [1527/2000] 2321949b-0905-4aa3-b1b4-bf48c3e9e26d: attributed to 000946; 0.2 s; peak memory 632 MiB.
2026-09-29T10:19:25Z INFO [1528/2000] 23276d3b-a0a3-406d-99a8-11f68c5aa099: attributed to 001697; 0.6 s; peak memory 632 MiB.
2026-09-29T10:19:25Z INFO [1529/2000] 232cd787-74ea-4a3d-99da-31148efbc9dd: attributed to 001697; 0.0 s; peak memory 632 MiB.
2026-09-29T10:19:25Z INFO [1530/2000] 232cf9a9-d783-4a38-ab3a-43854caef4b6: attributed to 000946; 0.2 s; peak memory 632 MiB.
2026-09-29T10:19:26Z INFO [1531/2000] 232f1658-6a7f-4447-a24e-202d497d544e: attributed to 001697; 0.4 s; peak memory 632 MiB.
2026-09-29T10:19:26Z INFO [1532/2000] 23317bae-65b0-4fab-9307-4ccf88dbdb11: attributed to 001697; 0.0 s; peak memory 632 MiB.
2026-09-29T10:19:26Z INFO [1533/2000] 23328e9e-78c1-4e4b-a757-53d04b1afa5b: attributed to 001697; 0.0 s; peak memory 632 MiB.
2026-09-29T10:19:26Z INFO [1534/2000] 233424bd-619b-4ce0-88e7-72a756552ab9: attributed to 001697; 0.4 s; peak memory 632 MiB.
2026-09-29T10:19:26Z INFO [1535/2000] 2335c86a-307e-4802-8889-ce9d96e3ac52: attributed to 000293; 0.0 s; peak memory 632 MiB.
2026-09-29T10:19:27Z INFO [1536/2000] 2335d6dc-7e5f-4071-8c74-854bc8eba258: attributed to 000946; 0.2 s; peak memory 632 MiB.
2026-09-29T10:19:27Z INFO [1537/2000] 23397860-1c50-4406-8559-daeaeef09185: attributed to 001697; 0.0 s; peak memory 632 MiB.
2026-09-29T10:19:27Z INFO [1538/2000] 2339a9a7-49d1-45b7-b432-19b11e498d95: attributed to 001697; 0.4 s; peak memory 632 MiB.
2026-09-29T10:19:27Z INFO [1539/2000] 2339bc8c-d65e-45c0-84bb-bbead945cbfd: attributed to 001697; 0.5 s; peak memory 632 MiB.
2026-09-29T10:19:28Z INFO [1540/2000] 233a28fe-4e9a-4d3b-9ab0-51d6500199b6: attributed to 000946; 0.2 s; peak memory 632 MiB.
2026-09-29T10:19:28Z INFO [1541/2000] 2341a460-9cf9-4916-9215-a1b84b9771c8: attributed to 001697; 0.0 s; peak memory 632 MiB.
2026-09-29T10:19:28Z INFO [1542/2000] 23431e17-229c-4963-a97e-a7415443acf9: attributed to 000946; 0.2 s; peak memory 632 MiB.
2026-09-29T10:19:28Z INFO [1543/2000] 234fc8c4-ea05-4b41-805e-2d9ada6bbe4a: attributed to 001697; 0.5 s; peak memory 633 MiB.
2026-09-29T10:19:29Z INFO [1544/2000] 23547627-108e-4a7e-91c3-9203c837033b: attributed to 001697; 0.7 s; peak memory 633 MiB.
2026-09-29T10:19:29Z INFO [1545/2000] 2355396d-7e12-4f4f-b462-14778bfb55e7: attributed to 001697; 0.5 s; peak memory 633 MiB.
2026-09-29T10:19:30Z INFO [1546/2000] 2362b52c-6d2b-4ef9-89a9-2689cb29bff9: attributed to 000026; 0.2 s; peak memory 633 MiB.
2026-09-29T10:19:30Z INFO [1547/2000] 2364ff00-2f7f-4ea0-b973-0e0c603f0154: attributed to 000142; 0.0 s; peak memory 633 MiB.
2026-09-29T10:19:30Z INFO [1548/2000] 236c9fa1-335f-4986-995d-0a035a3fecd2: attributed to 001449; 0.2 s; peak memory 633 MiB.
2026-09-29T10:19:30Z INFO [1549/2000] 237cb93a-ca5b-419e-b6f4-a51b444b0404: attributed to 001697; 0.0 s; peak memory 633 MiB.
2026-09-29T10:19:30Z INFO [1550/2000] 237f3c91-1fda-4448-acd9-96b99c23c5df: attributed to 001697; 0.0 s; peak memory 633 MiB.
2026-09-29T10:19:31Z INFO [1550/2000] 237f3c91-1fda-4448-acd9-96b99c23c5df: checkpointed 442568 records.
2026-09-29T10:19:31Z INFO [1551/2000] 2381abba-fb87-4640-912d-6b9340b943ad: attributed to 001697; 0.6 s; peak memory 633 MiB.
2026-09-29T10:19:31Z INFO [1552/2000] 23867b7f-b2a7-4b89-b435-7845998a1b29: attributed to 000209; 0.0 s; peak memory 633 MiB.
2026-09-29T10:19:32Z INFO [1553/2000] 2389903f-9cd5-49ce-a458-d12d0607c3d3: attributed to 001697; 0.6 s; peak memory 633 MiB.
2026-09-29T10:19:32Z INFO [1554/2000] 238c8c8d-e313-495a-913e-868aeccaeebd: attributed to 000142; 0.0 s; peak memory 633 MiB.
2026-09-29T10:19:32Z INFO [1555/2000] 238e7519-1ae8-4ead-8d0d-a9e7e9460d5c: attributed to 001697; 0.0 s; peak memory 633 MiB.
2026-09-29T10:19:33Z INFO [1556/2000] 239290cb-5168-4853-a78b-454e05a04270: attributed to 001697; 0.5 s; peak memory 633 MiB.
2026-09-29T10:19:33Z INFO [1557/2000] 239663a6-07ed-4d93-9f2c-c170727e4629: attributed to 000946; 0.2 s; peak memory 633 MiB.
2026-09-29T10:19:33Z INFO [1558/2000] 2399e457-8b7b-4ad2-bc3a-feafbf94b463: attributed to 001697; 0.0 s; peak memory 633 MiB.
2026-09-29T10:19:33Z INFO [1559/2000] 23a7c139-1053-42da-a5b1-2522c87bd70c: attributed to 001697; 0.0 s; peak memory 633 MiB.
2026-09-29T10:19:33Z INFO [1560/2000] 23c27b9a-2e54-4b5e-955e-55cd53aa9d21: attributed to 001449; 0.2 s; peak memory 633 MiB.
2026-09-29T10:19:33Z INFO [1561/2000] 23c9061f-2a6a-4449-bce7-8c901cef7a6c: attributed to 001697; 0.5 s; peak memory 633 MiB.
2026-09-29T10:19:33Z INFO [1562/2000] 23cb9013-f04b-493b-90ec-d346fe9341e8: attributed to 000946; 0.2 s; peak memory 633 MiB.
2026-09-29T10:19:34Z INFO [1563/2000] 23d7406d-e698-4e07-9028-6dabf34445e9: attributed to 000946; 0.2 s; peak memory 633 MiB.
2026-09-29T10:19:34Z INFO [1564/2000] 23d8f683-b28d-46a6-ae29-01051e5477d2: attributed to 001697; 0.0 s; peak memory 633 MiB.
2026-09-29T10:19:34Z INFO [1565/2000] 23df2282-217d-422c-a077-5dd9c477104f: attributed to 001697; 0.4 s; peak memory 633 MiB.
2026-09-29T10:19:34Z INFO [1566/2000] 23e131f9-6f50-4f3f-9e05-ed932374c953: attributed to 000026; 0.2 s; peak memory 633 MiB.
2026-09-29T10:19:34Z INFO [1567/2000] 23e635e2-2798-44f4-9ece-77709e819354: attributed to 000026; 0.2 s; peak memory 633 MiB.
2026-09-29T10:19:34Z INFO [1568/2000] 23edc2ec-46e9-44b7-ba64-7116c5185219: attributed to 000026; 0.2 s; peak memory 633 MiB.
2026-09-29T10:19:35Z INFO [1569/2000] 23ee87ed-9b19-4ba9-a7eb-14abee4f3b68: attributed to 001697; 0.5 s; peak memory 633 MiB.
2026-09-29T10:19:36Z INFO [1570/2000] 23f66563-4d57-4e7c-b44b-802fd3d0ea0b: attributed to 001697; 1.0 s; peak memory 633 MiB.
2026-09-29T10:19:37Z INFO [1571/2000] 23f92b7b-7b28-47f8-86d6-1366020096ad: attributed to 001697; 0.5 s; peak memory 633 MiB.
2026-09-29T10:19:37Z INFO [1572/2000] 23fdff89-53f2-4e29-9a95-2095ebd5b3f7: attributed to 000142; 0.0 s; peak memory 633 MiB.
2026-09-29T10:19:37Z INFO [1573/2000] 23ff80ce-f0d3-4c9e-ab80-f6d0d6c9721f: attributed to 001697; 0.5 s; peak memory 633 MiB.
2026-09-29T10:19:37Z INFO [1574/2000] 24059d6e-037d-4933-a90a-e291f8b070f5: attributed to 000946; 0.2 s; peak memory 633 MiB.
2026-09-29T10:19:37Z INFO [1575/2000] 24096b51-3f5c-4ef4-9762-919f6d290736: attributed to 000026; 0.2 s; peak memory 633 MiB.
2026-09-29T10:19:37Z INFO [1576/2000] 2409c415-9e35-43bb-9728-d0348edde4d5: attributed to 001437; 0.2 s; peak memory 633 MiB.
2026-09-29T10:19:37Z INFO [1577/2000] 24194934-98fc-4693-87b2-f797a906e339: attributed to 000109; 0.0 s; peak memory 633 MiB.
2026-09-29T10:19:38Z INFO [1578/2000] 241d0f9d-d1dc-4bdd-8184-d132b0517400: attributed to 000026; 0.2 s; peak memory 633 MiB.
2026-09-29T10:19:38Z INFO [1579/2000] 241dcb1d-5492-4e0c-8e04-4a169f44891e: attributed to 000026; 0.2 s; peak memory 633 MiB.
2026-09-29T10:19:38Z INFO [1580/2000] 241dfd20-1695-4444-a903-276cc2377d32: attributed to 000026; 0.2 s; peak memory 633 MiB.
2026-09-29T10:19:38Z INFO [1581/2000] 24216c19-db3a-4089-85a0-4736d10322f3: attributed to 001697; 0.0 s; peak memory 633 MiB.
2026-09-29T10:19:38Z INFO [1582/2000] 242644d2-ecdb-4db2-ba09-6835d7a53a97: attributed to 001697; 0.0 s; peak memory 633 MiB.
2026-09-29T10:19:38Z INFO [1583/2000] 242c663f-19ee-46f6-87f1-ffaba52d10c8: attributed to 001449; 0.2 s; peak memory 633 MiB.
2026-09-29T10:19:39Z INFO [1584/2000] 242d9bfd-34bd-4fe1-89fd-5e649f9519a1: attributed to 001697; 0.4 s; peak memory 633 MiB.
2026-09-29T10:19:39Z INFO [1585/2000] 2441517e-e4bb-4ca9-90d5-adebcada80c9: attributed to 001697; 0.7 s; peak memory 633 MiB.
2026-09-29T10:19:39Z INFO [1586/2000] 2443c231-7f37-411f-9bcd-5149f93a823c: attributed to 001697; 0.0 s; peak memory 633 MiB.
2026-09-29T10:19:40Z INFO [1587/2000] 245389ff-cb7a-4642-b29c-ae58aac3de23: attributed to 001697; 1.0 s; peak memory 633 MiB.
2026-09-29T10:19:40Z INFO [1588/2000] 245f06bd-41de-4ef7-844c-b97cfcb19cc9: attributed to 000946; 0.2 s; peak memory 633 MiB.
2026-09-29T10:19:41Z INFO [1589/2000] 249f9981-1759-4fb4-9029-0c6ed65741cf: attributed to 001697; 0.9 s; peak memory 633 MiB.
2026-09-29T10:19:42Z INFO [1590/2000] 24be8a44-1da8-41b1-8eab-fbf3ae662588: attributed to 001452; 0.2 s; peak memory 633 MiB.
2026-09-29T10:19:42Z INFO [1591/2000] 24c21a2f-cff3-44bb-ad1a-e12010b1c505: attributed to 000026; 0.2 s; peak memory 633 MiB.
2026-09-29T10:19:42Z INFO [1592/2000] 24d0c63d-a94a-411d-b8c6-bc221f5e4f87: attributed to 000026; 0.3 s; peak memory 633 MiB.
2026-09-29T10:19:42Z INFO [1593/2000] 24d2472b-685f-4e5e-a13a-a1947e8842f5: attributed to 000570; 0.0 s; peak memory 633 MiB.
2026-09-29T10:19:42Z INFO [1594/2000] 24d2b135-f32f-428a-9269-b92028fa8824: attributed to 000026; 0.2 s; peak memory 633 MiB.
2026-09-29T10:19:42Z INFO [1595/2000] 24d41fbe-97af-4255-9498-2e021d29ecdd: attributed to 000946; 0.2 s; peak memory 633 MiB.
2026-09-29T10:19:42Z INFO [1596/2000] 24d6aa60-c742-4bc6-ad9f-a05f3aea60fa: attributed to 001697; 0.0 s; peak memory 633 MiB.
2026-09-29T10:19:43Z INFO [1597/2000] 24d71611-277b-4e34-b916-c8564ae34bb5: attributed to 001697; 0.5 s; peak memory 633 MiB.
2026-09-29T10:19:43Z INFO [1598/2000] 24ded5d4-3b82-44c6-8ce4-34aacca82038: attributed to 000026; 0.2 s; peak memory 633 MiB.
2026-09-29T10:19:43Z INFO [1599/2000] 24e42c47-0b1f-4357-be92-91779f795998: attributed to 001697; 0.0 s; peak memory 633 MiB.
2026-09-29T10:19:43Z INFO [1600/2000] 24e5d66f-b98a-4029-9a7f-0867e8ae53fe: attributed to 001697; 0.4 s; peak memory 633 MiB.
2026-09-29T10:19:45Z INFO [1600/2000] 24e5d66f-b98a-4029-9a7f-0867e8ae53fe: checkpointed 442568 records.
2026-09-29T10:19:45Z INFO [1601/2000] 24eab971-73fe-43ec-a463-632892212571: attributed to 000142; 0.0 s; peak memory 633 MiB.
2026-09-29T10:19:45Z INFO [1602/2000] 24ec605f-7393-4856-a0bf-0ffee3d420c4: attributed to 001697; 0.0 s; peak memory 633 MiB.
2026-09-29T10:19:45Z INFO [1603/2000] 24f22778-c503-47b4-ad2f-e13ee9b10be9: attributed to 001782; 0.2 s; peak memory 633 MiB.
2026-09-29T10:19:45Z INFO [1604/2000] 24f8baa2-9533-4a17-a013-636fd6abe7f5: attributed to 000026; 0.5 s; peak memory 633 MiB.
2026-09-29T10:19:45Z INFO [1605/2000] 25015cf3-2b04-4130-9430-dcf3723cbeb4: attributed to 001697; 0.0 s; peak memory 633 MiB.
2026-09-29T10:19:45Z INFO [1606/2000] 25037855-a6bd-4fe6-8acf-0012097b6b89: attributed to 000293; 0.0 s; peak memory 633 MiB.
2026-09-29T10:19:46Z INFO [1607/2000] 250728ac-38ae-4a1e-ad73-936e1c098eac: attributed to 001372; 0.2 s; peak memory 633 MiB.
2026-09-29T10:19:46Z INFO [1608/2000] 250913d1-971e-4624-ad53-2df2c31303fa: attributed to 001697; 0.4 s; peak memory 633 MiB.
2026-09-29T10:19:46Z INFO [1609/2000] 250afd6e-2ae7-42d2-8cd8-1d5b588bb9dd: attributed to 001697; 0.0 s; peak memory 633 MiB.
2026-09-29T10:19:46Z INFO [1610/2000] 250bce21-0853-497f-acf5-7785680bb3d2: attributed to 001697; 0.0 s; peak memory 633 MiB.
2026-09-29T10:19:46Z INFO [1611/2000] 250de0f8-dca2-4805-8c94-fb63cfd29e56: attributed to 000142; 0.0 s; peak memory 633 MiB.
2026-09-29T10:19:46Z INFO [1612/2000] 250f9222-3eb9-49f8-be90-ae698beed009: attributed to 000026; 0.2 s; peak memory 633 MiB.
2026-09-29T10:19:47Z INFO [1613/2000] 2512552c-52ea-4042-9ab8-14605540cd84: attributed to 001697; 0.6 s; peak memory 633 MiB.
2026-09-29T10:19:47Z INFO [1614/2000] 25140c0c-6fa4-4f81-8fd2-7f7ed4da9908: attributed to 000946; 0.2 s; peak memory 633 MiB.
2026-09-29T10:19:47Z INFO [1615/2000] 2521884e-13a4-4d12-a1f8-134d6a856a07: attributed to 001749; 0.2 s; peak memory 633 MiB.
2026-09-29T10:19:47Z INFO [1616/2000] 252e2607-a713-4e01-ae58-f9a8b03d68f0: attributed to 001697; 0.0 s; peak memory 633 MiB.
2026-09-29T10:19:47Z INFO [1617/2000] 25322081-71e3-44b2-9133-8ba9311acda0: attributed to 000026; 0.2 s; peak memory 633 MiB.
2026-09-29T10:19:47Z INFO [1618/2000] 2535b9c4-d11c-4735-8a5f-5161faf64a57: attributed to 000946; 0.2 s; peak memory 633 MiB.
2026-09-29T10:19:48Z INFO [1619/2000] 253801b3-7b2a-4eb5-b899-85bde81e543a: attributed to 001697; 0.4 s; peak memory 633 MiB.
2026-09-29T10:19:48Z INFO [1620/2000] 253921e8-1b73-4449-8d13-6966462ebf0a: attributed to 001697; 0.0 s; peak memory 633 MiB.
2026-09-29T10:19:48Z INFO [1621/2000] 25397246-a7c0-48a8-9b01-77ade50f9961: attributed to 000946; 0.1 s; peak memory 633 MiB.
2026-09-29T10:19:48Z INFO [1622/2000] 253b220e-f526-4bd1-a5a3-4e7e343c9c42: attributed to 001697; 0.0 s; peak memory 633 MiB.
2026-09-29T10:19:48Z INFO [1623/2000] 253c9416-e52f-4be6-9695-02f3cff01e88: attributed to 001697; 0.0 s; peak memory 633 MiB.
2026-09-29T10:19:49Z INFO [1624/2000] 2541efc0-6850-4e0a-b941-7b3be7db0f2f: attributed to 001697; 0.7 s; peak memory 633 MiB.
2026-09-29T10:19:49Z INFO [1625/2000] 2549268b-3f98-4c7d-9f24-9d4c001608c5: attributed to 001697; 0.7 s; peak memory 633 MiB.
2026-09-29T10:19:49Z INFO [1626/2000] 254bb5c6-c388-49fe-a0e3-a38342ab856e: attributed to 000403; 0.0 s; peak memory 633 MiB.
2026-09-29T10:19:50Z INFO [1627/2000] 254f5000-db1e-4b81-96f3-a2c7e82e3b1d: attributed to 001697; 0.5 s; peak memory 633 MiB.
2026-09-29T10:19:50Z INFO [1628/2000] 255d27c5-c707-442d-b6b0-cf2ac31c046f: attributed to 000026; 0.2 s; peak memory 633 MiB.
2026-09-29T10:19:50Z INFO [1629/2000] 256414f1-b1f6-4756-bf86-be0a26662e7d: attributed to 000026; 0.2 s; peak memory 633 MiB.
2026-09-29T10:19:51Z INFO [1630/2000] 256543a4-82c1-4834-9f9f-04aa8aa25ecb: attributed to 000026; 0.4 s; peak memory 633 MiB.
2026-09-29T10:19:51Z INFO [1631/2000] 256731eb-b868-4aa1-bdfa-01cec9c6f0ea: attributed to 000142; 0.0 s; peak memory 633 MiB.
2026-09-29T10:19:51Z INFO [1632/2000] 257231cb-3d6c-4151-a5bb-1f1f18fdae0b: attributed to 000109; 0.0 s; peak memory 633 MiB.
2026-09-29T10:19:51Z INFO [1633/2000] 25737bd6-5c02-4240-9adb-aaea734aa85c: attributed to 000026; 0.2 s; peak memory 633 MiB.
2026-09-29T10:19:51Z INFO [1634/2000] 2579ef0c-50ae-4cb0-9090-fb711e852581: attributed to 001697; 0.4 s; peak memory 633 MiB.
2026-09-29T10:19:51Z INFO [1635/2000] 257acaad-a973-4e07-ab77-c13417802e43: attributed to 000026; 0.2 s; peak memory 633 MiB.
2026-09-29T10:19:51Z INFO [1636/2000] 2580ecab-02bc-4453-9f35-60c12e74deb8: attributed to 001697; 0.0 s; peak memory 633 MiB.
2026-09-29T10:19:52Z INFO [1637/2000] 25827b5c-8394-4826-9631-7b347702bd0b: attributed to 001697; 0.5 s; peak memory 633 MiB.
2026-09-29T10:19:52Z INFO [1638/2000] 25857ccd-4a7f-4fcd-8422-ad14c638d7ed: attributed to 000173; 0.2 s; peak memory 633 MiB.
2026-09-29T10:19:52Z INFO [1639/2000] 258c9838-64b3-4eab-9e2b-4e4e85a20ecc: attributed to 001697; 0.0 s; peak memory 633 MiB.
2026-09-29T10:19:53Z INFO [1640/2000] 258cb6d7-6f57-48cd-b887-ab5468e8f9ad: attributed to 001697; 0.7 s; peak memory 633 MiB.
2026-09-29T10:19:53Z INFO [1641/2000] 2593eb06-77c7-4d73-a4a3-cac9e1ba5ba6: attributed to 000026; 0.2 s; peak memory 633 MiB.
2026-09-29T10:19:53Z INFO [1642/2000] 25a11337-6371-460a-b294-252ff8326340: attributed to 001697; 0.4 s; peak memory 633 MiB.
2026-09-29T10:19:53Z INFO [1643/2000] 25a6d46e-925e-4f0b-be87-058f6f9d4312: attributed to 000026; 0.2 s; peak memory 633 MiB.
2026-09-29T10:19:54Z INFO [1644/2000] 25af0b22-9ee3-4fb8-9c43-529067e2b755: attributed to 001697; 0.5 s; peak memory 633 MiB.
2026-09-29T10:19:54Z INFO [1645/2000] 25b3dd94-2511-455b-95dc-c6c031c58f1e: attributed to 001697; 0.0 s; peak memory 633 MiB.
2026-09-29T10:19:54Z INFO [1646/2000] 25bc6351-ef37-4721-93e6-ee8aa29c6018: attributed to 001697; 0.5 s; peak memory 633 MiB.
2026-09-29T10:19:54Z INFO [1647/2000] 25c1a50c-2238-48b6-a6c3-22218a30f729: attributed to 001697; 0.0 s; peak memory 633 MiB.
2026-09-29T10:19:55Z INFO [1648/2000] 25cd98d4-390f-4237-9a22-09e825df2a87: attributed to 001697; 0.4 s; peak memory 633 MiB.
2026-09-29T10:19:55Z INFO [1649/2000] 25d6db87-0830-46ac-88bf-4d3283d12786: attributed to 000142; 0.0 s; peak memory 633 MiB.
2026-09-29T10:19:55Z INFO [1650/2000] 25da74e2-6a89-412a-93ee-97d553f35811: attributed to 000209; 0.0 s; peak memory 633 MiB.
2026-09-29T10:19:56Z INFO [1650/2000] 25da74e2-6a89-412a-93ee-97d553f35811: checkpointed 442568 records.
2026-09-29T10:20:14Z INFO [1651/2000] 25e5df0a-530d-4b50-b3ae-df02ef0f1ae2: attributed to 001697; 17.9 s; peak memory 634 MiB.
2026-09-29T10:20:15Z INFO [1652/2000] 25e68e90-2aae-4ddd-9729-708663bc4d4f: attributed to 001697; 0.6 s; peak memory 634 MiB.
2026-09-29T10:20:15Z INFO [1653/2000] 25e781f4-71a9-4222-9681-ea40c8093f64: attributed to 001697; 0.6 s; peak memory 634 MiB.
2026-09-29T10:20:15Z INFO [1654/2000] 25f487ff-5bfd-43d0-99a6-6558a87446c6: attributed to 001697; 0.0 s; peak memory 634 MiB.
2026-09-29T10:20:15Z INFO [1655/2000] 25fe3a19-d82e-4c83-8ef4-8707ab726203: attributed to 001697; 0.0 s; peak memory 634 MiB.
2026-09-29T10:20:15Z INFO [1656/2000] 25feb4ae-cb33-4422-bc1c-e43780c8519f: attributed to 001697; 0.0 s; peak memory 634 MiB.
2026-09-29T10:20:16Z INFO [1657/2000] 25ff8e79-6455-436c-8864-1db0f850db28: attributed to 001697; 0.5 s; peak memory 634 MiB.
2026-09-29T10:20:16Z INFO [1658/2000] 26052e4d-22f3-43ae-a8a2-4d0a468c3746: attributed to 001697; 0.0 s; peak memory 634 MiB.
2026-09-29T10:20:16Z INFO [1659/2000] 2606f6e4-6883-47b7-802e-05f3cf8129b9: attributed to 000026; 0.2 s; peak memory 634 MiB.
2026-09-29T10:20:16Z INFO [1660/2000] 26147c94-24bb-4e03-ba12-73f430f227ea: attributed to 001697; 0.4 s; peak memory 634 MiB.
2026-09-29T10:20:17Z INFO [1661/2000] 26186593-90ea-48f7-9950-c97a780f36bf: attributed to 001697; 0.4 s; peak memory 634 MiB.
2026-09-29T10:20:17Z INFO [1662/2000] 261ad50e-4a50-4a58-86b2-b3c56f282f2a: attributed to 001697; 0.4 s; peak memory 634 MiB.
2026-09-29T10:20:17Z INFO [1663/2000] 261b7bec-e768-4e7a-97f1-7a6ec863c069: attributed to 001697; 0.0 s; peak memory 634 MiB.
2026-09-29T10:20:18Z INFO [1664/2000] 26268d44-bf0f-4984-b0bd-ec0de0181aa8: attributed to 001449; 0.6 s; peak memory 634 MiB.
2026-09-29T10:20:18Z INFO [1665/2000] 262a007a-da87-420a-892f-565dfc4ad627: attributed to 001858; 0.0 s; peak memory 634 MiB.
2026-09-29T10:20:18Z INFO [1666/2000] 26330167-5223-4797-b1a2-f97922ed1031: attributed to 000946; 0.2 s; peak memory 634 MiB.
2026-09-29T10:20:18Z INFO [1667/2000] 26348fb4-0236-45b5-baa8-be1625595c00: attributed to 000570; 0.0 s; peak memory 634 MiB.
2026-09-29T10:20:18Z INFO [1668/2000] 263cb8b5-c4f6-4e1d-bca2-5bc180ada714: attributed to 001697; 0.0 s; peak memory 634 MiB.
2026-09-29T10:20:18Z INFO [1669/2000] 2642a3d8-38a3-412b-a4ce-8732e3d911f7: attributed to 001697; 0.4 s; peak memory 634 MiB.
2026-09-29T10:20:18Z INFO [1670/2000] 2646e4d6-e254-4c31-acaf-014059530e85: attributed to 000946; 0.2 s; peak memory 634 MiB.
2026-09-29T10:20:19Z INFO [1671/2000] 264c9f1e-ec0b-4605-b037-089c0167a574: attributed to 001873; 0.7 s; peak memory 634 MiB.
2026-09-29T10:20:19Z INFO [1672/2000] 2651dd49-c662-481b-9594-04842bb48e29: attributed to 001289; 0.2 s; peak memory 634 MiB.
2026-09-29T10:20:19Z INFO [1673/2000] 26527ecf-cb22-464e-90aa-7b3c41f83b56: attributed to 000142; 0.0 s; peak memory 634 MiB.
2026-09-29T10:20:20Z INFO [1674/2000] 266065fe-8792-40eb-89f4-ec8fb134f384: attributed to 001697; 0.4 s; peak memory 634 MiB.
2026-09-29T10:20:20Z INFO [1675/2000] 267599b8-98c4-4324-8eb0-269f423a319d: attributed to 001697; 0.0 s; peak memory 634 MiB.
2026-09-29T10:20:20Z INFO [1676/2000] 267d75da-cf1e-4b42-bc80-75f921a1fc11: attributed to 001697; 0.4 s; peak memory 634 MiB.
2026-09-29T10:20:20Z INFO [1677/2000] 267e0265-481f-4e04-9124-dfa667bd2574: attributed to 001697; 0.0 s; peak memory 634 MiB.
2026-09-29T10:20:20Z INFO [1678/2000] 26842350-f2c3-4e45-a1d0-bdfc04435372: attributed to 000142; 0.0 s; peak memory 634 MiB.
2026-09-29T10:20:20Z INFO [1679/2000] 26869962-4a7e-4aa7-9fa9-bf202fd87aa4: attributed to 000026; 0.4 s; peak memory 634 MiB.
2026-09-29T10:20:21Z INFO [1680/2000] 268e233f-9cb9-4c48-b034-e52fbcd0b04b: attributed to 001449; 0.2 s; peak memory 634 MiB.
2026-09-29T10:20:21Z INFO [1681/2000] 269290bc-97fc-4c9f-bc97-d8697666300c: attributed to 001697; 0.5 s; peak memory 634 MiB.
2026-09-29T10:20:21Z INFO [1682/2000] 2694407c-9070-4546-8762-5460e620ab33: attributed to 001697; 0.0 s; peak memory 634 MiB.
2026-09-29T10:20:21Z INFO [1683/2000] 2694449d-bfb9-489f-8c34-3c8c78e1c777: attributed to 000209; 0.0 s; peak memory 634 MiB.
2026-09-29T10:20:21Z INFO [1684/2000] 26951783-7b27-4650-951d-88e034a03565: attributed to 000026; 0.2 s; peak memory 634 MiB.
2026-09-29T10:20:22Z INFO [1685/2000] 2697dabd-598c-4ce4-90fe-d1c8ccf7b4a3: attributed to 001449; 0.2 s; peak memory 634 MiB.
2026-09-29T10:20:22Z INFO [1686/2000] 269d52d0-5936-4d66-90f4-54e427e0affe: attributed to 001702; 0.3 s; peak memory 634 MiB.
2026-09-29T10:20:22Z INFO [1687/2000] 26a22fff-7eee-4f9b-8128-a35fdcdc3bbb: attributed to 000570; 0.0 s; peak memory 634 MiB.
2026-09-29T10:20:22Z INFO [1688/2000] 26a5bc7f-8070-4006-a2f5-e118c411a8b4: attributed to 001454; 0.3 s; peak memory 634 MiB.
2026-09-29T10:20:22Z INFO [1689/2000] 26aca1de-9d98-4fdc-bbdc-4b65e1780a7d: attributed to 000403; 0.0 s; peak memory 634 MiB.
2026-09-29T10:20:22Z INFO [1690/2000] 26b5940e-a016-4e8c-bfbb-111ddd729396: attributed to 001697; 0.0 s; peak memory 634 MiB.
2026-09-29T10:20:22Z INFO [1691/2000] 26b5a25d-fa78-41c1-9613-4e7548ef7d49: attributed to 001697; 0.0 s; peak memory 634 MiB.
2026-09-29T10:20:22Z INFO [1692/2000] 26b6f790-7bbc-4a30-ac72-790438968c21: attributed to 000026; 0.2 s; peak memory 634 MiB.
2026-09-29T10:20:22Z INFO [1693/2000] 26c54787-c411-4f3c-89c4-ca6e3638dec8: attributed to 001697; 0.0 s; peak memory 634 MiB.
2026-09-29T10:20:22Z INFO [1694/2000] 26d4a24d-24b4-4844-bda8-eb1643928b72: attributed to 000026; 0.2 s; peak memory 634 MiB.
2026-09-29T10:20:23Z INFO [1695/2000] 26d9cba2-4e31-46bb-9f7c-0c5c22292bfb: attributed to 000026; 0.5 s; peak memory 634 MiB.
2026-09-29T10:20:23Z INFO [1696/2000] 26d9f355-3cac-48a9-9104-2439aa8b84f4: attributed to 001697; 0.0 s; peak memory 634 MiB.
2026-09-29T10:20:23Z INFO [1697/2000] 26dbedf2-9b27-4f00-a9b8-9a9ab695fe22: attributed to 001697; 0.0 s; peak memory 634 MiB.
2026-09-29T10:20:23Z INFO [1698/2000] 26e045bc-f1d1-4844-893c-2a7797c69053: attributed to 000403; 0.0 s; peak memory 634 MiB.
2026-09-29T10:20:23Z INFO [1699/2000] 26e14fe8-2241-421e-b679-b46e4619c3fa: attributed to 001697; 0.4 s; peak memory 634 MiB.
2026-09-29T10:20:24Z INFO [1700/2000] 26e9040a-79cd-4250-b1b4-4ef8aac43109: attributed to 000946; 0.2 s; peak memory 634 MiB.
2026-09-29T10:20:25Z INFO [1700/2000] 26e9040a-79cd-4250-b1b4-4ef8aac43109: checkpointed 442568 records.
2026-09-29T10:20:25Z INFO [1701/2000] 26ec5880-a2cf-47e8-8421-81b09f508a01: attributed to 000946; 0.2 s; peak memory 634 MiB.
2026-09-29T10:20:25Z INFO [1702/2000] 26f7c956-8dac-4f21-8dda-b494da506113: attributed to 000026; 0.2 s; peak memory 634 MiB.
2026-09-29T10:20:25Z INFO [1703/2000] 26f9a5e0-6087-4c15-86ca-f43a0544a5ef: attributed to 001697; 0.0 s; peak memory 634 MiB.
2026-09-29T10:20:26Z INFO [1704/2000] 26fefc08-51a7-4209-92c8-8b0bfa07cfe7: attributed to 001697; 0.5 s; peak memory 634 MiB.
2026-09-29T10:20:26Z INFO [1705/2000] 270669dd-6e3b-44f6-8161-97fd5d9f47ef: attributed to 000026; 0.2 s; peak memory 634 MiB.
2026-09-29T10:20:26Z INFO [1706/2000] 2706db73-f2d2-4f59-a6be-1d315bf9e5ca: attributed to 000026; 0.2 s; peak memory 634 MiB.
2026-09-29T10:20:27Z INFO [1707/2000] 27074ed9-ded0-4375-8bb4-913dba124bc1: attributed to 001697; 0.6 s; peak memory 634 MiB.
2026-09-29T10:20:28Z INFO [1708/2000] 270b6b0e-ae50-4fbd-af32-5eb1425c4194: attributed to 001697; 0.9 s; peak memory 634 MiB.
2026-09-29T10:20:28Z INFO [1709/2000] 271671eb-b9fd-4639-9061-9fd70a9a9352: attributed to 000142; 0.0 s; peak memory 634 MiB.
2026-09-29T10:20:28Z INFO [1710/2000] 2717632b-54a4-4ecc-8cad-9628018dc103: attributed to 000026; 0.4 s; peak memory 634 MiB.
2026-09-29T10:20:28Z INFO [1711/2000] 2719f71a-78a9-4128-81e9-217644fef5e0: attributed to 000946; 0.2 s; peak memory 634 MiB.
2026-09-29T10:20:28Z INFO [1712/2000] 272de6e7-fc31-482f-b7fd-a9c4a1bc8211: attributed to 001697; 0.0 s; peak memory 634 MiB.
2026-09-29T10:20:29Z INFO [1713/2000] 272f59a2-fc38-46d3-bdc4-33387608afe0: attributed to 001697; 0.4 s; peak memory 634 MiB.
2026-09-29T10:20:30Z INFO [1714/2000] 273494f9-58f1-44cd-a034-b36daeffc8bf: attributed to 000571; 1.5 s; peak memory 634 MiB.
2026-09-29T10:20:30Z INFO [1715/2000] 27434f1f-ce5f-422a-a529-e41acc811dc9: attributed to 000026; 0.2 s; peak memory 634 MiB.
2026-09-29T10:20:30Z INFO [1716/2000] 274943db-d4f7-47e6-b703-52730660b073: attributed to 001697; 0.0 s; peak memory 634 MiB.
2026-09-29T10:20:31Z INFO [1717/2000] 275002fa-7db2-41e6-afa0-a78476e372b6: attributed to 001697; 0.5 s; peak memory 634 MiB.
2026-09-29T10:20:31Z INFO [1718/2000] 27519eed-7953-44dc-80ea-3d16c97cd4cc: attributed to 001697; 0.0 s; peak memory 634 MiB.
2026-09-29T10:20:31Z INFO [1719/2000] 275b3fb5-fb72-4b10-b05d-5d9000703425: attributed to 001697; 0.0 s; peak memory 634 MiB.
2026-09-29T10:20:31Z INFO [1720/2000] 275f3cc0-d38a-40b5-b13b-e888dc57bbf8: attributed to 000026; 0.2 s; peak memory 634 MiB.
2026-09-29T10:20:31Z INFO [1721/2000] 27628189-1f0a-41fa-8e76-cf193fb2d031: attributed to 001697; 0.4 s; peak memory 634 MiB.
2026-09-29T10:20:32Z INFO [1722/2000] 276f8992-f85c-4271-b5c9-ccb5bd8216e5: attributed to 001697; 0.5 s; peak memory 634 MiB.
2026-09-29T10:20:32Z INFO [1723/2000] 27806135-f68c-4a66-919d-683f45227bac: attributed to 001697; 0.0 s; peak memory 634 MiB.
2026-09-29T10:20:32Z INFO [1724/2000] 278a5386-e762-4758-b0ff-57719556d0c3: attributed to 001697; 0.0 s; peak memory 634 MiB.
2026-09-29T10:20:32Z INFO [1725/2000] 278a8615-e5d4-45c4-b21f-9491adc03366: attributed to 001697; 0.0 s; peak memory 634 MiB.
2026-09-29T10:20:32Z INFO [1726/2000] 278da514-6d55-4b21-8e0d-e49186961907: attributed to 000946; 0.2 s; peak memory 634 MiB.
2026-09-29T10:20:32Z INFO [1727/2000] 278e1e32-0918-4d86-89cc-bf7342de7bd2: attributed to 000026; 0.2 s; peak memory 634 MiB.
2026-09-29T10:20:32Z INFO [1728/2000] 27988443-0bd8-439e-b9fb-3fd427a42f41: attributed to 000231; 0.2 s; peak memory 634 MiB.
2026-09-29T10:20:32Z INFO [1729/2000] 279f4cab-fb86-4170-9272-f258ba178703: attributed to 001449; 0.2 s; peak memory 634 MiB.
2026-09-29T10:20:32Z INFO [1730/2000] 279f9784-ce86-449b-8a91-38aff7c8d05c: attributed to 000142; 0.0 s; peak memory 634 MiB.
2026-09-29T10:20:32Z INFO [1731/2000] 27a0a206-0a43-469f-824e-038473fe3be5: attributed to 001697; 0.0 s; peak memory 634 MiB.
2026-09-29T10:20:32Z INFO [1732/2000] 27a3f0f4-2bae-403e-958e-bc1bda56fac4: attributed to 001697; 0.0 s; peak memory 634 MiB.
2026-09-29T10:20:32Z INFO [1733/2000] 27a6d0ed-43db-459d-a71e-c9e8f70425ac: attributed to 001697; 0.0 s; peak memory 634 MiB.
2026-09-29T10:20:32Z INFO [1734/2000] 27a7bae1-1ccc-497c-9995-22eba21e5b99: attributed to 000570; 0.0 s; peak memory 634 MiB.
2026-09-29T10:20:32Z INFO [1735/2000] 27a89893-3018-4cea-a5bb-7ecdda6d7a64: attributed to 000293; 0.0 s; peak memory 634 MiB.
2026-09-29T10:20:32Z INFO [1736/2000] 27aa0b94-803b-4026-bdc2-fe8a4850d025: attributed to 000026; 0.2 s; peak memory 634 MiB.
2026-09-29T10:20:32Z INFO [1737/2000] 27c8ff56-1708-4861-a971-8e4d0511c7e9: attributed to 000142; 0.0 s; peak memory 634 MiB.
2026-09-29T10:20:32Z INFO [1738/2000] 27caeed0-ba71-4cbb-9682-99a6c9cff345: attributed to 001748; 0.0 s; peak memory 634 MiB.
2026-09-29T10:20:33Z INFO [1739/2000] 27d82acd-b76d-4f25-a9dd-1289be542431: attributed to 001063; 0.2 s; peak memory 634 MiB.
2026-09-29T10:20:33Z INFO [1740/2000] 27daeccd-14c0-434e-ad9e-3d3d021dbba9: attributed to 000946; 0.2 s; peak memory 634 MiB.
2026-09-29T10:20:33Z INFO [1741/2000] 27dbacba-28f7-46f0-a1da-3de6374e8435: attributed to 000946; 0.2 s; peak memory 634 MiB.
2026-09-29T10:20:33Z INFO [1742/2000] 27dcf1ae-64a7-4b3f-bb0b-d85777e7eb09: attributed to 000026; 0.2 s; peak memory 634 MiB.
2026-09-29T10:20:33Z INFO [1743/2000] 27de23be-33d4-45aa-a5bd-36379b15a704: attributed to 000026; 0.2 s; peak memory 634 MiB.
2026-09-29T10:20:33Z INFO [1744/2000] 27e343b1-16a5-4b6a-b3ae-4c98cff2f47a: attributed to 001697; 0.0 s; peak memory 634 MiB.
2026-09-29T10:20:33Z INFO [1745/2000] 27e3a1dd-8099-4fb0-8095-7cdbefef951c: attributed to 000142; 0.0 s; peak memory 634 MiB.
2026-09-29T10:20:34Z INFO [1746/2000] 27f7bb6b-914b-4464-adf5-53f59a272c65: attributed to 001697; 0.4 s; peak memory 634 MiB.
2026-09-29T10:20:35Z INFO [1747/2000] 2802e736-c0cd-432b-a66b-7889b5bcd1f2: attributed to 001697; 0.9 s; peak memory 634 MiB.
2026-09-29T10:20:35Z INFO [1748/2000] 2805bf0f-ecd0-4931-8e74-bcbdf2cbcc5d: attributed to 001697; 0.0 s; peak memory 634 MiB.
2026-09-29T10:20:35Z INFO [1749/2000] 2805dc8e-6aad-4d66-8241-cbaee53445a1: attributed to 000026; 0.2 s; peak memory 634 MiB.
2026-09-29T10:20:35Z INFO [1750/2000] 28070ad2-d75e-4a3b-aaf4-883933e47a0d: attributed to 000403; 0.0 s; peak memory 634 MiB.
2026-09-29T10:20:36Z INFO [1750/2000] 28070ad2-d75e-4a3b-aaf4-883933e47a0d: checkpointed 442568 records.
2026-09-29T10:20:36Z INFO [1751/2000] 280c560f-d41d-4dd4-8970-94dcaa8484f2: attributed to 000946; 0.2 s; peak memory 634 MiB.
2026-09-29T10:20:36Z INFO [1752/2000] 2812b84a-9b9d-4b44-a044-57405f99445d: attributed to 000142; 0.0 s; peak memory 634 MiB.
2026-09-29T10:20:36Z INFO [1753/2000] 281300ca-9f32-4ca6-b513-beec31bd96a9: attributed to 001697; 0.0 s; peak memory 634 MiB.
2026-09-29T10:20:36Z INFO [1754/2000] 2814e481-32f3-4fcb-a725-bb33ba8d5e61: attributed to 000209; 0.0 s; peak memory 634 MiB.
2026-09-29T10:20:36Z INFO [1755/2000] 2814f1ed-3a00-4ce2-936e-2387bfb180b3: attributed to 001697; 0.0 s; peak memory 634 MiB.
2026-09-29T10:20:36Z INFO [1756/2000] 281e7b34-9abb-45bc-a60c-7984f3bd51b9: attributed to 000946; 0.2 s; peak memory 634 MiB.
2026-09-29T10:20:36Z INFO [1757/2000] 2824ff43-8042-4a2b-b604-426513db83e0: attributed to 000026; 0.2 s; peak memory 634 MiB.
2026-09-29T10:20:36Z INFO [1758/2000] 2826cc82-db6c-4849-ad5f-021ef17dc48f: attributed to 001697; 0.0 s; peak memory 634 MiB.
2026-09-29T10:20:37Z INFO [1759/2000] 28359fbd-6fa5-41d6-80f5-73b6b452b77c: attributed to 000946; 0.2 s; peak memory 634 MiB.
2026-09-29T10:20:37Z INFO [1760/2000] 283a454f-ca2a-4da2-a7da-2df972564069: attributed to 000946; 0.2 s; peak memory 634 MiB.
2026-09-29T10:20:37Z INFO [1761/2000] 284db9b6-d6c6-471e-b52d-5f206a2a2c3e: attributed to 002012; 0.4 s; peak memory 634 MiB.
2026-09-29T10:20:37Z INFO [1762/2000] 285791c2-0c99-46ac-90d9-7c8f3c4a4281: attributed to 000109; 0.0 s; peak memory 634 MiB.
2026-09-29T10:20:38Z INFO [1763/2000] 28632367-e4a3-4a01-979d-e7de1d4fc18e: attributed to 001697; 0.4 s; peak memory 634 MiB.
2026-09-29T10:20:38Z INFO [1764/2000] 28679cf8-6cc1-4241-9a26-88a5deef0427: attributed to 000026; 0.2 s; peak memory 634 MiB.
2026-09-29T10:20:38Z INFO [1765/2000] 287c18a6-3281-4ff5-abad-198d69e8203e: attributed to 001697; 0.0 s; peak memory 634 MiB.
2026-09-29T10:20:38Z INFO [1766/2000] 2884ce3d-0532-468e-9a00-89a76b82f1ff: attributed to 000026; 0.2 s; peak memory 634 MiB.
2026-09-29T10:20:38Z INFO [1767/2000] 2885603a-44dc-4e4f-a08b-ab4d1099408f: attributed to 001697; 0.4 s; peak memory 634 MiB.
2026-09-29T10:20:39Z INFO [1768/2000] 288964dc-a7ba-40c7-9a3a-9415ca9b740f: attributed to 000026; 0.4 s; peak memory 634 MiB.
2026-09-29T10:20:39Z INFO [1769/2000] 288bfc8a-3f9d-4d83-9f3d-c13191cdd945: attributed to 001697; 0.4 s; peak memory 634 MiB.
2026-09-29T10:20:39Z INFO [1770/2000] 2890c1f6-3a95-476e-8e3b-2205a73b5263: attributed to 001697; 0.4 s; peak memory 634 MiB.
2026-09-29T10:20:39Z INFO [1771/2000] 28983321-7599-445a-a040-17d4b29334a6: attributed to 001697; 0.0 s; peak memory 634 MiB.
2026-09-29T10:20:40Z INFO [1772/2000] 289d1cb2-a84a-4583-8c69-d1f1541384c3: attributed to 001697; 0.6 s; peak memory 634 MiB.
2026-09-29T10:20:41Z INFO [1773/2000] 28a2d150-b460-4905-8595-5b3113c3a944: attributed to 001697; 0.8 s; peak memory 634 MiB.
2026-09-29T10:20:41Z INFO [1774/2000] 28a59778-68cc-4398-9218-523a881d1123: attributed to 001697; 0.0 s; peak memory 634 MiB.
2026-09-29T10:20:41Z INFO [1775/2000] 28a7096b-6a40-49ac-84d3-d061895e3ba8: attributed to 001449; 0.2 s; peak memory 634 MiB.
2026-09-29T10:20:41Z INFO [1776/2000] 28a9ecbe-1548-4237-a86f-822f8d722da1: attributed to 000946; 0.2 s; peak memory 634 MiB.
2026-09-29T10:20:41Z INFO [1777/2000] 28bc4dfd-68a9-4026-9601-6e0dbd4a20b4: attributed to 000946; 0.2 s; peak memory 634 MiB.
2026-09-29T10:20:41Z INFO [1778/2000] 28bcacbd-22b1-475d-b80b-d0e0ddaaecd7: attributed to 001697; 0.0 s; peak memory 634 MiB.
2026-09-29T10:20:41Z INFO [1779/2000] 28c044fd-108d-4d43-badd-98e13520574d: attributed to 000946; 0.2 s; peak memory 634 MiB.
2026-09-29T10:20:41Z INFO [1780/2000] 28c10bb8-b868-4802-9f26-5b5d2b69713c: attributed to 001697; 0.0 s; peak memory 634 MiB.
2026-09-29T10:20:42Z INFO [1781/2000] 28ce8039-5a90-4719-b905-d776eebb2fa9: attributed to 001449; 0.2 s; peak memory 634 MiB.
2026-09-29T10:20:42Z INFO [1782/2000] 28d21714-aa8c-4d83-9adb-3d3872ab4f98: attributed to 001697; 0.0 s; peak memory 634 MiB.
2026-09-29T10:20:42Z INFO [1783/2000] 28d2e705-8a2e-44a1-9a92-a923e9993ed0: attributed to 001697; 0.0 s; peak memory 634 MiB.
2026-09-29T10:20:42Z INFO [1784/2000] 28dca689-2e35-4472-bac5-852fb7c67a40: attributed to 000026; 0.2 s; peak memory 634 MiB.
2026-09-29T10:20:42Z INFO [1785/2000] 28ddeb6e-0efb-4497-82a1-e857fe771668: attributed to 000946; 0.2 s; peak memory 634 MiB.
2026-09-29T10:20:42Z INFO [1786/2000] 28e3a261-a901-495b-b998-5d6d0c8f06c2: attributed to 001697; 0.5 s; peak memory 634 MiB.
2026-09-29T10:20:42Z INFO [1787/2000] 28e47e2f-31b5-4acd-ad6b-b1d9bcda094a: attributed to 001697; 0.0 s; peak memory 634 MiB.
2026-09-29T10:20:43Z INFO [1788/2000] 28eeaf64-428b-45b0-a73e-412b7dd08921: attributed to 000946; 0.1 s; peak memory 634 MiB.
2026-09-29T10:20:43Z INFO [1789/2000] 28fd3ca1-b72a-45c7-8b7f-afb3eb3b40f4: attributed to 001697; 0.5 s; peak memory 634 MiB.
2026-09-29T10:20:44Z INFO [1790/2000] 28ff9e37-dc10-4e12-88b6-de9c2f430c50: attributed to 001697; 0.5 s; peak memory 634 MiB.
2026-09-29T10:20:44Z INFO [1791/2000] 290628be-32ee-4da8-afd0-349ab6c3691c: attributed to 000026; 0.2 s; peak memory 634 MiB.
2026-09-29T10:20:44Z INFO [1792/2000] 291e6952-e88c-4cc5-b718-8e87b7ea5720: attributed to 001697; 0.0 s; peak memory 634 MiB.
2026-09-29T10:20:44Z INFO [1793/2000] 29226593-e4ae-461b-8b5f-5d7eb6a77640: attributed to 001697; 0.5 s; peak memory 634 MiB.
2026-09-29T10:20:45Z INFO [1794/2000] 292863b5-6969-4070-8042-d8a1a5eda9e1: attributed to 001697; 0.6 s; peak memory 634 MiB.
2026-09-29T10:20:45Z INFO [1795/2000] 2929e16c-c57a-4ed4-b30c-3bdcfd75af21: attributed to 001196; 0.3 s; peak memory 634 MiB.
2026-09-29T10:20:45Z INFO [1796/2000] 2930413f-f245-45bd-8416-08c1c396e267: attributed to 001697; 0.4 s; peak memory 634 MiB.
2026-09-29T10:20:46Z INFO [1797/2000] 293c45a5-28d0-4499-9641-b326acb7c3a6: attributed to 001697; 0.5 s; peak memory 634 MiB.
2026-09-29T10:20:47Z INFO [1798/2000] 29414b63-f256-464b-9ad6-22e88c9b4fe2: attributed to 001697; 0.8 s; peak memory 634 MiB.
2026-09-29T10:20:47Z INFO [1799/2000] 294c02e9-ab6b-4cd6-b55f-dfafcd1806af: attributed to 001697; 0.6 s; peak memory 634 MiB.
2026-09-29T10:20:47Z INFO [1800/2000] 295c2a88-c548-440f-9ae9-e1a3439e376f: attributed to 000142; 0.0 s; peak memory 634 MiB.
2026-09-29T10:20:49Z INFO [1800/2000] 295c2a88-c548-440f-9ae9-e1a3439e376f: checkpointed 442568 records.
2026-09-29T10:20:49Z INFO [1801/2000] 29627066-d408-49d9-9bb6-3d8a144ee28a: attributed to 001697; 0.0 s; peak memory 634 MiB.
2026-09-29T10:20:49Z INFO [1802/2000] 2962e6a1-47f5-438f-9e36-2741922e4438: attributed to 001697; 0.0 s; peak memory 634 MiB.
2026-09-29T10:20:49Z INFO [1803/2000] 29672ee5-6d4b-4916-a446-bc9cb1736711: attributed to 001782; 0.2 s; peak memory 634 MiB.
2026-09-29T10:20:49Z INFO [1804/2000] 29699a68-683e-4fa5-8a97-a827d75960a2: attributed to 000946; 0.2 s; peak memory 634 MiB.
2026-09-29T10:20:49Z INFO [1805/2000] 296a2fd3-9471-479a-8a46-c2e486c2d134: attributed to 001697; 0.4 s; peak memory 634 MiB.
2026-09-29T10:20:49Z INFO [1806/2000] 2970d927-bf9b-4a97-bced-a5a61308ec72: attributed to 001697; 0.0 s; peak memory 634 MiB.
2026-09-29T10:20:49Z INFO [1807/2000] 297b6ab4-9b88-45ce-a000-6e2a08604365: attributed to 000946; 0.2 s; peak memory 634 MiB.
2026-09-29T10:20:49Z INFO [1808/2000] 2981e2f2-73bc-41e4-9332-0f5003c9a929: attributed to 000142; 0.0 s; peak memory 634 MiB.
2026-09-29T10:20:49Z INFO [1809/2000] 2983ef51-5afc-4586-bf4a-d50117bbd114: attributed to 001697; 0.0 s; peak memory 634 MiB.
2026-09-29T10:20:50Z INFO [1810/2000] 29841cb2-b771-4a06-87dd-2265cb1247e2: attributed to 000946; 0.2 s; peak memory 634 MiB.
2026-09-29T10:20:50Z INFO [1811/2000] 298535fa-0e8e-4732-8f85-c883aa01d9d1: attributed to 001791; 0.2 s; peak memory 634 MiB.
2026-09-29T10:20:50Z INFO [1812/2000] 29895e8c-fc70-405c-8613-e5c04bfd4201: attributed to 001697; 0.4 s; peak memory 634 MiB.
2026-09-29T10:20:50Z INFO [1813/2000] 2997d3a1-4fc9-4332-a183-0fdd9b721b45: attributed to 001697; 0.0 s; peak memory 634 MiB.
2026-09-29T10:20:50Z INFO [1814/2000] 29981a1a-4a26-4d5a-9022-fd9303009420: attributed to 000946; 0.2 s; peak memory 634 MiB.
2026-09-29T10:20:50Z INFO [1815/2000] 299f9728-c280-4d48-bad2-970d632f396b: attributed to 000109; 0.0 s; peak memory 634 MiB.
2026-09-29T10:20:50Z INFO [1816/2000] 29a29656-49a3-4d15-9b28-8e9f4402df11: attributed to 001697; 0.0 s; peak memory 634 MiB.
2026-09-29T10:20:50Z INFO [1817/2000] 29b23361-d5d2-4c24-9f54-3790029f05f3: attributed to 000570; 0.0 s; peak memory 634 MiB.
2026-09-29T10:20:50Z INFO [1818/2000] 29b94d82-b213-4748-a25c-2e02ccd39b75: attributed to 001697; 0.0 s; peak memory 634 MiB.
2026-09-29T10:20:50Z INFO [1819/2000] 29ba5b55-dd77-4428-b7d7-dbfb19e1dd10: attributed to 000568; 0.2 s; peak memory 634 MiB.
2026-09-29T10:20:50Z INFO [1820/2000] 29ba7e21-e024-4bc7-8d7f-943c90383278: attributed to 001697; 0.0 s; peak memory 634 MiB.
2026-09-29T10:20:50Z INFO [1821/2000] 29c89448-e78a-47fc-97af-6eda2a1b7389: attributed to 001697; 0.0 s; peak memory 634 MiB.
2026-09-29T10:20:50Z INFO [1822/2000] 29cb0386-70fa-409e-9540-5bb877573d95: attributed to 001697; 0.0 s; peak memory 634 MiB.
2026-09-29T10:20:51Z INFO [1823/2000] 29cb625b-c84c-40af-ad05-e0d4526c3138: attributed to 000946; 0.2 s; peak memory 634 MiB.
2026-09-29T10:20:51Z INFO [1824/2000] 29cb6c64-e724-4018-875d-9ff497fb13b0: attributed to 000026; 0.2 s; peak memory 634 MiB.
2026-09-29T10:20:51Z INFO [1825/2000] 29cd1ccf-6645-44eb-a829-ea8a80983170: attributed to 000026; 0.2 s; peak memory 634 MiB.
2026-09-29T10:20:52Z INFO [1826/2000] 29ce6d57-7982-4b0c-bd73-7a3e187042ac: attributed to 001697; 1.2 s; peak memory 634 MiB.
2026-09-29T10:20:52Z INFO [1827/2000] 29d237e3-7635-486c-93fe-95d702e73664: attributed to 000570; 0.0 s; peak memory 634 MiB.
2026-09-29T10:20:53Z INFO [1828/2000] 29d29fb3-f460-4b80-b362-9c667a3712a2: attributed to 001697; 0.5 s; peak memory 634 MiB.
2026-09-29T10:20:53Z INFO [1829/2000] 29d5ea5e-e1c9-44bc-91f1-ec96498eb38e: attributed to 000026; 0.5 s; peak memory 634 MiB.
2026-09-29T10:20:54Z INFO [1830/2000] 29d89faf-6f69-4e91-a72f-bc05a504b707: attributed to 001697; 0.9 s; peak memory 634 MiB.
2026-09-29T10:20:54Z INFO [1831/2000] 29d8b5ce-5af3-48b7-9594-fc661eca21d6: attributed to 000946; 0.2 s; peak memory 634 MiB.
2026-09-29T10:20:54Z INFO [1832/2000] 29da80e4-dd73-4b35-9f23-49b61f069385: attributed to 001697; 0.0 s; peak memory 634 MiB.
2026-09-29T10:20:54Z INFO [1833/2000] 29db45a8-a699-492c-ad5c-0609fa8dd2a8: attributed to 000026; 0.2 s; peak memory 634 MiB.
2026-09-29T10:20:54Z INFO [1834/2000] 29db754f-44bc-4e8d-a842-71b3e27e36f0: attributed to 000209; 0.0 s; peak memory 634 MiB.
2026-09-29T10:20:55Z INFO [1835/2000] 29dcf585-063d-472a-8e0f-5702a5598d3d: attributed to 000026; 0.7 s; peak memory 634 MiB.
2026-09-29T10:20:55Z INFO [1836/2000] 29de868b-412f-449d-afc1-fdb37d9c1f83: attributed to 001697; 0.0 s; peak memory 634 MiB.
2026-09-29T10:20:56Z INFO [1837/2000] 29e08920-0c1f-44f0-b9ca-b8b4472df078: attributed to 001697; 0.4 s; peak memory 634 MiB.
2026-09-29T10:20:56Z INFO [1838/2000] 29e23b66-6042-4a46-a9a5-a40a9d8bf2fd: attributed to 000209; 0.0 s; peak memory 634 MiB.
2026-09-29T10:20:56Z INFO [1839/2000] 29e70091-06d4-4add-8918-8b409a0a5347: attributed to 000570; 0.0 s; peak memory 634 MiB.
2026-09-29T10:20:56Z INFO [1840/2000] 29e71ab0-83bb-4ec0-9b99-2757384f72ad: attributed to 000946; 0.2 s; peak memory 634 MiB.
2026-09-29T10:20:56Z INFO [1841/2000] 29ef35a1-8239-4396-a831-6362118b3f1d: attributed to 000109; 0.0 s; peak memory 634 MiB.
2026-09-29T10:20:57Z INFO [1842/2000] 29f44dc4-0833-4194-bd0c-2d2d5ca3167b: attributed to 001697; 0.9 s; peak memory 634 MiB.
2026-09-29T10:20:57Z INFO [1843/2000] 2a011ffd-9af7-4872-b3e3-2548dc1134a8: attributed to 000109; 0.0 s; peak memory 634 MiB.
2026-09-29T10:20:57Z INFO [1844/2000] 2a0358a6-ea0e-423f-b812-c0c07f45eb85: attributed to 001858; 0.0 s; peak memory 634 MiB.
2026-09-29T10:20:57Z INFO [1845/2000] 2a04d4a7-f499-4189-907e-0868ef7ca125: attributed to 000403; 0.0 s; peak memory 634 MiB.
2026-09-29T10:20:57Z INFO [1846/2000] 2a0a3f76-c26f-40b4-8521-a554ca012ca9: attributed to 001697; 0.0 s; peak memory 634 MiB.
2026-09-29T10:20:57Z INFO [1847/2000] 2a0a562c-782e-49d1-bd81-04ae99a24ef1: attributed to 000209; 0.0 s; peak memory 634 MiB.
2026-09-29T10:20:57Z INFO [1848/2000] 2a1200b6-d4be-48df-a245-61169e3561e5: attributed to 001697; 0.6 s; peak memory 634 MiB.
2026-09-29T10:20:57Z INFO [1849/2000] 2a1d6cfb-a673-4fbd-a9ff-94e14879463b: attributed to 001697; 0.0 s; peak memory 634 MiB.
2026-09-29T10:20:58Z INFO [1850/2000] 2a1f3472-3af4-4413-8c60-b60477dd2a6e: attributed to 001697; 0.8 s; peak memory 634 MiB.
2026-09-29T10:20:59Z INFO [1850/2000] 2a1f3472-3af4-4413-8c60-b60477dd2a6e: checkpointed 442568 records.
2026-09-29T10:21:00Z INFO [1851/2000] 2a29265a-93b8-4b4b-9c86-48a199219573: attributed to 001697; 0.6 s; peak memory 634 MiB.
2026-09-29T10:21:00Z INFO [1852/2000] 2a2eb638-8089-4ecf-a95b-67ffb0f4a5a7: attributed to 000026; 0.2 s; peak memory 634 MiB.
2026-09-29T10:21:00Z INFO [1853/2000] 2a3cbcfd-89bb-42ea-8a82-10f46da7c231: attributed to 001449; 0.2 s; peak memory 634 MiB.
2026-09-29T10:21:01Z INFO [1854/2000] 2a48f2c6-e22b-42b5-9ab9-737d3b036873: attributed to 001697; 0.4 s; peak memory 634 MiB.
2026-09-29T10:21:02Z INFO [1855/2000] 2a53a5d6-46ab-4e13-8775-24deb9799a38: attributed to 001697; 1.1 s; peak memory 634 MiB.
2026-09-29T10:21:02Z INFO [1856/2000] 2a6b3b45-4cfc-426c-aa47-40f0a26133c6: attributed to 000026; 0.2 s; peak memory 634 MiB.
2026-09-29T10:21:03Z INFO [1857/2000] 2a6ba9b1-2c14-4b3f-9f6f-643dffbe3eac: attributed to 001697; 1.1 s; peak memory 634 MiB.
2026-09-29T10:21:03Z INFO [1858/2000] 2a78073b-3637-440f-ae55-3eccf0a0ec14: attributed to 000026; 0.2 s; peak memory 634 MiB.
2026-09-29T10:21:04Z INFO [1859/2000] 2a786ecc-00b0-43f2-bac6-fd98bf642543: attributed to 001697; 0.6 s; peak memory 634 MiB.
2026-09-29T10:21:04Z INFO [1860/2000] 2a7ec26e-d1a2-49b7-845f-6e1b92e934b5: attributed to 001697; 0.5 s; peak memory 634 MiB.
2026-09-29T10:21:05Z INFO [1861/2000] 2a89c07f-37c5-4bb3-a147-9f1020b29d15: attributed to 001873; 0.7 s; peak memory 634 MiB.
2026-09-29T10:21:05Z INFO [1862/2000] 2a8b37f1-4d94-47ce-a81e-91af1c322f16: attributed to 000142; 0.0 s; peak memory 634 MiB.
2026-09-29T10:21:06Z INFO [1863/2000] 2a8ff33d-1668-4572-8bc6-e3d571cf009f: attributed to 001697; 0.4 s; peak memory 634 MiB.
2026-09-29T10:21:06Z INFO [1864/2000] 2a9fa7f9-0d5e-488c-931b-681568ec06ee: attributed to 001697; 0.7 s; peak memory 634 MiB.
2026-09-29T10:21:06Z INFO [1865/2000] 2aa04d96-cd05-48e6-976e-33bad5554878: attributed to 001697; 0.0 s; peak memory 634 MiB.
2026-09-29T10:21:06Z INFO [1866/2000] 2aa40a1d-36a6-4a9e-a7ff-84c67f489da2: attributed to 000209; 0.0 s; peak memory 634 MiB.
2026-09-29T10:21:06Z INFO [1867/2000] 2aa5d5d5-f82a-4662-8427-d1dcc37b4a50: attributed to 000403; 0.0 s; peak memory 634 MiB.
2026-09-29T10:21:06Z INFO [1868/2000] 2aaf396a-6dbb-4701-93eb-265ad7e53f5e: attributed to 000142; 0.0 s; peak memory 634 MiB.
2026-09-29T10:21:07Z INFO [1869/2000] 2abf1ec3-d2be-45d1-a9e1-f02adca9eac1: attributed to 001697; 0.4 s; peak memory 634 MiB.
2026-09-29T10:21:07Z INFO [1870/2000] 2ac4a91b-7e9e-4abe-9e44-b42295a0b7f8: attributed to 001697; 0.0 s; peak memory 634 MiB.
2026-09-29T10:21:07Z INFO [1871/2000] 2ac89e36-15ef-405e-a502-4f08d5e6e78b: attributed to 001697; 0.0 s; peak memory 634 MiB.
2026-09-29T10:21:07Z INFO [1872/2000] 2acbba06-355d-4098-97b3-5eb00700c02b: attributed to 001697; 0.4 s; peak memory 634 MiB.
2026-09-29T10:21:08Z INFO [1873/2000] 2acc8764-b17c-42f2-b348-63b7edc8b5b8: attributed to 001697; 0.6 s; peak memory 634 MiB.
2026-09-29T10:21:08Z INFO [1874/2000] 2ad00353-3215-4289-88dc-ee65e8910dcd: attributed to 000142; 0.0 s; peak memory 634 MiB.
2026-09-29T10:21:08Z INFO [1875/2000] 2ad3c1b3-dea1-4705-8c8d-d89396d01600: attributed to 001697; 0.7 s; peak memory 634 MiB.
2026-09-29T10:21:08Z INFO [1876/2000] 2adcd211-b8dd-4396-9bf4-8e39c4f3ad50: attributed to 000026; 0.2 s; peak memory 634 MiB.
2026-09-29T10:21:09Z INFO [1877/2000] 2ade8c00-1069-4370-b402-8a744a070de6: attributed to 001697; 0.4 s; peak memory 634 MiB.
2026-09-29T10:21:09Z INFO [1878/2000] 2af126cf-58cd-489d-a075-d0215a08f929: attributed to 001697; 0.4 s; peak memory 634 MiB.
2026-09-29T10:21:09Z INFO [1879/2000] 2af5f1a9-0d47-4335-b76e-4d3c347e0410: attributed to 001697; 0.0 s; peak memory 634 MiB.
2026-09-29T10:21:09Z INFO [1880/2000] 2afb7c0e-c708-4d74-b955-a0d8ca20a8ff: attributed to 001697; 0.0 s; peak memory 634 MiB.
2026-09-29T10:21:09Z INFO [1881/2000] 2b05010d-f81c-44b3-a7a4-28d57ab2c30a: attributed to 000026; 0.2 s; peak memory 634 MiB.
2026-09-29T10:21:10Z INFO [1882/2000] 2b10de44-1359-4783-a2d8-83347397fad6: attributed to 001697; 0.5 s; peak memory 634 MiB.
2026-09-29T10:21:11Z INFO [1883/2000] 2b199094-43f7-448f-98a0-9dc5fab0c0df: attributed to 001697; 0.9 s; peak memory 634 MiB.
2026-09-29T10:21:11Z INFO [1884/2000] 2b1aaf5c-c49f-4d44-88c3-f19cce6d7209: attributed to 001697; 0.4 s; peak memory 634 MiB.
2026-09-29T10:21:11Z INFO [1885/2000] 2b1cb6be-5fce-4b5c-8037-574bf5469699: attributed to 000142; 0.0 s; peak memory 634 MiB.
2026-09-29T10:21:11Z INFO [1886/2000] 2b1f5d13-2cee-4997-b600-653220843b9c: attributed to 001697; 0.0 s; peak memory 634 MiB.
2026-09-29T10:21:11Z INFO [1887/2000] 2b1fbe72-8b75-404d-baa6-08840c3c80ad: attributed to 000946; 0.2 s; peak memory 634 MiB.
2026-09-29T10:21:11Z INFO [1888/2000] 2b228862-8152-4a4c-b25f-fcb939d3a617: attributed to 000026; 0.2 s; peak memory 634 MiB.
2026-09-29T10:21:11Z INFO [1889/2000] 2b27ddb4-4793-4052-bbe1-106a91d84ce3: attributed to 001697; 0.0 s; peak memory 634 MiB.
2026-09-29T10:21:12Z INFO [1890/2000] 2b2a300e-0b83-47bd-9340-becb37a58c3f: attributed to 001873; 0.5 s; peak memory 634 MiB.
2026-09-29T10:21:12Z INFO [1891/2000] 2b2a6731-72dd-4064-829d-e4dda625a95e: attributed to 000403; 0.0 s; peak memory 634 MiB.
2026-09-29T10:21:12Z INFO [1892/2000] 2b2ebd6c-0492-4c8e-ab68-0160d0b7a1a3: attributed to 001697; 0.4 s; peak memory 634 MiB.
2026-09-29T10:21:13Z INFO [1893/2000] 2b37d896-3918-4a4c-a98b-d1a4b8c601a8: attributed to 000026; 0.7 s; peak memory 634 MiB.
2026-09-29T10:21:13Z INFO [1894/2000] 2b3a67fd-23d3-4cf5-af2d-33beab67804a: attributed to 001697; 0.0 s; peak memory 634 MiB.
2026-09-29T10:21:13Z INFO [1895/2000] 2b4af2b5-6d2e-414b-b9de-32cd15f43b45: attributed to 001063; 0.2 s; peak memory 634 MiB.
2026-09-29T10:21:14Z INFO [1896/2000] 2b53094a-b5d4-4258-8850-9c012fe0736c: attributed to 001697; 1.0 s; peak memory 634 MiB.
2026-09-29T10:21:14Z INFO [1897/2000] 2b57a674-5823-43ae-8316-a877dcc740bc: attributed to 001203; 0.2 s; peak memory 634 MiB.
2026-09-29T10:21:14Z INFO [1898/2000] 2b58492a-7c62-4baf-9198-02332f0eee87: attributed to 000209; 0.0 s; peak memory 634 MiB.
2026-09-29T10:21:15Z INFO [1899/2000] 2b58a525-9a53-45bf-b905-8fdd1b5293ed: attributed to 000026; 0.2 s; peak memory 634 MiB.
2026-09-29T10:21:15Z INFO [1900/2000] 2b61cffc-11a0-441d-8d1b-588b1716b7fc: attributed to 001697; 0.0 s; peak memory 634 MiB.
2026-09-29T10:21:16Z INFO [1900/2000] 2b61cffc-11a0-441d-8d1b-588b1716b7fc: checkpointed 442568 records.
2026-09-29T10:21:16Z INFO [1901/2000] 2b691fc1-f647-4418-b42f-ea67e116f919: attributed to 001697; 0.0 s; peak memory 634 MiB.
2026-09-29T10:21:17Z INFO [1902/2000] 2b6e7077-92c5-417e-b9ef-7bbea07ddf2d: attributed to 000026; 0.8 s; peak memory 634 MiB.
2026-09-29T10:21:55Z INFO [1903/2000] 2b7749a3-791b-4512-8598-b2ed9fb13ec4: attributed to 001697; 38.6 s; peak memory 634 MiB.
2026-09-29T10:21:56Z INFO [1904/2000] 2b9126ab-c0b9-4519-8f75-bb14cd1ff77d: attributed to 001697; 0.4 s; peak memory 634 MiB.
2026-09-29T10:21:56Z INFO [1905/2000] 2b9d47b3-cdf5-40b9-a74a-1555e93a730b: attributed to 001697; 0.0 s; peak memory 634 MiB.
2026-09-29T10:21:56Z INFO [1906/2000] 2bb1076c-3e91-4245-963b-a4c755b9316e: attributed to 001697; 0.8 s; peak memory 634 MiB.
2026-09-29T10:21:56Z INFO [1907/2000] 2bb4b481-c6c8-444e-9901-c3891961b8e5: attributed to 000026; 0.2 s; peak memory 634 MiB.
2026-09-29T10:21:56Z INFO [1908/2000] 2bdd6fc6-90df-40b2-8c82-7fe5b1cebefd: attributed to 000570; 0.0 s; peak memory 634 MiB.
2026-09-29T10:21:57Z INFO [1909/2000] 2be3993d-d2a7-46d8-8411-1b0846890039: attributed to 000026; 0.2 s; peak memory 634 MiB.
2026-09-29T10:21:57Z INFO [1910/2000] 2bf39bce-0919-46a2-8f04-cdb39c066fd0: attributed to 000946; 0.2 s; peak memory 634 MiB.
2026-09-29T10:21:57Z INFO [1911/2000] 2bff3d05-aa12-4506-82de-eec67611abe4: attributed to 000026; 0.2 s; peak memory 634 MiB.
2026-09-29T10:21:57Z INFO [1912/2000] 2c05fcdd-e489-4a1f-bd63-9aa86455654a: attributed to 001697; 0.0 s; peak memory 634 MiB.
2026-09-29T10:21:57Z INFO [1913/2000] 2c0cd222-1565-40f2-987a-d583b9f57833: attributed to 000109; 0.0 s; peak memory 634 MiB.
2026-09-29T10:21:57Z INFO [1914/2000] 2c0d1ff3-6e9a-4b1d-8f14-bbdad485453e: attributed to 000946; 0.2 s; peak memory 634 MiB.
2026-09-29T10:21:58Z INFO [1915/2000] 2c2715cc-1932-41d8-b924-fe2655899a0b: attributed to 001697; 0.4 s; peak memory 634 MiB.
2026-09-29T10:21:58Z INFO [1916/2000] 2c322c41-881d-4033-87b0-6115e84da85c: attributed to 001697; 0.5 s; peak memory 634 MiB.
2026-09-29T10:21:58Z INFO [1917/2000] 2c3cfb62-0b37-4ef6-97cf-ac99d7c8b2c5: attributed to 001697; 0.5 s; peak memory 634 MiB.
2026-09-29T10:21:59Z INFO [1918/2000] 2c4631ec-a95a-47ac-8b15-655b26fd0711: attributed to 000946; 0.2 s; peak memory 634 MiB.
2026-09-29T10:21:59Z INFO [1919/2000] 2c4716c7-e92f-43ed-ba67-8314a5a3cddb: attributed to 000142; 0.0 s; peak memory 634 MiB.
2026-09-29T10:21:59Z INFO [1920/2000] 2c47dd46-cc67-47e1-8bf0-76cfc7ea780f: attributed to 001697; 0.4 s; peak memory 634 MiB.
2026-09-29T10:21:59Z INFO [1921/2000] 2c4a64c1-224a-46b0-bbd4-bd337e0b0ab4: attributed to 000403; 0.0 s; peak memory 634 MiB.
2026-09-29T10:21:59Z INFO [1922/2000] 2c4e199e-8e9e-48ed-86a8-0bd5b1ff687c: attributed to 001697; 0.0 s; peak memory 634 MiB.
2026-09-29T10:21:59Z INFO [1923/2000] 2c4e5d4a-998f-4305-832c-c140d4dd77b3: attributed to 001449; 0.2 s; peak memory 634 MiB.
2026-09-29T10:21:59Z INFO [1924/2000] 2c4eefd3-8d0e-466f-89cc-17b8ed56b319: attributed to 001697; 0.0 s; peak memory 634 MiB.
2026-09-29T10:22:00Z INFO [1925/2000] 2c504132-68ea-45e2-aa9c-958e06c3b2cb: attributed to 001697; 0.5 s; peak memory 634 MiB.
2026-09-29T10:22:00Z INFO [1926/2000] 2c57bb36-565e-463f-b16b-60f5fe2d581f: attributed to 001697; 0.0 s; peak memory 634 MiB.
2026-09-29T10:22:00Z INFO [1927/2000] 2c5dc1aa-7a01-4826-83ed-6cdac90cebbe: attributed to 000403; 0.0 s; peak memory 634 MiB.
2026-09-29T10:22:00Z INFO [1928/2000] 2c5f270e-bdfe-420f-bfaf-c09cc1467f63: attributed to 000026; 0.2 s; peak memory 634 MiB.
2026-09-29T10:22:00Z INFO [1929/2000] 2c604acc-43b3-4aa6-95d7-e678c6e1843e: attributed to 001697; 0.0 s; peak memory 634 MiB.
2026-09-29T10:22:00Z INFO [1930/2000] 2c65258b-378c-40f2-8878-98f91fc366f4: attributed to 001697; 0.0 s; peak memory 634 MiB.
2026-09-29T10:22:00Z INFO [1931/2000] 2c6e95e2-12b7-4c57-8a53-c1d552bd0bc8: attributed to 000026; 0.4 s; peak memory 634 MiB.
2026-09-29T10:22:01Z INFO [1932/2000] 2c6fbdc4-e1d1-45fb-934f-66efa9111749: attributed to 001697; 0.4 s; peak memory 634 MiB.
2026-09-29T10:22:01Z INFO [1933/2000] 2c7103d7-39cd-4723-84bd-284a485bdaba: attributed to 001697; 0.7 s; peak memory 634 MiB.
2026-09-29T10:22:01Z INFO [1934/2000] 2c768f4b-199a-4cf6-933e-592897f1f72f: attributed to 001697; 0.0 s; peak memory 634 MiB.
2026-09-29T10:22:02Z INFO [1935/2000] 2c82fa17-8f1a-46ec-93eb-d73684a19b88: attributed to 001697; 0.8 s; peak memory 634 MiB.
2026-09-29T10:22:02Z INFO [1936/2000] 2c8e4a3a-ad67-40b3-80b3-947ec0ba5b05: attributed to 001697; 0.0 s; peak memory 634 MiB.
2026-09-29T10:22:02Z INFO [1937/2000] 2c96b564-7216-4dfe-aea3-ddd9a4f7bc76: attributed to 001858; 0.0 s; peak memory 634 MiB.
2026-09-29T10:22:02Z INFO [1938/2000] 2c9955c2-f380-411d-beb1-77f5d812c43d: attributed to 000026; 0.2 s; peak memory 634 MiB.
2026-09-29T10:22:03Z INFO [1939/2000] 2c9aa668-a756-42b2-b7eb-0f695e0b67d8: attributed to 001697; 1.0 s; peak memory 634 MiB.
2026-09-29T10:22:04Z INFO [1940/2000] 2c9ac07a-eb20-4237-9ab3-128f3a94cacb: attributed to 001697; 0.5 s; peak memory 634 MiB.
2026-09-29T10:22:04Z INFO [1941/2000] 2c9f7a0a-3790-4277-8946-6eac43727fa6: attributed to 000109; 0.0 s; peak memory 634 MiB.
2026-09-29T10:22:04Z INFO [1942/2000] 2ca126e2-99db-4756-b87f-27861f496d3e: attributed to 001697; 0.4 s; peak memory 634 MiB.
2026-09-29T10:22:05Z INFO [1943/2000] 2ca4e943-26b9-4f35-802b-558cd0586839: attributed to 001697; 0.4 s; peak memory 634 MiB.
2026-09-29T10:22:05Z INFO [1944/2000] 2caa8d58-357d-43b5-bd94-9af9a1f11358: attributed to 001697; 0.4 s; peak memory 634 MiB.
2026-09-29T10:22:05Z INFO [1945/2000] 2cab5f4a-0798-4c4a-80ac-3d0202677b07: attributed to 000946; 0.2 s; peak memory 634 MiB.
2026-09-29T10:22:06Z INFO [1946/2000] 2cb0c776-f948-40b1-b9cb-b9a93b3f49c3: attributed to 001697; 0.4 s; peak memory 634 MiB.
2026-09-29T10:22:06Z INFO [1947/2000] 2cb1dafb-e2d7-482d-b4ac-8ec5b8fd435d: attributed to 001697; 0.4 s; peak memory 634 MiB.
2026-09-29T10:22:06Z INFO [1948/2000] 2cb4b001-497a-482a-b3a9-10fe9fd8e5ad: attributed to 000026; 0.2 s; peak memory 634 MiB.
2026-09-29T10:22:06Z INFO [1949/2000] 2cb97b48-b713-4358-91af-b2e0190ffcd0: attributed to 001697; 0.0 s; peak memory 634 MiB.
2026-09-29T10:22:06Z INFO [1950/2000] 2cc39e10-d95b-4e24-8aa7-afd848e0e87d: attributed to 000026; 0.2 s; peak memory 634 MiB.
2026-09-29T10:22:07Z INFO [1950/2000] 2cc39e10-d95b-4e24-8aa7-afd848e0e87d: checkpointed 442568 records.
2026-09-29T10:22:07Z INFO [1951/2000] 2cc5ef54-75bb-4796-86ae-4d6908dafad6: attributed to 001697; 0.0 s; peak memory 634 MiB.
2026-09-29T10:22:08Z INFO [1952/2000] 2cca00c6-a03d-415e-9f90-6a796a0eaa42: attributed to 001697; 0.4 s; peak memory 634 MiB.
2026-09-29T10:22:09Z INFO [1953/2000] 2ccb89b8-ba0d-4d70-861c-444c1a3626a2: attributed to 001873; 0.7 s; peak memory 634 MiB.
2026-09-29T10:22:09Z INFO [1954/2000] 2cd018fa-68d9-4ad9-930e-fdba8d01dcd1: attributed to 001697; 0.0 s; peak memory 634 MiB.
2026-09-29T10:22:09Z INFO [1955/2000] 2cd52e68-082c-4551-9345-ef0297a39439: attributed to 001697; 0.0 s; peak memory 634 MiB.
2026-09-29T10:22:09Z INFO [1956/2000] 2cd56ca1-4ec8-4be9-ab5c-ff07596f21eb: attributed to 001697; 0.0 s; peak memory 634 MiB.
2026-09-29T10:22:09Z INFO [1957/2000] 2cdb771f-84ba-40b4-a944-6fe394222a86: attributed to 000108; 0.2 s; peak memory 634 MiB.
2026-09-29T10:22:09Z INFO [1958/2000] 2ce7d828-c4d4-4836-8b35-d2500e622476: attributed to 001697; 0.4 s; peak memory 634 MiB.
2026-09-29T10:22:09Z INFO [1959/2000] 2cec43a1-b4a7-4959-a7e5-99aaf52b0772: attributed to 001697; 0.0 s; peak memory 634 MiB.
2026-09-29T10:22:10Z INFO [1960/2000] 2cf487d6-714c-4c30-b60a-d5088548f368: attributed to 001697; 0.4 s; peak memory 634 MiB.
2026-09-29T10:22:10Z INFO [1961/2000] 2cf9e723-0749-4f5f-b129-5e297440109a: attributed to 000026; 0.2 s; peak memory 634 MiB.
2026-09-29T10:22:10Z INFO [1962/2000] 2d03b263-3244-4435-b3c6-5f6a0489448c: attributed to 001697; 0.0 s; peak memory 634 MiB.
2026-09-29T10:22:10Z INFO [1963/2000] 2d04b294-eadb-4432-880c-985519da7dc9: attributed to 001697; 0.4 s; peak memory 634 MiB.
2026-09-29T10:22:10Z INFO [1964/2000] 2d050660-7f6f-410d-847d-926daf5a16ee: attributed to 001697; 0.0 s; peak memory 634 MiB.
2026-09-29T10:22:11Z INFO [1965/2000] 2d0852a0-5919-4988-955a-4e9b9d98f854: attributed to 001697; 0.4 s; peak memory 634 MiB.
2026-09-29T10:22:11Z INFO [1966/2000] 2d0fc7c2-3e04-46f0-95a1-79a9b86db2f8: attributed to 000142; 0.0 s; peak memory 634 MiB.
2026-09-29T10:22:11Z INFO [1967/2000] 2d107f71-54cc-46ef-ba97-5f21fa1cdb4e: attributed to 000109; 0.0 s; peak memory 634 MiB.
2026-09-29T10:22:11Z INFO [1968/2000] 2d13a622-da35-451a-a87f-b4d17506bb24: attributed to 000946; 0.2 s; peak memory 634 MiB.
2026-09-29T10:22:11Z INFO [1969/2000] 2d1fd900-ce17-4ce7-b0b6-5b7869615614: attributed to 001697; 0.0 s; peak memory 634 MiB.
2026-09-29T10:22:11Z INFO [1970/2000] 2d217adb-a199-40fd-8db9-8e5229d43d54: attributed to 001697; 0.5 s; peak memory 634 MiB.
2026-09-29T10:22:12Z INFO [1971/2000] 2d234f68-eae6-47dd-aa6f-4cf0ce710b91: attributed to 001697; 0.5 s; peak memory 634 MiB.
2026-09-29T10:22:12Z INFO [1972/2000] 2d276556-0eb6-43d2-ab03-2106edacdc25: attributed to 001791; 0.2 s; peak memory 634 MiB.
2026-09-29T10:22:12Z INFO [1973/2000] 2d2ae80e-87e5-4b31-a394-d2f0321772c7: attributed to 000026; 0.2 s; peak memory 634 MiB.
2026-09-29T10:22:12Z INFO [1974/2000] 2d3609c9-9084-471b-88ea-b6d982b370dd: attributed to 001697; 0.0 s; peak memory 634 MiB.
2026-09-29T10:22:12Z INFO [1975/2000] 2d3cbc63-3317-4093-b829-171dd5549044: attributed to 001697; 0.0 s; peak memory 634 MiB.
2026-09-29T10:22:12Z INFO [1976/2000] 2d3eb27a-2d84-4319-a377-ed7b28adfa85: attributed to 000026; 0.2 s; peak memory 634 MiB.
2026-09-29T10:22:12Z INFO [1977/2000] 2d4cfcf8-8308-4866-a114-5d1a7062f23e: attributed to 000209; 0.0 s; peak memory 634 MiB.
2026-09-29T10:22:13Z INFO [1978/2000] 2d500a74-d286-4ae3-bb52-7b3bd4143c09: attributed to 001873; 0.5 s; peak memory 634 MiB.
2026-09-29T10:22:13Z INFO [1979/2000] 2d5a5d3d-2056-4a4d-b399-67ccaaf9e5ef: attributed to 001697; 0.0 s; peak memory 634 MiB.
2026-09-29T10:22:13Z INFO [1980/2000] 2d5ac6ae-f192-413b-97bd-1c0e06159284: attributed to 001697; 0.0 s; peak memory 634 MiB.
2026-09-29T10:22:13Z INFO [1981/2000] 2d68845f-e685-4ac9-aa0c-02081ed1122c: attributed to 000026; 0.2 s; peak memory 634 MiB.
2026-09-29T10:22:13Z INFO [1982/2000] 2d6a37be-b386-4d5f-86c3-5c79223d9a30: attributed to 000946; 0.2 s; peak memory 634 MiB.
2026-09-29T10:22:13Z INFO [1983/2000] 2d6eee7f-aa83-4f54-b8e0-1c69ec1df0bd: attributed to 000026; 0.2 s; peak memory 634 MiB.
2026-09-29T10:22:13Z INFO [1984/2000] 2d6f8934-1a02-4025-8d6c-b8168b6ff4b4: attributed to 001258; 0.0 s; peak memory 634 MiB.
2026-09-29T10:22:13Z INFO [1985/2000] 2d7ae51e-d97e-434a-9b3b-5e3a2b19af15: attributed to 001697; 0.4 s; peak memory 634 MiB.
2026-09-29T10:22:14Z INFO [1986/2000] 2d806312-f311-4981-8dcb-11fe66a36575: attributed to 001697; 0.4 s; peak memory 634 MiB.
2026-09-29T10:22:14Z INFO [1987/2000] 2d8be6f0-996f-431a-83f2-bdd22267803d: attributed to 000946; 0.2 s; peak memory 634 MiB.
2026-09-29T10:22:14Z INFO [1988/2000] 2d9279f2-92b0-40cd-825c-cf25ed4df966: attributed to 001697; 0.0 s; peak memory 634 MiB.
2026-09-29T10:22:14Z INFO [1989/2000] 2d92a461-fd21-41b1-a11c-2d0db270e85d: attributed to 000109; 0.0 s; peak memory 634 MiB.
2026-09-29T10:22:14Z INFO [1990/2000] 2d92f751-43ed-4fcc-92f8-3a87d94042df: attributed to 000403; 0.0 s; peak memory 634 MiB.
2026-09-29T10:22:15Z INFO [1991/2000] 2da256fd-7b48-4eb6-9dbc-7fdf460d1e97: attributed to 001697; 0.4 s; peak memory 634 MiB.
2026-09-29T10:22:15Z INFO [1992/2000] 2da3035f-77da-4d6e-a21c-83706d70a077: attributed to 001697; 0.4 s; peak memory 634 MiB.
2026-09-29T10:22:16Z INFO [1993/2000] 2da3b492-a303-403c-b056-a9e56fe0a863: attributed to 001449; 0.6 s; peak memory 634 MiB.
2026-09-29T10:22:16Z INFO [1994/2000] 2da52ee6-6867-4d74-9586-9f215d58734a: attributed to 000403; 0.0 s; peak memory 634 MiB.
2026-09-29T10:22:16Z INFO [1995/2000] 2db1ecb6-6c22-43a3-989a-464f34c310c5: attributed to 000946; 0.2 s; peak memory 634 MiB.
2026-09-29T10:22:16Z INFO [1996/2000] 2db55117-9476-4ffc-bb3c-efcc79db73ee: attributed to 000026; 0.2 s; peak memory 634 MiB.
2026-09-29T10:22:16Z INFO [1997/2000] 2dbaf0fd-5003-4a0a-b4c0-bc8cdbdb3826: attributed to 000027; 0.0 s; peak memory 634 MiB.
2026-09-29T10:22:17Z INFO [1998/2000] 2dca8945-41d6-483e-a95f-fd193cd17b47: attributed to 001697; 0.9 s; peak memory 634 MiB.
2026-09-29T10:22:17Z INFO [1999/2000] 2ddae00f-2a4b-4ac7-9d09-ebf032d62281: attributed to 001697; 0.0 s; peak memory 634 MiB.
2026-09-29T10:22:17Z INFO [2000/2000] 2dde63b2-dd4d-4fac-a585-2734341e7d5c: attributed to 001697; 0.5 s; peak memory 634 MiB.
2026-09-29T10:22:18Z INFO [2000/2000] 2dde63b2-dd4d-4fac-a585-2734341e7d5c: checkpointed 442568 records.
2026-09-29T10:22:19Z INFO Wrote 442568 records to /tmp/derivatives/content_id_to_usage_dandiset_path.jsonl (2000 new, 0 failed) in 10.1 min (peak memory 634 MiB).
2026-09-29T10:22:19Z INFO Resolved 2000 ambiguous content IDs; 2000 of 11727 are now current, leaving 9727 for later runs.
