2026-10-02T13:07:20Z INFO Logging to /tmp/logs/update_2026-10-02T13-07-20Z.log.
2026-10-02T13:07:20Z INFO Update content-id-to-usage-dandiset-path (base directory /tmp).
2026-10-02T13:07:22Z INFO 494814 content IDs are already unique; 11756 need a heuristic.
2026-10-02T13:07:22Z INFO Fetching creation times for 95 dandisets from S3.
2026-10-02T13:07:23Z INFO Resolved 95 dandiset creation times.
2026-10-02T13:07:24Z INFO Processing 5769 items (506533 already recorded).
2026-10-02T13:07:31Z INFO [1/5769] 030b0a5d-adb1-4444-bb96-f1776118611d: attributed to 001697; 7.8 s; peak memory 711 MiB.
2026-10-02T13:07:34Z INFO [2/5769] 053bcfa1-87a8-4f59-a3c3-606bf449f696: attributed to 000571; 2.8 s; peak memory 711 MiB.
2026-10-02T13:07:35Z INFO [3/5769] 0692c3a1-ac58-4174-a84a-cbe24c5408a0: attributed to 000571; 1.3 s; peak memory 711 MiB.
2026-10-02T13:07:38Z INFO [4/5769] 206c4202-5a1e-4396-9618-18abfeb63596: attributed to 000571; 2.1 s; peak memory 711 MiB.
2026-10-02T13:09:52Z INFO [5/5769] 32fb6873-0e71-4913-88fa-7ee9e5eefbdb: attributed to 000571; 134.2 s; peak memory 713 MiB.
2026-10-02T13:09:53Z INFO [6/5769] 3484d43a-c90e-46b0-8ab0-164010a82899: attributed to 000571; 1.2 s; peak memory 713 MiB.
2026-10-02T13:11:59Z INFO [7/5769] 374d93d6-f54a-49e3-9bd4-23cc49c2e489: attributed to 001697; 125.7 s; peak memory 713 MiB.
2026-10-02T13:12:05Z INFO [8/5769] 45008c8c-2741-4f7e-87b5-968907a1ddb3: attributed to 001697; 6.1 s; peak memory 713 MiB.
2026-10-02T13:12:14Z INFO [9/5769] 5656d562-7d76-4818-a991-98bb7818e826: attributed to 000571; 9.6 s; peak memory 714 MiB.
2026-10-02T13:12:21Z INFO [10/5769] 57dfe0f6-8e34-4225-a438-65c0ac8b1832: attributed to 001697; 6.9 s; peak memory 714 MiB.
2026-10-02T13:12:23Z INFO [11/5769] 5c1407e8-d2af-47ae-aca5-1268657631d7: attributed to 001697; 1.4 s; peak memory 714 MiB.
2026-10-02T13:12:23Z INFO [12/5769] 85b17d18-8b5f-4d0e-8abe-efc2d8c46b12: attributed to 001697; 0.3 s; peak memory 714 MiB.
2026-10-02T13:12:23Z INFO [13/5769] 85b22a62-ffd8-4f14-b639-d5d91b07314f: attributed to 001697; 0.3 s; peak memory 714 MiB.
2026-10-02T13:12:24Z INFO [14/5769] 85b56589-4b17-473a-b9ad-ce39b33940d6: attributed to 000026; 0.4 s; peak memory 714 MiB.
2026-10-02T13:12:24Z INFO [15/5769] 85b67adc-b4d8-4097-b148-d8a120ac3c97: attributed to 001697; 0.3 s; peak memory 714 MiB.
2026-10-02T13:12:24Z INFO [16/5769] 85b8e700-1a5c-4c00-a20d-f261c1954c86: attributed to 000109; 0.0 s; peak memory 714 MiB.
2026-10-02T13:12:24Z INFO [17/5769] 85c329ca-5f5e-48a6-99cf-30a61727a816: attributed to 001697; 0.3 s; peak memory 714 MiB.
2026-10-02T13:12:25Z INFO [18/5769] 85c573cd-5625-41a9-9d96-a2daf4c08877: attributed to 001697; 0.3 s; peak memory 714 MiB.
2026-10-02T13:12:25Z INFO [19/5769] 85c8dd42-21ec-4212-b454-05f4759d861e: attributed to 001697; 0.3 s; peak memory 714 MiB.
2026-10-02T13:12:25Z INFO [20/5769] 85c96829-5ed8-4dd7-b1d9-c11eeb772b78: attributed to 000026; 0.2 s; peak memory 714 MiB.
2026-10-02T13:12:25Z INFO [21/5769] 85d83d18-d286-443b-876d-2b2727937ff2: attributed to 001697; 0.0 s; peak memory 714 MiB.
2026-10-02T13:12:25Z INFO [22/5769] 85db4743-525f-4135-a661-53fe971d7921: attributed to 001697; 0.0 s; peak memory 714 MiB.
2026-10-02T13:12:25Z INFO [23/5769] 85e5c410-6afa-4b14-90f8-85a7445eb514: attributed to 001697; 0.3 s; peak memory 714 MiB.
2026-10-02T13:12:25Z INFO [24/5769] 85ec63a4-9c12-47c7-955d-05390be5fcd5: attributed to 000946; 0.2 s; peak memory 714 MiB.
2026-10-02T13:12:25Z INFO [25/5769] 85f1b757-3e46-4f22-9bc4-0669067e4b57: attributed to 001697; 0.0 s; peak memory 714 MiB.
2026-10-02T13:12:26Z INFO [26/5769] 85fa4da6-f9b0-46f6-a497-fceabb0401f2: attributed to 000946; 0.1 s; peak memory 714 MiB.
2026-10-02T13:12:26Z INFO [27/5769] 860eac9f-636c-44f3-aa26-1af545dce0a4: attributed to 001697; 0.4 s; peak memory 714 MiB.
2026-10-02T13:12:26Z INFO [28/5769] 8611b8e2-4c38-4278-a522-fd9868f6311f: attributed to 001697; 0.3 s; peak memory 714 MiB.
2026-10-02T13:12:26Z INFO [29/5769] 861248be-6b88-4309-8d6a-b7ae9bad3ff7: attributed to 001697; 0.3 s; peak memory 714 MiB.
2026-10-02T13:12:26Z INFO [30/5769] 8616b1c5-3fe2-4430-84d3-1ee7cf538106: attributed to 001697; 0.0 s; peak memory 714 MiB.
2026-10-02T13:12:26Z INFO [31/5769] 861f62d6-ab16-486b-923d-90bee7243ef5: attributed to 001697; 0.0 s; peak memory 714 MiB.
2026-10-02T13:12:26Z INFO [32/5769] 862462fe-1df8-438c-b78b-1ca7966db04c: attributed to 000293; 0.0 s; peak memory 714 MiB.
2026-10-02T13:12:28Z INFO [33/5769] 86248420-eae8-4389-a822-277f00227454: attributed to 000571; 1.4 s; peak memory 714 MiB.
2026-10-02T13:12:28Z INFO [34/5769] 862de4e3-5049-43ab-b0a4-a0b1621567a8: attributed to 001697; 0.0 s; peak memory 714 MiB.
2026-10-02T13:12:28Z INFO [35/5769] 8636b3e7-054d-4217-b95b-d2d51b1e2c5b: attributed to 001697; 0.0 s; peak memory 714 MiB.
2026-10-02T13:12:28Z INFO [36/5769] 863a841d-0940-410f-a3df-909b77e999cd: attributed to 000109; 0.0 s; peak memory 714 MiB.
2026-10-02T13:12:28Z INFO [37/5769] 863c947f-7d73-4810-b194-6bcd63fbcaf2: attributed to 000109; 0.0 s; peak memory 714 MiB.
2026-10-02T13:12:28Z INFO [38/5769] 8640799c-221f-4350-80b1-c8439250de64: attributed to 001449; 0.2 s; peak memory 714 MiB.
2026-10-02T13:12:28Z INFO [39/5769] 864499db-7d4e-423a-99ea-1e68d14d06c0: attributed to 000209; 0.0 s; peak memory 714 MiB.
2026-10-02T13:12:28Z INFO [40/5769] 86452f7f-5214-4af6-8f8a-e7aec078145f: attributed to 000946; 0.1 s; peak memory 714 MiB.
2026-10-02T13:12:29Z INFO [41/5769] 865d2a3a-75a5-4513-8d11-fd70bccf1704: attributed to 001697; 0.5 s; peak memory 714 MiB.
2026-10-02T13:12:29Z INFO [42/5769] 86637298-71a6-47a0-b9d3-a16b3edac948: attributed to 000026; 0.1 s; peak memory 714 MiB.
2026-10-02T13:12:29Z INFO [43/5769] 866b7251-9b7e-401c-8e10-cf4628230897: attributed to 001697; 0.0 s; peak memory 714 MiB.
2026-10-02T13:12:29Z INFO [44/5769] 86723abe-1f9b-4b40-8885-aa0a2e48f169: attributed to 000026; 0.1 s; peak memory 714 MiB.
2026-10-02T13:12:29Z INFO [45/5769] 8673be13-ab99-4b7b-a5c3-fb5a7d03ea19: attributed to 001364; 0.2 s; peak memory 714 MiB.
2026-10-02T13:12:30Z INFO [46/5769] 86776ea5-c413-4993-9493-4d7ae91fd86d: attributed to 001697; 0.4 s; peak memory 714 MiB.
2026-10-02T13:12:30Z INFO [47/5769] 867e088a-5d8c-4e88-a6c2-9ea414e0668a: attributed to 001697; 0.3 s; peak memory 714 MiB.
2026-10-02T13:12:30Z INFO [48/5769] 86827419-84b5-4e5e-9b65-9716908371e2: attributed to 001697; 0.0 s; peak memory 714 MiB.
2026-10-02T13:12:30Z INFO [49/5769] 8685ba54-8302-4395-8de8-d0b512ad9d86: attributed to 001697; 0.0 s; peak memory 714 MiB.
2026-10-02T13:12:30Z INFO [50/5769] 8688f8c2-c284-415b-94d8-6c8cfa590995: attributed to 001697; 0.0 s; peak memory 714 MiB.
2026-10-02T13:12:31Z INFO [50/5769] 8688f8c2-c284-415b-94d8-6c8cfa590995: checkpointed 506538 records.
2026-10-02T13:12:31Z INFO [51/5769] 868bd426-18a8-4382-85b5-6b198881a92b: attributed to 001697; 0.3 s; peak memory 717 MiB.
2026-10-02T13:12:31Z INFO [52/5769] 868c9a9d-4b1a-45a2-8582-56fe936834d4: attributed to 000026; 0.2 s; peak memory 717 MiB.
2026-10-02T13:12:31Z INFO [53/5769] 86981805-6141-49bf-bb13-276ba94d14f6: attributed to 001697; 0.0 s; peak memory 717 MiB.
2026-10-02T13:12:32Z INFO [54/5769] 8699a0d5-39f8-4735-bb22-bdc7938cae9b: attributed to 001697; 0.3 s; peak memory 717 MiB.
2026-10-02T13:12:32Z INFO [55/5769] 86a76427-dfb9-4479-b9af-a677274320e3: attributed to 001697; 0.0 s; peak memory 717 MiB.
2026-10-02T13:12:32Z INFO [56/5769] 86a91a47-d9ba-4e00-a48b-9c3d553b85dc: attributed to 000339; 0.2 s; peak memory 717 MiB.
2026-10-02T13:12:32Z INFO [57/5769] 86aebf01-1bbf-4b58-b3a0-b0ec8f8e7cb2: attributed to 001697; 0.0 s; peak memory 717 MiB.
2026-10-02T13:12:32Z INFO [58/5769] 86af02f6-54ac-419c-ae53-d38eb2f6f18e: attributed to 001697; 0.3 s; peak memory 717 MiB.
2026-10-02T13:12:33Z INFO [59/5769] 86bc4669-65dd-4d3c-af7c-87f24e51b37b: attributed to 001697; 0.6 s; peak memory 717 MiB.
2026-10-02T13:12:33Z INFO [60/5769] 86c0057b-f60b-41bd-acc5-5784f637975a: attributed to 000026; 0.1 s; peak memory 717 MiB.
2026-10-02T13:12:34Z INFO [61/5769] 86c64f3b-bc46-44d1-a07c-85e2976788f9: attributed to 001697; 1.2 s; peak memory 717 MiB.
2026-10-02T13:12:37Z INFO [62/5769] 86c9dfe8-f987-40fa-9a13-18c1df1d2c80: attributed to 001346; 2.6 s; peak memory 717 MiB.
2026-10-02T13:12:37Z INFO [63/5769] 86ca204e-05c6-439b-ad8b-9916b80e0b6c: attributed to 001697; 0.0 s; peak memory 717 MiB.
2026-10-02T13:12:37Z INFO [64/5769] 86ceccc6-95f6-4aa8-a315-ca9afb0fefc3: attributed to 000570; 0.0 s; peak memory 717 MiB.
2026-10-02T13:12:37Z INFO [65/5769] 86d01864-da95-439f-8b14-75a31ff20937: attributed to 000026; 0.1 s; peak memory 717 MiB.
2026-10-02T13:12:37Z INFO [66/5769] 86d433a9-4541-4906-86bb-c82208fa42c8: attributed to 000026; 0.1 s; peak memory 717 MiB.
2026-10-02T13:12:37Z INFO [67/5769] 86d9b77b-4377-4f6d-b0ad-06edb0a5a42b: attributed to 001697; 0.3 s; peak memory 717 MiB.
2026-10-02T13:12:38Z INFO [68/5769] 86e0d71e-3711-4720-91e5-7fafdb0d5dd1: attributed to 001697; 0.3 s; peak memory 717 MiB.
2026-10-02T13:12:38Z INFO [69/5769] 86e9b83b-52a7-48c0-8ec6-3cd6ebf88918: attributed to 001697; 0.0 s; peak memory 717 MiB.
2026-10-02T13:12:38Z INFO [70/5769] 86ecbee7-6f51-414a-a342-39528c18144c: attributed to 000026; 0.1 s; peak memory 717 MiB.
2026-10-02T13:12:38Z INFO [71/5769] 86f322bb-ec98-4130-8b68-7d81105368d2: attributed to 000142; 0.0 s; peak memory 717 MiB.
2026-10-02T13:12:38Z INFO [72/5769] 86fb3021-8d93-4091-bad5-f7ff5b3f11ee: attributed to 000109; 0.0 s; peak memory 717 MiB.
2026-10-02T13:12:38Z INFO [73/5769] 86fbda66-4a4e-4165-b41f-c885d03a21a8: attributed to 002012; 0.5 s; peak memory 717 MiB.
2026-10-02T13:12:39Z INFO [74/5769] 86fc2c46-5aca-4f35-9225-3080d3488415: attributed to 001697; 0.3 s; peak memory 717 MiB.
2026-10-02T13:12:39Z INFO [75/5769] 87002499-68f3-4354-ba71-24f322f7c991: attributed to 000026; 0.1 s; peak memory 717 MiB.
2026-10-02T13:12:39Z INFO [76/5769] 870053fb-3cb4-471f-9249-732f380f8299: attributed to 000142; 0.0 s; peak memory 717 MiB.
2026-10-02T13:12:39Z INFO [77/5769] 8708567c-ab31-498f-878f-7334d89bf958: attributed to 001697; 0.0 s; peak memory 717 MiB.
2026-10-02T13:12:39Z INFO [78/5769] 870cdc95-0b4f-4876-ace0-0318821c0097: attributed to 001782; 0.2 s; peak memory 717 MiB.
2026-10-02T13:12:39Z INFO [79/5769] 87293c42-522a-4e07-b7fa-d4bd7fc18661: attributed to 001697; 0.0 s; peak memory 717 MiB.
2026-10-02T13:12:39Z INFO [80/5769] 8729ef85-16cc-43c4-9e56-3bf135c9edf8: attributed to 000026; 0.1 s; peak memory 717 MiB.
2026-10-02T13:12:39Z INFO [81/5769] 873cc776-4f08-47c6-a975-64ad59d965c1: attributed to 001697; 0.3 s; peak memory 717 MiB.
2026-10-02T13:12:39Z INFO [82/5769] 873ea14c-9585-4331-a4f4-fb4d2f3fb70e: attributed to 001697; 0.0 s; peak memory 717 MiB.
2026-10-02T13:12:39Z INFO [83/5769] 8747229b-d32c-41b1-a011-483c3fff6ab3: attributed to 000026; 0.2 s; peak memory 717 MiB.
2026-10-02T13:12:40Z INFO [84/5769] 874993dc-f86f-4dbb-8385-c04f3c63dae6: attributed to 001697; 0.4 s; peak memory 717 MiB.
2026-10-02T13:12:40Z INFO [85/5769] 874ae109-2886-40b9-af42-ac92ffc1a423: attributed to 000026; 0.2 s; peak memory 717 MiB.
2026-10-02T13:12:40Z INFO [86/5769] 874b560d-2229-4a83-b5eb-e384bea8e111: attributed to 001697; 0.4 s; peak memory 717 MiB.
2026-10-02T13:12:41Z INFO [87/5769] 87524c30-833e-424c-b2ae-9796d00bc119: attributed to 001697; 0.3 s; peak memory 717 MiB.
2026-10-02T13:12:41Z INFO [88/5769] 8753ee15-fc80-4310-ab2e-d3319069d491: attributed to 001697; 0.3 s; peak memory 717 MiB.
2026-10-02T13:12:41Z INFO [89/5769] 875631ca-c7d9-4c1b-ab4c-5cf23213c98d: attributed to 001697; 0.3 s; peak memory 718 MiB.
2026-10-02T13:12:41Z INFO [90/5769] 875b2f9f-fbca-43c4-9ee6-45f3d9220425: attributed to 000946; 0.1 s; peak memory 718 MiB.
2026-10-02T13:12:41Z INFO [91/5769] 87601afe-5633-43f4-b60e-088a44b1f447: attributed to 000026; 0.1 s; peak memory 718 MiB.
2026-10-02T13:12:41Z INFO [92/5769] 87723cf5-a6b6-4405-b9dd-5e9cebe43ba7: attributed to 001697; 0.0 s; peak memory 718 MiB.
2026-10-02T13:12:42Z INFO [93/5769] 877c23da-dd3f-4c51-a099-2427ec1a190f: attributed to 000026; 0.1 s; peak memory 718 MiB.
2026-10-02T13:12:42Z INFO [94/5769] 877c584c-45d9-46af-a980-26ae9cae1de3: attributed to 001697; 0.0 s; peak memory 718 MiB.
2026-10-02T13:12:42Z INFO [95/5769] 877fcc9b-904c-4c38-ac13-7863b22bc58a: attributed to 001437; 0.1 s; peak memory 718 MiB.
2026-10-02T13:12:42Z INFO [96/5769] 8781391b-a45c-46f0-a712-3b7da2e475e4: attributed to 001697; 0.3 s; peak memory 718 MiB.
2026-10-02T13:12:42Z INFO [97/5769] 87859319-d39a-4930-84d0-f54bd76e95b7: attributed to 000026; 0.1 s; peak memory 718 MiB.
2026-10-02T13:12:42Z INFO [98/5769] 878f67cf-f44d-4de6-b077-783497390551: attributed to 000109; 0.0 s; peak memory 718 MiB.
2026-10-02T13:12:42Z INFO [99/5769] 8790b1bb-c199-44e1-ae0f-8362a9dc341e: attributed to 000559; 0.2 s; peak memory 718 MiB.
2026-10-02T13:12:42Z INFO [100/5769] 8796cff2-76c9-42a6-8e76-f760c0918788: attributed to 001697; 0.0 s; peak memory 718 MiB.
2026-10-02T13:12:43Z INFO [100/5769] 8796cff2-76c9-42a6-8e76-f760c0918788: checkpointed 506538 records.
2026-10-02T13:12:43Z INFO [101/5769] 87992aea-744b-4e7e-866f-dee8ca7a973d: attributed to 000571; 0.1 s; peak memory 718 MiB.
2026-10-02T13:12:43Z INFO [102/5769] 879e9622-67a6-4479-91ff-c9e2f38ceb57: attributed to 001697; 0.0 s; peak memory 718 MiB.
2026-10-02T13:12:44Z INFO [103/5769] 87a0a66d-afb4-49a5-a1b3-acb410e61839: attributed to 001697; 0.3 s; peak memory 718 MiB.
2026-10-02T13:12:44Z INFO [104/5769] 87a9f9f9-466d-46f8-ac16-11fe2de580cf: attributed to 000026; 0.1 s; peak memory 718 MiB.
2026-10-02T13:12:44Z INFO [105/5769] 87ad2439-f062-472b-bb49-c63c872e1ff1: attributed to 001697; 0.0 s; peak memory 718 MiB.
2026-10-02T13:12:44Z INFO [106/5769] 87b2d6aa-ba14-46b2-9f76-a72b4c670f97: attributed to 000026; 0.2 s; peak memory 718 MiB.
2026-10-02T13:12:44Z INFO [107/5769] 87bafd06-7718-41f0-b9e7-1be1986e11e9: attributed to 000026; 0.1 s; peak memory 718 MiB.
2026-10-02T13:12:44Z INFO [108/5769] 87ccdadb-20f3-4027-9231-7ffa4c298c92: attributed to 001449; 0.1 s; peak memory 718 MiB.
2026-10-02T13:12:44Z INFO [109/5769] 87d01da3-acd0-46bb-b898-e8be89319663: attributed to 000026; 0.1 s; peak memory 718 MiB.
2026-10-02T13:12:46Z INFO [110/5769] 87d78398-5ed1-415c-984f-891f95c2fd31: attributed to 000571; 1.3 s; peak memory 718 MiB.
2026-10-02T13:12:46Z INFO [111/5769] 87d89d8d-f69f-4e1d-97f1-ee38948d4e0d: attributed to 001697; 0.3 s; peak memory 718 MiB.
2026-10-02T13:12:46Z INFO [112/5769] 87de302f-c218-4920-a104-406dcf470bb1: attributed to 000946; 0.1 s; peak memory 718 MiB.
2026-10-02T13:12:46Z INFO [113/5769] 87df31db-e896-46d6-8b2e-6596e52b7e0a: attributed to 000026; 0.3 s; peak memory 718 MiB.
2026-10-02T13:12:47Z INFO [114/5769] 87dfb85f-c780-4bcb-9528-c297d0f6f71b: attributed to 000946; 0.1 s; peak memory 718 MiB.
2026-10-02T13:12:47Z INFO [115/5769] 87dfccf4-43d2-44db-b423-29c269c1f952: attributed to 000026; 0.1 s; peak memory 718 MiB.
2026-10-02T13:12:47Z INFO [116/5769] 87e7aa96-eff8-4268-bef1-9ff4c3ba436c: attributed to 001697; 0.0 s; peak memory 718 MiB.
2026-10-02T13:12:47Z INFO [117/5769] 87e8ff86-2d3e-4b8a-860a-415a03f7e175: attributed to 001697; 0.0 s; peak memory 718 MiB.
2026-10-02T13:12:47Z INFO [118/5769] 87f3bb5a-7ddf-4344-abd5-4c3764134cdb: attributed to 000026; 0.1 s; peak memory 718 MiB.
2026-10-02T13:12:47Z INFO [119/5769] 87f3e72d-7a40-4ba3-8658-3a01ea103810: attributed to 001697; 0.4 s; peak memory 718 MiB.
2026-10-02T13:12:47Z INFO [120/5769] 87f9d280-57ba-4bba-b6cf-1a14bae7954d: attributed to 001697; 0.3 s; peak memory 718 MiB.
2026-10-02T13:12:47Z INFO [121/5769] 87ff74e7-d03c-4afe-839f-0f617e321bb1: attributed to 001697; 0.0 s; peak memory 718 MiB.
2026-10-02T13:12:47Z INFO [122/5769] 880ca67c-74fd-46f8-b451-f68be56532d9: attributed to 001697; 0.0 s; peak memory 718 MiB.
2026-10-02T13:12:47Z INFO [123/5769] 880f22aa-3d28-4806-8282-9016cd353e4d: attributed to 000559; 0.1 s; peak memory 718 MiB.
2026-10-02T13:12:48Z INFO [124/5769] 881aa909-b8f8-40ca-9095-3c7acfab85e8: attributed to 001697; 0.3 s; peak memory 718 MiB.
2026-10-02T13:12:48Z INFO [125/5769] 881c1ffd-19df-4288-a331-20d16753e11b: attributed to 000026; 0.1 s; peak memory 718 MiB.
2026-10-02T13:12:48Z INFO [126/5769] 88261683-2015-4879-8fc2-9e3c77db9d66: attributed to 000946; 0.1 s; peak memory 718 MiB.
2026-10-02T13:12:48Z INFO [127/5769] 88340502-a0d2-4923-b8fa-b0c6808ba69b: attributed to 000946; 0.1 s; peak memory 718 MiB.
2026-10-02T13:12:48Z INFO [128/5769] 88347fba-762c-48fd-a3bb-488ab6a7e74f: attributed to 000946; 0.1 s; peak memory 718 MiB.
2026-10-02T13:12:48Z INFO [129/5769] 883555b2-8da9-495c-9c46-0d0b0f88dede: attributed to 000109; 0.0 s; peak memory 718 MiB.
2026-10-02T13:12:49Z INFO [130/5769] 883994d1-3cec-4007-a339-86a8bd44e1c7: attributed to 001697; 0.3 s; peak memory 718 MiB.
2026-10-02T13:12:49Z INFO [131/5769] 883e35e8-5ff1-4a0d-8899-f422fb47c247: attributed to 001697; 0.3 s; peak memory 718 MiB.
2026-10-02T13:12:49Z INFO [132/5769] 884bf30a-9f8d-4890-bcdd-f880d28267ec: attributed to 001697; 0.3 s; peak memory 718 MiB.
2026-10-02T13:12:49Z INFO [133/5769] 884c3431-ab7b-469d-b52f-4db5cdbe44f0: attributed to 000293; 0.0 s; peak memory 718 MiB.
2026-10-02T13:12:49Z INFO [134/5769] 884cc69c-1e55-4c58-b4fe-df8ee45d6025: attributed to 000026; 0.1 s; peak memory 718 MiB.
2026-10-02T13:12:49Z INFO [135/5769] 884dc649-a548-4449-bb57-69944c9b8cf6: attributed to 001697; 0.0 s; peak memory 718 MiB.
2026-10-02T13:12:49Z INFO [136/5769] 884e4e9e-3495-4717-9a5c-ad94dac92a61: attributed to 000026; 0.1 s; peak memory 718 MiB.
2026-10-02T13:12:50Z INFO [137/5769] 8853053f-4421-41bb-a3d3-44308df15a77: attributed to 000571; 0.5 s; peak memory 718 MiB.
2026-10-02T13:12:50Z INFO [138/5769] 885bdc37-aaa7-4175-976c-10731e03edc7: attributed to 001697; 0.0 s; peak memory 718 MiB.
2026-10-02T13:12:50Z INFO [139/5769] 885e7dad-a683-4474-bcfd-f7dd1a9f101d: attributed to 001697; 0.3 s; peak memory 718 MiB.
2026-10-02T13:12:50Z INFO [140/5769] 88675212-e6e0-4dd2-abea-ee42c4032f7e: attributed to 000946; 0.1 s; peak memory 718 MiB.
2026-10-02T13:12:50Z INFO [141/5769] 88681f16-1413-4cb7-986d-3bbc8b14639e: attributed to 001697; 0.0 s; peak memory 718 MiB.
2026-10-02T13:12:50Z INFO [142/5769] 8870c0d6-a3f6-4bdc-a06c-0cc47995b18f: attributed to 001697; 0.0 s; peak memory 718 MiB.
2026-10-02T13:12:51Z INFO [143/5769] 887a0e4f-0cc8-4555-9932-9b31c72e6ed0: attributed to 001697; 0.3 s; peak memory 718 MiB.
2026-10-02T13:12:51Z INFO [144/5769] 887c988a-7c19-460c-b258-f7eebef48e80: attributed to 001697; 0.3 s; peak memory 718 MiB.
2026-10-02T13:12:51Z INFO [145/5769] 887e31be-3087-4679-a18f-00ec2ff328ab: attributed to 000026; 0.1 s; peak memory 718 MiB.
2026-10-02T13:12:51Z INFO [146/5769] 887fc0b7-8e5e-4f78-a07a-793f83031383: attributed to 000173; 0.2 s; peak memory 718 MiB.
2026-10-02T13:12:51Z INFO [147/5769] 88845a67-943c-4cce-a067-09d4c1d2a397: attributed to 001697; 0.0 s; peak memory 718 MiB.
2026-10-02T13:12:51Z INFO [148/5769] 88863e8d-6c9d-4697-ab47-35d72172c6fb: attributed to 000026; 0.1 s; peak memory 718 MiB.
2026-10-02T13:12:51Z INFO [149/5769] 8893d856-684e-4db8-b02f-bd1e097f742d: attributed to 001697; 0.3 s; peak memory 718 MiB.
2026-10-02T13:12:52Z INFO [150/5769] 889f5db6-4552-43bf-9973-7d789327d8b9: attributed to 000026; 0.1 s; peak memory 718 MiB.
2026-10-02T13:12:53Z INFO [150/5769] 889f5db6-4552-43bf-9973-7d789327d8b9: checkpointed 506539 records.
2026-10-02T13:12:53Z INFO [151/5769] 88a166ea-74a7-4975-bd0a-225dfb38ab2d: attributed to 000142; 0.0 s; peak memory 718 MiB.
2026-10-02T13:12:53Z INFO [152/5769] 88a2b5a3-f3cb-4964-a5dd-378d92faf9d9: attributed to 001697; 0.0 s; peak memory 718 MiB.
2026-10-02T13:12:53Z INFO [153/5769] 88a31680-d492-466a-854a-3293d8b532ef: attributed to 000209; 0.0 s; peak memory 718 MiB.
2026-10-02T13:12:53Z INFO [154/5769] 88a5775e-d57e-4cc2-b11d-c8b264e15eac: attributed to 001697; 0.3 s; peak memory 718 MiB.
2026-10-02T13:12:53Z INFO [155/5769] 88a6fd1b-bebf-450e-9221-444b4a9526f9: attributed to 001449; 0.1 s; peak memory 718 MiB.
2026-10-02T13:12:53Z INFO [156/5769] 88a7da53-370a-4e06-b35e-4de2dad20d2c: attributed to 000946; 0.1 s; peak memory 718 MiB.
2026-10-02T13:12:53Z INFO [157/5769] 88b2edc5-711c-4c73-9b17-840e8148236d: attributed to 000026; 0.1 s; peak memory 718 MiB.
2026-10-02T13:12:53Z INFO [158/5769] 88bd339c-2a21-47d2-87c2-04c496d2c03b: attributed to 001697; 0.0 s; peak memory 718 MiB.
2026-10-02T13:12:53Z INFO [159/5769] 88c40c72-f993-4418-9586-4ade8f69afd2: attributed to 001697; 0.0 s; peak memory 718 MiB.
2026-10-02T13:12:53Z INFO [160/5769] 88d1abc0-604b-425f-9f36-3a86b7bc3514: attributed to 000946; 0.1 s; peak memory 718 MiB.
2026-10-02T13:12:53Z INFO [161/5769] 88e158cd-5792-4898-9603-742e6f2f00d5: attributed to 000026; 0.1 s; peak memory 718 MiB.
2026-10-02T13:12:54Z INFO [162/5769] 88e8d22f-c6a5-4e5e-9d45-22c6abfb50bb: attributed to 001697; 0.3 s; peak memory 718 MiB.
2026-10-02T13:12:54Z INFO [163/5769] 88f59c42-089b-4e0c-87e5-1912b252e2d8: attributed to 000293; 0.0 s; peak memory 718 MiB.
2026-10-02T13:12:54Z INFO [164/5769] 88f60a5b-1367-4611-89b1-92ff50159b61: attributed to 000946; 0.1 s; peak memory 718 MiB.
2026-10-02T13:12:54Z INFO [165/5769] 88f8bb9c-a36c-406d-b6f1-c6507efa383f: attributed to 001697; 0.3 s; peak memory 718 MiB.
2026-10-02T13:12:54Z INFO [166/5769] 88fadd6d-b161-409c-982c-828585da02d2: attributed to 000559; 0.1 s; peak memory 718 MiB.
2026-10-02T13:12:55Z INFO [167/5769] 88fcb8e9-93a9-4174-86a8-40953b03c1ab: attributed to 001697; 0.6 s; peak memory 718 MiB.
2026-10-02T13:12:55Z INFO [168/5769] 88ffa261-3029-4e95-a415-1630ff75a636: attributed to 001697; 0.4 s; peak memory 718 MiB.
2026-10-02T13:12:56Z INFO [169/5769] 89021069-17d0-4e17-bd09-ea293998501f: attributed to 000026; 0.5 s; peak memory 718 MiB.
2026-10-02T13:12:56Z INFO [170/5769] 89043243-56d9-4f75-9101-67896681e300: attributed to 000624; 0.5 s; peak memory 718 MiB.
2026-10-02T13:12:56Z INFO [171/5769] 8907ec16-a57f-4649-abc0-5d7c39239e8f: attributed to 000142; 0.0 s; peak memory 718 MiB.
2026-10-02T13:12:56Z INFO [172/5769] 89115fde-c4d8-4128-8611-3d4a6ce4dcd2: attributed to 000293; 0.0 s; peak memory 718 MiB.
2026-10-02T13:12:56Z INFO [173/5769] 8912b285-876c-4658-a8cc-3d2b5822d38c: attributed to 001697; 0.3 s; peak memory 718 MiB.
2026-10-02T13:12:56Z INFO [174/5769] 89170225-fa5f-4b97-a9b0-ac920d47c3e1: attributed to 001697; 0.0 s; peak memory 718 MiB.
2026-10-02T13:12:56Z INFO [175/5769] 89232ef8-e00b-4666-a007-33079cb0ca0e: attributed to 001697; 0.0 s; peak memory 718 MiB.
2026-10-02T13:12:56Z INFO [176/5769] 893f6b68-9e3a-4699-97e6-a21424f17526: attributed to 001697; 0.0 s; peak memory 718 MiB.
2026-10-02T13:12:57Z INFO [177/5769] 8941f2b7-eb95-4e07-850b-f33a2da63a85: attributed to 001697; 0.3 s; peak memory 718 MiB.
2026-10-02T13:12:57Z INFO [178/5769] 8942387b-7dd3-47d1-9d0b-ad288fa18fc1: attributed to 000293; 0.0 s; peak memory 718 MiB.
2026-10-02T13:12:57Z INFO [179/5769] 89449bb1-ef2d-46d5-85f0-9de816d1ca88: attributed to 001697; 0.3 s; peak memory 718 MiB.
2026-10-02T13:12:57Z INFO [180/5769] 89570279-01f8-4c65-8b58-7d178eacc1c4: attributed to 001697; 0.3 s; peak memory 718 MiB.
2026-10-02T13:12:57Z INFO [181/5769] 89624e8d-5c09-43c7-95e4-f096b2cff9fb: attributed to 000403; 0.0 s; peak memory 718 MiB.
2026-10-02T13:12:57Z INFO [182/5769] 89631970-6795-44f8-af5a-cd35858f74e1: attributed to 001697; 0.0 s; peak memory 718 MiB.
2026-10-02T13:12:58Z INFO [183/5769] 89664321-86ea-4c0e-8bf6-8160b53dd0ed: attributed to 001697; 0.3 s; peak memory 718 MiB.
2026-10-02T13:12:58Z INFO [184/5769] 8966d532-2fd9-46bb-b8e9-021d863a1c17: attributed to 000109; 0.0 s; peak memory 718 MiB.
2026-10-02T13:12:58Z INFO [185/5769] 8966faae-2fc6-4ea4-a757-61e0df33d4b4: attributed to 001697; 0.3 s; peak memory 718 MiB.
2026-10-02T13:12:58Z INFO [186/5769] 89777fe2-e249-4e2d-8438-c8e3dd66a76c: attributed to 001697; 0.3 s; peak memory 718 MiB.
2026-10-02T13:12:58Z INFO [187/5769] 897d1a2f-2514-4f7a-99fb-536f1b7f25f4: attributed to 000946; 0.1 s; peak memory 718 MiB.
2026-10-02T13:12:59Z INFO [188/5769] 897d3018-16b7-4a26-8188-95389e1c03b6: attributed to 001697; 0.3 s; peak memory 718 MiB.
2026-10-02T13:12:59Z INFO [189/5769] 897e5b73-3c23-4620-a6df-81d891967e78: attributed to 001697; 0.0 s; peak memory 718 MiB.
2026-10-02T13:12:59Z INFO [190/5769] 897eec29-98be-4d7a-9ea9-d38265724185: attributed to 001697; 0.3 s; peak memory 718 MiB.
2026-10-02T13:12:59Z INFO [191/5769] 8990340f-b8bd-4575-998e-6b14286761a8: attributed to 000026; 0.1 s; peak memory 718 MiB.
2026-10-02T13:12:59Z INFO [192/5769] 899daff7-3853-47d5-905d-0f60c63890aa: attributed to 001697; 0.3 s; peak memory 718 MiB.
2026-10-02T13:13:00Z INFO [193/5769] 89a00e13-18bc-4c98-9911-6bfeae17573f: attributed to 001449; 0.1 s; peak memory 718 MiB.
2026-10-02T13:13:00Z INFO [194/5769] 89a1e3c6-fa2c-44d3-8565-da5df3d16dfd: attributed to 001697; 0.3 s; peak memory 718 MiB.
2026-10-02T13:13:00Z INFO [195/5769] 89a2c788-f1be-4a99-9a13-e949f957d704: attributed to 000026; 0.1 s; peak memory 718 MiB.
2026-10-02T13:13:00Z INFO [196/5769] 89a30d56-77ad-437c-91b4-1850746de823: attributed to 001697; 0.0 s; peak memory 718 MiB.
2026-10-02T13:13:00Z INFO [197/5769] 89a34049-e694-4e27-b10d-9d1be6770c42: attributed to 001697; 0.3 s; peak memory 718 MiB.
2026-10-02T13:13:01Z INFO [198/5769] 89a41da2-f80c-493b-904a-c19542c92ab3: attributed to 001697; 0.3 s; peak memory 718 MiB.
2026-10-02T13:13:01Z INFO [199/5769] 89a72c46-86b2-4ef8-b3d3-edd53a8a6849: attributed to 001697; 0.3 s; peak memory 718 MiB.
2026-10-02T13:13:01Z INFO [200/5769] 89b6ae7c-4a18-419e-b5fb-cb2571189a48: attributed to 001697; 0.3 s; peak memory 718 MiB.
2026-10-02T13:13:02Z INFO [200/5769] 89b6ae7c-4a18-419e-b5fb-cb2571189a48: checkpointed 506539 records.
2026-10-02T13:13:02Z INFO [201/5769] 89be5218-4ccb-4669-9d56-6be8a04a5534: attributed to 000026; 0.1 s; peak memory 718 MiB.
2026-10-02T13:13:03Z INFO [202/5769] 89cb8f42-97ec-4f62-8b01-e56ac2378c73: attributed to 001697; 0.4 s; peak memory 718 MiB.
2026-10-02T13:13:03Z INFO [203/5769] 89e12d0b-90c0-4146-98f9-faae42213214: attributed to 000026; 0.1 s; peak memory 718 MiB.
2026-10-02T13:13:03Z INFO [204/5769] 89e2484e-da50-4aae-b6cc-0ef9ff1b0a11: attributed to 000026; 0.1 s; peak memory 718 MiB.
2026-10-02T13:13:03Z INFO [205/5769] 89e7ae4d-1846-416e-9cbf-44977d5b6ebc: attributed to 000946; 0.1 s; peak memory 718 MiB.
2026-10-02T13:13:03Z INFO [206/5769] 89ef5cd1-9f39-4802-8d7d-111a273c82fd: attributed to 000946; 0.1 s; peak memory 718 MiB.
2026-10-02T13:13:03Z INFO [207/5769] 89fc157b-f0b5-4826-ae2e-d952be03d806: attributed to 000570; 0.0 s; peak memory 718 MiB.
2026-10-02T13:13:03Z INFO [208/5769] 89fd149d-9c2c-43b1-b7a9-39b20f4db987: attributed to 000403; 0.0 s; peak memory 718 MiB.
2026-10-02T13:13:03Z INFO [209/5769] 8a01bfc2-ec42-4820-bb46-e6954f51656e: attributed to 001063; 0.2 s; peak memory 718 MiB.
2026-10-02T13:13:04Z INFO [210/5769] 8a1449d3-a39b-4b95-aadc-627fdc927627: attributed to 000026; 0.2 s; peak memory 718 MiB.
2026-10-02T13:13:04Z INFO [211/5769] 8a1570eb-0fa8-40ae-bc44-ff349b025ef6: attributed to 001697; 0.0 s; peak memory 718 MiB.
2026-10-02T13:13:04Z INFO [212/5769] 8a1a4e22-156d-4182-9584-87b29ba62af8: attributed to 001697; 0.3 s; peak memory 718 MiB.
2026-10-02T13:13:04Z INFO [213/5769] 8a29e228-9166-49ac-a258-7da73ce2bbef: attributed to 001697; 0.3 s; peak memory 718 MiB.
2026-10-02T13:13:05Z INFO [214/5769] 8a2c3f16-b635-479c-8090-33348f4ea985: attributed to 001697; 0.3 s; peak memory 718 MiB.
2026-10-02T13:13:05Z INFO [215/5769] 8a35f7b5-2fc7-43ad-8789-c88e0dcc0a9f: attributed to 000946; 0.1 s; peak memory 718 MiB.
2026-10-02T13:13:05Z INFO [216/5769] 8a42d23c-d394-4d45-a06e-fd3090993b84: attributed to 001697; 0.3 s; peak memory 718 MiB.
2026-10-02T13:13:05Z INFO [217/5769] 8a47f4c1-d591-449f-9833-f59b135c0722: attributed to 001697; 0.0 s; peak memory 718 MiB.
2026-10-02T13:13:05Z INFO [218/5769] 8a4cb92c-2494-443c-babf-124f2f9ae7ea: attributed to 001449; 0.3 s; peak memory 718 MiB.
2026-10-02T13:13:05Z INFO [219/5769] 8a4f6423-4c16-4a7f-bb91-6a19d1dc8ee5: attributed to 000403; 0.0 s; peak memory 718 MiB.
2026-10-02T13:13:05Z INFO [220/5769] 8a55a768-3e5b-4fbf-b167-5ca47c3ac2b0: attributed to 001697; 0.0 s; peak memory 718 MiB.
2026-10-02T13:13:06Z INFO [221/5769] 8a5bb1bb-8ea8-4e8b-9337-f4071cb7aa23: attributed to 001697; 0.3 s; peak memory 718 MiB.
2026-10-02T13:13:06Z INFO [222/5769] 8a5fe133-ca26-41ee-bdc7-5c7af0b6fe07: attributed to 001697; 0.0 s; peak memory 718 MiB.
2026-10-02T13:13:06Z INFO [223/5769] 8a60e982-aca1-4a6f-ae60-2c65223f2da2: attributed to 000026; 0.1 s; peak memory 718 MiB.
2026-10-02T13:13:06Z INFO [224/5769] 8a6a6f29-84a0-4ae0-ab50-b39432f958ce: attributed to 001749; 0.1 s; peak memory 718 MiB.
2026-10-02T13:13:06Z INFO [225/5769] 8a6c590c-eceb-4efc-a261-cae6500a9a1e: attributed to 001697; 0.3 s; peak memory 718 MiB.
2026-10-02T13:13:06Z INFO [226/5769] 8a706576-960d-4aad-9fb4-3457bdbbfb3e: attributed to 001697; 0.0 s; peak memory 718 MiB.
2026-10-02T13:13:06Z INFO [227/5769] 8a74cb3a-730b-4c4c-9207-4f785f8696ee: attributed to 000026; 0.1 s; peak memory 718 MiB.
2026-10-02T13:13:07Z INFO [228/5769] 8a7c9413-c051-40c4-9457-ac0a13a5d512: attributed to 001697; 0.3 s; peak memory 718 MiB.
2026-10-02T13:13:07Z INFO [229/5769] 8a801b61-d4aa-473e-96a0-7ce2bb268b6b: attributed to 000026; 0.1 s; peak memory 718 MiB.
2026-10-02T13:13:07Z INFO [230/5769] 8a84039b-a525-42c7-9c20-a8327c1ac181: attributed to 001697; 0.0 s; peak memory 718 MiB.
2026-10-02T13:13:07Z INFO [231/5769] 8a874579-519e-46df-942f-8e0bd8fefbab: attributed to 001697; 0.3 s; peak memory 718 MiB.
2026-10-02T13:13:07Z INFO [232/5769] 8a8f84e8-41db-45ac-b32f-b352d5b53c07: attributed to 001697; 0.3 s; peak memory 718 MiB.
2026-10-02T13:13:08Z INFO [233/5769] 8a91ad49-2289-447f-93f5-54a1ab904611: attributed to 001697; 0.3 s; peak memory 718 MiB.
2026-10-02T13:13:08Z INFO [234/5769] 8a937a93-156e-40a3-93d5-185df7961b03: attributed to 000026; 0.1 s; peak memory 718 MiB.
2026-10-02T13:13:08Z INFO [235/5769] 8aa42700-9cb1-4a44-b193-f5a41a71a496: attributed to 001873; 0.7 s; peak memory 718 MiB.
2026-10-02T13:13:09Z INFO [236/5769] 8aa5c594-9a9b-453b-b880-d96b0fb71989: attributed to 001449; 0.3 s; peak memory 718 MiB.
2026-10-02T13:13:09Z INFO [237/5769] 8aaef3de-ec13-468b-869c-81a80e0ad470: attributed to 001697; 0.0 s; peak memory 718 MiB.
2026-10-02T13:13:09Z INFO [238/5769] 8ac201fc-e522-403c-9507-970aaed63349: attributed to 000026; 0.2 s; peak memory 718 MiB.
2026-10-02T13:13:09Z INFO [239/5769] 8ac4ee52-83c3-42d9-89c8-2321f7ccd62d: attributed to 001697; 0.3 s; peak memory 718 MiB.
2026-10-02T13:13:09Z INFO [240/5769] 8acb0626-2e48-416f-8667-08b3d209501c: attributed to 001697; 0.0 s; peak memory 718 MiB.
2026-10-02T13:13:09Z INFO [241/5769] 8acfbe71-0bca-49cb-b91b-8adbfa5da335: attributed to 001697; 0.0 s; peak memory 718 MiB.
2026-10-02T13:13:09Z INFO [242/5769] 8ad7a73f-feb8-4513-85aa-3a6476df74bc: attributed to 001697; 0.0 s; peak memory 718 MiB.
2026-10-02T13:13:09Z INFO [243/5769] 8ada4084-8f0c-4d43-945b-691ed2042846: attributed to 000026; 0.1 s; peak memory 718 MiB.
2026-10-02T13:13:09Z INFO [244/5769] 8aeae40d-580b-4dd5-861d-ec751ef42e44: attributed to 001697; 0.0 s; peak memory 718 MiB.
2026-10-02T13:13:09Z INFO [245/5769] 8aef9c7f-fdd0-4b5e-85a2-3f85a47f45e1: attributed to 000465; 0.0 s; peak memory 718 MiB.
2026-10-02T13:13:09Z INFO [246/5769] 8af1794f-f1bb-449c-b979-d9659184f1e7: attributed to 000109; 0.0 s; peak memory 718 MiB.
2026-10-02T13:13:09Z INFO [247/5769] 8af40a95-ff8f-438e-9269-4481747075bc: attributed to 001697; 0.0 s; peak memory 718 MiB.
2026-10-02T13:13:10Z INFO [248/5769] 8af64aff-6d49-4b80-ae4c-51339c45c3ec: attributed to 001697; 0.3 s; peak memory 718 MiB.
2026-10-02T13:13:10Z INFO [249/5769] 8b036b4f-ff96-4c20-8cf4-640c355eca1e: attributed to 001697; 0.0 s; peak memory 718 MiB.
2026-10-02T13:13:10Z INFO [250/5769] 8b0fc6dd-f43c-49cc-ba19-b778a1be177c: attributed to 001697; 0.3 s; peak memory 718 MiB.
2026-10-02T13:13:11Z INFO [250/5769] 8b0fc6dd-f43c-49cc-ba19-b778a1be177c: checkpointed 506539 records.
2026-10-02T13:13:11Z INFO [251/5769] 8b16a69c-5267-4ea7-84a5-3783552ff071: attributed to 000209; 0.0 s; peak memory 718 MiB.
2026-10-02T13:13:11Z INFO [252/5769] 8b17a07b-304c-4bae-a774-5bc9dedf94f6: attributed to 001697; 0.0 s; peak memory 718 MiB.
2026-10-02T13:13:11Z INFO [253/5769] 8b1ae58b-b57f-4609-93ae-532fa2cc15f6: attributed to 001697; 0.3 s; peak memory 718 MiB.
2026-10-02T13:13:12Z INFO [254/5769] 8b1c8313-6b12-42c0-ba9f-c923d57e1392: attributed to 001873; 0.4 s; peak memory 718 MiB.
2026-10-02T13:13:12Z INFO [255/5769] 8b1d9596-5934-45b9-89ff-f71314498118: attributed to 001697; 0.0 s; peak memory 718 MiB.
2026-10-02T13:13:12Z INFO [256/5769] 8b28d0e3-508c-4a7b-9910-e21e6813d3d1: attributed to 001449; 0.1 s; peak memory 718 MiB.
2026-10-02T13:13:12Z INFO [257/5769] 8b294bc9-ece8-44fd-827d-8d3b116dfc92: attributed to 001697; 0.0 s; peak memory 718 MiB.
2026-10-02T13:13:12Z INFO [258/5769] 8b2b00d8-d8ae-484b-b0e6-40616163618d: attributed to 000403; 0.0 s; peak memory 718 MiB.
2026-10-02T13:13:12Z INFO [259/5769] 8b2e4c5e-57f2-487c-a2fb-5364c67de1ff: attributed to 000293; 0.0 s; peak memory 718 MiB.
2026-10-02T13:13:12Z INFO [260/5769] 8b3513d4-1be1-4e59-82be-e5f45cb03d5d: attributed to 000403; 0.0 s; peak memory 718 MiB.
2026-10-02T13:13:12Z INFO [261/5769] 8b38a59c-b59d-4f8a-a4e7-dbe47cd0fde2: attributed to 001697; 0.0 s; peak memory 718 MiB.
2026-10-02T13:13:12Z INFO [262/5769] 8b405630-0c3f-4da0-be9f-73d2436c99ae: attributed to 000209; 0.0 s; peak memory 718 MiB.
2026-10-02T13:13:12Z INFO [263/5769] 8b436e9c-18f7-452b-81dc-6a8b1695a9d0: attributed to 000109; 0.0 s; peak memory 718 MiB.
2026-10-02T13:13:12Z INFO [264/5769] 8b467bce-7394-4eee-98fc-f7128f4d7b6e: attributed to 001697; 0.3 s; peak memory 718 MiB.
2026-10-02T13:13:12Z INFO [265/5769] 8b4a94ba-0e97-4d81-b346-48a0e232745c: attributed to 001697; 0.0 s; peak memory 718 MiB.
2026-10-02T13:13:12Z INFO [266/5769] 8b4a94ed-8517-4098-b9ba-7122f9f82b5b: attributed to 001697; 0.3 s; peak memory 718 MiB.
2026-10-02T13:13:13Z INFO [267/5769] 8b4c1ec4-e6dc-4284-8515-ba40b6261706: attributed to 001697; 0.4 s; peak memory 718 MiB.
2026-10-02T13:13:13Z INFO [268/5769] 8b4d13f3-0db5-4c65-9d6f-0153f38f3bfe: attributed to 001449; 0.1 s; peak memory 718 MiB.
2026-10-02T13:13:13Z INFO [269/5769] 8b556f43-87f2-4b46-bca8-f2b3fcdfd831: attributed to 001697; 0.0 s; peak memory 718 MiB.
2026-10-02T13:13:13Z INFO [270/5769] 8b5668cf-0624-4901-912f-ea8076cd59d2: attributed to 001697; 0.5 s; peak memory 718 MiB.
2026-10-02T13:13:13Z INFO [271/5769] 8b57cf0c-19a3-44bd-8621-2f035672a923: attributed to 001697; 0.0 s; peak memory 718 MiB.
2026-10-02T13:13:14Z INFO [272/5769] 8b5cf302-5f9c-4a73-8707-c4c34f9f3401: attributed to 001697; 1.1 s; peak memory 718 MiB.
2026-10-02T13:13:14Z INFO [273/5769] 8b69c946-1b42-4b03-aaf9-5932d286ac44: attributed to 000026; 0.1 s; peak memory 718 MiB.
2026-10-02T13:13:15Z INFO [274/5769] 8b6a905b-aa46-416a-b172-b7208295e17a: attributed to 001697; 0.3 s; peak memory 718 MiB.
2026-10-02T13:13:15Z INFO [275/5769] 8b6d86a1-edf7-416c-9e6b-a7b91626cbb6: attributed to 000026; 0.1 s; peak memory 718 MiB.
2026-10-02T13:13:15Z INFO [276/5769] 8b7ad3a3-6b23-4a16-8331-dd4a1ad4dfaf: attributed to 000026; 0.1 s; peak memory 718 MiB.
2026-10-02T13:13:15Z INFO [277/5769] 8b82d2bd-9f0e-4c6c-a8b9-3125289e8ecd: attributed to 001449; 0.1 s; peak memory 718 MiB.
2026-10-02T13:13:15Z INFO [278/5769] 8b8b45dd-11f9-4a08-ba24-e4aa562d7032: attributed to 001697; 0.2 s; peak memory 718 MiB.
2026-10-02T13:13:16Z INFO [279/5769] 8b8d9022-f477-45f5-ae8f-0f1021fdfcf4: attributed to 001697; 0.3 s; peak memory 718 MiB.
2026-10-02T13:13:16Z INFO [280/5769] 8b8e68ff-520a-4258-ad23-671dd053b407: attributed to 001697; 0.3 s; peak memory 718 MiB.
2026-10-02T13:13:16Z INFO [281/5769] 8b920939-8137-4451-8f60-4050e6e95fa0: attributed to 000026; 0.3 s; peak memory 718 MiB.
2026-10-02T13:13:16Z INFO [282/5769] 8b964200-74d1-4a11-989a-5554daea460f: attributed to 001697; 0.0 s; peak memory 718 MiB.
2026-10-02T13:13:16Z INFO [283/5769] 8b9a2015-261b-4422-9037-b5e18b330559: attributed to 000293; 0.0 s; peak memory 718 MiB.
2026-10-02T13:13:16Z INFO [284/5769] 8b9a2472-6feb-48c0-8d4e-7356a3b0802a: attributed to 000026; 0.1 s; peak memory 718 MiB.
2026-10-02T13:13:16Z INFO [285/5769] 8b9c7d13-4654-4314-90e3-d1c1cad227f5: attributed to 001697; 0.0 s; peak memory 718 MiB.
2026-10-02T13:13:16Z INFO [286/5769] 8b9d6b37-926c-4aa1-b0ef-e3e6c43bb37c: attributed to 001697; 0.0 s; peak memory 718 MiB.
2026-10-02T13:13:16Z INFO [287/5769] 8b9fe08f-43cd-4ed0-9384-861c2bf81be3: attributed to 001791; 0.2 s; peak memory 718 MiB.
2026-10-02T13:13:17Z INFO [288/5769] 8bab7d42-ba46-4549-9296-1bc5a67f2009: attributed to 000026; 0.1 s; peak memory 718 MiB.
2026-10-02T13:13:17Z INFO [289/5769] 8bb16100-72cf-4052-99aa-d5a5df845e77: attributed to 001697; 0.6 s; peak memory 718 MiB.
2026-10-02T13:13:17Z INFO [290/5769] 8bb3f01c-b444-401e-b953-e26e439dee93: attributed to 000026; 0.2 s; peak memory 718 MiB.
2026-10-02T13:13:17Z INFO [291/5769] 8bbc4269-f0ab-49fd-9dc1-734608ee7803: attributed to 001697; 0.0 s; peak memory 718 MiB.
2026-10-02T13:13:17Z INFO [292/5769] 8bbda5f5-1aa8-46fb-a796-131bfc2a23d1: attributed to 001449; 0.1 s; peak memory 718 MiB.
2026-10-02T13:13:17Z INFO [293/5769] 8bbfb3b1-72d4-4617-b022-395fd5806993: attributed to 000408; 0.0 s; peak memory 718 MiB.
2026-10-02T13:13:17Z INFO [294/5769] 8bcb5e8c-78f8-40f6-9081-3caeacc0c0af: attributed to 000465; 0.0 s; peak memory 718 MiB.
2026-10-02T13:13:18Z INFO [295/5769] 8bced42c-d4da-44b8-91c3-2f890639df62: attributed to 001697; 0.3 s; peak memory 718 MiB.
2026-10-02T13:13:18Z INFO [296/5769] 8bd2feb4-fff2-4519-8203-97a62dceec12: attributed to 001697; 0.3 s; peak memory 718 MiB.
2026-10-02T13:13:18Z INFO [297/5769] 8bd456a4-0a3f-4f2e-ad1b-f5aa40620148: attributed to 001697; 0.3 s; peak memory 718 MiB.
2026-10-02T13:13:18Z INFO [298/5769] 8bd62f4a-34cf-4732-b885-846238b12777: attributed to 001063; 0.1 s; peak memory 718 MiB.
2026-10-02T13:13:18Z INFO [299/5769] 8bda03c0-8a6c-4550-9207-f9e6e7495814: attributed to 001063; 0.1 s; peak memory 718 MiB.
2026-10-02T13:13:18Z INFO [300/5769] 8bdf4906-d53f-4ab4-83fb-9ab36375aa33: attributed to 000109; 0.0 s; peak memory 718 MiB.
2026-10-02T13:13:20Z INFO [300/5769] 8bdf4906-d53f-4ab4-83fb-9ab36375aa33: checkpointed 506539 records.
2026-10-02T13:13:20Z INFO [301/5769] 8be1e711-e759-4869-9cf5-cdb832098f2b: attributed to 000571; 0.1 s; peak memory 718 MiB.
2026-10-02T13:13:20Z INFO [302/5769] 8be643b7-971f-443d-a699-5070a43ede16: attributed to 001697; 0.3 s; peak memory 718 MiB.
2026-10-02T13:13:20Z INFO [303/5769] 8bea3570-fd62-451e-b59e-a5789b2c9b53: attributed to 000026; 0.3 s; peak memory 718 MiB.
2026-10-02T13:13:21Z INFO [304/5769] 8bf437ac-0748-4c52-85fb-17d47b00c4b1: attributed to 000026; 0.5 s; peak memory 718 MiB.
2026-10-02T13:13:21Z INFO [305/5769] 8bf5bf84-d981-44cc-a497-b7cf6ce1f10c: attributed to 001697; 0.4 s; peak memory 718 MiB.
2026-10-02T13:13:21Z INFO [306/5769] 8bf693d8-b431-45c1-815e-c29d07d433a0: attributed to 001697; 0.0 s; peak memory 718 MiB.
2026-10-02T13:13:21Z INFO [307/5769] 8c0143ba-f849-45be-b336-733b0c7110d2: attributed to 001697; 0.0 s; peak memory 718 MiB.
2026-10-02T13:13:21Z INFO [308/5769] 8c0d65c8-fae5-4667-8700-6275128b02bd: attributed to 001697; 0.3 s; peak memory 718 MiB.
2026-10-02T13:13:21Z INFO [309/5769] 8c0f7bad-f34c-4525-9ad0-b18123e47d9f: attributed to 000026; 0.1 s; peak memory 718 MiB.
2026-10-02T13:13:21Z INFO [310/5769] 8c15153c-f2a9-4bcc-aa18-e320bcbcd95c: attributed to 001697; 0.0 s; peak memory 718 MiB.
2026-10-02T13:13:21Z INFO [311/5769] 8c2228c7-2e9a-4d76-8d51-f72f77d3c30d: attributed to 001697; 0.0 s; peak memory 718 MiB.
2026-10-02T13:13:21Z INFO [312/5769] 8c225c7c-c1d5-49c2-9eb4-5c6308d5143c: attributed to 000403; 0.0 s; peak memory 718 MiB.
2026-10-02T13:13:21Z INFO [313/5769] 8c2821ab-1633-490f-ba22-25e3f98dd6d6: attributed to 001697; 0.0 s; peak memory 718 MiB.
2026-10-02T13:13:21Z INFO [314/5769] 8c308f06-d0da-482b-947e-9410091afe31: attributed to 001697; 0.0 s; peak memory 718 MiB.
2026-10-02T13:13:22Z INFO [315/5769] 8c33d04d-a7b5-4858-872f-25cba8020057: attributed to 000026; 0.1 s; peak memory 718 MiB.
2026-10-02T13:13:22Z INFO [316/5769] 8c34fc33-f45a-4e04-92fb-04787056cc7a: attributed to 000209; 0.0 s; peak memory 718 MiB.
2026-10-02T13:13:22Z INFO [317/5769] 8c3bf4c6-9cd6-4f06-8bb6-331e8510d991: attributed to 001063; 0.1 s; peak memory 718 MiB.
2026-10-02T13:13:22Z INFO [318/5769] 8c3f79d3-f238-4771-9bd8-1f1a982a2610: attributed to 000026; 0.1 s; peak memory 718 MiB.
2026-10-02T13:13:22Z INFO [319/5769] 8c41b3c6-fb03-4484-9ae2-ecfabd663a07: attributed to 000026; 0.2 s; peak memory 718 MiB.
2026-10-02T13:13:22Z INFO [320/5769] 8c443623-6986-42bd-9e66-fd360064a9fb: attributed to 000026; 0.1 s; peak memory 719 MiB.
2026-10-02T13:13:22Z INFO [321/5769] 8c528ee6-3453-4cba-b89d-5a3d6067c77d: attributed to 001697; 0.0 s; peak memory 719 MiB.
2026-10-02T13:13:22Z INFO [322/5769] 8c587e66-617b-4c77-8a2f-a98bc7409b24: attributed to 001697; 0.0 s; peak memory 719 MiB.
2026-10-02T13:13:22Z INFO [323/5769] 8c5b0f5e-3a9e-4266-a725-4c037c09ba24: attributed to 000209; 0.0 s; peak memory 719 MiB.
2026-10-02T13:13:22Z INFO [324/5769] 8c5ea845-4a11-472a-a7c0-7590c629d3b7: attributed to 000946; 0.1 s; peak memory 719 MiB.
2026-10-02T13:13:22Z INFO [325/5769] 8c675378-1b32-4703-a99e-1aeb9f883113: attributed to 000026; 0.1 s; peak memory 719 MiB.
2026-10-02T13:13:23Z INFO [326/5769] 8c698ec4-e830-407c-b285-9a872869ccac: attributed to 001697; 0.3 s; peak memory 719 MiB.
2026-10-02T13:13:23Z INFO [327/5769] 8c75960e-44e6-4ff0-b2ee-c6252a9abe5d: attributed to 001697; 0.3 s; peak memory 719 MiB.
2026-10-02T13:13:23Z INFO [328/5769] 8c836775-9a10-46bc-88f5-4697f1c58189: attributed to 001697; 0.0 s; peak memory 719 MiB.
2026-10-02T13:13:23Z INFO [329/5769] 8c8588d7-ba85-408a-acda-ca49713ef03b: attributed to 001449; 0.1 s; peak memory 719 MiB.
2026-10-02T13:13:23Z INFO [330/5769] 8c8ed39b-f825-457f-8944-1c968501c825: attributed to 000026; 0.2 s; peak memory 719 MiB.
2026-10-02T13:13:23Z INFO [331/5769] 8c94d9e8-9455-4ce4-a905-5ce437867bf2: attributed to 000026; 0.1 s; peak memory 719 MiB.
2026-10-02T13:13:24Z INFO [332/5769] 8ca592fe-5937-47ce-89dc-bdad5421af36: attributed to 001697; 0.3 s; peak memory 719 MiB.
2026-10-02T13:13:24Z INFO [333/5769] 8ca9b7b9-d51b-485c-9737-c4c946defe17: attributed to 000142; 0.0 s; peak memory 719 MiB.
2026-10-02T13:13:24Z INFO [334/5769] 8cc05263-5c96-4391-b105-e49e55c24512: attributed to 001697; 0.3 s; peak memory 719 MiB.
2026-10-02T13:13:24Z INFO [335/5769] 8cc23920-e082-43f7-9bdd-c7c4f7af8e45: attributed to 001697; 0.0 s; peak memory 719 MiB.
2026-10-02T13:13:24Z INFO [336/5769] 8cc85d86-a3ca-43f1-9ae4-ad8d39ea779a: attributed to 000026; 0.2 s; peak memory 719 MiB.
2026-10-02T13:13:24Z INFO [337/5769] 8cd1b3e6-e2cd-4698-85ef-8e5947b3fd49: attributed to 001258; 0.0 s; peak memory 719 MiB.
2026-10-02T13:13:25Z INFO [338/5769] 8cd2f316-b2f4-4ec9-9560-57d77e485955: attributed to 001697; 0.8 s; peak memory 719 MiB.
2026-10-02T13:13:25Z INFO [339/5769] 8ce2bdda-7f82-4bc3-941f-32ed0ef11a2d: attributed to 001697; 0.3 s; peak memory 719 MiB.
2026-10-02T13:13:25Z INFO [340/5769] 8ce3d861-9fda-4cca-80a4-f37c7427d8fd: attributed to 001697; 0.0 s; peak memory 719 MiB.
2026-10-02T13:13:25Z INFO [341/5769] 8cefb5a2-8114-41e3-8217-6beb65a5258c: attributed to 000026; 0.1 s; peak memory 719 MiB.
2026-10-02T13:13:25Z INFO [342/5769] 8ceff7c9-5139-4ff4-bc06-170b3a977a21: attributed to 000026; 0.1 s; peak memory 719 MiB.
2026-10-02T13:13:25Z INFO [343/5769] 8cf46635-1067-4fe1-beee-f4de1bc524a8: attributed to 001697; 0.0 s; peak memory 719 MiB.
2026-10-02T13:13:26Z INFO [344/5769] 8cf9b9fb-9b11-44b1-b45b-2b5b79eaae5b: attributed to 000026; 0.2 s; peak memory 719 MiB.
2026-10-02T13:13:26Z INFO [345/5769] 8cf9e98f-076a-4b59-9138-201589a1532c: attributed to 001697; 0.0 s; peak memory 719 MiB.
2026-10-02T13:13:26Z INFO [346/5769] 8cfa206b-793c-402a-9506-b69513ca0d4f: attributed to 001697; 0.3 s; peak memory 719 MiB.
2026-10-02T13:13:26Z INFO [347/5769] 8cfbe55d-1d11-40f0-afcb-9c74fd069f3e: attributed to 000403; 0.4 s; peak memory 719 MiB.
2026-10-02T13:13:26Z INFO [348/5769] 8d0104c3-70bf-4636-aae8-c6f572de803c: attributed to 001697; 0.0 s; peak memory 719 MiB.
2026-10-02T13:13:26Z INFO [349/5769] 8d0725dd-b5ed-46bb-aa2f-e2ef39be1b21: attributed to 000142; 0.0 s; peak memory 719 MiB.
2026-10-02T13:13:26Z INFO [350/5769] 8d0fa8d7-894d-4bd0-91ba-1610bf8d5d0c: attributed to 000293; 0.0 s; peak memory 719 MiB.
2026-10-02T13:13:27Z INFO [350/5769] 8d0fa8d7-894d-4bd0-91ba-1610bf8d5d0c: checkpointed 506539 records.
2026-10-02T13:13:27Z INFO [351/5769] 8d10548b-10d5-4e5e-af3e-cb32b985b97b: attributed to 001697; 0.0 s; peak memory 719 MiB.
2026-10-02T13:13:28Z INFO [352/5769] 8d148bf9-973b-4fd0-917e-68a62c2c3e7a: attributed to 001697; 0.4 s; peak memory 719 MiB.
2026-10-02T13:13:28Z INFO [353/5769] 8d16b969-6c97-4e4d-a235-eb1979e36596: attributed to 000142; 0.0 s; peak memory 719 MiB.
2026-10-02T13:13:29Z INFO [354/5769] 8d1a19e5-5038-4e16-8049-37fa915cf303: attributed to 000571; 1.6 s; peak memory 719 MiB.
2026-10-02T13:13:30Z INFO [355/5769] 8d23d0ed-5f65-4781-8abf-ac96314d1ca7: attributed to 001697; 0.4 s; peak memory 719 MiB.
2026-10-02T13:13:30Z INFO [356/5769] 8d2cf80a-6962-4286-bf7e-7727ba0735d4: attributed to 001697; 0.0 s; peak memory 719 MiB.
2026-10-02T13:13:30Z INFO [357/5769] 8d2e6f20-a1d9-453d-813a-66e6f5432c8a: attributed to 000109; 0.0 s; peak memory 719 MiB.
2026-10-02T13:13:30Z INFO [358/5769] 8d399a13-0c65-475e-8e4e-fcf41cf685be: attributed to 000408; 0.0 s; peak memory 719 MiB.
2026-10-02T13:13:30Z INFO [359/5769] 8d3d1716-ff40-4e71-9184-ec6c644d9754: attributed to 001697; 0.3 s; peak memory 719 MiB.
2026-10-02T13:13:30Z INFO [360/5769] 8d3e89d8-78ce-483b-823a-f8be6763548e: attributed to 000026; 0.3 s; peak memory 719 MiB.
2026-10-02T13:13:30Z INFO [361/5769] 8d3f3bd4-3d60-47e3-a768-18f7fe48c484: attributed to 000142; 0.0 s; peak memory 719 MiB.
2026-10-02T13:13:30Z INFO [362/5769] 8d485f9f-d5a8-467e-b74c-a602b6037375: attributed to 001697; 0.0 s; peak memory 719 MiB.
2026-10-02T13:13:30Z INFO [363/5769] 8d4f46a6-39d7-4986-b604-09f5db917642: attributed to 000403; 0.0 s; peak memory 719 MiB.
2026-10-02T13:13:31Z INFO [364/5769] 8d537af4-cd93-45bd-9991-c7ed93c92ff5: attributed to 001765; 0.4 s; peak memory 719 MiB.
2026-10-02T13:13:31Z INFO [365/5769] 8d5acf43-53f6-444a-ad1a-bc746e33370d: attributed to 001697; 0.0 s; peak memory 719 MiB.
2026-10-02T13:13:31Z INFO [366/5769] 8d621737-f289-4551-94d6-c93876f8f701: attributed to 001697; 0.0 s; peak memory 719 MiB.
2026-10-02T13:13:31Z INFO [367/5769] 8d65c222-07fd-489f-b2fc-a8fc5bc9cfbd: attributed to 001697; 0.0 s; peak memory 719 MiB.
2026-10-02T13:13:31Z INFO [368/5769] 8d6d2f10-3a2f-4a7d-8bac-26cc32b01212: attributed to 000026; 0.2 s; peak memory 719 MiB.
2026-10-02T13:13:31Z INFO [369/5769] 8d701157-3555-4f4c-8435-5846cc96e2b8: attributed to 000026; 0.3 s; peak memory 719 MiB.
2026-10-02T13:13:31Z INFO [370/5769] 8d719bba-25ba-46f6-a971-a7dc4e55b844: attributed to 001697; 0.0 s; peak memory 719 MiB.
2026-10-02T13:13:31Z INFO [371/5769] 8d754771-7a83-4338-8aee-624f473cb472: attributed to 001697; 0.3 s; peak memory 719 MiB.
2026-10-02T13:13:31Z INFO [372/5769] 8d77d7d9-f5fc-487b-9c44-a9fcd409ddfd: attributed to 001697; 0.0 s; peak memory 719 MiB.
2026-10-02T13:13:32Z INFO [373/5769] 8d7dcf17-e98d-4e5a-a7bf-95cff43cd8d1: attributed to 001697; 0.3 s; peak memory 719 MiB.
2026-10-02T13:13:32Z INFO [374/5769] 8d80083c-4174-4238-9701-d1efd788d46f: attributed to 000026; 0.1 s; peak memory 719 MiB.
2026-10-02T13:13:32Z INFO [375/5769] 8d80d5d0-9630-4df0-a824-28f1319c379c: attributed to 001697; 0.3 s; peak memory 719 MiB.
2026-10-02T13:13:32Z INFO [376/5769] 8d8a0bba-832f-4fe6-bbd4-38476b9fa4fd: attributed to 001697; 0.0 s; peak memory 719 MiB.
2026-10-02T13:13:33Z INFO [377/5769] 8d9a22d4-0d54-492d-bcff-1d85a1f3df80: attributed to 001697; 0.9 s; peak memory 719 MiB.
2026-10-02T13:13:33Z INFO [378/5769] 8d9e218a-59dd-4a44-9597-7987876bee90: attributed to 001748; 0.0 s; peak memory 719 MiB.
2026-10-02T13:13:33Z INFO [379/5769] 8d9e828a-6c36-4725-bba2-0d9ea563a7a3: attributed to 001697; 0.3 s; peak memory 719 MiB.
2026-10-02T13:13:34Z INFO [380/5769] 8d9f3658-bfc3-41a4-9819-7e25cd915315: attributed to 001697; 0.3 s; peak memory 719 MiB.
2026-10-02T13:13:34Z INFO [381/5769] 8d9fbedd-0ddd-4b97-8772-574b96e74570: attributed to 000026; 0.1 s; peak memory 719 MiB.
2026-10-02T13:13:34Z INFO [382/5769] 8da00afb-c7d8-4a60-8201-d26eb36e35dc: attributed to 000570; 0.0 s; peak memory 719 MiB.
2026-10-02T13:13:34Z INFO [383/5769] 8da2db6b-a425-4669-8df5-2daa0d90295f: attributed to 000142; 0.0 s; peak memory 719 MiB.
2026-10-02T13:13:34Z INFO [384/5769] 8da87b01-5930-4e5c-b5fc-b07ceef6d3fa: attributed to 001697; 0.0 s; peak memory 719 MiB.
2026-10-02T13:13:34Z INFO [385/5769] 8da88bbe-8c70-4442-bae9-60d5b42fd3e2: attributed to 000026; 0.1 s; peak memory 719 MiB.
2026-10-02T13:13:34Z INFO [386/5769] 8dab4fc6-25bd-49a7-8b0d-752e3310763a: attributed to 001697; 0.3 s; peak memory 719 MiB.
2026-10-02T13:13:34Z INFO [387/5769] 8dabdfa7-9dc8-4cd1-a60f-4ce0d497943c: attributed to 001697; 0.3 s; peak memory 719 MiB.
2026-10-02T13:13:35Z INFO [388/5769] 8db13c0a-23ae-4ce1-990c-9012e920d7fe: attributed to 001697; 0.3 s; peak memory 719 MiB.
2026-10-02T13:13:35Z INFO [389/5769] 8db41b0a-1345-42a9-a79f-5338aa8217d1: attributed to 000026; 0.1 s; peak memory 719 MiB.
2026-10-02T13:13:35Z INFO [390/5769] 8dc6cf3a-9f8a-4793-b913-5fa2993c35e1: attributed to 000026; 0.1 s; peak memory 719 MiB.
2026-10-02T13:13:35Z INFO [391/5769] 8dcab08b-5cc0-423a-a9e6-354c284cc7ca: attributed to 001697; 0.0 s; peak memory 719 MiB.
2026-10-02T13:13:35Z INFO [392/5769] 8dcde9c2-80ee-4af9-99ae-b66eab927917: attributed to 001697; 0.3 s; peak memory 719 MiB.
2026-10-02T13:13:35Z INFO [393/5769] 8dcfad28-cfec-4fd4-998d-ac3401aca7d3: attributed to 000946; 0.1 s; peak memory 719 MiB.
2026-10-02T13:13:35Z INFO [394/5769] 8dd0fca0-675e-46e1-acbe-5137ac731c22: attributed to 001697; 0.0 s; peak memory 719 MiB.
2026-10-02T13:13:35Z INFO [395/5769] 8dda93db-f396-4462-985c-3f381378bbdb: attributed to 000026; 0.1 s; peak memory 719 MiB.
2026-10-02T13:13:35Z INFO [396/5769] 8ddc54dc-72a0-4cf7-8450-7991220f6f0a: attributed to 001748; 0.0 s; peak memory 719 MiB.
2026-10-02T13:13:35Z INFO [397/5769] 8de6a36b-99c6-455d-b73c-28d47b61a87b: attributed to 000403; 0.0 s; peak memory 719 MiB.
2026-10-02T13:13:36Z INFO [398/5769] 8de8ec7d-fc4c-43c6-b1c4-9f9870d27e1e: attributed to 001697; 0.3 s; peak memory 719 MiB.
2026-10-02T13:13:36Z INFO [399/5769] 8de9462a-3d43-42ed-b236-ac61fcebb942: attributed to 001697; 0.0 s; peak memory 719 MiB.
2026-10-02T13:13:36Z INFO [400/5769] 8def6218-f685-44b0-bdaa-3fd7cc71f13e: attributed to 001697; 0.3 s; peak memory 719 MiB.
2026-10-02T13:13:37Z INFO [400/5769] 8def6218-f685-44b0-bdaa-3fd7cc71f13e: checkpointed 506540 records.
2026-10-02T13:13:37Z INFO [401/5769] 8e01e55e-f5b8-41a4-b103-fca2c0fc12b2: attributed to 001697; 0.3 s; peak memory 719 MiB.
2026-10-02T13:13:37Z INFO [402/5769] 8e080528-be02-45c3-bcaa-0d1954153a9e: attributed to 001697; 0.0 s; peak memory 719 MiB.
2026-10-02T13:13:37Z INFO [403/5769] 8e0d6426-f5ba-4082-94c6-3441437e15a7: attributed to 001697; 0.0 s; peak memory 719 MiB.
2026-10-02T13:13:38Z INFO [404/5769] 8e0e00c7-1519-48f0-81bd-39738656e97d: attributed to 001697; 0.3 s; peak memory 719 MiB.
2026-10-02T13:13:38Z INFO [405/5769] 8e14f0f1-1966-46ab-85a1-3faefe3f0d8b: attributed to 001697; 0.3 s; peak memory 719 MiB.
2026-10-02T13:13:38Z INFO [406/5769] 8e169b54-c980-4d27-ba9f-491dd912a9a6: attributed to 000026; 0.1 s; peak memory 719 MiB.
2026-10-02T13:13:38Z INFO [407/5769] 8e16a34b-3f2b-4869-b7a3-3b8dd4ba1834: attributed to 001697; 0.0 s; peak memory 719 MiB.
2026-10-02T13:13:39Z INFO [408/5769] 8e2b8a35-06bd-4bda-a757-73261e2e8587: attributed to 001873; 0.4 s; peak memory 719 MiB.
2026-10-02T13:13:39Z INFO [409/5769] 8e2ce7d1-dee4-4623-851c-96fc35bfcd65: attributed to 000026; 0.1 s; peak memory 719 MiB.
2026-10-02T13:13:39Z INFO [410/5769] 8e2d9e0b-036d-4491-a1fc-9d4fc10c898b: attributed to 000026; 0.1 s; peak memory 719 MiB.
2026-10-02T13:13:39Z INFO [411/5769] 8e2fc6aa-9b00-49b4-9f95-ca6997b63c7a: attributed to 000142; 0.0 s; peak memory 719 MiB.
2026-10-02T13:13:39Z INFO [412/5769] 8e324532-5cb2-4d53-ba16-4ca6d783c828: attributed to 001697; 0.0 s; peak memory 719 MiB.
2026-10-02T13:13:39Z INFO [413/5769] 8e38a512-b7b7-4eef-a48b-f10a4ec20bdb: attributed to 001697; 0.0 s; peak memory 719 MiB.
2026-10-02T13:13:39Z INFO [414/5769] 8e3f4a53-22d3-4dbe-a1b5-08074d5fffa5: attributed to 001697; 0.0 s; peak memory 719 MiB.
2026-10-02T13:13:39Z INFO [415/5769] 8e550ba0-c5c5-46c2-91f0-49aaa5c77662: attributed to 001697; 0.3 s; peak memory 719 MiB.
2026-10-02T13:13:39Z INFO [416/5769] 8e57e0f7-5222-4107-8b02-efbc94fdacbe: attributed to 001258; 0.0 s; peak memory 719 MiB.
2026-10-02T13:13:39Z INFO [417/5769] 8e59d36a-c5c1-4fd8-9fb7-6bf788dbfa97: attributed to 001063; 0.1 s; peak memory 719 MiB.
2026-10-02T13:13:39Z INFO [418/5769] 8e5a7b66-7608-421c-8f2a-bbb2f5a2cc5a: attributed to 000029; 0.0 s; peak memory 719 MiB.
2026-10-02T13:13:40Z INFO [419/5769] 8e5febed-3835-47cf-803b-f53b9305cb5d: attributed to 001697; 0.4 s; peak memory 719 MiB.
2026-10-02T13:13:40Z INFO [420/5769] 8e645ecf-b841-48dc-ad21-47b27fd9797c: attributed to 000142; 0.0 s; peak memory 719 MiB.
2026-10-02T13:13:40Z INFO [421/5769] 8e6890f3-22f1-4b65-a23e-f8201059fd53: attributed to 000946; 0.1 s; peak memory 719 MiB.
2026-10-02T13:13:40Z INFO [422/5769] 8e6a63c4-e37e-4f28-8bfd-e69668183c26: attributed to 000026; 0.1 s; peak memory 719 MiB.
2026-10-02T13:13:40Z INFO [423/5769] 8e70b368-4b10-41fc-ae8d-3229f01bf22a: attributed to 001697; 0.0 s; peak memory 719 MiB.
2026-10-02T13:13:40Z INFO [424/5769] 8e71b6e8-855b-4946-91dc-1028fd576872: attributed to 001697; 0.0 s; peak memory 719 MiB.
2026-10-02T13:13:40Z INFO [425/5769] 8e731141-e6c4-4b3a-90f5-64ebd73e019e: attributed to 001697; 0.5 s; peak memory 719 MiB.
2026-10-02T13:13:40Z INFO [426/5769] 8e823a1e-c775-4957-8e79-0cc564c01268: attributed to 001697; 0.0 s; peak memory 719 MiB.
2026-10-02T13:13:41Z INFO [427/5769] 8e843133-a06f-440b-8a05-91abba55fc55: attributed to 001697; 0.3 s; peak memory 719 MiB.
2026-10-02T13:13:41Z INFO [428/5769] 8e85d7b5-efe9-4f5b-8e85-4c4e1e2ba5d3: attributed to 001697; 0.4 s; peak memory 719 MiB.
2026-10-02T13:13:41Z INFO [429/5769] 8e89746f-9736-478a-96a7-843d279668b8: attributed to 000026; 0.3 s; peak memory 719 MiB.
2026-10-02T13:13:42Z INFO [430/5769] 8e8dc5b2-223a-4eda-9590-4d85d68a1e55: attributed to 001697; 0.5 s; peak memory 719 MiB.
2026-10-02T13:13:42Z INFO [431/5769] 8e93e261-e696-47f5-8416-da2a9dda1dec: attributed to 000408; 0.2 s; peak memory 719 MiB.
2026-10-02T13:13:42Z INFO [432/5769] 8e9512da-a2b3-4f60-8534-55c6fba0e3ed: attributed to 001697; 0.0 s; peak memory 719 MiB.
2026-10-02T13:13:42Z INFO [433/5769] 8e996d91-feaa-4d4b-a271-3af8fb537e49: attributed to 001697; 0.0 s; peak memory 719 MiB.
2026-10-02T13:13:42Z INFO [434/5769] 8ea2a310-60de-4743-b14a-99a99a9c964f: attributed to 000142; 0.0 s; peak memory 719 MiB.
2026-10-02T13:13:42Z INFO [435/5769] 8ead85ea-6564-4c20-a0f3-f66e21a45f9b: attributed to 000026; 0.1 s; peak memory 719 MiB.
2026-10-02T13:13:42Z INFO [436/5769] 8eb1fbe2-68d2-4d94-b7df-48e2301b393f: attributed to 001697; 0.0 s; peak memory 719 MiB.
2026-10-02T13:13:42Z INFO [437/5769] 8eb3426f-a5a1-4b79-8190-9c4513a682ae: attributed to 000026; 0.1 s; peak memory 719 MiB.
2026-10-02T13:13:42Z INFO [438/5769] 8eb6d5d4-455a-4c17-851f-44d5485e1f8f: attributed to 001697; 0.3 s; peak memory 719 MiB.
2026-10-02T13:13:43Z INFO [439/5769] 8eb798b3-fccf-497a-9d66-b4899b2f06da: attributed to 001697; 0.3 s; peak memory 719 MiB.
2026-10-02T13:13:43Z INFO [440/5769] 8ec40e8d-8394-4d2b-874a-5c4cb8bf796d: attributed to 001697; 0.0 s; peak memory 719 MiB.
2026-10-02T13:13:43Z INFO [441/5769] 8ec5a8a4-441d-4aec-86d9-42c0662c4f54: attributed to 000946; 0.1 s; peak memory 719 MiB.
2026-10-02T13:13:43Z INFO [442/5769] 8ec67a4f-aecd-4a51-aafb-13439c4419de: attributed to 001873; 0.4 s; peak memory 719 MiB.
2026-10-02T13:13:44Z INFO [443/5769] 8edcedda-484d-469d-9737-2a9d603ed5f0: attributed to 001697; 0.3 s; peak memory 719 MiB.
2026-10-02T13:13:44Z INFO [444/5769] 8ee1c49e-674a-4b01-b652-7241969ad7da: attributed to 001873; 0.4 s; peak memory 719 MiB.
2026-10-02T13:13:44Z INFO [445/5769] 8ee34d3d-7fe0-4a85-ab80-71e51ae2a763: attributed to 001697; 0.0 s; peak memory 719 MiB.
2026-10-02T13:13:44Z INFO [446/5769] 8ee9723a-9b70-444b-adbd-ee89dac2f31b: attributed to 001697; 0.0 s; peak memory 719 MiB.
2026-10-02T13:13:44Z INFO [447/5769] 8eeb28c6-5595-4caa-a6f7-5656bc7d329b: attributed to 001697; 0.0 s; peak memory 719 MiB.
2026-10-02T13:13:44Z INFO [448/5769] 8eee5ef0-6806-41ff-bf9f-e40921c3ca84: attributed to 000946; 0.1 s; peak memory 719 MiB.
2026-10-02T13:13:44Z INFO [449/5769] 8ef149f6-fda2-4098-a16e-4b2260bd2bb3: attributed to 001697; 0.3 s; peak memory 719 MiB.
2026-10-02T13:13:44Z INFO [450/5769] 8ef32416-b1bd-4f41-8aac-444cde6576d7: attributed to 001697; 0.0 s; peak memory 719 MiB.
2026-10-02T13:13:45Z INFO [450/5769] 8ef32416-b1bd-4f41-8aac-444cde6576d7: checkpointed 506540 records.
2026-10-02T13:13:46Z INFO [451/5769] 8efa1385-dcbd-4742-8ba8-f1fc2867d1b8: attributed to 001697; 0.3 s; peak memory 719 MiB.
2026-10-02T13:13:46Z INFO [452/5769] 8eff6212-71db-465d-8737-1cac34ac056b: attributed to 000293; 0.0 s; peak memory 719 MiB.
2026-10-02T13:13:46Z INFO [453/5769] 8f0091b3-a693-41e6-b7d4-ec54110365c5: attributed to 001697; 0.3 s; peak memory 719 MiB.
2026-10-02T13:13:46Z INFO [454/5769] 8f02d238-7750-4652-ba16-2e69f8f96171: attributed to 000293; 0.0 s; peak memory 719 MiB.
2026-10-02T13:13:46Z INFO [455/5769] 8f044af8-797a-4f9c-a846-8d1499748012: attributed to 000026; 0.1 s; peak memory 719 MiB.
2026-10-02T13:13:46Z INFO [456/5769] 8f087f4a-8853-40f7-b475-4f76b8cc6c37: attributed to 001697; 0.3 s; peak memory 719 MiB.
2026-10-02T13:13:46Z INFO [457/5769] 8f08946e-4e3b-4984-b71c-1d5e46ca5443: attributed to 000026; 0.1 s; peak memory 719 MiB.
2026-10-02T13:13:47Z INFO [458/5769] 8f14745d-ccaa-43f1-93a1-6cb62311fca8: attributed to 000571; 0.2 s; peak memory 719 MiB.
2026-10-02T13:13:47Z INFO [459/5769] 8f1cb71b-9e23-472e-b8e6-1b2d5a23318a: attributed to 001697; 0.3 s; peak memory 719 MiB.
2026-10-02T13:13:47Z INFO [460/5769] 8f2ac4b1-5e96-4e12-a6d5-07fcb716a670: attributed to 000026; 0.1 s; peak memory 719 MiB.
2026-10-02T13:13:47Z INFO [461/5769] 8f42fce7-c230-4db5-937e-f4b28261c611: attributed to 000026; 0.1 s; peak memory 719 MiB.
2026-10-02T13:13:47Z INFO [462/5769] 8f52d9f4-73c6-49a6-858b-584de81a73f5: attributed to 001697; 0.3 s; peak memory 719 MiB.
2026-10-02T13:13:47Z INFO [463/5769] 8f532c19-d173-4da3-b61d-19415c15191b: attributed to 000109; 0.0 s; peak memory 719 MiB.
2026-10-02T13:13:47Z INFO [464/5769] 8f590254-e60d-49be-b325-4b78f54fbd80: attributed to 001697; 0.0 s; peak memory 719 MiB.
2026-10-02T13:13:48Z INFO [465/5769] 8f5e19ea-d6e2-4a60-bbd1-674a8e9f00cd: attributed to 001697; 0.3 s; peak memory 719 MiB.
2026-10-02T13:13:48Z INFO [466/5769] 8f67eb9c-8bd9-4e03-b61b-b8b42ec7d23a: attributed to 001697; 0.0 s; peak memory 719 MiB.
2026-10-02T13:13:48Z INFO [467/5769] 8f69e88d-540f-4f3d-bc15-0d8462590040: attributed to 000109; 0.0 s; peak memory 719 MiB.
2026-10-02T13:13:48Z INFO [468/5769] 8f6f2fe6-2709-488c-8920-f0ef21c5f938: attributed to 001697; 0.0 s; peak memory 719 MiB.
2026-10-02T13:13:48Z INFO [469/5769] 8f71b47b-930f-4927-a58e-b06e2d7a4910: attributed to 001697; 0.3 s; peak memory 719 MiB.
2026-10-02T13:13:48Z INFO [470/5769] 8f732a8f-f2fb-463c-bc57-90e8221c0e40: attributed to 000026; 0.1 s; peak memory 719 MiB.
2026-10-02T13:13:48Z INFO [471/5769] 8f74c49f-2221-4b53-8106-7d6f0bc9fcf7: attributed to 001697; 0.3 s; peak memory 719 MiB.
2026-10-02T13:13:49Z INFO [472/5769] 8f782915-8861-4338-8d7a-8ff618b577e3: attributed to 000026; 0.2 s; peak memory 719 MiB.
2026-10-02T13:13:49Z INFO [473/5769] 8f7f37c9-88dd-4dcd-834c-ddb7c35704e9: attributed to 001697; 0.4 s; peak memory 719 MiB.
2026-10-02T13:13:49Z INFO [474/5769] 8f805d29-006c-455c-9edf-3c3dd03698bf: attributed to 001782; 0.1 s; peak memory 719 MiB.
2026-10-02T13:13:50Z INFO [475/5769] 8f848378-0018-4418-9270-60d9a2dbd86a: attributed to 001697; 0.4 s; peak memory 719 MiB.
2026-10-02T13:13:50Z INFO [476/5769] 8f8533d5-1542-470e-828d-63184b769807: attributed to 001697; 0.3 s; peak memory 719 MiB.
2026-10-02T13:13:50Z INFO [477/5769] 8f858238-7c88-4e29-8461-4cf2d8f4c55c: attributed to 001697; 0.0 s; peak memory 719 MiB.
2026-10-02T13:13:50Z INFO [478/5769] 8f89569f-e134-4399-a633-331dc4d0a6af: attributed to 001697; 0.3 s; peak memory 719 MiB.
2026-10-02T13:13:50Z INFO [479/5769] 8f89c58b-5747-4806-b373-470a089dce77: attributed to 000142; 0.0 s; peak memory 719 MiB.
2026-10-02T13:13:50Z INFO [480/5769] 8f8adcdf-4385-4333-b00a-0c680e44b7c9: attributed to 001697; 0.0 s; peak memory 719 MiB.
2026-10-02T13:13:50Z INFO [481/5769] 8f8c74bb-d320-4ff2-aa76-6c6ebcc4516f: attributed to 000946; 0.1 s; peak memory 719 MiB.
2026-10-02T13:13:50Z INFO [482/5769] 8f90ed3f-140a-4733-86d8-7e36426ba433: attributed to 001697; 0.0 s; peak memory 719 MiB.
2026-10-02T13:13:50Z INFO [483/5769] 8f91bec0-d294-484b-89ed-eb24f8b3cd8e: attributed to 001697; 0.0 s; peak memory 719 MiB.
2026-10-02T13:13:50Z INFO [484/5769] 8f9980e9-445e-451b-823a-7883aa0150ad: attributed to 001697; 0.0 s; peak memory 719 MiB.
2026-10-02T13:13:50Z INFO [485/5769] 8f9a3ec5-183a-42fd-bba7-8d044a265708: attributed to 001697; 0.0 s; peak memory 719 MiB.
2026-10-02T13:13:50Z INFO [486/5769] 8f9ec9f5-b19d-4f40-a2a4-98dd915863aa: attributed to 001697; 0.0 s; peak memory 719 MiB.
2026-10-02T13:13:51Z INFO [487/5769] 8fa0a094-bd0f-4a91-9652-49d7d5a27dc4: attributed to 001697; 0.3 s; peak memory 719 MiB.
2026-10-02T13:13:51Z INFO [488/5769] 8fa12f8c-5c7e-460f-924f-c00d247fb50d: attributed to 001697; 0.3 s; peak memory 719 MiB.
2026-10-02T13:13:51Z INFO [489/5769] 8fa369c3-eb1a-4336-898b-0da392254d69: attributed to 001697; 0.0 s; peak memory 719 MiB.
2026-10-02T13:13:51Z INFO [490/5769] 8fab28d0-33ac-4a16-8351-56ae6333fccd: attributed to 000142; 0.0 s; peak memory 719 MiB.
2026-10-02T13:13:51Z INFO [491/5769] 8fab8b2a-c8b8-4ed8-8206-5e8f7f148a11: attributed to 000571; 0.1 s; peak memory 719 MiB.
2026-10-02T13:13:51Z INFO [492/5769] 8fb7a674-d6de-44e3-9d82-d444f5b59971: attributed to 000570; 0.0 s; peak memory 719 MiB.
2026-10-02T13:13:51Z INFO [493/5769] 8fb7e3f3-ee42-43e7-af30-2c569e82dea4: attributed to 001697; 0.0 s; peak memory 719 MiB.
2026-10-02T13:13:51Z INFO [494/5769] 8fc25430-da38-42f9-9624-ec956b9c834d: attributed to 001697; 0.3 s; peak memory 719 MiB.
2026-10-02T13:13:51Z INFO [495/5769] 8fc61467-00a1-4723-b4ac-9c26db8f6d3b: attributed to 001697; 0.0 s; peak memory 719 MiB.
2026-10-02T13:13:52Z INFO [496/5769] 8fd87979-1f9f-4fe9-b273-428839c1af81: attributed to 001697; 0.3 s; peak memory 719 MiB.
2026-10-02T13:13:52Z INFO [497/5769] 8fdd84fa-f6c5-4cdc-9a36-c3a63de00b38: attributed to 000946; 0.1 s; peak memory 719 MiB.
2026-10-02T13:13:52Z INFO [498/5769] 8ff1bb6e-cc90-41eb-aa0f-0cc1c8a906e0: attributed to 000026; 0.1 s; peak memory 719 MiB.
2026-10-02T13:13:52Z INFO [499/5769] 8ff39554-1fd0-4163-8eb8-f54fa673f07e: attributed to 001697; 0.0 s; peak memory 719 MiB.
2026-10-02T13:13:52Z INFO [500/5769] 8ffb477c-785a-44d5-88ec-249c34fc4c75: attributed to 001697; 0.0 s; peak memory 719 MiB.
2026-10-02T13:13:53Z INFO [500/5769] 8ffb477c-785a-44d5-88ec-249c34fc4c75: checkpointed 506540 records.
2026-10-02T13:13:53Z INFO [501/5769] 8ffb4a8b-10c6-49d2-8a98-a5fcda57256a: attributed to 001697; 0.0 s; peak memory 719 MiB.
2026-10-02T13:13:53Z INFO [502/5769] 90009234-44e4-4b13-a332-14ce19e5f1da: attributed to 001697; 0.0 s; peak memory 719 MiB.
2026-10-02T13:13:53Z INFO [503/5769] 900fb109-d718-4d8e-b743-07f92a3ad479: attributed to 000026; 0.2 s; peak memory 719 MiB.
2026-10-02T13:13:53Z INFO [504/5769] 9013d2ac-f91c-4f4c-85d2-aae142b2d817: attributed to 001449; 0.1 s; peak memory 719 MiB.
2026-10-02T13:13:53Z INFO [505/5769] 901cf4c1-738d-4033-84b5-ea06ac77a7c4: attributed to 001697; 0.3 s; peak memory 719 MiB.
2026-10-02T13:13:54Z INFO [506/5769] 9025e9a2-3eb3-40ce-b6d3-1c1fe908a64c: attributed to 001697; 0.9 s; peak memory 719 MiB.
2026-10-02T13:13:54Z INFO [507/5769] 902787a2-313d-4672-8a61-44c10bac5027: attributed to 001697; 0.0 s; peak memory 719 MiB.
2026-10-02T13:13:55Z INFO [508/5769] 90292bf1-51af-4171-8580-77f7ddaf17bb: attributed to 001697; 0.3 s; peak memory 719 MiB.
2026-10-02T13:13:55Z INFO [509/5769] 902e4aee-e93f-4195-ac3c-c36839ec29eb: attributed to 001697; 0.0 s; peak memory 719 MiB.
2026-10-02T13:13:55Z INFO [510/5769] 90364c59-1a31-4d47-8500-e190dff02ed6: attributed to 001697; 0.3 s; peak memory 719 MiB.
2026-10-02T13:13:55Z INFO [511/5769] 903a8bf8-0218-4ed8-a0a8-25eebb788888: attributed to 001449; 0.1 s; peak memory 719 MiB.
2026-10-02T13:13:55Z INFO [512/5769] 903bd731-844b-47b6-9d14-a84b48177e48: attributed to 001697; 0.3 s; peak memory 719 MiB.
2026-10-02T13:13:55Z INFO [513/5769] 903fd59b-9023-43e4-86c2-d43e19ef22c9: attributed to 000142; 0.0 s; peak memory 719 MiB.
2026-10-02T13:13:56Z INFO [514/5769] 90442dcb-fc66-4ca8-9397-39732b307a7b: attributed to 001697; 0.3 s; peak memory 719 MiB.
2026-10-02T13:13:56Z INFO [515/5769] 9047f8dc-eace-4239-bd9f-d663c95e99e0: attributed to 000026; 0.1 s; peak memory 719 MiB.
2026-10-02T13:13:56Z INFO [516/5769] 904f5825-7c6f-40b2-8264-f7b5c6823607: attributed to 000026; 0.1 s; peak memory 719 MiB.
2026-10-02T13:13:56Z INFO [517/5769] 9063e03f-ec64-4cd9-ba2a-076262c8468e: attributed to 001697; 0.3 s; peak memory 719 MiB.
2026-10-02T13:13:56Z INFO [518/5769] 906a95f8-4534-4144-a1d6-b5c7c6c1376e: attributed to 001063; 0.1 s; peak memory 719 MiB.
2026-10-02T13:13:57Z INFO [519/5769] 906df57e-a995-4900-88f8-5710babe7417: attributed to 001697; 0.4 s; peak memory 719 MiB.
2026-10-02T13:13:57Z INFO [520/5769] 9077a39a-bf3b-423c-b59e-e52900e4f773: attributed to 000026; 0.4 s; peak memory 719 MiB.
2026-10-02T13:13:57Z INFO [521/5769] 9080f1e8-4ccf-457e-8e70-65a2dfe4a41b: attributed to 000946; 0.1 s; peak memory 719 MiB.
2026-10-02T13:13:57Z INFO [522/5769] 90815d04-bc63-439c-84c1-c87e36270a19: attributed to 000293; 0.0 s; peak memory 719 MiB.
2026-10-02T13:13:57Z INFO [523/5769] 908386de-a329-44a9-8a28-6e8dd4d5dde6: attributed to 001765; 0.1 s; peak memory 719 MiB.
2026-10-02T13:13:57Z INFO [524/5769] 908cadd8-7945-4f41-967c-2e008168ab87: attributed to 000142; 0.0 s; peak memory 719 MiB.
2026-10-02T13:13:57Z INFO [525/5769] 9093b74f-84a6-4f8c-b618-06f311b17625: attributed to 001697; 0.3 s; peak memory 719 MiB.
2026-10-02T13:13:57Z INFO [526/5769] 90953729-865f-44e2-9647-5f7f83e17bfd: attributed to 001697; 0.0 s; peak memory 719 MiB.
2026-10-02T13:13:58Z INFO [527/5769] 9096b370-5631-4f55-b475-4c8e340e183b: attributed to 001697; 0.3 s; peak memory 719 MiB.
2026-10-02T13:13:58Z INFO [528/5769] 909740e6-9726-4149-81a1-9032c083207f: attributed to 001697; 0.3 s; peak memory 719 MiB.
2026-10-02T13:13:58Z INFO [529/5769] 90988c5f-71da-4ff9-890b-cb833a0357f1: attributed to 000946; 0.1 s; peak memory 719 MiB.
2026-10-02T13:13:58Z INFO [530/5769] 90989418-4e97-44ab-be16-5c30be8300cb: attributed to 001697; 0.0 s; peak memory 719 MiB.
2026-10-02T13:13:58Z INFO [531/5769] 909b7baf-5129-46e9-89c1-9a2e23897512: attributed to 001697; 0.3 s; peak memory 719 MiB.
2026-10-02T13:13:58Z INFO [532/5769] 909bc2fc-aa7c-48d7-a255-e6bef1844d9f: attributed to 000109; 0.0 s; peak memory 719 MiB.
2026-10-02T13:13:59Z INFO [533/5769] 909e3ca4-e082-43aa-a7f8-cf87bb0e13a9: attributed to 001697; 0.2 s; peak memory 719 MiB.
2026-10-02T13:13:59Z INFO [534/5769] 90bc18ec-aed4-4e7d-b195-3e046d4afb2f: attributed to 001697; 0.0 s; peak memory 719 MiB.
2026-10-02T13:13:59Z INFO [535/5769] 90be0967-9822-4714-9000-9c3b0c1f10b1: attributed to 001697; 0.0 s; peak memory 719 MiB.
2026-10-02T13:13:59Z INFO [536/5769] 90be80a9-0de4-4719-a985-0358edc8bf27: attributed to 001697; 0.2 s; peak memory 719 MiB.
2026-10-02T13:13:59Z INFO [537/5769] 90c1f589-ac75-45e4-b2ee-815bfdfe5934: attributed to 000173; 0.1 s; peak memory 719 MiB.
2026-10-02T13:13:59Z INFO [538/5769] 90c3a87a-2544-4205-a9e5-4e522e16f4fe: attributed to 000173; 0.1 s; peak memory 719 MiB.
2026-10-02T13:13:59Z INFO [539/5769] 90c4298c-d822-4107-85ea-e7cf2a6bd299: attributed to 000026; 0.1 s; peak memory 719 MiB.
2026-10-02T13:13:59Z INFO [540/5769] 90ca1d13-a4dd-4b9b-94ee-72ce90ae4267: attributed to 001697; 0.3 s; peak memory 719 MiB.
2026-10-02T13:14:00Z INFO [541/5769] 90d32a85-727a-4748-9657-bf9125a8729e: attributed to 001697; 0.6 s; peak memory 719 MiB.
2026-10-02T13:14:00Z INFO [542/5769] 90e462b9-3bfa-4a4b-a72b-259f3e9483e9: attributed to 001697; 0.0 s; peak memory 719 MiB.
2026-10-02T13:14:00Z INFO [543/5769] 90eb3f2b-eaf6-48f3-ad16-88a17684faac: attributed to 000293; 0.0 s; peak memory 719 MiB.
2026-10-02T13:14:00Z INFO [544/5769] 90eb5131-fe13-4e20-835c-a39393253c26: attributed to 001873; 0.4 s; peak memory 719 MiB.
2026-10-02T13:14:01Z INFO [545/5769] 90ec98b7-45a0-4d69-9814-6eb39c2e4559: attributed to 001697; 0.3 s; peak memory 719 MiB.
2026-10-02T13:14:01Z INFO [546/5769] 90ee2239-663d-419b-8f22-cf6380d13198: attributed to 000559; 0.1 s; peak memory 719 MiB.
2026-10-02T13:14:01Z INFO [547/5769] 90fd284b-6a25-4aee-82cd-8102f1c0c76c: attributed to 000403; 0.0 s; peak memory 719 MiB.
2026-10-02T13:14:01Z INFO [548/5769] 91013f2e-6d69-42c7-97b2-c0f7e6099241: attributed to 001697; 0.0 s; peak memory 719 MiB.
2026-10-02T13:14:01Z INFO [549/5769] 9101cc32-8038-4d8d-8e4d-3036236c23b9: attributed to 001697; 0.3 s; peak memory 719 MiB.
2026-10-02T13:14:01Z INFO [550/5769] 910317c1-4877-4f1b-8176-dc41f21f184c: attributed to 001697; 0.0 s; peak memory 719 MiB.
2026-10-02T13:14:02Z INFO [550/5769] 910317c1-4877-4f1b-8176-dc41f21f184c: checkpointed 506540 records.
2026-10-02T13:14:02Z INFO [551/5769] 910b5bff-e982-437c-953d-5f7d6877c187: attributed to 001697; 0.0 s; peak memory 719 MiB.
2026-10-02T13:14:02Z INFO [552/5769] 910f9255-b3bb-4215-808b-6e3b860152ec: attributed to 001697; 0.3 s; peak memory 719 MiB.
2026-10-02T13:14:02Z INFO [553/5769] 91154d42-76eb-4531-b1e1-126f9153d8c8: attributed to 000209; 0.0 s; peak memory 719 MiB.
2026-10-02T13:14:02Z INFO [554/5769] 91179409-63f2-498b-8057-7b52573f9bb0: attributed to 000026; 0.1 s; peak memory 719 MiB.
2026-10-02T13:14:03Z INFO [555/5769] 91298e53-452d-4509-ad79-3712e53af08a: attributed to 001697; 0.3 s; peak memory 719 MiB.
2026-10-02T13:14:03Z INFO [556/5769] 912a31e7-e16a-47a3-8818-79f7df18a610: attributed to 001697; 0.3 s; peak memory 719 MiB.
2026-10-02T13:14:03Z INFO [557/5769] 912d7289-3d40-4b81-8bb3-01069ba97a40: attributed to 001697; 0.3 s; peak memory 719 MiB.
2026-10-02T13:14:03Z INFO [558/5769] 912e46cf-876c-4e98-b9ae-2a66958ae83d: attributed to 000209; 0.0 s; peak memory 719 MiB.
2026-10-02T13:14:03Z INFO [559/5769] 912f7adc-b851-4383-badf-ba01e2e28b41: attributed to 001063; 0.1 s; peak memory 719 MiB.
2026-10-02T13:14:03Z INFO [560/5769] 9133a596-1e11-4193-bb09-49aaf1f0a150: attributed to 001697; 0.0 s; peak memory 719 MiB.
2026-10-02T13:14:03Z INFO [561/5769] 91474654-df6a-4063-a49b-cc67e00096b9: attributed to 001697; 0.0 s; peak memory 719 MiB.
2026-10-02T13:14:04Z INFO [562/5769] 914790a0-1f83-4d8e-94e7-c7e53ca3e0a9: attributed to 001697; 0.6 s; peak memory 719 MiB.
2026-10-02T13:14:04Z INFO [563/5769] 9149db79-ba65-4c5c-9f53-93f420005a9d: attributed to 001697; 0.3 s; peak memory 719 MiB.
2026-10-02T13:14:04Z INFO [564/5769] 914a539c-76f4-43ed-83ce-17b1606b34e7: attributed to 001697; 0.0 s; peak memory 719 MiB.
2026-10-02T13:14:05Z INFO [565/5769] 91510c15-f79e-4042-bd4e-3c6cad0bc1d8: attributed to 001697; 0.3 s; peak memory 719 MiB.
2026-10-02T13:14:05Z INFO [566/5769] 9152b982-e2ac-42a8-9c32-63163eba7ea8: attributed to 001697; 0.8 s; peak memory 719 MiB.
2026-10-02T13:14:06Z INFO [567/5769] 915428fd-1dfd-4b04-a012-7ba07e11816a: attributed to 001697; 0.3 s; peak memory 719 MiB.
2026-10-02T13:14:06Z INFO [568/5769] 91561275-7c90-4f7f-ae71-1761399fa9d2: attributed to 000173; 0.1 s; peak memory 719 MiB.
2026-10-02T13:14:06Z INFO [569/5769] 9159f754-552f-48ea-97d9-3b859078f09f: attributed to 001697; 0.3 s; peak memory 719 MiB.
2026-10-02T13:14:06Z INFO [570/5769] 916459b5-15ab-4ab8-934b-a13330700c5d: attributed to 001697; 0.0 s; peak memory 719 MiB.
2026-10-02T13:14:06Z INFO [571/5769] 9165677c-d70f-4799-a24a-f860642464d0: attributed to 001697; 0.3 s; peak memory 719 MiB.
2026-10-02T13:14:07Z INFO [572/5769] 91779ebf-a916-4de8-8b9b-cac3e17537cf: attributed to 001873; 1.0 s; peak memory 719 MiB.
2026-10-02T13:14:07Z INFO [573/5769] 919926f6-c7df-4c99-badb-5656656a9da7: attributed to 001697; 0.0 s; peak memory 719 MiB.
2026-10-02T13:14:08Z INFO [574/5769] 919ad131-01a2-4d31-9f9e-a9ccfddc0a34: attributed to 001697; 0.6 s; peak memory 719 MiB.
2026-10-02T13:14:08Z INFO [575/5769] 919e3e7c-c152-46bc-a170-43a2ce35afc8: attributed to 001697; 0.0 s; peak memory 719 MiB.
2026-10-02T13:14:08Z INFO [576/5769] 91a135df-1f86-4eb5-9a7a-8722c8b3dbd1: attributed to 000142; 0.0 s; peak memory 719 MiB.
2026-10-02T13:14:09Z INFO [577/5769] 91a830da-4c26-4488-a552-d0cab061022e: attributed to 001697; 0.6 s; peak memory 719 MiB.
2026-10-02T13:14:09Z INFO [578/5769] 91aa2074-4fe2-4c79-aff5-c48585fbc6d1: attributed to 000026; 0.1 s; peak memory 719 MiB.
2026-10-02T13:14:09Z INFO [579/5769] 91ab0259-4a83-415c-b88c-ff0a422d4381: attributed to 001697; 0.4 s; peak memory 719 MiB.
2026-10-02T13:14:09Z INFO [580/5769] 91ae082d-e70c-4e65-ac01-7b8beb036e18: attributed to 001697; 0.3 s; peak memory 719 MiB.
2026-10-02T13:14:09Z INFO [581/5769] 91afa979-d921-455f-a02d-aee56919e3b7: attributed to 001697; 0.0 s; peak memory 719 MiB.
2026-10-02T13:14:09Z INFO [582/5769] 91b2ec98-574f-4196-9b8e-1d17612afe42: attributed to 001697; 0.0 s; peak memory 719 MiB.
2026-10-02T13:14:09Z INFO [583/5769] 91ba42f2-4e12-4211-8f99-085426d8a224: attributed to 001749; 0.1 s; peak memory 719 MiB.
2026-10-02T13:14:09Z INFO [584/5769] 91c2eb22-b591-4c7a-a390-1fb12cd0b327: attributed to 000142; 0.0 s; peak memory 719 MiB.
2026-10-02T13:14:09Z INFO [585/5769] 91c67c47-6e67-43b2-9d71-56636af5f626: attributed to 001697; 0.0 s; peak memory 719 MiB.
2026-10-02T13:14:10Z INFO [586/5769] 91c7da47-ca74-4457-ac96-6bb0e2ed786b: attributed to 000568; 0.2 s; peak memory 719 MiB.
2026-10-02T13:14:10Z INFO [587/5769] 91d538dc-d77e-48e8-901e-ef5156e34505: attributed to 001697; 0.0 s; peak memory 719 MiB.
2026-10-02T13:14:10Z INFO [588/5769] 91e04184-3875-4205-aa64-0d5486943cd8: attributed to 001697; 0.0 s; peak memory 719 MiB.
2026-10-02T13:14:10Z INFO [589/5769] 91e14645-ba13-456a-a6e6-ee969a4647a3: attributed to 001697; 0.3 s; peak memory 719 MiB.
2026-10-02T13:14:10Z INFO [590/5769] 91e252ae-71b7-4f1f-a819-985efff029ae: attributed to 000026; 0.2 s; peak memory 719 MiB.
2026-10-02T13:14:10Z INFO [591/5769] 91e36e34-af57-4f2c-b89d-909c59d2168e: attributed to 000026; 0.1 s; peak memory 719 MiB.
2026-10-02T13:14:10Z INFO [592/5769] 91e8d489-ec6d-449c-be40-aed5d3e466db: attributed to 000173; 0.1 s; peak memory 719 MiB.
2026-10-02T13:14:10Z INFO [593/5769] 91ec4caa-82c5-4a99-9a73-a6e598a7c56f: attributed to 001697; 0.0 s; peak memory 719 MiB.
2026-10-02T13:14:10Z INFO [594/5769] 91f9df42-32a1-4218-923f-a4105b0678da: attributed to 000946; 0.1 s; peak memory 719 MiB.
2026-10-02T13:14:14Z INFO [595/5769] 91ffde3d-0a37-4c78-a664-7083d18900cd: attributed to 001353; 3.6 s; peak memory 720 MiB.
2026-10-02T13:14:14Z INFO [596/5769] 9201aba1-f41e-4809-8e9f-caf856685631: attributed to 001697; 0.3 s; peak memory 720 MiB.
2026-10-02T13:14:15Z INFO [597/5769] 9207035c-f84f-4f07-a7c1-470164d93584: attributed to 001697; 0.3 s; peak memory 720 MiB.
2026-10-02T13:14:15Z INFO [598/5769] 92081123-c0db-4ccd-a821-c723be62d499: attributed to 000026; 0.2 s; peak memory 720 MiB.
2026-10-02T13:14:15Z INFO [599/5769] 920d95b9-ecf2-499b-8341-82c650847034: attributed to 000026; 0.2 s; peak memory 720 MiB.
2026-10-02T13:14:15Z INFO [600/5769] 920e9199-079a-4149-8f1a-1741f418f1b6: attributed to 000293; 0.0 s; peak memory 720 MiB.
2026-10-02T13:14:16Z INFO [600/5769] 920e9199-079a-4149-8f1a-1741f418f1b6: checkpointed 506540 records.
2026-10-02T13:14:16Z INFO [601/5769] 9213d2e2-7219-4b55-bae6-d8f4a134ebcc: attributed to 000026; 0.1 s; peak memory 720 MiB.
2026-10-02T13:14:17Z INFO [602/5769] 921ed405-49a8-46ed-ae37-b6243e5e74f1: attributed to 001697; 0.5 s; peak memory 720 MiB.
2026-10-02T13:14:17Z INFO [603/5769] 9222564b-7912-4e13-9c9f-725baf66fe71: attributed to 001697; 0.0 s; peak memory 720 MiB.
2026-10-02T13:14:17Z INFO [604/5769] 92277f5d-a862-495a-9520-9d45ca37ed9c: attributed to 001697; 0.4 s; peak memory 720 MiB.
2026-10-02T13:14:17Z INFO [605/5769] 92279c8f-2dd0-4e52-bfd5-73ce0fbc923d: attributed to 001697; 0.3 s; peak memory 720 MiB.
2026-10-02T13:14:17Z INFO [606/5769] 9228756f-2105-452b-82d3-406e0450accc: attributed to 000026; 0.1 s; peak memory 720 MiB.
2026-10-02T13:14:18Z INFO [607/5769] 922aa936-2051-4e2e-85ba-8a94f2b06bc2: attributed to 001697; 0.3 s; peak memory 720 MiB.
2026-10-02T13:14:18Z INFO [608/5769] 922f2e8c-45f0-4015-b3f7-71f38a39d87b: attributed to 000293; 0.0 s; peak memory 720 MiB.
2026-10-02T13:14:18Z INFO [609/5769] 922f3a67-f05b-4c8f-aa1a-ae3fa291a435: attributed to 001697; 0.0 s; peak memory 720 MiB.
2026-10-02T13:14:18Z INFO [610/5769] 92347691-146b-4d08-afa4-34b0f87e89db: attributed to 001697; 0.0 s; peak memory 720 MiB.
2026-10-02T13:14:18Z INFO [611/5769] 9239a045-6803-40a0-8d63-d41cf02150b7: attributed to 001697; 0.5 s; peak memory 720 MiB.
2026-10-02T13:14:18Z INFO [612/5769] 923aaa68-2cd6-48af-9bdd-7ed73fe417b2: attributed to 001697; 0.0 s; peak memory 720 MiB.
2026-10-02T13:14:19Z INFO [613/5769] 9247bf85-6106-4e4a-8c2a-66e486583470: attributed to 001697; 0.3 s; peak memory 720 MiB.
2026-10-02T13:14:19Z INFO [614/5769] 926586e2-1c63-4e4a-b25e-75cf3858d24f: attributed to 001697; 0.0 s; peak memory 720 MiB.
2026-10-02T13:14:22Z INFO [615/5769] 92675ce6-4248-4638-9143-5108ffc29e32: attributed to 001514; 3.1 s; peak memory 720 MiB.
2026-10-02T13:14:22Z INFO [616/5769] 92777a0c-085a-469a-bec7-a10648d7ce5d: attributed to 001697; 0.0 s; peak memory 720 MiB.
2026-10-02T13:14:22Z INFO [617/5769] 927b8e29-7397-4dda-b3ca-be6ae61d7387: attributed to 000408; 0.0 s; peak memory 720 MiB.
2026-10-02T13:14:22Z INFO [618/5769] 927c8cf5-05af-4eba-8a12-d387f8cf6c4f: attributed to 001697; 0.0 s; peak memory 720 MiB.
2026-10-02T13:14:22Z INFO [619/5769] 92825e26-5c31-4365-9642-982127050c2c: attributed to 001697; 0.0 s; peak memory 720 MiB.
2026-10-02T13:14:22Z INFO [620/5769] 92866106-d344-463b-865d-ecf98088109c: attributed to 001697; 0.0 s; peak memory 720 MiB.
2026-10-02T13:14:22Z INFO [621/5769] 9287fb44-a341-4aa4-886c-b07a18e45a79: attributed to 000026; 0.1 s; peak memory 720 MiB.
2026-10-02T13:14:22Z INFO [622/5769] 928bafee-2baa-4d61-aa56-8866a42ec9cf: attributed to 001697; 0.0 s; peak memory 720 MiB.
2026-10-02T13:14:22Z INFO [623/5769] 928bb985-d7f3-4c69-843d-4051a8e55c8f: attributed to 001697; 0.4 s; peak memory 720 MiB.
2026-10-02T13:14:22Z INFO [624/5769] 928e898a-82b0-49e0-902d-0332c45832f3: attributed to 001697; 0.0 s; peak memory 720 MiB.
2026-10-02T13:14:22Z INFO [625/5769] 9294a99b-f24b-426d-9b4b-6861cd06e800: attributed to 000946; 0.1 s; peak memory 720 MiB.
2026-10-02T13:14:22Z INFO [626/5769] 92998b84-9372-40af-8312-f162fdc50a32: attributed to 001697; 0.0 s; peak memory 720 MiB.
2026-10-02T13:14:22Z INFO [627/5769] 92a321db-d5d9-4abe-ac2a-33feb6d724f2: attributed to 001697; 0.0 s; peak memory 720 MiB.
2026-10-02T13:14:22Z INFO [628/5769] 92a4a6ff-5d7d-4d43-b7bd-1c0cf87425fc: attributed to 001697; 0.3 s; peak memory 720 MiB.
2026-10-02T13:14:22Z INFO [629/5769] 92ac51b7-be42-4f62-b6f3-1facde9b6769: attributed to 001697; 0.0 s; peak memory 720 MiB.
2026-10-02T13:14:22Z INFO [630/5769] 92acb0f5-b6e4-4fb0-8b30-7768bb4f2fa9: attributed to 001697; 0.0 s; peak memory 720 MiB.
2026-10-02T13:14:23Z INFO [631/5769] 92afb968-7cf1-43fd-b3ca-d96436325b48: attributed to 000026; 0.1 s; peak memory 720 MiB.
2026-10-02T13:14:23Z INFO [632/5769] 92b05eb1-c2af-4114-a996-511e1eb859a9: attributed to 001765; 0.3 s; peak memory 720 MiB.
2026-10-02T13:14:23Z INFO [633/5769] 92b0d8cd-d5d5-4023-832f-0560a9df1a52: attributed to 001697; 0.0 s; peak memory 720 MiB.
2026-10-02T13:14:23Z INFO [634/5769] 92b0e734-cfad-4d26-a401-1a3c8088cd5e: attributed to 001449; 0.3 s; peak memory 720 MiB.
2026-10-02T13:14:23Z INFO [635/5769] 92b81e56-f3ed-4f29-8aff-6afb071e6bf3: attributed to 001449; 0.1 s; peak memory 720 MiB.
2026-10-02T13:14:23Z INFO [636/5769] 92b8bdb0-6069-4097-9a66-ea97b70227fa: attributed to 000026; 0.1 s; peak memory 720 MiB.
2026-10-02T13:14:23Z INFO [637/5769] 92ba872b-cbf7-4a30-b363-1e682d2034fd: attributed to 001697; 0.0 s; peak memory 720 MiB.
2026-10-02T13:14:23Z INFO [638/5769] 92bfc254-6920-4cc2-aef6-0c8642e209b5: attributed to 000946; 0.1 s; peak memory 720 MiB.
2026-10-02T13:14:24Z INFO [639/5769] 92c50d71-8496-442d-97a2-d030f7ec7f30: attributed to 000026; 0.1 s; peak memory 720 MiB.
2026-10-02T13:14:24Z INFO [640/5769] 92c56045-add6-460b-97b8-0d6320133147: attributed to 001697; 0.0 s; peak memory 720 MiB.
2026-10-02T13:14:24Z INFO [641/5769] 92cb5b47-be5f-4ded-b52c-f38fdd6854e4: attributed to 001697; 0.4 s; peak memory 720 MiB.
2026-10-02T13:14:24Z INFO [642/5769] 92cb7fab-ff6d-4f7c-821d-fe8c34119db4: attributed to 001697; 0.4 s; peak memory 720 MiB.
2026-10-02T13:14:25Z INFO [643/5769] 92ce83bc-54c0-47c2-8210-5bebf9a8023a: attributed to 001697; 0.3 s; peak memory 720 MiB.
2026-10-02T13:14:25Z INFO [644/5769] 92cee7a7-bf99-4a2c-b5a0-6ab965ef3310: attributed to 001697; 0.3 s; peak memory 720 MiB.
2026-10-02T13:14:25Z INFO [645/5769] 92d499de-640e-4e7c-8b4a-057d377d106d: attributed to 001697; 0.0 s; peak memory 720 MiB.
2026-10-02T13:14:25Z INFO [646/5769] 92eba05a-bd2d-4c9a-b308-80068cff09fa: attributed to 001449; 0.1 s; peak memory 720 MiB.
2026-10-02T13:14:25Z INFO [647/5769] 92ed7d1e-d287-4971-b990-02c295ba2ff5: attributed to 000946; 0.1 s; peak memory 720 MiB.
2026-10-02T13:14:25Z INFO [648/5769] 92fc499f-11c1-4d8f-8f05-49b60e292cb0: attributed to 001449; 0.1 s; peak memory 720 MiB.
2026-10-02T13:14:25Z INFO [649/5769] 92ffe009-f7f7-4f30-96db-d177539920f9: attributed to 000568; 0.1 s; peak memory 720 MiB.
2026-10-02T13:14:25Z INFO [650/5769] 9302bd52-6588-4e04-b771-9d642653f7c0: attributed to 000026; 0.1 s; peak memory 720 MiB.
2026-10-02T13:14:26Z INFO [650/5769] 9302bd52-6588-4e04-b771-9d642653f7c0: checkpointed 506540 records.
2026-10-02T13:14:27Z INFO [651/5769] 930805d9-48aa-4ea6-9bec-0ec343c264b5: attributed to 001697; 0.3 s; peak memory 720 MiB.
2026-10-02T13:14:27Z INFO [652/5769] 93090cc0-69dd-4996-9d26-f0cb8ac87030: attributed to 000403; 0.0 s; peak memory 720 MiB.
2026-10-02T13:14:27Z INFO [653/5769] 930e6ff7-402b-4348-a3af-6a9f572fe7cc: attributed to 001697; 0.0 s; peak memory 720 MiB.
2026-10-02T13:14:27Z INFO [654/5769] 931baf17-a3d8-4882-9a6a-6a29bf5d8b43: attributed to 000403; 0.0 s; peak memory 720 MiB.
2026-10-02T13:14:27Z INFO [655/5769] 93264b6d-c1e9-4e6a-b2fb-da70b55162fe: attributed to 001748; 0.0 s; peak memory 720 MiB.
2026-10-02T13:14:27Z INFO [656/5769] 9329a364-f3fe-4a42-8b68-e35200e6ee75: attributed to 001697; 0.0 s; peak memory 720 MiB.
2026-10-02T13:14:27Z INFO [657/5769] 932e4f20-2901-4c6e-959e-74c466c49b36: attributed to 001697; 0.5 s; peak memory 720 MiB.
2026-10-02T13:14:27Z INFO [658/5769] 93333814-0522-42e5-9ee0-182a03013c2a: attributed to 000026; 0.1 s; peak memory 720 MiB.
2026-10-02T13:14:27Z INFO [659/5769] 933447d9-7fc7-4282-9df2-a1d916875cc4: attributed to 001697; 0.0 s; peak memory 720 MiB.
2026-10-02T13:14:27Z INFO [660/5769] 933cf5c4-944c-4703-a754-30fb03ebcca4: attributed to 000142; 0.0 s; peak memory 720 MiB.
2026-10-02T13:14:27Z INFO [661/5769] 9344ebbf-2251-4db1-af42-6f031d5f6f0a: attributed to 000403; 0.0 s; peak memory 720 MiB.
2026-10-02T13:14:27Z INFO [662/5769] 93468280-f0d0-4cb8-bc6c-56867a66fdd4: attributed to 000109; 0.0 s; peak memory 720 MiB.
2026-10-02T13:14:28Z INFO [663/5769] 934bc4dd-9ebc-4283-a577-187d7182f9ab: attributed to 000946; 0.1 s; peak memory 720 MiB.
2026-10-02T13:14:28Z INFO [664/5769] 934dcbe1-ae43-42ad-8cf4-3fe98f880382: attributed to 000026; 0.1 s; peak memory 720 MiB.
2026-10-02T13:14:28Z INFO [665/5769] 9350247f-1a52-427d-9fe1-c46d823631f7: attributed to 000109; 0.0 s; peak memory 720 MiB.
2026-10-02T13:14:28Z INFO [666/5769] 93531580-bddf-4ac4-b949-5ab010df9134: attributed to 001697; 0.4 s; peak memory 720 MiB.
2026-10-02T13:14:28Z INFO [667/5769] 9357b394-eebb-4fb4-8856-5d27b0d2504a: attributed to 000142; 0.0 s; peak memory 720 MiB.
2026-10-02T13:14:28Z INFO [668/5769] 93754807-2e09-45f7-b4d1-aad426278cde: attributed to 001474; 0.1 s; peak memory 720 MiB.
2026-10-02T13:14:29Z INFO [669/5769] 937ee8eb-046d-4579-901c-515a263e415a: attributed to 001697; 0.4 s; peak memory 720 MiB.
2026-10-02T13:14:29Z INFO [670/5769] 938061eb-bf4a-461c-ab69-ea30ffcd9123: attributed to 001697; 0.0 s; peak memory 720 MiB.
2026-10-02T13:14:29Z INFO [671/5769] 93904421-cfa7-4888-a7c5-bfb165873ecf: attributed to 001697; 0.3 s; peak memory 720 MiB.
2026-10-02T13:14:29Z INFO [672/5769] 9391a9ad-58ab-452a-b277-d8b4ad64a4df: attributed to 001697; 0.0 s; peak memory 720 MiB.
2026-10-02T13:14:29Z INFO [673/5769] 939c7101-4505-4518-8a38-66b53f010784: attributed to 001697; 0.0 s; peak memory 720 MiB.
2026-10-02T13:14:29Z INFO [674/5769] 93a11487-3c32-437a-9fe0-bc2ec80d10c7: attributed to 000570; 0.0 s; peak memory 720 MiB.
2026-10-02T13:14:29Z INFO [675/5769] 93be67c9-5e2d-4f20-9672-2d2d197c823e: attributed to 000946; 0.1 s; peak memory 720 MiB.
2026-10-02T13:14:29Z INFO [676/5769] 93c079af-df87-4236-9a35-a8630f778138: attributed to 001372; 0.2 s; peak memory 720 MiB.
2026-10-02T13:14:29Z INFO [677/5769] 93c10465-ffd7-464e-9237-7a50bdeec65b: attributed to 001697; 0.3 s; peak memory 720 MiB.
2026-10-02T13:14:29Z INFO [678/5769] 93cdeb9b-0760-49c3-9722-090649090dc5: attributed to 000142; 0.0 s; peak memory 720 MiB.
2026-10-02T13:14:29Z INFO [679/5769] 93cfa9cd-a73c-4cb0-9921-b2bf778b85a0: attributed to 001697; 0.0 s; peak memory 720 MiB.
2026-10-02T13:14:30Z INFO [680/5769] 93cff91f-1807-4e67-ab8e-79cbfec47f5d: attributed to 001697; 0.3 s; peak memory 720 MiB.
2026-10-02T13:14:30Z INFO [681/5769] 93d3bdf0-889a-4cbd-9761-3a221cbaea1e: attributed to 000109; 0.0 s; peak memory 720 MiB.
2026-10-02T13:14:30Z INFO [682/5769] 93e2011b-cd77-462b-9078-6cf4c74fbe29: attributed to 000026; 0.1 s; peak memory 720 MiB.
2026-10-02T13:14:30Z INFO [683/5769] 93e56a89-e878-4249-aa2d-0b42b01951a3: attributed to 001697; 0.0 s; peak memory 720 MiB.
2026-10-02T13:14:30Z INFO [684/5769] 93e682d8-9e77-413e-9c9f-dc77d6951d47: attributed to 000026; 0.3 s; peak memory 720 MiB.
2026-10-02T13:14:30Z INFO [685/5769] 93eac080-1c76-4da7-a7bc-ca276d5e1e11: attributed to 000026; 0.2 s; peak memory 720 MiB.
2026-10-02T13:14:31Z INFO [686/5769] 93ee2685-49c9-480b-b14d-7b1bc48df03e: attributed to 001697; 0.3 s; peak memory 720 MiB.
2026-10-02T13:14:31Z INFO [687/5769] 93efe3e1-aeaa-4ed2-90a8-39cd4632e352: attributed to 001697; 0.3 s; peak memory 720 MiB.
2026-10-02T13:14:31Z INFO [688/5769] 93f35288-60c3-40a5-b2f8-f08a55e422f4: attributed to 000403; 0.0 s; peak memory 720 MiB.
2026-10-02T13:14:31Z INFO [689/5769] 93f3bf0c-4b9d-4f84-b68b-18941d238e4a: attributed to 000570; 0.0 s; peak memory 720 MiB.
2026-10-02T13:14:31Z INFO [690/5769] 93fafaab-6b8e-4749-9f3d-da81f65f4a90: attributed to 000026; 0.1 s; peak memory 720 MiB.
2026-10-02T13:14:31Z INFO [691/5769] 93feefae-1067-4410-89e0-0133393ea4f3: attributed to 001697; 0.3 s; peak memory 720 MiB.
2026-10-02T13:14:31Z INFO [692/5769] 94034900-d17a-4ca9-900e-46cdecf9e656: attributed to 001697; 0.0 s; peak memory 720 MiB.
2026-10-02T13:14:32Z INFO [693/5769] 9406a575-be81-471b-b40b-8205044080ea: attributed to 001697; 0.3 s; peak memory 720 MiB.
2026-10-02T13:14:32Z INFO [694/5769] 9407a83f-f0ca-400c-a544-1e46e8631875: attributed to 000026; 0.1 s; peak memory 720 MiB.
2026-10-02T13:14:32Z INFO [695/5769] 9411449b-ffc5-4ce8-9d60-e5234d63f5c0: attributed to 000465; 0.0 s; peak memory 720 MiB.
2026-10-02T13:14:32Z INFO [696/5769] 94116e52-4081-4646-aa17-8b5957d353df: attributed to 001697; 0.3 s; peak memory 720 MiB.
2026-10-02T13:14:32Z INFO [697/5769] 942577bd-fb6b-408a-901c-a29ec9a5390b: attributed to 000403; 0.0 s; peak memory 720 MiB.
2026-10-02T13:14:32Z INFO [698/5769] 942acf28-e18a-4051-9744-ff1dcfe4ada1: attributed to 001697; 0.3 s; peak memory 720 MiB.
2026-10-02T13:14:32Z INFO [699/5769] 942b8d90-f2b6-4f15-9502-40a9a126b2d3: attributed to 000142; 0.0 s; peak memory 720 MiB.
2026-10-02T13:14:33Z INFO [700/5769] 942f9f8f-a3b6-41b3-8554-b8ff7c56390d: attributed to 000026; 0.2 s; peak memory 720 MiB.
2026-10-02T13:14:34Z INFO [700/5769] 942f9f8f-a3b6-41b3-8554-b8ff7c56390d: checkpointed 506540 records.
2026-10-02T13:14:34Z INFO [701/5769] 94300c36-da78-4f28-a8b0-bb6252982d5a: attributed to 000209; 0.0 s; peak memory 720 MiB.
2026-10-02T13:14:34Z INFO [702/5769] 943aa27a-c69c-4d38-81b6-1b956edbc4b2: attributed to 001697; 0.0 s; peak memory 720 MiB.
2026-10-02T13:14:34Z INFO [703/5769] 9440526c-2330-43fc-8617-e91c3e681c12: attributed to 001442; 0.2 s; peak memory 720 MiB.
2026-10-02T13:14:34Z INFO [704/5769] 94415744-ffb0-4f4a-a32a-274ec096103c: attributed to 000571; 0.1 s; peak memory 720 MiB.
2026-10-02T13:14:34Z INFO [705/5769] 944826b6-d166-426c-8e8a-f6158d7307f8: attributed to 001697; 0.3 s; peak memory 720 MiB.
2026-10-02T13:14:35Z INFO [706/5769] 944916ab-2060-49a5-9066-0789b4896146: attributed to 001697; 0.3 s; peak memory 720 MiB.
2026-10-02T13:14:35Z INFO [707/5769] 944e5208-ab1c-4bb3-914e-0abfb27c6a0f: attributed to 001697; 0.0 s; peak memory 720 MiB.
2026-10-02T13:14:35Z INFO [708/5769] 9450b5b7-0ccf-42f3-8d68-d40f9253f66b: attributed to 001697; 0.3 s; peak memory 720 MiB.
2026-10-02T13:14:35Z INFO [709/5769] 945b942b-9e55-405a-8777-7703a1873ce0: attributed to 001697; 0.0 s; peak memory 720 MiB.
2026-10-02T13:14:35Z INFO [710/5769] 9460e2ad-53b5-49b5-badb-8d1db70aa9c3: attributed to 001258; 0.0 s; peak memory 720 MiB.
2026-10-02T13:14:35Z INFO [711/5769] 9461cb0e-1f8f-4332-a5aa-e87aaceac6d1: attributed to 000026; 0.1 s; peak memory 720 MiB.
2026-10-02T13:14:35Z INFO [712/5769] 94684338-f92d-4f4f-ab3a-9eab22384003: attributed to 000946; 0.1 s; peak memory 720 MiB.
2026-10-02T13:14:35Z INFO [713/5769] 9468e888-e19c-4f72-8e02-2073e2aaf90e: attributed to 000026; 0.2 s; peak memory 720 MiB.
2026-10-02T13:14:35Z INFO [714/5769] 9475bf2f-8b65-41d8-9b34-0d3adf1c4a03: attributed to 000026; 0.1 s; peak memory 720 MiB.
2026-10-02T13:14:36Z INFO [715/5769] 9482c42f-67bd-4c06-97ba-8c49d81e102d: attributed to 001697; 0.3 s; peak memory 720 MiB.
2026-10-02T13:14:36Z INFO [716/5769] 9483b905-62e6-40ce-8cc0-9d14f40b11fc: attributed to 000142; 0.0 s; peak memory 720 MiB.
2026-10-02T13:14:36Z INFO [717/5769] 94853e86-fdc5-4c51-be89-c262bc0a5157: attributed to 001697; 0.0 s; peak memory 720 MiB.
2026-10-02T13:14:36Z INFO [718/5769] 94907c30-5f6e-4665-a420-cfcf212e3755: attributed to 000570; 0.0 s; peak memory 720 MiB.
2026-10-02T13:14:36Z INFO [719/5769] 94a0c13c-74af-4c93-a552-93d5a034971c: attributed to 001697; 0.4 s; peak memory 720 MiB.
2026-10-02T13:14:36Z INFO [720/5769] 94a86029-85cb-479c-aa1e-321067055986: attributed to 000946; 0.1 s; peak memory 720 MiB.
2026-10-02T13:14:37Z INFO [721/5769] 94a942a6-b216-4697-bbc5-6128fe6274d7: attributed to 001697; 0.6 s; peak memory 720 MiB.
2026-10-02T13:14:37Z INFO [722/5769] 94aba21e-892c-439d-adc0-2aa591495548: attributed to 000026; 0.1 s; peak memory 720 MiB.
2026-10-02T13:14:37Z INFO [723/5769] 94ae9968-d364-4506-af8e-62dbd7fdfc71: attributed to 001449; 0.4 s; peak memory 720 MiB.
2026-10-02T13:14:38Z INFO [724/5769] 94b1abaa-fd4a-42fd-a8f6-0308fede6eee: attributed to 001697; 0.4 s; peak memory 720 MiB.
2026-10-02T13:14:38Z INFO [725/5769] 94b2727d-003b-44d7-9c84-fcec4d43f31e: attributed to 001697; 0.0 s; peak memory 720 MiB.
2026-10-02T13:14:38Z INFO [726/5769] 94c05110-ac1e-4b18-b071-9703c6f2942f: attributed to 001697; 0.0 s; peak memory 720 MiB.
2026-10-02T13:14:38Z INFO [727/5769] 94c1053c-d3a8-4d46-b3cd-7303f13315de: attributed to 000026; 0.5 s; peak memory 720 MiB.
2026-10-02T13:14:38Z INFO [728/5769] 94c21f89-7a45-48d2-994d-d0b85f9537ac: attributed to 001697; 0.0 s; peak memory 720 MiB.
2026-10-02T13:14:38Z INFO [729/5769] 94c61a8d-dc67-4fce-947f-2f52b057de28: attributed to 001697; 0.0 s; peak memory 720 MiB.
2026-10-02T13:14:38Z INFO [730/5769] 94ce508d-bc0f-4903-8f6a-734bc1a98b26: attributed to 001697; 0.0 s; peak memory 720 MiB.
2026-10-02T13:14:38Z INFO [731/5769] 94d24d4f-b0be-4e3c-9b08-beba4b6c9be0: attributed to 001697; 0.0 s; peak memory 720 MiB.
2026-10-02T13:14:38Z INFO [732/5769] 94d636c2-9fd0-44b0-9571-ead4baba1c34: attributed to 000946; 0.1 s; peak memory 720 MiB.
2026-10-02T13:14:38Z INFO [733/5769] 94d85094-9d96-4969-bf37-6c24b6ccc8a1: attributed to 000026; 0.1 s; peak memory 720 MiB.
2026-10-02T13:14:38Z INFO [734/5769] 94e1da2a-1528-4cf7-94e8-ba35561d0151: attributed to 000293; 0.0 s; peak memory 720 MiB.
2026-10-02T13:14:39Z INFO [735/5769] 94e32c08-b560-4ac3-ab5e-9e18ef8f8889: attributed to 001697; 0.4 s; peak memory 720 MiB.
2026-10-02T13:14:39Z INFO [736/5769] 94e5d213-b247-4ded-9f7a-8f735534faa4: attributed to 000173; 0.1 s; peak memory 720 MiB.
2026-10-02T13:14:39Z INFO [737/5769] 94ecd55c-3c3d-4da3-b2f5-a5ea194ee012: attributed to 000026; 0.2 s; peak memory 720 MiB.
2026-10-02T13:14:39Z INFO [738/5769] 94ed4899-c571-40d2-8c43-9d7b297a6745: attributed to 001697; 0.4 s; peak memory 720 MiB.
2026-10-02T13:14:39Z INFO [739/5769] 95098b95-eff5-4df6-ab80-830213d45375: attributed to 000026; 0.1 s; peak memory 720 MiB.
2026-10-02T13:14:39Z INFO [740/5769] 950eb35c-666b-4960-b791-ed70d518351c: attributed to 001697; 0.0 s; peak memory 720 MiB.
2026-10-02T13:14:39Z INFO [741/5769] 95106c7f-b98b-49ee-a397-e313aa8d82c5: attributed to 000142; 0.0 s; peak memory 720 MiB.
2026-10-02T13:14:40Z INFO [742/5769] 95115f6d-f149-4fba-8d0f-6a28e28aaaee: attributed to 000946; 0.1 s; peak memory 720 MiB.
2026-10-02T13:14:40Z INFO [743/5769] 95179740-3f50-45e7-b382-54e357ecf41f: attributed to 000946; 0.1 s; peak memory 720 MiB.
2026-10-02T13:14:40Z INFO [744/5769] 951d79ed-a2ee-4ef5-99d3-57dd0576ecb9: attributed to 001697; 0.3 s; peak memory 720 MiB.
2026-10-02T13:14:40Z INFO [745/5769] 951e6298-cab7-4441-a638-102c1495e736: attributed to 001697; 0.3 s; peak memory 720 MiB.
2026-10-02T13:14:41Z INFO [746/5769] 952a0dfd-55dc-4151-a5f6-618d4c737222: attributed to 001697; 0.3 s; peak memory 720 MiB.
2026-10-02T13:14:41Z INFO [747/5769] 952c96eb-a3c1-4eec-9ec5-765951daa4b6: attributed to 000026; 0.2 s; peak memory 720 MiB.
2026-10-02T13:14:41Z INFO [748/5769] 9543994d-a154-406c-bac4-e22ec9246a9c: attributed to 001697; 0.3 s; peak memory 720 MiB.
2026-10-02T13:14:41Z INFO [749/5769] 9549cacd-427c-49a6-9cef-23ea42e81ae2: attributed to 000403; 0.0 s; peak memory 720 MiB.
2026-10-02T13:14:41Z INFO [750/5769] 954bb88d-67aa-42a9-a72c-0e92d6e84d65: attributed to 001697; 0.0 s; peak memory 720 MiB.
2026-10-02T13:14:42Z INFO [750/5769] 954bb88d-67aa-42a9-a72c-0e92d6e84d65: checkpointed 506540 records.
2026-10-02T13:14:42Z INFO [751/5769] 954c0ec4-0285-4537-9280-99fd942797ed: attributed to 001697; 0.3 s; peak memory 720 MiB.
2026-10-02T13:14:43Z INFO [752/5769] 9556375b-6360-40cd-a232-0b6db51968e4: attributed to 001697; 0.3 s; peak memory 720 MiB.
2026-10-02T13:14:43Z INFO [753/5769] 955719da-54f3-4164-b7b9-3e40363831ea: attributed to 001697; 0.0 s; peak memory 720 MiB.
2026-10-02T13:14:43Z INFO [754/5769] 955b8214-2f53-49f8-b826-a4be67ea9ac0: attributed to 001873; 0.4 s; peak memory 720 MiB.
2026-10-02T13:14:44Z INFO [755/5769] 955d44ec-4ba6-4406-b3e2-9854a906d57d: attributed to 001697; 0.3 s; peak memory 720 MiB.
2026-10-02T13:14:44Z INFO [756/5769] 955e22be-fb4a-44a6-ba3a-b6ca470c11cc: attributed to 001697; 0.3 s; peak memory 720 MiB.
2026-10-02T13:14:44Z INFO [757/5769] 95705651-81b6-49db-9d7b-82c74b4b379a: attributed to 001449; 0.1 s; peak memory 720 MiB.
2026-10-02T13:14:44Z INFO [758/5769] 95882a5f-b09c-4db8-a995-22c0cc4dcd59: attributed to 001697; 0.0 s; peak memory 720 MiB.
2026-10-02T13:14:44Z INFO [759/5769] 9589a309-dab7-4936-b08d-9a49d5806cda: attributed to 000142; 0.0 s; peak memory 720 MiB.
2026-10-02T13:14:44Z INFO [760/5769] 958b9bad-41ea-4d9b-98dc-dafdc8178c36: attributed to 001873; 0.4 s; peak memory 720 MiB.
2026-10-02T13:14:45Z INFO [761/5769] 958c0366-0008-4102-8573-9fc8b5a96454: attributed to 001697; 0.3 s; peak memory 720 MiB.
2026-10-02T13:14:45Z INFO [762/5769] 95922a9a-80ec-4685-8db7-b6b5259ebe1b: attributed to 001697; 0.0 s; peak memory 720 MiB.
2026-10-02T13:14:45Z INFO [763/5769] 9595f84b-7e65-4810-8897-2def7cf09e59: attributed to 001697; 0.0 s; peak memory 720 MiB.
2026-10-02T13:14:45Z INFO [764/5769] 95a1b7ec-8a1b-4bb1-96e6-240edcf3d3ff: attributed to 001697; 0.3 s; peak memory 720 MiB.
2026-10-02T13:14:45Z INFO [765/5769] 95b6f7d5-72b9-43ff-be6d-cbbee65b2886: attributed to 001697; 0.3 s; peak memory 720 MiB.
2026-10-02T13:14:46Z INFO [766/5769] 95bfff25-9b1a-47cf-a709-4d02a9486855: attributed to 001697; 0.3 s; peak memory 720 MiB.
2026-10-02T13:14:46Z INFO [767/5769] 95c4e2b2-f596-46d0-b506-8d2b6c7d6c30: attributed to 000026; 0.1 s; peak memory 720 MiB.
2026-10-02T13:14:46Z INFO [768/5769] 95d4781a-80a7-470e-a729-8bb27d25a87b: attributed to 001697; 0.3 s; peak memory 720 MiB.
2026-10-02T13:14:46Z INFO [769/5769] 95df53cc-226c-4071-a774-7cd3a933aa2c: attributed to 000946; 0.1 s; peak memory 720 MiB.
2026-10-02T13:14:46Z INFO [770/5769] 95ebd356-ec6d-4b7e-bf1b-aec2711e15fa: attributed to 000946; 0.1 s; peak memory 720 MiB.
2026-10-02T13:14:46Z INFO [771/5769] 95edea5f-9186-48d7-8130-998f04514ebf: attributed to 001697; 0.3 s; peak memory 720 MiB.
2026-10-02T13:14:47Z INFO [772/5769] 95f50def-654e-40a8-afca-d781510845ea: attributed to 000026; 0.1 s; peak memory 720 MiB.
2026-10-02T13:14:47Z INFO [773/5769] 95f62750-f78f-449a-9850-8d03e00f8334: attributed to 000026; 0.2 s; peak memory 720 MiB.
2026-10-02T13:14:47Z INFO [774/5769] 95f83e1f-5f01-4b85-8087-a3c298514290: attributed to 001697; 0.0 s; peak memory 720 MiB.
2026-10-02T13:14:47Z INFO [775/5769] 95ff1fd7-9697-42fc-893a-b6915019d6a5: attributed to 000026; 0.1 s; peak memory 720 MiB.
2026-10-02T13:14:47Z INFO [776/5769] 960b93ee-cfae-4630-b99d-5f151ba69b50: attributed to 001697; 0.0 s; peak memory 720 MiB.
2026-10-02T13:14:47Z INFO [777/5769] 9613a401-beac-4fe2-b947-85a60fd39ef9: attributed to 001697; 0.6 s; peak memory 720 MiB.
2026-10-02T13:14:47Z INFO [778/5769] 9615322f-805b-45b2-a6f3-2a035636bc92: attributed to 000293; 0.0 s; peak memory 720 MiB.
2026-10-02T13:14:48Z INFO [779/5769] 96167a13-ff9e-43a2-9169-6d01d18d5dd2: attributed to 001697; 0.3 s; peak memory 720 MiB.
2026-10-02T13:14:48Z INFO [780/5769] 96190d50-5703-412a-912b-d277a18360be: attributed to 000026; 0.1 s; peak memory 720 MiB.
2026-10-02T13:14:48Z INFO [781/5769] 961d52ff-b969-4396-b997-87a2652bb1ab: attributed to 000026; 0.1 s; peak memory 720 MiB.
2026-10-02T13:14:48Z INFO [782/5769] 961d923d-b533-4b8f-8fe3-dc4dbbf10299: attributed to 001697; 0.0 s; peak memory 720 MiB.
2026-10-02T13:14:48Z INFO [783/5769] 9623d2ac-6d68-47da-aa69-2ee6a8e277cd: attributed to 000026; 0.1 s; peak memory 720 MiB.
2026-10-02T13:14:48Z INFO [784/5769] 963a1f23-60de-4455-ac2c-11293f84ea46: attributed to 001706; 0.2 s; peak memory 720 MiB.
2026-10-02T13:14:48Z INFO [785/5769] 963d3b18-d4da-457d-8125-ff190be41710: attributed to 000293; 0.0 s; peak memory 720 MiB.
2026-10-02T13:14:49Z INFO [786/5769] 964647d7-eeba-4176-b2cf-96354deae5e6: attributed to 001697; 0.3 s; peak memory 720 MiB.
2026-10-02T13:14:49Z INFO [787/5769] 964bcf86-dbeb-4960-89ef-f4b5c37a5107: attributed to 001748; 0.0 s; peak memory 720 MiB.
2026-10-02T13:14:49Z INFO [788/5769] 964c1101-d7dd-4300-827b-c53cd84e7611: attributed to 001697; 0.3 s; peak memory 720 MiB.
2026-10-02T13:14:49Z INFO [789/5769] 9650bb67-fc24-4788-8efa-c8c4910e15c3: attributed to 000403; 0.0 s; peak memory 720 MiB.
2026-10-02T13:14:49Z INFO [790/5769] 965224d3-3d08-47a3-9898-8a1b57470d05: attributed to 001697; 0.3 s; peak memory 720 MiB.
2026-10-02T13:14:49Z INFO [791/5769] 9654c927-ecc8-4351-91f9-0a8310de1e83: attributed to 001697; 0.3 s; peak memory 720 MiB.
2026-10-02T13:14:49Z INFO [792/5769] 9658f6b2-8e25-4d2a-8a3a-4e748fbdf20b: attributed to 001697; 0.0 s; peak memory 720 MiB.
2026-10-02T13:14:49Z INFO [793/5769] 965c7396-00a0-4549-b8c6-d489b6c293d1: attributed to 000293; 0.0 s; peak memory 720 MiB.
2026-10-02T13:14:50Z INFO [794/5769] 965d84c3-0c70-4800-80ec-83aba2e1239b: attributed to 001697; 0.3 s; peak memory 720 MiB.
2026-10-02T13:14:50Z INFO [795/5769] 9671bf2c-c321-4a0e-81cf-b9f61b8e98c1: attributed to 000026; 0.1 s; peak memory 720 MiB.
2026-10-02T13:14:50Z INFO [796/5769] 96757fa4-6deb-42db-9941-65dd808b0410: attributed to 001697; 0.0 s; peak memory 720 MiB.
2026-10-02T13:14:50Z INFO [797/5769] 96769581-e833-40a4-afda-6f3f3b9c6903: attributed to 001697; 0.0 s; peak memory 720 MiB.
2026-10-02T13:14:50Z INFO [798/5769] 96799f92-fbd3-4f7c-bc00-107a10ce5ec6: attributed to 000026; 0.7 s; peak memory 720 MiB.
2026-10-02T13:14:51Z INFO [799/5769] 968135ff-44ca-4493-8dca-34f093e58d72: attributed to 001697; 0.5 s; peak memory 720 MiB.
2026-10-02T13:14:51Z INFO [800/5769] 96969fb2-6b06-43a3-b4af-75474e2eead0: attributed to 001697; 0.0 s; peak memory 720 MiB.
2026-10-02T13:14:52Z INFO [800/5769] 96969fb2-6b06-43a3-b4af-75474e2eead0: checkpointed 506540 records.
2026-10-02T13:14:52Z INFO [801/5769] 969899fb-6e8f-4543-838c-39ac3d98f53a: attributed to 001697; 0.3 s; peak memory 720 MiB.
2026-10-02T13:14:53Z INFO [802/5769] 969b1fd2-2892-41dd-8a12-2479e6fb0419: attributed to 000108; 0.2 s; peak memory 720 MiB.
2026-10-02T13:14:53Z INFO [803/5769] 969d0b72-ab80-4fd6-955c-87bc811a1933: attributed to 000026; 0.1 s; peak memory 720 MiB.
2026-10-02T13:14:53Z INFO [804/5769] 969eb425-ea29-4e0d-9da7-49017970db64: attributed to 000026; 0.1 s; peak memory 720 MiB.
2026-10-02T13:14:53Z INFO [805/5769] 96a22f7f-221e-4df2-a01a-ee9a09816c64: attributed to 000026; 0.1 s; peak memory 720 MiB.
2026-10-02T13:14:53Z INFO [806/5769] 96b8f432-95db-4cbc-807a-100a339ebec1: attributed to 001449; 0.1 s; peak memory 720 MiB.
2026-10-02T13:14:53Z INFO [807/5769] 96c81460-7b4a-4896-a557-b7c3c3fb8443: attributed to 000026; 0.1 s; peak memory 720 MiB.
2026-10-02T13:14:53Z INFO [808/5769] 96c833af-3106-4436-888d-b2fb51b78831: attributed to 000946; 0.1 s; peak memory 720 MiB.
2026-10-02T13:14:53Z INFO [809/5769] 96cb9122-bc01-4401-aa70-828c61dc0391: attributed to 001697; 0.0 s; peak memory 720 MiB.
2026-10-02T13:14:53Z INFO [810/5769] 96d9bfb7-5edc-4f7a-8a36-174ba46e402f: attributed to 001697; 0.3 s; peak memory 720 MiB.
2026-10-02T13:14:53Z INFO [811/5769] 96d9f4ad-08d7-4310-8360-3e310404b042: attributed to 001697; 0.0 s; peak memory 720 MiB.
2026-10-02T13:14:54Z INFO [812/5769] 96db5838-1943-4b8b-a9e0-9a9fb9db4ede: attributed to 000026; 0.1 s; peak memory 720 MiB.
2026-10-02T13:14:54Z INFO [813/5769] 96dcba5b-684f-49f0-a7a1-208db71d63fd: attributed to 001697; 0.3 s; peak memory 720 MiB.
2026-10-02T13:14:54Z INFO [814/5769] 96ddcbba-fdff-4340-baad-c985da2b4bea: attributed to 000209; 0.0 s; peak memory 720 MiB.
2026-10-02T13:14:54Z INFO [815/5769] 96e9b035-a463-42a7-a1cb-95393d49d4bf: attributed to 000026; 0.2 s; peak memory 720 MiB.
2026-10-02T13:14:54Z INFO [816/5769] 96eb57e4-bac9-4693-be56-f693f2c65c46: attributed to 001697; 0.3 s; peak memory 720 MiB.
2026-10-02T13:14:54Z INFO [817/5769] 96ec7e3a-e8d4-436b-a331-a471dc0973e5: attributed to 000026; 0.1 s; peak memory 720 MiB.
2026-10-02T13:14:54Z INFO [818/5769] 96ef5d4f-218b-4bc7-a775-3151ca09d629: attributed to 001697; 0.0 s; peak memory 720 MiB.
2026-10-02T13:14:54Z INFO [819/5769] 96f02198-8edc-40cd-b591-317e68ac9d23: attributed to 001697; 0.0 s; peak memory 720 MiB.
2026-10-02T13:14:54Z INFO [820/5769] 96f4e290-9ef6-4078-b2ab-ae821b0199cc: attributed to 000026; 0.1 s; peak memory 720 MiB.
2026-10-02T13:14:54Z INFO [821/5769] 96f5996a-ce5d-43f7-b04a-5904d3bae87b: attributed to 001697; 0.0 s; peak memory 720 MiB.
2026-10-02T13:14:54Z INFO [822/5769] 96f83a54-5f60-42e2-b1f8-9b28bb8404c9: attributed to 000403; 0.0 s; peak memory 720 MiB.
2026-10-02T13:14:54Z INFO [823/5769] 96fd58c9-ef22-40cb-a30a-95befc2d407e: attributed to 001258; 0.0 s; peak memory 720 MiB.
2026-10-02T13:14:55Z INFO [824/5769] 97045299-8b8f-4967-87bf-ef17b5d20a96: attributed to 000026; 0.1 s; peak memory 720 MiB.
2026-10-02T13:14:55Z INFO [825/5769] 9706d3f7-baee-40f0-ab5a-cc2d88a42b9b: attributed to 000946; 0.1 s; peak memory 720 MiB.
2026-10-02T13:14:56Z INFO [826/5769] 970871ef-ffa8-47ae-8fbc-a479d819e058: attributed to 000026; 0.9 s; peak memory 720 MiB.
2026-10-02T13:14:56Z INFO [827/5769] 970b82e2-debd-4a21-877a-d538f8234913: attributed to 001697; 0.0 s; peak memory 720 MiB.
2026-10-02T13:14:56Z INFO [828/5769] 970cc12a-8845-434e-9147-c68b73093595: attributed to 001697; 0.3 s; peak memory 720 MiB.
2026-10-02T13:14:56Z INFO [829/5769] 970d990f-f9eb-4712-b77c-aced2086e05b: attributed to 001697; 0.0 s; peak memory 720 MiB.
2026-10-02T13:14:56Z INFO [830/5769] 97105b75-4ba2-4297-bfad-38600fa072e4: attributed to 000109; 0.0 s; peak memory 720 MiB.
2026-10-02T13:14:56Z INFO [831/5769] 971b59c9-afc9-4be8-9f32-9f9d579687dd: attributed to 001697; 0.3 s; peak memory 720 MiB.
2026-10-02T13:14:56Z INFO [832/5769] 9722bbea-5002-48bc-a75e-a666d3c38a64: attributed to 000026; 0.1 s; peak memory 720 MiB.
2026-10-02T13:14:56Z INFO [833/5769] 972bdef0-5bb8-410f-ac02-ebcfe196ead6: attributed to 000571; 0.1 s; peak memory 720 MiB.
2026-10-02T13:14:57Z INFO [834/5769] 972d8a17-a7cb-483e-91cc-de5b1f978726: attributed to 001782; 0.1 s; peak memory 720 MiB.
2026-10-02T13:14:57Z INFO [835/5769] 97312bc7-9847-49ed-b419-da1eb8672ed2: attributed to 001697; 0.3 s; peak memory 720 MiB.
2026-10-02T13:14:57Z INFO [836/5769] 9734d00d-1c3b-4b4c-b2e8-c63b3cf800e2: attributed to 001697; 0.3 s; peak memory 720 MiB.
2026-10-02T13:14:57Z INFO [837/5769] 973b3115-c1ae-42a0-b0ec-128ccc08a114: attributed to 000142; 0.0 s; peak memory 720 MiB.
2026-10-02T13:14:57Z INFO [838/5769] 973ea57a-cbb0-48f8-a6ca-292b2fa3d2a3: attributed to 000946; 0.1 s; peak memory 720 MiB.
2026-10-02T13:14:57Z INFO [839/5769] 973f972a-dd26-4e10-826a-b8bf22ba6324: attributed to 000209; 0.0 s; peak memory 720 MiB.
2026-10-02T13:14:57Z INFO [840/5769] 974be7b8-4bcd-4c55-a6da-34d0f7817221: attributed to 001697; 0.0 s; peak memory 720 MiB.
2026-10-02T13:14:57Z INFO [841/5769] 97523af7-aa29-43da-a29d-8f34e5c83a9d: attributed to 000026; 0.1 s; peak memory 720 MiB.
2026-10-02T13:14:58Z INFO [842/5769] 975965a0-473d-40f8-87b8-1232d352d02b: attributed to 001697; 0.3 s; peak memory 720 MiB.
2026-10-02T13:14:58Z INFO [843/5769] 9759d1a4-f007-474f-9310-6126a6617fa2: attributed to 000109; 0.0 s; peak memory 720 MiB.
2026-10-02T13:14:58Z INFO [844/5769] 975e3b63-d56c-4841-b2b0-aa73f3e425ea: attributed to 001697; 0.9 s; peak memory 720 MiB.
2026-10-02T13:14:59Z INFO [845/5769] 976b8c2c-4bef-4389-bfb6-c79ec7bed1ea: attributed to 001697; 0.4 s; peak memory 720 MiB.
2026-10-02T13:14:59Z INFO [846/5769] 976cce0d-b360-4377-9e97-6fe6b01c72aa: attributed to 000142; 0.0 s; peak memory 720 MiB.
2026-10-02T13:14:59Z INFO [847/5769] 9772654b-e0db-4158-8c66-b6b6377f6d65: attributed to 001697; 0.0 s; peak memory 720 MiB.
2026-10-02T13:14:59Z INFO [848/5769] 977d73df-5f20-4965-98f3-006946758813: attributed to 001697; 0.0 s; peak memory 720 MiB.
2026-10-02T13:14:59Z INFO [849/5769] 977f9262-11c3-4639-8353-c57e6d5c04e5: attributed to 001697; 0.0 s; peak memory 720 MiB.
2026-10-02T13:14:59Z INFO [850/5769] 97836ff4-2734-4bb8-b15d-c26ba13bc8f2: attributed to 001697; 0.3 s; peak memory 720 MiB.
2026-10-02T13:15:00Z INFO [850/5769] 97836ff4-2734-4bb8-b15d-c26ba13bc8f2: checkpointed 506540 records.
2026-10-02T13:15:00Z INFO [851/5769] 9788e6ec-0c2b-4597-92d2-63a1d8a6521d: attributed to 001697; 0.0 s; peak memory 720 MiB.
2026-10-02T13:15:00Z INFO [852/5769] 9790a14d-d77b-4d33-a071-96ae97f59038: attributed to 001697; 0.0 s; peak memory 720 MiB.
2026-10-02T13:15:00Z INFO [853/5769] 9797b346-3caa-40a4-b496-19418432abc6: attributed to 001697; 0.0 s; peak memory 720 MiB.
2026-10-02T13:15:00Z INFO [854/5769] 97983dad-9019-4081-b798-9fe780df89ca: attributed to 001258; 0.0 s; peak memory 720 MiB.
2026-10-02T13:15:00Z INFO [855/5769] 979da832-4d86-41e4-b442-3e4a9d0efdb3: attributed to 001697; 0.3 s; peak memory 720 MiB.
2026-10-02T13:15:00Z INFO [856/5769] 979e9596-fc69-4075-99c9-cbf58b797da5: attributed to 001697; 0.0 s; peak memory 720 MiB.
2026-10-02T13:15:01Z INFO [857/5769] 97a1cb96-bba0-456f-b4c1-cfe3b7cfa140: attributed to 001449; 0.1 s; peak memory 720 MiB.
2026-10-02T13:15:01Z INFO [858/5769] 97a3c738-6561-4e27-b08a-288ce5634ba8: attributed to 001697; 0.3 s; peak memory 720 MiB.
2026-10-02T13:15:01Z INFO [859/5769] 97a40de2-8f96-4e62-8b95-e78d9d7ed9ab: attributed to 000142; 0.0 s; peak memory 720 MiB.
2026-10-02T13:15:01Z INFO [860/5769] 97ae21ee-c203-4b19-b773-d1a43094c15f: attributed to 001697; 0.0 s; peak memory 720 MiB.
2026-10-02T13:15:01Z INFO [861/5769] 97b7da85-b10b-4159-9e3e-e53bff756e66: attributed to 001449; 0.2 s; peak memory 720 MiB.
2026-10-02T13:15:01Z INFO [862/5769] 97bb0273-19b3-4c8f-954d-a89dfaf3f0c9: attributed to 001697; 0.0 s; peak memory 720 MiB.
2026-10-02T13:15:01Z INFO [863/5769] 97bb4d98-00e8-4d3f-bdca-55c0c95701f4: attributed to 001697; 0.3 s; peak memory 720 MiB.
2026-10-02T13:15:02Z INFO [864/5769] 97bdfb05-6ba6-404b-8c04-96b83bd3e44c: attributed to 000026; 0.2 s; peak memory 720 MiB.
2026-10-02T13:15:02Z INFO [865/5769] 97c1d07a-1963-4930-ad4e-3eff5ce9b48d: attributed to 000142; 0.0 s; peak memory 720 MiB.
2026-10-02T13:15:02Z INFO [866/5769] 97c299ad-2f6f-4670-8fd7-e08822e9b637: attributed to 001697; 0.3 s; peak memory 720 MiB.
2026-10-02T13:15:02Z INFO [867/5769] 97c6ceee-4efa-4238-8530-14bd95cbc785: attributed to 001697; 0.3 s; peak memory 720 MiB.
2026-10-02T13:15:02Z INFO [868/5769] 97c9dc31-904d-46b0-a74b-5d6e68927535: attributed to 000026; 0.1 s; peak memory 720 MiB.
2026-10-02T13:15:02Z INFO [869/5769] 97cd85f0-a7a9-472d-a77b-cb867fcfa8cc: attributed to 001697; 0.0 s; peak memory 720 MiB.
2026-10-02T13:15:02Z INFO [870/5769] 97cf1cff-217f-4cc5-b5ad-c6b692453e12: attributed to 001697; 0.0 s; peak memory 720 MiB.
2026-10-02T13:15:03Z INFO [871/5769] 97cf392e-4e2c-4937-b343-f72ac2e594f0: attributed to 001697; 0.3 s; peak memory 720 MiB.
2026-10-02T13:15:03Z INFO [872/5769] 97d335bd-0743-41be-9c56-2351f93e5b5e: attributed to 001697; 0.6 s; peak memory 720 MiB.
2026-10-02T13:15:03Z INFO [873/5769] 97d3ef4b-a93a-47ff-83cc-e47c4f9c46c2: attributed to 000026; 0.1 s; peak memory 720 MiB.
2026-10-02T13:15:03Z INFO [874/5769] 97d51c82-ba85-4849-a26c-ff9ea4f3005c: attributed to 000026; 0.1 s; peak memory 720 MiB.
2026-10-02T13:15:04Z INFO [875/5769] 97d7b435-96a6-4d2e-9d2e-19a4b0265545: attributed to 001697; 0.4 s; peak memory 720 MiB.
2026-10-02T13:15:04Z INFO [876/5769] 97d8c016-396f-4693-a0cf-ff5dcc5d4d8c: attributed to 001697; 0.3 s; peak memory 720 MiB.
2026-10-02T13:15:04Z INFO [877/5769] 97de97a2-73a9-4674-b036-744d73bbfcc4: attributed to 000026; 0.1 s; peak memory 720 MiB.
2026-10-02T13:15:04Z INFO [878/5769] 97e2c021-b04d-4bef-9539-ec69446fe722: attributed to 001697; 0.0 s; peak memory 720 MiB.
2026-10-02T13:15:04Z INFO [879/5769] 97e506fe-12fd-43d3-af6a-d4dc7b43b026: attributed to 001697; 0.0 s; peak memory 720 MiB.
2026-10-02T13:15:04Z INFO [880/5769] 97f338c7-8d99-4151-a20a-69ee55884552: attributed to 000946; 0.1 s; peak memory 720 MiB.
2026-10-02T13:15:04Z INFO [881/5769] 97f911c3-b7f0-4212-8460-f5fce95f2b12: attributed to 000403; 0.0 s; peak memory 720 MiB.
2026-10-02T13:15:05Z INFO [882/5769] 97fe05b8-c9ec-4270-bff2-869586707812: attributed to 001697; 0.4 s; peak memory 720 MiB.
2026-10-02T13:15:05Z INFO [883/5769] 980d3af0-a09f-4354-b12a-e6411c4325a4: attributed to 001697; 0.0 s; peak memory 720 MiB.
2026-10-02T13:15:06Z INFO [884/5769] 980e5c24-08b8-4076-ae03-5a8674a0dd3a: attributed to 001697; 1.1 s; peak memory 720 MiB.
2026-10-02T13:15:06Z INFO [885/5769] 98155c31-a7cb-4512-8056-ee15303536b1: attributed to 001697; 0.5 s; peak memory 720 MiB.
2026-10-02T13:15:06Z INFO [886/5769] 981714da-7fed-4477-8bde-1c547701d082: attributed to 000026; 0.1 s; peak memory 720 MiB.
2026-10-02T13:15:07Z INFO [887/5769] 981a9878-25fd-40dc-b59a-c405249479bc: attributed to 000026; 0.4 s; peak memory 720 MiB.
2026-10-02T13:15:07Z INFO [888/5769] 9825fba1-c787-4c19-b07b-b377e281fb55: attributed to 000559; 0.1 s; peak memory 720 MiB.
2026-10-02T13:15:07Z INFO [889/5769] 9828aa49-420b-467e-a837-628712e1c56e: attributed to 001697; 0.0 s; peak memory 720 MiB.
2026-10-02T13:15:07Z INFO [890/5769] 982a2eba-8e61-4cbb-982e-8163458077f1: attributed to 000026; 0.1 s; peak memory 720 MiB.
2026-10-02T13:15:07Z INFO [891/5769] 982ce80d-a02c-4bd0-aea5-4d6b3619e41b: attributed to 000026; 0.1 s; peak memory 720 MiB.
2026-10-02T13:15:07Z INFO [892/5769] 9832f04b-1f95-489f-8c0a-61b2fd841f16: attributed to 001697; 0.3 s; peak memory 720 MiB.
2026-10-02T13:15:08Z INFO [893/5769] 98338056-b00d-4156-959a-737159c4dc57: attributed to 000026; 0.1 s; peak memory 720 MiB.
2026-10-02T13:15:08Z INFO [894/5769] 983a7093-36c0-4541-835a-9091954a7d37: attributed to 000026; 0.1 s; peak memory 720 MiB.
2026-10-02T13:15:08Z INFO [895/5769] 983b0ce6-8b64-4ac7-8cc2-d72d01bfad1a: attributed to 001697; 0.3 s; peak memory 720 MiB.
2026-10-02T13:15:08Z INFO [896/5769] 983b4e00-d65a-46f9-a837-44427d93bae5: attributed to 001697; 0.0 s; peak memory 720 MiB.
2026-10-02T13:15:08Z INFO [897/5769] 983c31cc-4e60-4031-963c-8d49b1150226: attributed to 001697; 0.3 s; peak memory 720 MiB.
2026-10-02T13:15:09Z INFO [898/5769] 98446955-ba83-436e-9c07-311c87ac4f70: attributed to 001697; 0.3 s; peak memory 720 MiB.
2026-10-02T13:15:09Z INFO [899/5769] 984e2a82-945f-4152-b5f3-9c9576444790: attributed to 001437; 0.1 s; peak memory 720 MiB.
2026-10-02T13:15:09Z INFO [900/5769] 984fae17-fe1f-4129-ac94-21b5347ff3ee: attributed to 000403; 0.0 s; peak memory 720 MiB.
2026-10-02T13:15:10Z INFO [900/5769] 984fae17-fe1f-4129-ac94-21b5347ff3ee: checkpointed 506540 records.
2026-10-02T13:15:10Z INFO [901/5769] 98511b75-75a9-4bdf-a7d6-7e58c46a6b19: attributed to 001697; 0.0 s; peak memory 720 MiB.
2026-10-02T13:15:11Z INFO [902/5769] 98512103-b70b-48e3-8a76-d0b29aa9fda8: attributed to 000571; 0.9 s; peak memory 720 MiB.
2026-10-02T13:15:11Z INFO [903/5769] 98518fd6-fe88-4339-9813-7bea41a04d57: attributed to 001697; 0.0 s; peak memory 720 MiB.
2026-10-02T13:15:11Z INFO [904/5769] 9854413d-ebfb-430b-9582-fd7fcd7c0fda: attributed to 000946; 0.1 s; peak memory 720 MiB.
2026-10-02T13:15:11Z INFO [905/5769] 985815e7-82e0-43a7-ba1b-5eb41d550467: attributed to 001278; 0.0 s; peak memory 720 MiB.
2026-10-02T13:15:11Z INFO [906/5769] 985a17e6-b740-4f86-8557-5687835c04f1: attributed to 000293; 0.0 s; peak memory 720 MiB.
2026-10-02T13:15:11Z INFO [907/5769] 986eb87d-f4fa-4101-b53e-f77580b68bf0: attributed to 001697; 0.0 s; peak memory 720 MiB.
2026-10-02T13:15:11Z INFO [908/5769] 9872e13d-9097-4f00-b69b-4f47e3991785: attributed to 000026; 0.2 s; peak memory 720 MiB.
2026-10-02T13:15:11Z INFO [909/5769] 9878b8b3-dc0e-49a4-9666-d29ea6f380ab: attributed to 000142; 0.0 s; peak memory 720 MiB.
2026-10-02T13:15:11Z INFO [910/5769] 988516e6-6da3-437d-a0ba-307f502358ae: attributed to 001697; 0.3 s; peak memory 720 MiB.
2026-10-02T13:15:12Z INFO [911/5769] 98852614-b5dd-4b8c-904e-6d95304d7cd8: attributed to 001873; 0.4 s; peak memory 720 MiB.
2026-10-02T13:15:12Z INFO [912/5769] 9885f1fb-99cb-4f04-827c-0fb3495c237c: attributed to 001697; 0.3 s; peak memory 720 MiB.
2026-10-02T13:15:12Z INFO [913/5769] 9897b691-6d1f-4461-8e97-21dfd81b4b8f: attributed to 001449; 0.1 s; peak memory 720 MiB.
2026-10-02T13:15:12Z INFO [914/5769] 989ae4f0-7239-4fa8-a20e-6520b4272c69: attributed to 000142; 0.0 s; peak memory 720 MiB.
2026-10-02T13:15:12Z INFO [915/5769] 989ccbb9-efb1-400d-85dc-ee1ec8ba5f2e: attributed to 001697; 0.0 s; peak memory 720 MiB.
2026-10-02T13:15:12Z INFO [916/5769] 98a0f972-745c-4f01-b07e-555010b312bf: attributed to 000403; 0.0 s; peak memory 720 MiB.
2026-10-02T13:15:12Z INFO [917/5769] 98a14d90-8cb5-48e7-a465-27d8865022e1: attributed to 001697; 0.0 s; peak memory 720 MiB.
2026-10-02T13:15:12Z INFO [918/5769] 98a540b4-8408-4349-a76b-cebcb7ac1199: attributed to 000570; 0.0 s; peak memory 720 MiB.
2026-10-02T13:15:12Z INFO [919/5769] 98a9ad24-c0ee-49da-ab4a-55e223aad536: attributed to 000142; 0.0 s; peak memory 720 MiB.
2026-10-02T13:15:12Z INFO [920/5769] 98aa41bb-fe63-4f05-acbd-4e76f99ad157: attributed to 001697; 0.0 s; peak memory 720 MiB.
2026-10-02T13:15:12Z INFO [921/5769] 98b830c0-19b6-478d-bb79-3245d73faaa3: attributed to 001697; 0.0 s; peak memory 720 MiB.
2026-10-02T13:15:12Z INFO [922/5769] 98c01e2d-bd6c-4f66-96a4-01342a6111a2: attributed to 001697; 0.3 s; peak memory 720 MiB.
2026-10-02T13:15:12Z INFO [923/5769] 98cf1d69-e142-4fb7-8f70-bfc45823b2e9: attributed to 000571; 0.1 s; peak memory 720 MiB.
2026-10-02T13:15:13Z INFO [924/5769] 98d10ddb-29f2-4cc4-98d9-212f08abba87: attributed to 001697; 0.3 s; peak memory 720 MiB.
2026-10-02T13:15:13Z INFO [925/5769] 98d73074-70d6-4196-bbad-1e6e1bcab0fd: attributed to 001697; 0.3 s; peak memory 720 MiB.
2026-10-02T13:15:13Z INFO [926/5769] 98dc2ddc-fa56-4ba7-a50e-a6289ac9ad93: attributed to 001697; 0.0 s; peak memory 720 MiB.
2026-10-02T13:15:13Z INFO [927/5769] 98e24dc4-3b59-439c-b173-f133d5211cba: attributed to 001697; 0.0 s; peak memory 720 MiB.
2026-10-02T13:15:13Z INFO [928/5769] 98e45105-af0d-47cf-853e-b88689ef732f: attributed to 001697; 0.3 s; peak memory 720 MiB.
2026-10-02T13:15:14Z INFO [929/5769] 98ec7023-83ca-41f4-a048-105d3b2de347: attributed to 001697; 0.3 s; peak memory 720 MiB.
2026-10-02T13:15:14Z INFO [930/5769] 98ee93fb-8846-4b0e-8439-d8b224463245: attributed to 001697; 0.4 s; peak memory 720 MiB.
2026-10-02T13:15:14Z INFO [931/5769] 98f33fdd-4a03-40e5-a990-c8af138b49e2: attributed to 001697; 0.0 s; peak memory 720 MiB.
2026-10-02T13:15:14Z INFO [932/5769] 98f37a8d-53ce-42fa-a830-8981e1a944db: attributed to 000026; 0.1 s; peak memory 720 MiB.
2026-10-02T13:15:14Z INFO [933/5769] 98fc176b-390e-4a94-83ba-2b88d72423b7: attributed to 000142; 0.0 s; peak memory 720 MiB.
2026-10-02T13:15:14Z INFO [934/5769] 98fc22b6-fdec-43a2-bb02-82eeadda8d0e: attributed to 001697; 0.0 s; peak memory 720 MiB.
2026-10-02T13:15:14Z INFO [935/5769] 98fc9743-e741-4d49-90e5-81ffacdf0f6f: attributed to 000293; 0.0 s; peak memory 720 MiB.
2026-10-02T13:15:14Z INFO [936/5769] 99016f34-c831-4945-993f-8e3490a8677a: attributed to 001697; 0.3 s; peak memory 720 MiB.
2026-10-02T13:15:15Z INFO [937/5769] 9904c117-4abe-4f77-8570-841ddd05000c: attributed to 001697; 0.3 s; peak memory 720 MiB.
2026-10-02T13:15:15Z INFO [938/5769] 99069b7d-be21-491d-be0d-7f5b55c252b0: attributed to 000946; 0.1 s; peak memory 720 MiB.
2026-10-02T13:15:15Z INFO [939/5769] 9909b9b0-b2b4-45b9-bab3-0f032e2db08e: attributed to 001697; 0.3 s; peak memory 720 MiB.
2026-10-02T13:15:15Z INFO [940/5769] 99106794-4e1f-422d-ae6f-6ed379b6a187: attributed to 001697; 0.3 s; peak memory 720 MiB.
2026-10-02T13:15:16Z INFO [941/5769] 9915e73b-058a-4b4f-8296-065172b9512b: attributed to 001697; 0.3 s; peak memory 720 MiB.
2026-10-02T13:15:16Z INFO [942/5769] 991a9c6e-b293-443e-b359-2a323356dc41: attributed to 001697; 0.3 s; peak memory 720 MiB.
2026-10-02T13:15:18Z INFO [943/5769] 992150df-74ed-45b2-afed-dc455346a88a: attributed to 001697; 1.9 s; peak memory 720 MiB.
2026-10-02T13:15:18Z INFO [944/5769] 99240cd7-6d9b-44f4-8cef-115d75a08957: attributed to 000026; 0.1 s; peak memory 720 MiB.
2026-10-02T13:15:18Z INFO [945/5769] 99257fa1-cb17-482c-8735-e51db25ea2a4: attributed to 000293; 0.0 s; peak memory 720 MiB.
2026-10-02T13:15:18Z INFO [946/5769] 9926aeea-c35f-404d-a319-43eadc7ec515: attributed to 001697; 0.0 s; peak memory 720 MiB.
2026-10-02T13:15:18Z INFO [947/5769] 9935585b-8d43-4698-a3dc-961db84107ad: attributed to 001697; 0.0 s; peak memory 720 MiB.
2026-10-02T13:15:18Z INFO [948/5769] 993ab5c1-4777-438f-beab-548f261b0803: attributed to 001449; 0.3 s; peak memory 720 MiB.
2026-10-02T13:15:18Z INFO [949/5769] 9944b3fe-cf56-44db-bf9d-c30f0deea22a: attributed to 001697; 0.0 s; peak memory 720 MiB.
2026-10-02T13:15:18Z INFO [950/5769] 99453a5f-ef62-4327-a30c-027a7cf2da6e: attributed to 000209; 0.0 s; peak memory 720 MiB.
2026-10-02T13:15:19Z INFO [950/5769] 99453a5f-ef62-4327-a30c-027a7cf2da6e: checkpointed 506540 records.
2026-10-02T13:15:20Z INFO [951/5769] 995632c3-fec2-472f-8d04-0d1dad7476cb: attributed to 001873; 0.4 s; peak memory 720 MiB.
2026-10-02T13:15:20Z INFO [952/5769] 99564ff5-3c26-40c4-926a-1244fb28a0f0: attributed to 000026; 0.1 s; peak memory 720 MiB.
2026-10-02T13:15:20Z INFO [953/5769] 9957956b-033e-4d9f-bbd3-45c6298cf9d5: attributed to 001697; 0.3 s; peak memory 720 MiB.
2026-10-02T13:15:20Z INFO [954/5769] 9961ab4c-d2ea-4366-aec9-d4897e39ad86: attributed to 001697; 0.3 s; peak memory 720 MiB.
2026-10-02T13:15:20Z INFO [955/5769] 9964f9aa-084d-47b6-9362-6cf81b420d8e: attributed to 001782; 0.1 s; peak memory 720 MiB.
2026-10-02T13:15:21Z INFO [956/5769] 996532c2-fa74-456f-acb1-3e3f406eee16: attributed to 000946; 0.1 s; peak memory 720 MiB.
2026-10-02T13:15:21Z INFO [957/5769] 996849cf-8ea5-443d-b644-50d534e3ac37: attributed to 001697; 0.0 s; peak memory 720 MiB.
2026-10-02T13:15:22Z INFO [958/5769] 996a1939-b5b2-4b89-b37a-9b0d3b84c3ba: attributed to 001697; 1.0 s; peak memory 720 MiB.
2026-10-02T13:15:22Z INFO [959/5769] 996d4a30-72b7-432a-a602-2b1c6a176ece: attributed to 001697; 0.0 s; peak memory 720 MiB.
2026-10-02T13:15:22Z INFO [960/5769] 9970b7a5-f512-451c-897f-1a02d6ee653d: attributed to 000026; 0.1 s; peak memory 720 MiB.
2026-10-02T13:15:22Z INFO [961/5769] 99724314-7a91-4111-941a-5cba6935c421: attributed to 001697; 0.0 s; peak memory 720 MiB.
2026-10-02T13:15:22Z INFO [962/5769] 9973f9ec-9718-4610-8ec8-5bed9c5565cb: attributed to 001697; 0.0 s; peak memory 720 MiB.
2026-10-02T13:15:22Z INFO [963/5769] 99758652-f92f-4adf-bff8-c49bf49a009d: attributed to 000946; 0.1 s; peak memory 720 MiB.
2026-10-02T13:15:23Z INFO [964/5769] 9979c9bc-fe6e-4041-86e5-20488ae2e378: attributed to 001697; 1.0 s; peak memory 720 MiB.
2026-10-02T13:15:23Z INFO [965/5769] 997e9d2b-2011-42d2-820c-2121e4b49200: attributed to 001697; 0.3 s; peak memory 720 MiB.
2026-10-02T13:15:23Z INFO [966/5769] 9980d38b-748c-4647-86f0-9ec78a1e4434: attributed to 000946; 0.1 s; peak memory 720 MiB.
2026-10-02T13:15:24Z INFO [967/5769] 998b27a4-2624-4344-ba60-3d2886e7c38b: attributed to 001697; 0.3 s; peak memory 720 MiB.
2026-10-02T13:15:24Z INFO [968/5769] 998c557c-c818-44bc-8e2d-bc8f0711976a: attributed to 000142; 0.0 s; peak memory 720 MiB.
2026-10-02T13:15:24Z INFO [969/5769] 998f209d-6033-4f33-baed-d804df9366fa: attributed to 001697; 0.3 s; peak memory 720 MiB.
2026-10-02T13:15:24Z INFO [970/5769] 99a8e126-6299-4f79-8a7d-0c73db944188: attributed to 001697; 0.5 s; peak memory 720 MiB.
2026-10-02T13:15:24Z INFO [971/5769] 99af9b48-47e8-4a50-8e36-896a0469184a: attributed to 001697; 0.0 s; peak memory 720 MiB.
2026-10-02T13:15:25Z INFO [972/5769] 99b12bb6-7963-4662-a3be-53c0a2e37ab8: attributed to 001697; 0.3 s; peak memory 720 MiB.
2026-10-02T13:15:25Z INFO [973/5769] 99b194fb-2ede-4cff-b75b-9eaca6632d90: attributed to 000946; 0.1 s; peak memory 720 MiB.
2026-10-02T13:15:25Z INFO [974/5769] 99bc5af6-8b33-46a1-9fc8-b327fd89c3ac: attributed to 001697; 0.3 s; peak memory 721 MiB.
2026-10-02T13:15:25Z INFO [975/5769] 99bdafd1-2167-4385-b7b3-3253e0645678: attributed to 000142; 0.0 s; peak memory 721 MiB.
2026-10-02T13:15:25Z INFO [976/5769] 99c1233f-1502-44b1-bf9c-3d1515e090f6: attributed to 001697; 0.0 s; peak memory 721 MiB.
2026-10-02T13:15:26Z INFO [977/5769] 99ce6340-6820-45fb-bee9-eaebefe720ec: attributed to 001873; 0.6 s; peak memory 721 MiB.
2026-10-02T13:15:26Z INFO [978/5769] 99d217c9-8f31-48c5-8dd9-dc32b979784c: attributed to 001697; 0.3 s; peak memory 721 MiB.
2026-10-02T13:15:26Z INFO [979/5769] 99d2daf4-7953-4adb-88ac-378d50c8c9fd: attributed to 001858; 0.0 s; peak memory 721 MiB.
2026-10-02T13:15:26Z INFO [980/5769] 99d9c7b8-6e01-4b41-97ac-9a8b90e85a5f: attributed to 000026; 0.1 s; peak memory 721 MiB.
2026-10-02T13:15:26Z INFO [981/5769] 99e1306b-47b2-4f08-85cb-c533a3edf061: attributed to 001697; 0.0 s; peak memory 721 MiB.
2026-10-02T13:15:26Z INFO [982/5769] 99e9ee49-ea7e-4577-a4c8-48288e88e120: attributed to 000026; 0.3 s; peak memory 721 MiB.
2026-10-02T13:15:27Z INFO [983/5769] 99eb990b-630a-46ac-b18e-43729df69e45: attributed to 000026; 0.1 s; peak memory 721 MiB.
2026-10-02T13:15:27Z INFO [984/5769] 99ed1594-a90e-4496-8102-6f6d72d8ae17: attributed to 001697; 0.0 s; peak memory 721 MiB.
2026-10-02T13:15:27Z INFO [985/5769] 99f212f1-1abd-4e70-8cb3-af96720d824d: attributed to 001873; 0.6 s; peak memory 721 MiB.
2026-10-02T13:15:27Z INFO [986/5769] 99f6e4e9-231e-4534-8544-3feb8204caf9: attributed to 000946; 0.1 s; peak memory 721 MiB.
2026-10-02T13:15:27Z INFO [987/5769] 9a040530-1786-4406-babf-6355397e4448: attributed to 001697; 0.0 s; peak memory 721 MiB.
2026-10-02T13:15:27Z INFO [988/5769] 9a0909c0-10fd-4d93-aa8f-6aa2099fdd43: attributed to 001697; 0.0 s; peak memory 721 MiB.
2026-10-02T13:15:27Z INFO [989/5769] 9a0aff2f-6abb-4350-8ce4-f62b21985b1f: attributed to 000570; 0.0 s; peak memory 721 MiB.
2026-10-02T13:15:27Z INFO [990/5769] 9a111ed1-668a-4328-91cd-c0783fdb6b91: attributed to 001697; 0.0 s; peak memory 721 MiB.
2026-10-02T13:15:27Z INFO [991/5769] 9a117b39-8035-462f-86a4-f24e3907769d: attributed to 001697; 0.0 s; peak memory 721 MiB.
2026-10-02T13:15:28Z INFO [992/5769] 9a1e8baf-edb9-458a-b320-2147e7d057cf: attributed to 001697; 0.4 s; peak memory 721 MiB.
2026-10-02T13:17:04Z INFO [993/5769] 9a287926-8354-44c5-80d5-53e9f0521233: attributed to 001697; 96.7 s; peak memory 721 MiB.
2026-10-02T13:17:04Z INFO [994/5769] 9a2a716e-8213-4fab-9c22-bea97cc8e892: attributed to 000403; 0.0 s; peak memory 721 MiB.
2026-10-02T13:17:04Z INFO [995/5769] 9a2ddc8c-6e77-45d8-b5d7-1b1c0d374c2f: attributed to 000946; 0.1 s; peak memory 721 MiB.
2026-10-02T13:17:04Z INFO [996/5769] 9a2eb256-e0f0-45b9-9bfa-c092dcacb3ba: attributed to 001697; 0.0 s; peak memory 721 MiB.
2026-10-02T13:17:05Z INFO [997/5769] 9a2f2385-f111-420a-a1a6-0650c36a513f: attributed to 001873; 0.4 s; peak memory 721 MiB.
2026-10-02T13:17:05Z INFO [998/5769] 9a343e35-157f-4203-ac02-d695a86dad91: attributed to 001697; 0.3 s; peak memory 721 MiB.
2026-10-02T13:17:05Z INFO [999/5769] 9a36bac1-5cf5-4a42-813d-c6b07778fbcc: attributed to 001697; 0.0 s; peak memory 721 MiB.
2026-10-02T13:17:05Z INFO [1000/5769] 9a3c93e8-f876-45ae-918c-447e20cb0119: attributed to 000571; 0.1 s; peak memory 721 MiB.
2026-10-02T13:17:06Z INFO [1000/5769] 9a3c93e8-f876-45ae-918c-447e20cb0119: checkpointed 506540 records.
2026-10-02T13:17:07Z INFO [1001/5769] 9a4170b6-8f10-4aba-aaf4-2fcb48623452: attributed to 001697; 0.4 s; peak memory 721 MiB.
2026-10-02T13:17:07Z INFO [1002/5769] 9a471f86-e3d4-4fe5-bf04-62bf14797e2a: attributed to 001697; 0.7 s; peak memory 721 MiB.
2026-10-02T13:17:08Z INFO [1003/5769] 9a530423-4734-406c-b7fa-0b280e031b79: attributed to 001697; 0.4 s; peak memory 721 MiB.
2026-10-02T13:17:08Z INFO [1004/5769] 9a541e1c-bc50-47e0-9652-a12ee4b88f32: attributed to 000209; 0.0 s; peak memory 721 MiB.
2026-10-02T13:17:08Z INFO [1005/5769] 9a55a075-e303-415f-bc1e-6ef2ff8e7ee4: attributed to 001697; 0.3 s; peak memory 721 MiB.
2026-10-02T13:17:08Z INFO [1006/5769] 9a5fe4fa-faac-43cf-af80-5b2f6247bf8e: attributed to 001697; 0.0 s; peak memory 721 MiB.
2026-10-02T13:17:09Z INFO [1007/5769] 9a64f7d2-895d-420f-9eff-b544765d6b80: attributed to 000026; 0.4 s; peak memory 721 MiB.
2026-10-02T13:17:09Z INFO [1008/5769] 9a654974-1f6b-4e04-8968-f90331ef6792: attributed to 001697; 0.3 s; peak memory 721 MiB.
2026-10-02T13:17:09Z INFO [1009/5769] 9a66d594-9722-48f2-a149-3f710ea8e8a1: attributed to 000026; 0.1 s; peak memory 721 MiB.
2026-10-02T13:17:09Z INFO [1010/5769] 9a7008e4-df9d-4e4c-bd66-66fddde6e9bd: attributed to 000026; 0.1 s; peak memory 721 MiB.
2026-10-02T13:17:09Z INFO [1011/5769] 9a742523-f7df-47ca-bb52-c5a8ff8ea062: attributed to 001697; 0.3 s; peak memory 721 MiB.
2026-10-02T13:17:09Z INFO [1012/5769] 9a84ea3a-a113-41f2-849b-e47ad8f76d5f: attributed to 001697; 0.0 s; peak memory 721 MiB.
2026-10-02T13:17:09Z INFO [1013/5769] 9a8eace2-cd10-474a-8fb6-ff7b8f5c6452: attributed to 000403; 0.0 s; peak memory 721 MiB.
2026-10-02T13:17:10Z INFO [1014/5769] 9a8ed331-3425-48fc-a3e3-db13e819897c: attributed to 001697; 0.3 s; peak memory 721 MiB.
2026-10-02T13:17:10Z INFO [1015/5769] 9a9dbb33-525b-44b9-b591-e71e2403d967: attributed to 001697; 0.4 s; peak memory 721 MiB.
2026-10-02T13:17:10Z INFO [1016/5769] 9aa0ec0a-92c8-4724-9a8a-e6cb956445f9: attributed to 001697; 0.3 s; peak memory 721 MiB.
2026-10-02T13:17:10Z INFO [1017/5769] 9aa58776-d6d6-463f-9c6a-4077002202f5: attributed to 000026; 0.1 s; peak memory 721 MiB.
2026-10-02T13:17:11Z INFO [1018/5769] 9aaf190e-f2ef-40f9-a232-8992a9d4eab5: attributed to 001697; 0.3 s; peak memory 721 MiB.
2026-10-02T13:17:11Z INFO [1019/5769] 9ab5e2f2-6c2e-4da5-bc5f-fca77bdfd48b: attributed to 000026; 0.1 s; peak memory 721 MiB.
2026-10-02T13:17:11Z INFO [1020/5769] 9abbd1e4-72bd-4445-ad0c-293c126e96bc: attributed to 000026; 0.1 s; peak memory 721 MiB.
2026-10-02T13:17:11Z INFO [1021/5769] 9ad0e06b-e055-44fa-aa51-21b1de22b465: attributed to 001697; 0.0 s; peak memory 721 MiB.
2026-10-02T13:17:11Z INFO [1022/5769] 9ad1638a-7f9c-4bfc-8053-23feac7ce5a4: attributed to 000946; 0.1 s; peak memory 721 MiB.
2026-10-02T13:17:11Z INFO [1023/5769] 9ad56789-3223-4bd5-a789-bf761983b872: attributed to 001697; 0.0 s; peak memory 721 MiB.
2026-10-02T13:17:11Z INFO [1024/5769] 9ad92d68-ffc7-47ae-9dd0-617e9e2c73be: attributed to 001697; 0.0 s; peak memory 721 MiB.
2026-10-02T13:17:11Z INFO [1025/5769] 9ad9f84c-52e3-4a23-a6f8-c28eec39357d: attributed to 000026; 0.1 s; peak memory 721 MiB.
2026-10-02T13:17:11Z INFO [1026/5769] 9ada5fa7-45af-445d-bdbe-9de115b3b41e: attributed to 001697; 0.0 s; peak memory 721 MiB.
2026-10-02T13:17:11Z INFO [1027/5769] 9adf38f8-719c-419b-a09b-7fbc36d23579: attributed to 001697; 0.0 s; peak memory 721 MiB.
2026-10-02T13:17:11Z INFO [1028/5769] 9ae429ae-a591-4189-9d20-a52a5d724a7b: attributed to 001749; 0.1 s; peak memory 721 MiB.
2026-10-02T13:17:11Z INFO [1029/5769] 9ae601c9-820f-4359-bbcf-f928d0a491c2: attributed to 001697; 0.0 s; peak memory 721 MiB.
2026-10-02T13:17:12Z INFO [1030/5769] 9ae75f69-11db-4760-8fad-da6669850cfb: attributed to 001697; 0.3 s; peak memory 721 MiB.
2026-10-02T13:17:18Z INFO [1031/5769] 9aec85ea-b47c-42f2-875d-25f19fb4b265: attributed to 001449; 6.5 s; peak memory 721 MiB.
2026-10-02T13:17:18Z INFO [1032/5769] 9aecdeb5-cb10-48f5-a3f8-f50136be81a7: attributed to 001697; 0.0 s; peak memory 721 MiB.
2026-10-02T13:17:18Z INFO [1033/5769] 9aef8e63-95e0-48dc-8e0a-64701054d53f: attributed to 001697; 0.0 s; peak memory 721 MiB.
2026-10-02T13:17:18Z INFO [1034/5769] 9afa7ceb-a177-4976-ae1a-ed95a9806f8c: attributed to 000026; 0.1 s; peak memory 721 MiB.
2026-10-02T13:17:18Z INFO [1035/5769] 9afc7d77-5098-4d8d-8c6e-0af731d40b6f: attributed to 000209; 0.0 s; peak memory 721 MiB.
2026-10-02T13:17:18Z INFO [1036/5769] 9b02d2c4-76a9-4fde-a37f-77e90b13cb84: attributed to 001697; 0.0 s; peak memory 721 MiB.
2026-10-02T13:17:19Z INFO [1037/5769] 9b075678-e4b4-41ff-b9a4-9287be6690ad: attributed to 001697; 0.3 s; peak memory 721 MiB.
2026-10-02T13:17:19Z INFO [1038/5769] 9b126a6e-9462-4fc8-864f-2740e0558e9e: attributed to 000142; 0.0 s; peak memory 721 MiB.
2026-10-02T13:17:19Z INFO [1039/5769] 9b25e9eb-f24c-4a4e-8337-94d65f704697: attributed to 000142; 0.0 s; peak memory 721 MiB.
2026-10-02T13:17:19Z INFO [1040/5769] 9b2d7a39-a28d-4554-9ab0-d196c7aba5f3: attributed to 000946; 0.1 s; peak memory 721 MiB.
2026-10-02T13:17:19Z INFO [1041/5769] 9b34a659-c87d-4091-8d17-4e51fb5e820e: attributed to 000026; 0.1 s; peak memory 721 MiB.
2026-10-02T13:17:19Z INFO [1042/5769] 9b35c109-8e55-4376-8c46-df8b04042ca2: attributed to 001697; 0.0 s; peak memory 721 MiB.
2026-10-02T13:17:19Z INFO [1043/5769] 9b38ef4e-c42b-4215-8dd3-db2d9a100706: attributed to 001697; 0.0 s; peak memory 721 MiB.
2026-10-02T13:17:19Z INFO [1044/5769] 9b3f2c82-2b2b-42a5-98cc-d6bbaf0940ee: attributed to 001697; 0.0 s; peak memory 721 MiB.
2026-10-02T13:17:20Z INFO [1045/5769] 9b457c99-e613-4d5b-a81c-4362faef0cbb: attributed to 001697; 0.8 s; peak memory 721 MiB.
2026-10-02T13:17:20Z INFO [1046/5769] 9b4d783c-dfea-4ec4-8d0e-35925b207887: attributed to 001697; 0.4 s; peak memory 721 MiB.
2026-10-02T13:17:20Z INFO [1047/5769] 9b508c7e-ca22-4a12-8561-f515e672909a: attributed to 001697; 0.3 s; peak memory 721 MiB.
2026-10-02T13:17:21Z INFO [1048/5769] 9b5650ce-0e04-4a2b-81e3-98df7fa70c75: attributed to 001697; 0.3 s; peak memory 721 MiB.
2026-10-02T13:17:21Z INFO [1049/5769] 9b56cc59-6e9b-4606-b870-3da859b84ee8: attributed to 001697; 0.0 s; peak memory 721 MiB.
2026-10-02T13:17:21Z INFO [1050/5769] 9b64c2f3-4f44-4ad8-88bb-ee312bac1a8d: attributed to 001697; 0.0 s; peak memory 721 MiB.
2026-10-02T13:17:22Z INFO [1050/5769] 9b64c2f3-4f44-4ad8-88bb-ee312bac1a8d: checkpointed 506541 records.
2026-10-02T13:17:22Z INFO [1051/5769] 9b6a1b1b-bdd5-4f06-a62e-d11708ed56b4: attributed to 000026; 0.1 s; peak memory 721 MiB.
2026-10-02T13:17:22Z INFO [1052/5769] 9b6e5c44-83db-4444-8378-83c459e278d7: attributed to 000946; 0.1 s; peak memory 721 MiB.
2026-10-02T13:17:23Z INFO [1053/5769] 9b720232-376a-4103-8a36-f6ed31822aed: attributed to 000571; 0.9 s; peak memory 721 MiB.
2026-10-02T13:17:23Z INFO [1054/5769] 9b779c61-76b7-49e8-b5be-8d4b5beaee8a: attributed to 001697; 0.3 s; peak memory 721 MiB.
2026-10-02T13:17:23Z INFO [1055/5769] 9b7922b0-45e7-479c-b270-bac85025d462: attributed to 001697; 0.3 s; peak memory 721 MiB.
2026-10-02T13:17:24Z INFO [1056/5769] 9b7bb3da-78df-47cf-9f16-71f036cae9f4: attributed to 001697; 0.4 s; peak memory 721 MiB.
2026-10-02T13:17:24Z INFO [1057/5769] 9b8ae3e8-c1a2-4ea7-a39b-e70c6809372e: attributed to 001748; 0.0 s; peak memory 721 MiB.
2026-10-02T13:17:24Z INFO [1058/5769] 9b918ace-b2db-4d9e-bf1c-9e8fdaa6e019: attributed to 000026; 0.2 s; peak memory 721 MiB.
2026-10-02T13:17:24Z INFO [1059/5769] 9b926332-0441-4f31-9c81-bd16ab0a4f32: attributed to 001697; 0.0 s; peak memory 721 MiB.
2026-10-02T13:17:24Z INFO [1060/5769] 9b971197-aada-4002-adbd-2c6566c12fa8: attributed to 000173; 0.1 s; peak memory 721 MiB.
2026-10-02T13:17:24Z INFO [1061/5769] 9b9a04d2-e552-464a-8e18-fbe50431ee2d: attributed to 000109; 0.0 s; peak memory 721 MiB.
2026-10-02T13:17:24Z INFO [1062/5769] 9b9b29db-4078-4ffc-a65d-813412117270: attributed to 001697; 0.0 s; peak memory 721 MiB.
2026-10-02T13:17:24Z INFO [1063/5769] 9b9d2ddd-7533-40da-b1ec-b9325a10ffa2: attributed to 001697; 0.0 s; peak memory 721 MiB.
2026-10-02T13:17:24Z INFO [1064/5769] 9ba5e85a-dcad-48a4-b342-6f7370e7ef6a: attributed to 000946; 0.1 s; peak memory 721 MiB.
2026-10-02T13:17:25Z INFO [1065/5769] 9ba8f9cb-c067-44e8-9d6a-e8792e806308: attributed to 001697; 0.3 s; peak memory 721 MiB.
2026-10-02T13:17:25Z INFO [1066/5769] 9ba90f9a-323e-4a54-8c52-9c916defe1d9: attributed to 001697; 0.3 s; peak memory 721 MiB.
2026-10-02T13:17:25Z INFO [1067/5769] 9bac767a-234d-4674-b920-66f8b6252495: attributed to 001697; 0.0 s; peak memory 721 MiB.
2026-10-02T13:17:25Z INFO [1068/5769] 9bb3d25f-92f2-4b84-81eb-0bb159d54f1c: attributed to 001697; 0.0 s; peak memory 721 MiB.
2026-10-02T13:17:25Z INFO [1069/5769] 9bb50dea-c012-4f86-8eb0-2849403ea612: attributed to 001697; 0.3 s; peak memory 721 MiB.
2026-10-02T13:17:25Z INFO [1070/5769] 9bbdd94e-83c7-41be-b3e0-f45751a2c3ec: attributed to 001697; 0.0 s; peak memory 721 MiB.
2026-10-02T13:17:25Z INFO [1071/5769] 9bc1d669-7aab-4f18-a3d1-560a748075cc: attributed to 001697; 0.0 s; peak memory 721 MiB.
2026-10-02T13:17:25Z INFO [1072/5769] 9bccc406-2520-4d71-82cf-863be9cc3c88: attributed to 001449; 0.1 s; peak memory 721 MiB.
2026-10-02T13:17:46Z INFO [1073/5769] 9bcfcbc4-04e2-42d2-bbde-f07b9663cc02: attributed to 000571; 20.6 s; peak memory 721 MiB.
2026-10-02T13:17:46Z INFO [1074/5769] 9bd0d88c-c543-4145-9c3d-60ee964e7eea: attributed to 001873; 0.5 s; peak memory 721 MiB.
2026-10-02T13:17:46Z INFO [1075/5769] 9bd2f7da-5f42-413f-adc5-ef9c36602d96: attributed to 000570; 0.0 s; peak memory 721 MiB.
2026-10-02T13:17:46Z INFO [1076/5769] 9bed2daa-ceba-4839-8fa4-d899d873c69e: attributed to 001697; 0.0 s; peak memory 721 MiB.
2026-10-02T13:17:47Z INFO [1077/5769] 9bedc6f4-ff79-4b36-993b-2641ad8c151d: attributed to 001697; 0.4 s; peak memory 721 MiB.
2026-10-02T13:17:47Z INFO [1078/5769] 9bf3b8e7-97b6-464b-9245-4603d06c51d2: attributed to 000173; 0.1 s; peak memory 721 MiB.
2026-10-02T13:17:47Z INFO [1079/5769] 9bf63338-81ee-4008-88cc-b92e4a435c49: attributed to 000946; 0.1 s; peak memory 721 MiB.
2026-10-02T13:17:47Z INFO [1080/5769] 9bfbb9a1-ab89-4c78-8b17-39e5c8ea787d: attributed to 001748; 0.0 s; peak memory 721 MiB.
2026-10-02T13:17:47Z INFO [1081/5769] 9c009406-cdd4-4bed-87c0-8d67fc431fe6: attributed to 000026; 0.1 s; peak memory 721 MiB.
2026-10-02T13:17:47Z INFO [1082/5769] 9c02f759-b667-4872-83df-246328d8f063: attributed to 001697; 0.3 s; peak memory 721 MiB.
2026-10-02T13:17:47Z INFO [1083/5769] 9c0b7137-0ba6-497c-a6cb-7ae418021a9f: attributed to 001697; 0.0 s; peak memory 721 MiB.
2026-10-02T13:17:47Z INFO [1084/5769] 9c0d9952-83d9-49e9-8b92-712c839110a4: attributed to 001697; 0.0 s; peak memory 721 MiB.
2026-10-02T13:17:48Z INFO [1085/5769] 9c157caa-7f18-4567-a8d4-31df5e9d2168: attributed to 001697; 0.3 s; peak memory 721 MiB.
2026-10-02T13:17:48Z INFO [1086/5769] 9c1e9d59-557b-4af0-ab66-55e76a08946c: attributed to 001697; 0.3 s; peak memory 721 MiB.
2026-10-02T13:17:48Z INFO [1087/5769] 9c201961-c8f8-475e-8d28-9f648f12b498: attributed to 001697; 0.0 s; peak memory 721 MiB.
2026-10-02T13:17:48Z INFO [1088/5769] 9c26bf0e-9832-46d9-ae64-8c3cf665caf2: attributed to 001697; 0.0 s; peak memory 721 MiB.
2026-10-02T13:17:48Z INFO [1089/5769] 9c2f75f1-8381-47b0-a3ce-b9d1cec7073d: attributed to 000209; 0.0 s; peak memory 721 MiB.
2026-10-02T13:17:48Z INFO [1090/5769] 9c33c6d4-d92d-425d-b2d4-217428d120a2: attributed to 001697; 0.3 s; peak memory 721 MiB.
2026-10-02T13:17:48Z INFO [1091/5769] 9c354872-b2b0-4944-9df0-4121ea938f0f: attributed to 000026; 0.1 s; peak memory 721 MiB.
2026-10-02T13:17:48Z INFO [1092/5769] 9c3ba3b2-ab8b-4ddd-a4fb-046da31c0201: attributed to 001697; 0.0 s; peak memory 721 MiB.
2026-10-02T13:17:48Z INFO [1093/5769] 9c3c46c1-9165-47ff-a7f2-d93198453ce3: attributed to 001697; 0.0 s; peak memory 721 MiB.
2026-10-02T13:17:49Z INFO [1094/5769] 9c3c7cef-f96e-4aba-a962-f3c2bff1ff8c: attributed to 001697; 0.4 s; peak memory 721 MiB.
2026-10-02T13:17:49Z INFO [1095/5769] 9c41af70-638f-43aa-a996-2e82dfcd2c10: attributed to 000173; 0.1 s; peak memory 721 MiB.
2026-10-02T13:17:49Z INFO [1096/5769] 9c425fcc-bd03-4515-9530-0f2672948fbb: attributed to 001697; 0.0 s; peak memory 721 MiB.
2026-10-02T13:17:49Z INFO [1097/5769] 9c479074-7f81-45c4-b6e8-5df65b4bd659: attributed to 001697; 0.0 s; peak memory 721 MiB.
2026-10-02T13:17:51Z INFO [1098/5769] 9c4a556a-8a42-4d73-a2b4-779fca989504: attributed to 001345; 2.3 s; peak memory 721 MiB.
2026-10-02T13:17:51Z INFO [1099/5769] 9c4c06c7-ad2f-4bea-a690-5ee12990fd7a: attributed to 000561; 0.1 s; peak memory 721 MiB.
2026-10-02T13:17:51Z INFO [1100/5769] 9c5087e1-ebba-4635-a48e-ea1beabb9e97: attributed to 001697; 0.0 s; peak memory 721 MiB.
2026-10-02T13:17:52Z INFO [1100/5769] 9c5087e1-ebba-4635-a48e-ea1beabb9e97: checkpointed 506543 records.
2026-10-02T13:17:52Z INFO [1101/5769] 9c524651-5b27-4bde-864c-5b778904a4c0: attributed to 001697; 0.0 s; peak memory 721 MiB.
2026-10-02T13:17:52Z INFO [1102/5769] 9c529808-ebed-4798-866f-8bb2178f4ed6: attributed to 000026; 0.1 s; peak memory 721 MiB.
2026-10-02T13:17:53Z INFO [1103/5769] 9c54c9d1-a4ec-419f-baf3-913a7041833a: attributed to 001697; 0.3 s; peak memory 721 MiB.
2026-10-02T13:17:53Z INFO [1104/5769] 9c55ff7c-f560-437b-bbc8-e086207d178d: attributed to 001749; 0.1 s; peak memory 721 MiB.
2026-10-02T13:17:53Z INFO [1105/5769] 9c56f015-678b-46bd-b6e8-783a5fa3b27f: attributed to 000946; 0.1 s; peak memory 721 MiB.
2026-10-02T13:17:54Z INFO [1106/5769] 9c58ee4f-7638-4870-a79c-5e83f2902510: attributed to 001697; 1.2 s; peak memory 721 MiB.
2026-10-02T13:17:54Z INFO [1107/5769] 9c598e96-9af4-432f-8df1-635a0e4302b8: attributed to 000142; 0.0 s; peak memory 721 MiB.
2026-10-02T13:17:54Z INFO [1108/5769] 9c5e1f23-078c-4a10-a0cc-71cb40cb005a: attributed to 001697; 0.3 s; peak memory 721 MiB.
2026-10-02T13:17:54Z INFO [1109/5769] 9c6871c6-6d7c-4e0e-a7d9-8ab81dd9ab8c: attributed to 001697; 0.0 s; peak memory 721 MiB.
2026-10-02T13:17:55Z INFO [1110/5769] 9c6bfce0-052c-495c-8eb1-783689cc9adc: attributed to 001697; 0.3 s; peak memory 721 MiB.
2026-10-02T13:17:55Z INFO [1111/5769] 9c723f14-dbb6-4f4a-87a6-48c8edcc1a6a: attributed to 001697; 0.3 s; peak memory 721 MiB.
2026-10-02T13:17:55Z INFO [1112/5769] 9c778a56-4530-49b8-844e-073c4707c6b1: attributed to 001697; 0.3 s; peak memory 721 MiB.
2026-10-02T13:17:55Z INFO [1113/5769] 9c80dc7c-6549-4e45-9b7d-6a227a583443: attributed to 001697; 0.0 s; peak memory 721 MiB.
2026-10-02T13:17:55Z INFO [1114/5769] 9c8272ce-9e88-41af-a668-a07c19abdab8: attributed to 001697; 0.0 s; peak memory 721 MiB.
2026-10-02T13:17:55Z INFO [1115/5769] 9c89bffc-2abf-400c-baa2-3c4a64d4bb20: attributed to 000209; 0.0 s; peak memory 721 MiB.
2026-10-02T13:17:55Z INFO [1116/5769] 9c8eaa7c-3de9-4efd-acc3-95db2b0c02a7: attributed to 000142; 0.0 s; peak memory 721 MiB.
2026-10-02T13:17:55Z INFO [1117/5769] 9c8ff074-5ded-41d1-91c3-383c6e132ce0: attributed to 001697; 0.0 s; peak memory 721 MiB.
2026-10-02T13:17:55Z INFO [1118/5769] 9c923c7a-0584-465d-8ac6-ddd556a62e35: attributed to 000142; 0.0 s; peak memory 721 MiB.
2026-10-02T13:17:56Z INFO [1119/5769] 9c998e21-30d4-4620-a20c-33cebc531a21: attributed to 001697; 0.3 s; peak memory 721 MiB.
2026-10-02T13:17:56Z INFO [1120/5769] 9c9c11d0-e8ec-4dd9-b8b8-2319c0bee760: attributed to 000946; 0.1 s; peak memory 721 MiB.
2026-10-02T13:17:56Z INFO [1121/5769] 9ca2b990-510c-4f67-9e1c-62d4593df5e0: attributed to 001697; 0.3 s; peak memory 721 MiB.
2026-10-02T13:17:56Z INFO [1122/5769] 9ca70768-d3c8-495c-9d00-aa4ecc1e48d5: attributed to 001697; 0.0 s; peak memory 721 MiB.
2026-10-02T13:17:56Z INFO [1123/5769] 9ca8b72c-9c81-4238-8e77-542112d16f38: attributed to 000403; 0.0 s; peak memory 721 MiB.
2026-10-02T13:17:56Z INFO [1124/5769] 9cafcbdd-b154-4c38-bb19-4c0893fd047d: attributed to 000946; 0.1 s; peak memory 721 MiB.
2026-10-02T13:17:56Z INFO [1125/5769] 9cb2a9d6-ffa6-416d-ae41-60cc7949f052: attributed to 000026; 0.2 s; peak memory 721 MiB.
2026-10-02T13:17:56Z INFO [1126/5769] 9cb4e520-40c1-4c5a-b3db-a6f0400518fb: attributed to 001697; 0.0 s; peak memory 721 MiB.
2026-10-02T13:17:57Z INFO [1127/5769] 9cba3778-e6c6-4e66-9263-37adfd3d5979: attributed to 001702; 0.3 s; peak memory 721 MiB.
2026-10-02T13:17:57Z INFO [1128/5769] 9cbc0ba0-4c89-4c4b-9518-141d17ad81de: attributed to 001697; 0.4 s; peak memory 721 MiB.
2026-10-02T13:17:57Z INFO [1129/5769] 9cbce40b-18e7-4d6e-84df-94125353bde4: attributed to 001697; 0.3 s; peak memory 721 MiB.
2026-10-02T13:17:57Z INFO [1130/5769] 9cc556d9-8c96-4bdb-9dbc-5372050b3746: attributed to 000209; 0.0 s; peak memory 721 MiB.
2026-10-02T13:17:57Z INFO [1131/5769] 9cd57667-4d82-45eb-ae36-23fd97285f75: attributed to 001697; 0.0 s; peak memory 721 MiB.
2026-10-02T13:17:58Z INFO [1132/5769] 9cd6756b-dc76-426d-9eb8-c24d43396381: attributed to 001697; 0.3 s; peak memory 721 MiB.
2026-10-02T13:17:58Z INFO [1133/5769] 9cd87a57-5823-4299-a923-a82b9971e139: attributed to 001449; 0.1 s; peak memory 721 MiB.
2026-10-02T13:17:58Z INFO [1134/5769] 9cddd1ec-58ab-4261-ac89-8a84aa1bf41b: attributed to 000026; 0.1 s; peak memory 721 MiB.
2026-10-02T13:17:58Z INFO [1135/5769] 9cdee517-c3ee-41d9-871c-be6e3277a908: attributed to 001782; 0.1 s; peak memory 721 MiB.
2026-10-02T13:17:58Z INFO [1136/5769] 9ce8e30f-ddf8-4fe7-9a4d-4bd8431a4216: attributed to 001697; 0.0 s; peak memory 721 MiB.
2026-10-02T13:17:58Z INFO [1137/5769] 9ced57eb-fe2d-4f24-9725-da640a93190c: attributed to 001773; 0.1 s; peak memory 721 MiB.
2026-10-02T13:17:58Z INFO [1138/5769] 9cefd6b8-9dbc-43b8-94fe-71972bd8aca9: attributed to 000026; 0.1 s; peak memory 721 MiB.
2026-10-02T13:17:58Z INFO [1139/5769] 9cf334d6-eefb-4cc4-9e16-a337b169d306: attributed to 000465; 0.0 s; peak memory 721 MiB.
2026-10-02T13:17:58Z INFO [1140/5769] 9cf76d71-60ec-4834-a0a8-f8393dfd8e38: attributed to 001697; 0.3 s; peak memory 721 MiB.
2026-10-02T13:17:59Z INFO [1141/5769] 9cf862bf-0498-402c-bdf1-ecaedf250b33: attributed to 000026; 0.4 s; peak memory 721 MiB.
2026-10-02T13:17:59Z INFO [1142/5769] 9cf91484-0c9e-4583-8aaf-e051a62e8a8d: attributed to 000403; 0.0 s; peak memory 721 MiB.
2026-10-02T13:17:59Z INFO [1143/5769] 9cfad348-03dd-4dff-be31-b02850ec081b: attributed to 001697; 0.0 s; peak memory 721 MiB.
2026-10-02T13:17:59Z INFO [1144/5769] 9d097431-9055-419c-9cf7-159ed892c8f1: attributed to 001697; 0.0 s; peak memory 721 MiB.
2026-10-02T13:17:59Z INFO [1145/5769] 9d0c3da5-21f5-4d82-89ce-7398632ed419: attributed to 000209; 0.0 s; peak memory 721 MiB.
2026-10-02T13:17:59Z INFO [1146/5769] 9d0cfa2b-7b2c-4330-9489-9e226a8508a4: attributed to 001449; 0.1 s; peak memory 721 MiB.
2026-10-02T13:17:59Z INFO [1147/5769] 9d18186d-68e3-4e8e-b3d3-18a3f585a714: attributed to 001697; 0.0 s; peak memory 721 MiB.
2026-10-02T13:17:59Z INFO [1148/5769] 9d18b556-1709-426e-99c8-e8afb57ba40f: attributed to 001697; 0.0 s; peak memory 721 MiB.
2026-10-02T13:17:59Z INFO [1149/5769] 9d1bcc89-5c33-4f6b-8d24-54a33fba9ab1: attributed to 001697; 0.0 s; peak memory 721 MiB.
2026-10-02T13:17:59Z INFO [1150/5769] 9d1c7861-c063-4468-be54-773749789521: attributed to 000026; 0.1 s; peak memory 721 MiB.
2026-10-02T13:18:00Z INFO [1150/5769] 9d1c7861-c063-4468-be54-773749789521: checkpointed 506543 records.
2026-10-02T13:18:00Z INFO [1151/5769] 9d1d8cff-fec2-4b5d-852b-f619ea5c2dd3: attributed to 001697; 0.3 s; peak memory 721 MiB.
2026-10-02T13:18:01Z INFO [1152/5769] 9d1da924-9d86-45db-aaae-43090bbbde4e: attributed to 001449; 0.1 s; peak memory 721 MiB.
2026-10-02T13:18:01Z INFO [1153/5769] 9d2c052b-5503-4971-ba77-4bd6f6729e0c: attributed to 000559; 0.1 s; peak memory 721 MiB.
2026-10-02T13:18:01Z INFO [1154/5769] 9d2faa61-a430-490f-8c84-35cb1998b2ff: attributed to 001697; 0.0 s; peak memory 721 MiB.
2026-10-02T13:18:01Z INFO [1155/5769] 9d3db4bb-5727-43d0-ad8b-96623b4f1047: attributed to 001697; 0.0 s; peak memory 721 MiB.
2026-10-02T13:18:04Z INFO [1156/5769] 9d499fb6-96b4-42ef-ac4b-cdc68762e2ed: attributed to 001353; 3.1 s; peak memory 721 MiB.
2026-10-02T13:18:04Z INFO [1157/5769] 9d4c55b1-7f60-4bf2-bc44-38707377aa71: attributed to 000026; 0.6 s; peak memory 721 MiB.
2026-10-02T13:18:04Z INFO [1158/5769] 9d5024dd-40f1-4dd2-9bfb-fa5225382c85: attributed to 001697; 0.0 s; peak memory 721 MiB.
2026-10-02T13:18:04Z INFO [1159/5769] 9d5a8e62-8e98-43a5-8b6b-1e9757de078a: attributed to 001697; 0.0 s; peak memory 721 MiB.
2026-10-02T13:18:04Z INFO [1160/5769] 9d5ea301-40f0-48fb-9add-214ddb0268e9: attributed to 000026; 0.1 s; peak memory 721 MiB.
2026-10-02T13:18:05Z INFO [1161/5769] 9d5fc63d-3ebb-4fe2-9d3a-f110344125e8: attributed to 001697; 0.3 s; peak memory 721 MiB.
2026-10-02T13:18:05Z INFO [1162/5769] 9d63cc93-1dc0-4121-8321-03ff38618796: attributed to 000026; 0.1 s; peak memory 721 MiB.
2026-10-02T13:18:05Z INFO [1163/5769] 9d68df5f-82ac-4742-b8f1-df6d3ef6d73b: attributed to 000026; 0.4 s; peak memory 721 MiB.
2026-10-02T13:18:05Z INFO [1164/5769] 9d690b08-364d-456c-9c12-9318247ee85d: attributed to 001697; 0.0 s; peak memory 721 MiB.
2026-10-02T13:18:05Z INFO [1165/5769] 9d71356e-a697-4a7e-8a2f-172e630684b4: attributed to 000026; 0.1 s; peak memory 721 MiB.
2026-10-02T13:18:08Z INFO [1166/5769] 9d7234a0-a9cb-4f84-871c-e8cd904cd0f3: attributed to 001449; 2.1 s; peak memory 721 MiB.
2026-10-02T13:18:08Z INFO [1167/5769] 9d7bba55-f948-43d4-9ca0-e9d0d5195999: attributed to 001748; 0.0 s; peak memory 721 MiB.
2026-10-02T13:18:08Z INFO [1168/5769] 9d87d9be-a117-4565-85b1-a0575641cc94: attributed to 000109; 0.0 s; peak memory 721 MiB.
2026-10-02T13:18:08Z INFO [1169/5769] 9d9363a4-91d0-4883-8b3b-cf316351f12d: attributed to 001697; 0.3 s; peak memory 721 MiB.
2026-10-02T13:18:08Z INFO [1170/5769] 9d93e43a-74dd-43c9-a670-03ef941c551f: attributed to 001697; 0.0 s; peak memory 721 MiB.
2026-10-02T13:18:08Z INFO [1171/5769] 9d94dbf5-343d-4bd5-bf00-e01d80bcc5cf: attributed to 001697; 0.3 s; peak memory 721 MiB.
2026-10-02T13:18:08Z INFO [1172/5769] 9d9519f6-e261-40e5-993b-06509d54d9dd: attributed to 001697; 0.3 s; peak memory 721 MiB.
2026-10-02T13:18:09Z INFO [1173/5769] 9d96dacc-f249-4d37-bf40-38dbbe369c16: attributed to 000026; 0.6 s; peak memory 721 MiB.
2026-10-02T13:18:09Z INFO [1174/5769] 9d9a7a19-4d19-4842-88e8-5751e87d5ec4: attributed to 001697; 0.4 s; peak memory 721 MiB.
2026-10-02T13:18:10Z INFO [1175/5769] 9da92944-3f61-4a64-94f4-2bb731925e1b: attributed to 000026; 0.1 s; peak memory 721 MiB.
2026-10-02T13:18:10Z INFO [1176/5769] 9da956d8-887f-4138-8426-cff946a891ed: attributed to 001697; 0.4 s; peak memory 721 MiB.
2026-10-02T13:18:10Z INFO [1177/5769] 9dae88c1-6ec4-4b88-b8dd-8a976274cd44: attributed to 001697; 0.0 s; peak memory 721 MiB.
2026-10-02T13:18:10Z INFO [1178/5769] 9db1a069-b461-4078-85eb-25f15a048512: attributed to 000026; 0.5 s; peak memory 721 MiB.
2026-10-02T13:18:11Z INFO [1179/5769] 9db1acf4-86e2-4242-a3eb-2a95441375ad: attributed to 001697; 0.3 s; peak memory 721 MiB.
2026-10-02T13:18:11Z INFO [1180/5769] 9dbc4d10-67df-487c-ac14-2296098f2605: attributed to 000109; 0.0 s; peak memory 721 MiB.
2026-10-02T13:18:11Z INFO [1181/5769] 9dc02c71-b318-4444-a6f4-f605d7071000: attributed to 000026; 0.1 s; peak memory 721 MiB.
2026-10-02T13:18:11Z INFO [1182/5769] 9dcf5768-a5b4-4749-8c04-2bd5d2ae6170: attributed to 001697; 0.0 s; peak memory 721 MiB.
2026-10-02T13:18:11Z INFO [1183/5769] 9dcf66b7-55db-42db-862c-01e7a622011a: attributed to 001697; 0.3 s; peak memory 721 MiB.
2026-10-02T13:18:12Z INFO [1184/5769] 9dd19adf-81ad-47c7-9919-22180b13d35f: attributed to 001697; 0.3 s; peak memory 721 MiB.
2026-10-02T13:18:12Z INFO [1185/5769] 9dd31651-9055-4711-822c-538e1f269551: attributed to 001697; 0.3 s; peak memory 721 MiB.
2026-10-02T13:18:12Z INFO [1186/5769] 9dd39af1-cb62-4a36-9cd5-027833ba4951: attributed to 000026; 0.1 s; peak memory 721 MiB.
2026-10-02T13:18:12Z INFO [1187/5769] 9de0297e-a924-4be9-a45f-99f518262379: attributed to 001697; 0.0 s; peak memory 721 MiB.
2026-10-02T13:18:12Z INFO [1188/5769] 9de26e9e-de4c-4e9b-bf75-de0a0601771f: attributed to 001697; 0.3 s; peak memory 721 MiB.
2026-10-02T13:18:13Z INFO [1189/5769] 9de2bcee-bee7-4878-8a65-d3f540736b1c: attributed to 001697; 0.3 s; peak memory 721 MiB.
2026-10-02T13:18:13Z INFO [1190/5769] 9de7aa1d-1ceb-4d60-8e53-ac2ca8b7e7cc: attributed to 002017; 0.3 s; peak memory 721 MiB.
2026-10-02T13:18:13Z INFO [1191/5769] 9df01552-7d7c-4254-ac1d-254a95f4a7e4: attributed to 001697; 0.3 s; peak memory 721 MiB.
2026-10-02T13:18:13Z INFO [1192/5769] 9df95174-2206-44b7-8da1-805285160f7b: attributed to 000109; 0.0 s; peak memory 721 MiB.
2026-10-02T13:18:13Z INFO [1193/5769] 9df9f5b6-d30b-48ce-b39a-5d46eae32c5a: attributed to 001697; 0.0 s; peak memory 721 MiB.
2026-10-02T13:18:13Z INFO [1194/5769] 9dfe6af9-0249-4cf5-8c91-4e975cfb7cbb: attributed to 001697; 0.3 s; peak memory 721 MiB.
2026-10-02T13:18:14Z INFO [1195/5769] 9e03717b-6170-4219-9699-a1eaf24c2488: attributed to 001697; 0.3 s; peak memory 721 MiB.
2026-10-02T13:18:14Z INFO [1196/5769] 9e05c322-9d08-4068-bf45-26fbb13b3164: attributed to 001697; 0.3 s; peak memory 721 MiB.
2026-10-02T13:18:14Z INFO [1197/5769] 9e079b2d-85c1-4601-8b99-a30fcbd91c0c: attributed to 001697; 0.3 s; peak memory 721 MiB.
2026-10-02T13:18:15Z INFO [1198/5769] 9e0d736a-c83c-4e90-8458-6b313df75e5d: attributed to 001697; 0.3 s; peak memory 721 MiB.
2026-10-02T13:18:15Z INFO [1199/5769] 9e104370-73dc-40d9-8e5c-bfc3aec136b3: attributed to 001697; 0.3 s; peak memory 721 MiB.
2026-10-02T13:18:15Z INFO [1200/5769] 9e150316-1d23-4333-90db-c391d2a4b1c2: attributed to 001697; 0.0 s; peak memory 721 MiB.
2026-10-02T13:18:16Z INFO [1200/5769] 9e150316-1d23-4333-90db-c391d2a4b1c2: checkpointed 506544 records.
2026-10-02T13:18:16Z INFO [1201/5769] 9e2af1d6-1e9b-4b50-bbaf-cad065631df0: attributed to 001278; 0.2 s; peak memory 721 MiB.
2026-10-02T13:18:16Z INFO [1202/5769] 9e2db9c2-dbba-430c-8acd-512d549cabf7: attributed to 000946; 0.1 s; peak memory 721 MiB.
2026-10-02T13:18:16Z INFO [1203/5769] 9e30895e-2f2d-4c2b-a201-1070791bc9ad: attributed to 001697; 0.0 s; peak memory 721 MiB.
2026-10-02T13:18:16Z INFO [1204/5769] 9e3b0b10-894c-4098-8530-cb09c836417c: attributed to 000026; 0.1 s; peak memory 721 MiB.
2026-10-02T13:18:17Z INFO [1205/5769] 9e3f4edc-bbe8-4a0b-9473-944af5710434: attributed to 000026; 0.1 s; peak memory 721 MiB.
2026-10-02T13:18:17Z INFO [1206/5769] 9e47ec06-dfc2-4e55-8e18-6fd879ada725: attributed to 001697; 0.6 s; peak memory 721 MiB.
2026-10-02T13:18:17Z INFO [1207/5769] 9e57f51a-ec31-4ba2-a44a-c17c6a220b3f: attributed to 001697; 0.0 s; peak memory 721 MiB.
2026-10-02T13:18:17Z INFO [1208/5769] 9e5df22c-ad0d-4f49-85f0-7a949f24a5d7: attributed to 001697; 0.3 s; peak memory 721 MiB.
2026-10-02T13:18:18Z INFO [1209/5769] 9e60e86f-1884-4d82-9e5d-8624cbb4a965: attributed to 001697; 0.3 s; peak memory 721 MiB.
2026-10-02T13:18:18Z INFO [1210/5769] 9e632ead-9456-4a9a-9875-1320a87a4c9a: attributed to 001697; 0.0 s; peak memory 721 MiB.
2026-10-02T13:18:18Z INFO [1211/5769] 9e6aff32-4058-42f3-939f-91bb387fd431: attributed to 001697; 0.3 s; peak memory 721 MiB.
2026-10-02T13:18:18Z INFO [1212/5769] 9e6bc176-218e-4a72-8389-392feed3cdbb: attributed to 000026; 0.1 s; peak memory 721 MiB.
2026-10-02T13:18:19Z INFO [1213/5769] 9e6d13ac-87d8-4173-8e22-a63c7f12afb3: attributed to 001697; 0.3 s; peak memory 721 MiB.
2026-10-02T13:18:19Z INFO [1214/5769] 9e7360a1-5612-42ef-82ca-daba0100e366: attributed to 001697; 0.0 s; peak memory 721 MiB.
2026-10-02T13:18:19Z INFO [1215/5769] 9e7fa2b4-52cd-4e6f-bdaa-35b1a47e6003: attributed to 001697; 0.4 s; peak memory 721 MiB.
2026-10-02T13:18:19Z INFO [1216/5769] 9e81d9b2-f2bc-4bac-8553-cfba614e76f0: attributed to 000946; 0.1 s; peak memory 721 MiB.
2026-10-02T13:18:20Z INFO [1217/5769] 9e886056-8273-47f1-bd01-45b89e56859e: attributed to 001697; 0.4 s; peak memory 721 MiB.
2026-10-02T13:18:20Z INFO [1218/5769] 9e88e6bd-1f6b-4488-bb89-952434605b37: attributed to 000026; 0.1 s; peak memory 721 MiB.
2026-10-02T13:18:20Z INFO [1219/5769] 9e8ff3c0-3645-48c5-88aa-564f7bb34980: attributed to 001697; 0.3 s; peak memory 721 MiB.
2026-10-02T13:18:21Z INFO [1220/5769] 9e93070a-3468-4760-819e-f26fea4528e0: attributed to 001697; 0.7 s; peak memory 721 MiB.
2026-10-02T13:18:21Z INFO [1221/5769] 9e9af236-2865-4280-8e09-3d4051085cb7: attributed to 001063; 0.1 s; peak memory 721 MiB.
2026-10-02T13:18:21Z INFO [1222/5769] 9ea5d127-184c-425b-8aff-5d5c52d0ee02: attributed to 001697; 0.0 s; peak memory 721 MiB.
2026-10-02T13:18:21Z INFO [1223/5769] 9ea63a7a-8f2c-48d3-a1ca-bd6b8e797c2b: attributed to 001697; 0.4 s; peak memory 721 MiB.
2026-10-02T13:18:22Z INFO [1224/5769] 9ea85df2-c6cf-4417-9b98-fbf2cd5a8597: attributed to 001697; 0.3 s; peak memory 721 MiB.
2026-10-02T13:18:22Z INFO [1225/5769] 9ebad37b-d868-44a2-9f93-2a9f6aa0399a: attributed to 000026; 0.1 s; peak memory 721 MiB.
2026-10-02T13:18:22Z INFO [1226/5769] 9ebd0439-f9ba-4d48-b58d-fa9a44e43b55: attributed to 000026; 0.1 s; peak memory 721 MiB.
2026-10-02T13:18:22Z INFO [1227/5769] 9ebf2a81-05f4-4986-893c-75f8a90089ba: attributed to 001697; 0.4 s; peak memory 721 MiB.
2026-10-02T13:18:22Z INFO [1228/5769] 9ec1fa4c-1cca-427c-996b-baa5ab31f8f4: attributed to 001697; 0.3 s; peak memory 721 MiB.
2026-10-02T13:18:23Z INFO [1229/5769] 9ec82a40-99f1-41e0-90c9-d80e3e8a16b3: attributed to 000026; 0.1 s; peak memory 721 MiB.
2026-10-02T13:18:23Z INFO [1230/5769] 9ecd5085-a698-4777-8276-44df915a00a8: attributed to 001697; 0.5 s; peak memory 721 MiB.
2026-10-02T13:18:23Z INFO [1231/5769] 9ecda098-c5e0-4d41-b632-89dcf8a13724: attributed to 001697; 0.0 s; peak memory 721 MiB.
2026-10-02T13:18:23Z INFO [1232/5769] 9ed0f2ba-a176-4e8b-a918-bfba6d2c824c: attributed to 001697; 0.0 s; peak memory 721 MiB.
2026-10-02T13:18:23Z INFO [1233/5769] 9ed22f07-9169-457c-a102-f4c4dfc0f04e: attributed to 000109; 0.0 s; peak memory 721 MiB.
2026-10-02T13:18:23Z INFO [1234/5769] 9ed5879f-3bf6-49a7-83af-9cdfaca50751: attributed to 001697; 0.0 s; peak memory 721 MiB.
2026-10-02T13:18:23Z INFO [1235/5769] 9ed59070-e654-459a-ae10-8c4f14cb970c: attributed to 000026; 0.1 s; peak memory 721 MiB.
2026-10-02T13:18:23Z INFO [1236/5769] 9ed949bf-a053-40db-bb62-33615205c982: attributed to 001697; 0.0 s; peak memory 721 MiB.
2026-10-02T13:18:23Z INFO [1237/5769] 9edfb2dc-2a0a-4443-aa01-a8a5c504e5ea: attributed to 001697; 0.0 s; peak memory 721 MiB.
2026-10-02T13:18:23Z INFO [1238/5769] 9ee188d9-6d96-4110-bcad-bec371896763: attributed to 001697; 0.0 s; peak memory 721 MiB.
2026-10-02T13:18:24Z INFO [1239/5769] 9ee1cc46-a6e0-4302-abeb-11669b626b91: attributed to 001697; 0.4 s; peak memory 721 MiB.
2026-10-02T13:18:24Z INFO [1240/5769] 9ee8ecad-3c84-4e7d-b8d6-3074a83f2858: attributed to 000209; 0.0 s; peak memory 721 MiB.
2026-10-02T13:18:24Z INFO [1241/5769] 9eea0e0d-d54c-4023-8513-5c82eb2aa961: attributed to 001697; 0.3 s; peak memory 721 MiB.
2026-10-02T13:18:24Z INFO [1242/5769] 9ef184b6-6411-4016-990d-666f088f17c9: attributed to 001697; 0.3 s; peak memory 721 MiB.
2026-10-02T13:18:24Z INFO [1243/5769] 9ef38f35-f06b-40f0-9acb-571e43702214: attributed to 000946; 0.1 s; peak memory 721 MiB.
2026-10-02T13:18:24Z INFO [1244/5769] 9efc6213-1fb1-44e7-822a-e17828dff90a: attributed to 001697; 0.0 s; peak memory 721 MiB.
2026-10-02T13:18:24Z INFO [1245/5769] 9f077192-2177-499c-8c0c-e3baa56bc703: attributed to 001449; 0.1 s; peak memory 721 MiB.
2026-10-02T13:18:24Z INFO [1246/5769] 9f0c1166-42fe-481e-8afc-22a6104ffb21: attributed to 001697; 0.0 s; peak memory 721 MiB.
2026-10-02T13:18:24Z INFO [1247/5769] 9f10a7a5-c667-4560-a99c-05247cc096c0: attributed to 001697; 0.0 s; peak memory 721 MiB.
2026-10-02T13:18:24Z INFO [1248/5769] 9f127561-eb3c-41dc-8964-7e090e304e6f: attributed to 001697; 0.0 s; peak memory 721 MiB.
2026-10-02T13:18:24Z INFO [1249/5769] 9f16bcf6-d9c2-4e54-ace9-7be6706dc9ba: attributed to 000946; 0.1 s; peak memory 721 MiB.
2026-10-02T13:18:25Z INFO [1250/5769] 9f1a549b-6cda-4459-a034-33c26e2caf1c: attributed to 000026; 0.2 s; peak memory 721 MiB.
2026-10-02T13:18:26Z INFO [1250/5769] 9f1a549b-6cda-4459-a034-33c26e2caf1c: checkpointed 506544 records.
2026-10-02T13:18:26Z INFO [1251/5769] 9f2be091-35bc-4c0f-ba39-f25a46e4765f: attributed to 001063; 0.1 s; peak memory 721 MiB.
2026-10-02T13:18:26Z INFO [1252/5769] 9f2c5a29-d43d-4dab-acf9-66f790bd8c95: attributed to 001697; 0.3 s; peak memory 721 MiB.
2026-10-02T13:18:26Z INFO [1253/5769] 9f2fa588-304b-45bf-87f8-a8f71b7f4e01: attributed to 001697; 0.0 s; peak memory 721 MiB.
2026-10-02T13:18:26Z INFO [1254/5769] 9f31afa6-64f8-4d36-991c-932bb44c8a19: attributed to 001697; 0.3 s; peak memory 721 MiB.
2026-10-02T13:18:26Z INFO [1255/5769] 9f31fa33-c753-4d34-a4fc-8632ba01f3d4: attributed to 000946; 0.1 s; peak memory 721 MiB.
2026-10-02T13:18:26Z INFO [1256/5769] 9f4893ff-3194-4c83-8dab-a1a02680e5b0: attributed to 001697; 0.0 s; peak memory 721 MiB.
2026-10-02T13:18:27Z INFO [1257/5769] 9f4a3fc1-253d-4f1a-8a2c-c963b320ec85: attributed to 000946; 0.1 s; peak memory 721 MiB.
2026-10-02T13:18:27Z INFO [1258/5769] 9f4ee93b-ce65-4ecb-8219-483ab1d7c205: attributed to 000142; 0.0 s; peak memory 721 MiB.
2026-10-02T13:18:27Z INFO [1259/5769] 9f5fc6f5-2549-40dc-ae20-4727bdfcf20a: attributed to 000026; 0.1 s; peak memory 721 MiB.
2026-10-02T13:18:27Z INFO [1260/5769] 9f6249ec-cacb-4104-86f6-cbdf4ac23983: attributed to 001697; 0.0 s; peak memory 721 MiB.
2026-10-02T13:18:27Z INFO [1261/5769] 9f6a9df9-c73e-4b16-af92-c9b81bb30b7c: attributed to 001697; 0.0 s; peak memory 721 MiB.
2026-10-02T13:18:27Z INFO [1262/5769] 9f6f1491-94ea-464c-a308-86af518dc78f: attributed to 001697; 0.0 s; peak memory 721 MiB.
2026-10-02T13:18:27Z INFO [1263/5769] 9f727f8f-71f6-4409-9827-84e8f443a64f: attributed to 001697; 0.5 s; peak memory 721 MiB.
2026-10-02T13:18:28Z INFO [1264/5769] 9f74ee0e-dff8-403b-9773-ce4d8b110327: attributed to 001873; 0.6 s; peak memory 721 MiB.
2026-10-02T13:18:28Z INFO [1265/5769] 9f7a1b44-aafe-4b24-a6e3-3858382b278f: attributed to 000946; 0.1 s; peak memory 721 MiB.
2026-10-02T13:18:28Z INFO [1266/5769] 9f887151-ba56-481b-b26a-b05a036f1f79: attributed to 000026; 0.1 s; peak memory 721 MiB.
2026-10-02T13:18:28Z INFO [1267/5769] 9f8cb851-af9d-4599-bbb2-4508c937bacd: attributed to 000026; 0.1 s; peak memory 721 MiB.
2026-10-02T13:18:28Z INFO [1268/5769] 9f93c2cb-0210-4daa-b414-a943dab4b747: attributed to 001449; 0.1 s; peak memory 721 MiB.
2026-10-02T13:18:28Z INFO [1269/5769] 9fa13ba5-b92f-4df8-92d1-152cde758d59: attributed to 001697; 0.3 s; peak memory 721 MiB.
2026-10-02T13:18:28Z INFO [1270/5769] 9fa8d0b5-2cfa-4a8b-8fe7-11a6a96d769b: attributed to 001697; 0.0 s; peak memory 721 MiB.
2026-10-02T13:18:29Z INFO [1271/5769] 9fabe35b-86a0-4ab5-8bd7-d953c55be611: attributed to 001697; 0.4 s; peak memory 721 MiB.
2026-10-02T13:18:29Z INFO [1272/5769] 9fb5c3fb-17ab-4a7d-9b80-54097c4793ce: attributed to 001697; 0.3 s; peak memory 721 MiB.
2026-10-02T13:18:29Z INFO [1273/5769] 9fbbc5c8-5184-4896-a432-3143bcd9d4a8: attributed to 001697; 0.0 s; peak memory 721 MiB.
2026-10-02T13:18:29Z INFO [1274/5769] 9fc4dfa8-4e6e-4aed-8af6-a895b73ac254: attributed to 000293; 0.0 s; peak memory 721 MiB.
2026-10-02T13:18:29Z INFO [1275/5769] 9fc90118-be34-4576-8bf2-fed9208b62f8: attributed to 001697; 0.0 s; peak memory 721 MiB.
2026-10-02T13:18:30Z INFO [1276/5769] 9fceb64f-aacb-4918-a287-87df36e9a3e4: attributed to 001697; 0.4 s; peak memory 721 MiB.
2026-10-02T13:18:30Z INFO [1277/5769] 9fdb785d-0d59-46e0-8b7c-7eefbfddd1bc: attributed to 000026; 0.1 s; peak memory 721 MiB.
2026-10-02T13:18:30Z INFO [1278/5769] 9fe9b775-e496-4d12-9e5d-a8ecbcb4cb24: attributed to 001697; 0.3 s; peak memory 721 MiB.
2026-10-02T13:18:30Z INFO [1279/5769] 9feec04e-17e5-424a-b8ce-eb5e953c7383: attributed to 001697; 0.3 s; peak memory 721 MiB.
2026-10-02T13:18:30Z INFO [1280/5769] 9feff5a3-f660-44b8-830c-0517b7a7d8bd: attributed to 000142; 0.0 s; peak memory 721 MiB.
2026-10-02T13:18:30Z INFO [1281/5769] 9ff011a3-4ab0-41c0-a67b-fae985973380: attributed to 001697; 0.0 s; peak memory 721 MiB.
2026-10-02T13:18:30Z INFO [1282/5769] 9ff276d9-55c4-40dc-83ed-9fdfe52e4382: attributed to 001449; 0.1 s; peak memory 721 MiB.
2026-10-02T13:18:30Z INFO [1283/5769] 9ff8b43a-5d57-47b8-9435-a29d72e08169: attributed to 001697; 0.0 s; peak memory 721 MiB.
2026-10-02T13:18:31Z INFO [1284/5769] 9ffa1e39-d8fd-4719-ae7f-d9e9d465ed46: attributed to 001697; 0.3 s; peak memory 721 MiB.
2026-10-02T13:18:31Z INFO [1285/5769] 9ffd523d-1680-4d70-b765-2dd307a25490: attributed to 001697; 0.3 s; peak memory 721 MiB.
2026-10-02T13:18:31Z INFO [1286/5769] 9ffed455-a6b2-4480-9190-4729cef8a184: attributed to 001697; 0.3 s; peak memory 721 MiB.
2026-10-02T13:18:32Z INFO [1287/5769] a00079f9-1cff-467f-a33a-07e615614f6a: attributed to 000571; 0.9 s; peak memory 721 MiB.
2026-10-02T13:18:33Z INFO [1288/5769] a001e9df-f7fd-4b28-9805-d370efa5545f: attributed to 001697; 0.3 s; peak memory 721 MiB.
2026-10-02T13:18:33Z INFO [1289/5769] a0035daa-5687-4e70-abe5-5c322429dfa3: attributed to 001873; 0.4 s; peak memory 721 MiB.
2026-10-02T13:18:33Z INFO [1290/5769] a0055d56-dcb2-47d0-9d75-cd95445749e5: attributed to 001697; 0.3 s; peak memory 721 MiB.
2026-10-02T13:18:33Z INFO [1291/5769] a012e74a-bdb2-48c4-a428-c3f02cc4ad16: attributed to 001697; 0.0 s; peak memory 721 MiB.
2026-10-02T13:18:33Z INFO [1292/5769] a0136a68-cfb4-4672-8524-35d78a682885: attributed to 001697; 0.0 s; peak memory 721 MiB.
2026-10-02T13:18:33Z INFO [1293/5769] a0165283-666e-47c4-b08d-1af1953ace02: attributed to 001697; 0.0 s; peak memory 721 MiB.
2026-10-02T13:18:34Z INFO [1294/5769] a0209962-387d-44d2-a36e-69589cbbdee3: attributed to 001697; 0.3 s; peak memory 721 MiB.
2026-10-02T13:18:34Z INFO [1295/5769] a02aa67d-6fde-445d-b830-bb317a891a7a: attributed to 000403; 0.0 s; peak memory 721 MiB.
2026-10-02T13:18:35Z INFO [1296/5769] a02ed321-53ce-41ac-b4ee-f8e5ed262115: attributed to 001697; 1.2 s; peak memory 721 MiB.
2026-10-02T13:18:35Z INFO [1297/5769] a0302d84-a138-49b7-90cf-21d29f1098c3: attributed to 000142; 0.0 s; peak memory 721 MiB.
2026-10-02T13:18:35Z INFO [1298/5769] a03135bb-ddb3-4a13-b287-e341d6fd01a3: attributed to 001697; 0.3 s; peak memory 721 MiB.
2026-10-02T13:18:35Z INFO [1299/5769] a042234b-e146-4c7e-9d86-236ceee2a3ea: attributed to 001697; 0.0 s; peak memory 721 MiB.
2026-10-02T13:18:35Z INFO [1300/5769] a0471cca-528d-4a88-854e-f99baaad9225: attributed to 001697; 0.0 s; peak memory 721 MiB.
2026-10-02T13:18:36Z INFO [1300/5769] a0471cca-528d-4a88-854e-f99baaad9225: checkpointed 506544 records.
2026-10-02T13:18:36Z INFO [1301/5769] a04dd180-5fa5-478d-aa9f-fe76714855f6: attributed to 001858; 0.0 s; peak memory 721 MiB.
2026-10-02T13:18:37Z INFO [1302/5769] a05ca99b-7171-4a3b-9b97-2c40b3dbf9f8: attributed to 001697; 0.5 s; peak memory 721 MiB.
2026-10-02T13:18:37Z INFO [1303/5769] a05d30b6-9c5e-4f41-b86b-2653089a19ad: attributed to 001697; 0.3 s; peak memory 721 MiB.
2026-10-02T13:18:37Z INFO [1304/5769] a0637a9b-c552-4a74-b384-eae548a2cb14: attributed to 001697; 0.3 s; peak memory 721 MiB.
2026-10-02T13:18:37Z INFO [1305/5769] a0645242-1453-4507-b6ff-89dd85f2cde9: attributed to 001697; 0.3 s; peak memory 721 MiB.
2026-10-02T13:18:37Z INFO [1306/5769] a070b374-a4de-42d4-ba39-1d55e09ee39f: attributed to 001697; 0.0 s; peak memory 721 MiB.
2026-10-02T13:18:38Z INFO [1307/5769] a072b210-e1ac-4b2c-a7c6-9977df7465e9: attributed to 000026; 0.1 s; peak memory 721 MiB.
2026-10-02T13:18:38Z INFO [1308/5769] a07988cc-7790-4e3b-8140-3d1a7d627c2f: attributed to 001697; 0.3 s; peak memory 721 MiB.
2026-10-02T13:18:38Z INFO [1309/5769] a07e1469-b7b5-432c-aea5-584c0a130b81: attributed to 000026; 0.1 s; peak memory 721 MiB.
2026-10-02T13:18:38Z INFO [1310/5769] a083942d-cf97-4116-acb3-fd3ee51b6d18: attributed to 001697; 0.0 s; peak memory 721 MiB.
2026-10-02T13:18:38Z INFO [1311/5769] a08f000b-ecc3-4004-a4ff-6484221f08f3: attributed to 001697; 0.3 s; peak memory 721 MiB.
2026-10-02T13:18:38Z INFO [1312/5769] a0916bbc-df97-4673-9fe7-d10841eeb732: attributed to 000026; 0.1 s; peak memory 721 MiB.
2026-10-02T13:18:38Z INFO [1313/5769] a094e3f3-1384-4b1e-81fe-c3c091fa3fe6: attributed to 001697; 0.0 s; peak memory 721 MiB.
2026-10-02T13:18:39Z INFO [1314/5769] a0b2785f-23ef-4723-808e-2bc54d015efe: attributed to 001697; 0.3 s; peak memory 721 MiB.
2026-10-02T13:18:39Z INFO [1315/5769] a0bf169e-45e8-49fc-8633-40dbf671c6fa: attributed to 000026; 0.1 s; peak memory 721 MiB.
2026-10-02T13:18:39Z INFO [1316/5769] a0c72ec9-6625-47f6-ab2c-509947cc7bfd: attributed to 000946; 0.1 s; peak memory 721 MiB.
2026-10-02T13:18:39Z INFO [1317/5769] a0ce8d07-9e7f-4881-af80-f2a372d810a1: attributed to 000026; 0.1 s; peak memory 721 MiB.
2026-10-02T13:18:40Z INFO [1318/5769] a0d80890-fc6b-4e04-90d4-d19f05fa52d8: attributed to 000026; 0.5 s; peak memory 721 MiB.
2026-10-02T13:18:40Z INFO [1319/5769] a0dc22e0-571f-4936-9a04-78218337841a: attributed to 001697; 0.3 s; peak memory 721 MiB.
2026-10-02T13:18:40Z INFO [1320/5769] a0e2aeb9-1033-4902-9943-d457e6a0243d: attributed to 001697; 0.0 s; peak memory 721 MiB.
2026-10-02T13:18:40Z INFO [1321/5769] a0e4fde1-6f46-40e1-9182-3558dc164dc6: attributed to 001063; 0.1 s; peak memory 721 MiB.
2026-10-02T13:18:40Z INFO [1322/5769] a0e6e7f2-eb84-4a03-b2fe-a37ae8c335da: attributed to 001782; 0.1 s; peak memory 721 MiB.
2026-10-02T13:18:40Z INFO [1323/5769] a0ed7ea4-e785-493b-964e-5226234e49d9: attributed to 001697; 0.3 s; peak memory 721 MiB.
2026-10-02T13:18:40Z INFO [1324/5769] a0eef599-f402-4a01-b48b-489fe32d4915: attributed to 000946; 0.1 s; peak memory 721 MiB.
2026-10-02T13:18:41Z INFO [1325/5769] a0ef847f-b5e8-494c-92d2-309ccc6fffc7: attributed to 000026; 0.1 s; peak memory 721 MiB.
2026-10-02T13:18:41Z INFO [1326/5769] a0f02e50-c4df-4bad-8d17-17b31351a83a: attributed to 000026; 0.2 s; peak memory 721 MiB.
2026-10-02T13:18:41Z INFO [1327/5769] a0f3a025-fcfe-4d12-805a-e09c9d3ef761: attributed to 000946; 0.1 s; peak memory 721 MiB.
2026-10-02T13:18:41Z INFO [1328/5769] a0f535e4-c8ba-4d60-af65-099eb3a5bcaf: attributed to 000026; 0.1 s; peak memory 721 MiB.
2026-10-02T13:18:41Z INFO [1329/5769] a101730a-abdb-4915-90e2-83f5c6efe3b1: attributed to 000026; 0.1 s; peak memory 721 MiB.
2026-10-02T13:18:41Z INFO [1330/5769] a111555a-3e77-4069-bc9b-1072999ce9eb: attributed to 001449; 0.1 s; peak memory 721 MiB.
2026-10-02T13:18:41Z INFO [1331/5769] a11e919e-ba1f-4869-aaf2-6207c9447be3: attributed to 000026; 0.1 s; peak memory 721 MiB.
2026-10-02T13:18:41Z INFO [1332/5769] a121fcb9-efe2-48f6-a706-53dcbf97a9ce: attributed to 001258; 0.0 s; peak memory 721 MiB.
2026-10-02T13:18:42Z INFO [1333/5769] a12466a3-a4ec-47d7-93e7-bc89f6c737a2: attributed to 001697; 0.3 s; peak memory 721 MiB.
2026-10-02T13:18:42Z INFO [1334/5769] a1281702-0556-4bc7-8f61-8d2813fd9345: attributed to 001697; 0.3 s; peak memory 721 MiB.
2026-10-02T13:18:42Z INFO [1335/5769] a1293388-4e64-4f17-a7b5-4e03f8a14ff4: attributed to 001697; 0.0 s; peak memory 721 MiB.
2026-10-02T13:18:42Z INFO [1336/5769] a1298248-c72c-442c-8e22-663533b0ccce: attributed to 001697; 0.3 s; peak memory 721 MiB.
2026-10-02T13:18:42Z INFO [1337/5769] a12aca2d-f228-4800-b32a-a70099f98fb2: attributed to 001697; 0.0 s; peak memory 721 MiB.
2026-10-02T13:18:42Z INFO [1338/5769] a130c141-d828-48d7-87dd-f16c68e5a264: attributed to 000026; 0.1 s; peak memory 721 MiB.
2026-10-02T13:18:42Z INFO [1339/5769] a132c185-9fa7-4c1e-9b08-e59164d12a53: attributed to 000026; 0.1 s; peak memory 721 MiB.
2026-10-02T13:18:43Z INFO [1340/5769] a1361fd5-c926-4727-8403-fc38ef426b1f: attributed to 001697; 0.3 s; peak memory 721 MiB.
2026-10-02T13:18:43Z INFO [1341/5769] a13fb060-9320-4be0-b2d5-dda54942b489: attributed to 001697; 0.0 s; peak memory 721 MiB.
2026-10-02T13:18:43Z INFO [1342/5769] a140f88f-568b-4a55-8108-50a585cf2778: attributed to 000109; 0.0 s; peak memory 721 MiB.
2026-10-02T13:18:43Z INFO [1343/5769] a141c558-5356-4853-aa66-a057435237f9: attributed to 000142; 0.0 s; peak memory 721 MiB.
2026-10-02T13:18:43Z INFO [1344/5769] a144fa6b-55f9-4053-a390-b46ffe84df6a: attributed to 001697; 0.3 s; peak memory 721 MiB.
2026-10-02T13:18:43Z INFO [1345/5769] a145e15a-bcf7-471e-b7cb-251e6c4ddae6: attributed to 000026; 0.1 s; peak memory 721 MiB.
2026-10-02T13:18:43Z INFO [1346/5769] a1473382-ad34-446c-a4d0-5b7ca80ae3f0: attributed to 000026; 0.2 s; peak memory 721 MiB.
2026-10-02T13:18:44Z INFO [1347/5769] a14e459b-8954-46ee-99e8-65208216622f: attributed to 001697; 0.3 s; peak memory 721 MiB.
2026-10-02T13:18:44Z INFO [1348/5769] a163f094-0a11-47bd-ab84-a7479d00d160: attributed to 000142; 0.0 s; peak memory 721 MiB.
2026-10-02T13:18:44Z INFO [1349/5769] a1650760-1055-4207-aae2-90a782654383: attributed to 001697; 0.0 s; peak memory 721 MiB.
2026-10-02T13:18:44Z INFO [1350/5769] a166db3b-1f97-455e-8640-9b269b93253f: attributed to 001697; 0.3 s; peak memory 721 MiB.
2026-10-02T13:18:45Z INFO [1350/5769] a166db3b-1f97-455e-8640-9b269b93253f: checkpointed 506544 records.
2026-10-02T13:18:45Z INFO [1351/5769] a16a3db7-926b-478c-a535-95171e93619a: attributed to 001697; 0.3 s; peak memory 721 MiB.
2026-10-02T13:18:45Z INFO [1352/5769] a16d4b56-d6ba-44c6-81d1-17f21f562aff: attributed to 001697; 0.0 s; peak memory 721 MiB.
2026-10-02T13:18:45Z INFO [1353/5769] a16d791b-7d5c-4250-8cbb-5835b950b480: attributed to 000142; 0.0 s; peak memory 721 MiB.
2026-10-02T13:18:45Z INFO [1354/5769] a1710013-5cef-405d-877c-20b29e1f6356: attributed to 000946; 0.1 s; peak memory 721 MiB.
2026-10-02T13:18:45Z INFO [1355/5769] a1775840-7072-4244-950b-7fd23e20e304: attributed to 000026; 0.1 s; peak memory 721 MiB.
2026-10-02T13:18:45Z INFO [1356/5769] a17b616d-4df8-4d95-8078-ba9dfff80795: attributed to 001697; 0.0 s; peak memory 721 MiB.
2026-10-02T13:18:45Z INFO [1357/5769] a1860dd6-8e97-4fa4-bbd0-e2b0ff3d8730: attributed to 000142; 0.0 s; peak memory 721 MiB.
2026-10-02T13:18:45Z INFO [1358/5769] a186848d-c591-47bb-916e-32f4572c7f5d: attributed to 000142; 0.0 s; peak memory 721 MiB.
2026-10-02T13:18:45Z INFO [1359/5769] a189e58c-9379-41cd-a14c-9344d26497cb: attributed to 001697; 0.0 s; peak memory 721 MiB.
2026-10-02T13:18:46Z INFO [1360/5769] a196ad7b-0d02-41ab-a0e1-71db782570b8: attributed to 001697; 0.3 s; peak memory 721 MiB.
2026-10-02T13:18:46Z INFO [1361/5769] a19d28c9-f6fc-4103-9021-32e5f988b49e: attributed to 001697; 0.3 s; peak memory 721 MiB.
2026-10-02T13:18:47Z INFO [1362/5769] a1a0a48c-ec6d-4f51-8a07-88b4b0dcd733: attributed to 001697; 0.6 s; peak memory 721 MiB.
2026-10-02T13:18:47Z INFO [1363/5769] a1a726c4-0594-4345-b3f3-fd790bcc1a8e: attributed to 000026; 0.2 s; peak memory 721 MiB.
2026-10-02T13:18:47Z INFO [1364/5769] a1a8bd1c-7505-4471-86da-5d780aaeac1b: attributed to 001697; 0.0 s; peak memory 721 MiB.
2026-10-02T13:18:47Z INFO [1365/5769] a1ad40d3-cd7b-4b96-84e9-b88c26368ab8: attributed to 001697; 0.0 s; peak memory 721 MiB.
2026-10-02T13:18:47Z INFO [1366/5769] a1ae18ea-1a2c-4ca7-ba2a-5e7d7fb0e568: attributed to 000026; 0.1 s; peak memory 721 MiB.
2026-10-02T13:18:47Z INFO [1367/5769] a1ba5f8a-e83c-4212-b1f7-c5cd54266ed7: attributed to 001697; 0.4 s; peak memory 721 MiB.
2026-10-02T13:18:47Z INFO [1368/5769] a1c7f145-ade7-4425-bb4b-d1788d7aa191: attributed to 001697; 0.0 s; peak memory 721 MiB.
2026-10-02T13:18:47Z INFO [1369/5769] a1c8107f-c3c4-4ea3-86f8-47097c5dbecf: attributed to 000209; 0.0 s; peak memory 721 MiB.
2026-10-02T13:18:47Z INFO [1370/5769] a1d170e7-4f6f-4491-ab04-fdb907bdbc92: attributed to 001697; 0.0 s; peak memory 721 MiB.
2026-10-02T13:18:47Z INFO [1371/5769] a1d1f20b-6ff4-4da5-9164-8fd12c3af03a: attributed to 000403; 0.0 s; peak memory 721 MiB.
2026-10-02T13:18:47Z INFO [1372/5769] a1d73dd1-103d-48fc-af9f-b0c83c468502: attributed to 000026; 0.1 s; peak memory 721 MiB.
2026-10-02T13:18:48Z INFO [1373/5769] a1e0f6b4-6770-46b3-86a0-011ce6aac50e: attributed to 001697; 0.9 s; peak memory 721 MiB.
2026-10-02T13:18:48Z INFO [1374/5769] a1eb1956-35c0-4988-aaf2-e36ba315608f: attributed to 000026; 0.1 s; peak memory 721 MiB.
2026-10-02T13:18:48Z INFO [1375/5769] a1f7b659-8e2e-4405-8dce-7dfbe5f5f5b0: attributed to 001697; 0.0 s; peak memory 721 MiB.
2026-10-02T13:18:48Z INFO [1376/5769] a1f93e7b-1d99-435e-9a18-24aa7649b57c: attributed to 000026; 0.2 s; peak memory 721 MiB.
2026-10-02T13:18:49Z INFO [1377/5769] a1fbce3c-76de-4279-a7d6-b261aac0fd02: attributed to 000571; 0.9 s; peak memory 721 MiB.
2026-10-02T13:18:50Z INFO [1378/5769] a1fcef2a-b110-4a32-9cf9-9e6277dab52d: attributed to 001697; 0.4 s; peak memory 721 MiB.
2026-10-02T13:18:50Z INFO [1379/5769] a2040b75-28f7-4067-a677-aeddf679c257: attributed to 001697; 0.0 s; peak memory 721 MiB.
2026-10-02T13:18:51Z INFO [1380/5769] a20fced4-f812-4c6c-af9a-2392e329b31c: attributed to 001697; 0.8 s; peak memory 721 MiB.
2026-10-02T13:18:51Z INFO [1381/5769] a21e2043-da12-44e5-815c-fb2baddd9bb3: attributed to 001697; 0.3 s; peak memory 721 MiB.
2026-10-02T13:18:51Z INFO [1382/5769] a22b2835-4b53-42a0-9a44-e7c3ae245762: attributed to 001697; 0.0 s; peak memory 721 MiB.
2026-10-02T13:18:51Z INFO [1383/5769] a237c222-5c10-46a9-a556-558549df2cb5: attributed to 000142; 0.0 s; peak memory 721 MiB.
2026-10-02T13:18:51Z INFO [1384/5769] a241c02f-9d7b-4867-86e6-01c93d6d2135: attributed to 000026; 0.1 s; peak memory 721 MiB.
2026-10-02T13:18:51Z INFO [1385/5769] a24ef5df-70b5-494f-a439-ee81184510f8: attributed to 001697; 0.0 s; peak memory 721 MiB.
2026-10-02T13:18:51Z INFO [1386/5769] a25b017d-2731-490a-8711-349e0917d04f: attributed to 000408; 0.0 s; peak memory 721 MiB.
2026-10-02T13:18:51Z INFO [1387/5769] a25d0335-1c8d-4fe2-b7ca-5f90d90ab700: attributed to 001697; 0.0 s; peak memory 721 MiB.
2026-10-02T13:18:51Z INFO [1388/5769] a25ec7cc-438a-4d5a-b60a-93acb27f1ab0: attributed to 001697; 0.3 s; peak memory 721 MiB.
2026-10-02T13:18:51Z INFO [1389/5769] a262a125-d8db-4f88-aeb0-e4608f38e69b: attributed to 000026; 0.1 s; peak memory 721 MiB.
2026-10-02T13:18:52Z INFO [1390/5769] a26541a1-74a8-4804-b476-84482d5c1322: attributed to 001697; 0.3 s; peak memory 721 MiB.
2026-10-02T13:18:52Z INFO [1391/5769] a2706dc1-1953-4dc4-846b-32f971a06487: attributed to 001697; 0.3 s; peak memory 721 MiB.
2026-10-02T13:18:52Z INFO [1392/5769] a270aa3e-4355-4406-a6b6-e9f249526160: attributed to 000209; 0.0 s; peak memory 721 MiB.
2026-10-02T13:18:52Z INFO [1393/5769] a278172c-7c3a-4723-87f4-ff985e535395: attributed to 000026; 0.1 s; peak memory 721 MiB.
2026-10-02T13:18:52Z INFO [1394/5769] a27aad9d-3a6d-4ccf-8df9-a406c267e1cf: attributed to 001449; 0.1 s; peak memory 721 MiB.
2026-10-02T13:18:52Z INFO [1395/5769] a27bd9f3-d39d-4028-a5e5-a9a0e1076c8a: attributed to 001278; 0.1 s; peak memory 721 MiB.
2026-10-02T13:18:52Z INFO [1396/5769] a286fccf-7d71-4d0c-b48a-2522a97da6ad: attributed to 001697; 0.3 s; peak memory 721 MiB.
2026-10-02T13:18:53Z INFO [1397/5769] a290077a-8694-4af5-b0d2-930b8ff9af94: attributed to 001697; 0.3 s; peak memory 721 MiB.
2026-10-02T13:18:53Z INFO [1398/5769] a292e639-f1c8-420c-bab5-ba8523d22a9a: attributed to 001697; 0.3 s; peak memory 721 MiB.
2026-10-02T13:18:53Z INFO [1399/5769] a294a666-b299-4a16-a9c9-dd7a064097af: attributed to 001697; 0.0 s; peak memory 721 MiB.
2026-10-02T13:18:53Z INFO [1400/5769] a29b955c-6c9c-4b7c-93cb-7c8a05f5dd3f: attributed to 001697; 0.3 s; peak memory 721 MiB.
2026-10-02T13:18:54Z INFO [1400/5769] a29b955c-6c9c-4b7c-93cb-7c8a05f5dd3f: checkpointed 506545 records.
2026-10-02T13:18:54Z INFO [1401/5769] a2a0f1f7-d620-45f1-bfee-a575316ebeb8: attributed to 000946; 0.1 s; peak memory 721 MiB.
2026-10-02T13:18:54Z INFO [1402/5769] a2a87c22-2cab-4e54-99b7-cdf6a7807210: attributed to 001697; 0.0 s; peak memory 721 MiB.
2026-10-02T13:18:55Z INFO [1403/5769] a2b1b001-e3e9-457f-87ed-b5fccb26ffa2: attributed to 001449; 0.1 s; peak memory 721 MiB.
2026-10-02T13:18:55Z INFO [1404/5769] a2b64362-40a5-4732-a991-1b85adea93aa: attributed to 001697; 0.3 s; peak memory 721 MiB.
2026-10-02T13:18:55Z INFO [1405/5769] a2b94f91-6a75-43d8-b5db-21d89449f481: attributed to 000939; 0.2 s; peak memory 721 MiB.
2026-10-02T13:18:55Z INFO [1406/5769] a2ba4a33-5f8b-407f-9f62-8b8c5f7c3241: attributed to 000946; 0.1 s; peak memory 721 MiB.
2026-10-02T13:18:55Z INFO [1407/5769] a2bef3e7-fc7d-4062-b268-b67e2d624b7a: attributed to 001697; 0.0 s; peak memory 721 MiB.
2026-10-02T13:18:55Z INFO [1408/5769] a2c52777-da93-4858-af9d-cf139d7f2d09: attributed to 001063; 0.1 s; peak memory 721 MiB.
2026-10-02T13:18:55Z INFO [1409/5769] a2cae429-99b5-47f2-b660-7401f0ed0998: attributed to 001697; 0.3 s; peak memory 721 MiB.
2026-10-02T13:18:55Z INFO [1410/5769] a2ce528f-19fa-4a5a-8ff8-e46f9a0e3cea: attributed to 000465; 0.0 s; peak memory 721 MiB.
2026-10-02T13:18:55Z INFO [1411/5769] a2d307ce-a31e-4180-a725-50d2426ddcf1: attributed to 001697; 0.0 s; peak memory 721 MiB.
2026-10-02T13:18:55Z INFO [1412/5769] a2d5f94b-24c7-4645-b8bc-33552d5c8d49: attributed to 001697; 0.0 s; peak memory 721 MiB.
2026-10-02T13:18:56Z INFO [1413/5769] a2d9e104-84e2-4cbb-9a30-0d8b4a23f828: attributed to 000026; 0.1 s; peak memory 721 MiB.
2026-10-02T13:18:56Z INFO [1414/5769] a2e53b13-06a1-46db-9602-dd46ab658d04: attributed to 000109; 0.0 s; peak memory 721 MiB.
2026-10-02T13:18:56Z INFO [1415/5769] a2e5f87c-6049-4841-9abb-bb0ce7d1008f: attributed to 001697; 0.0 s; peak memory 721 MiB.
2026-10-02T13:18:56Z INFO [1416/5769] a2ec9da1-dbff-4913-8e5f-36e9857f5243: attributed to 000026; 0.6 s; peak memory 721 MiB.
2026-10-02T13:18:56Z INFO [1417/5769] a2f2d293-d943-4fbc-a075-5f45b070fd94: attributed to 001697; 0.0 s; peak memory 721 MiB.
2026-10-02T13:18:56Z INFO [1418/5769] a2f41b3c-d43c-4624-a3f1-4db5b5d165a4: attributed to 001697; 0.3 s; peak memory 721 MiB.
2026-10-02T13:18:57Z INFO [1419/5769] a2f6327b-096f-4a77-8ad6-3ee3c0f0d81a: attributed to 001697; 0.3 s; peak memory 721 MiB.
2026-10-02T13:18:57Z INFO [1420/5769] a2fb303b-cdf5-47bd-abda-66fa872e704b: attributed to 001697; 0.0 s; peak memory 721 MiB.
2026-10-02T13:18:57Z INFO [1421/5769] a303b9c6-7089-401a-9db5-0712026fe1f1: attributed to 001697; 0.0 s; peak memory 721 MiB.
2026-10-02T13:18:57Z INFO [1422/5769] a308a066-ab5c-4c2d-8a38-c144d01f34a2: attributed to 001697; 0.0 s; peak memory 721 MiB.
2026-10-02T13:18:58Z INFO [1423/5769] a30d18b6-358f-4567-9827-208c3786f572: attributed to 000403; 0.9 s; peak memory 721 MiB.
2026-10-02T13:18:58Z INFO [1424/5769] a3118124-7915-4114-8097-8f32eb9b5026: attributed to 000026; 0.1 s; peak memory 721 MiB.
2026-10-02T13:18:58Z INFO [1425/5769] a313480c-31fe-4a14-9352-de9bf2bb6498: attributed to 000946; 0.1 s; peak memory 721 MiB.
2026-10-02T13:18:58Z INFO [1426/5769] a3175b65-e4b2-4dce-aaa9-6181e55a81e3: attributed to 000142; 0.0 s; peak memory 721 MiB.
2026-10-02T13:18:58Z INFO [1427/5769] a319b948-c57e-4157-95a1-9ef8031bccd4: attributed to 001697; 0.3 s; peak memory 721 MiB.
2026-10-02T13:18:58Z INFO [1428/5769] a31b04e5-5d65-4133-ac0a-4fbbef1c5658: attributed to 001697; 0.3 s; peak memory 721 MiB.
2026-10-02T13:18:58Z INFO [1429/5769] a31e108e-435b-4907-88a0-aa9ac5a7d1ce: attributed to 001697; 0.0 s; peak memory 721 MiB.
2026-10-02T13:18:59Z INFO [1430/5769] a3281b7e-0f1c-4d88-8602-fb839534d7ec: attributed to 001697; 0.3 s; peak memory 721 MiB.
2026-10-02T13:18:59Z INFO [1431/5769] a328a2f2-5c04-46b0-9832-28f79bb8bfb9: attributed to 000026; 0.3 s; peak memory 721 MiB.
2026-10-02T13:18:59Z INFO [1432/5769] a33094a8-582c-4ac1-b42c-e55b4f6de8f1: attributed to 000109; 0.0 s; peak memory 721 MiB.
2026-10-02T13:18:59Z INFO [1433/5769] a33564e9-fa88-4992-971d-dcb76aac6b38: attributed to 000026; 0.1 s; peak memory 721 MiB.
2026-10-02T13:18:59Z INFO [1434/5769] a347bc4d-eb35-4092-9d5e-f44a47bb27e6: attributed to 001697; 0.3 s; peak memory 721 MiB.
2026-10-02T13:19:00Z INFO [1435/5769] a34b2bdf-335f-41d2-861c-63ffcaebf671: attributed to 001697; 0.3 s; peak memory 721 MiB.
2026-10-02T13:19:00Z INFO [1436/5769] a34ba35b-f39b-4b80-96f9-f0992e6641be: attributed to 001697; 0.0 s; peak memory 721 MiB.
2026-10-02T13:19:00Z INFO [1437/5769] a35036ab-27de-47ad-b432-466b207fec1f: attributed to 001697; 0.3 s; peak memory 721 MiB.
2026-10-02T13:19:00Z INFO [1438/5769] a350427c-f61e-4f22-876e-eee1ede5d4fb: attributed to 001697; 0.4 s; peak memory 721 MiB.
2026-10-02T13:19:00Z INFO [1439/5769] a35421ca-bf77-4777-ad0a-7cc03be4abae: attributed to 001697; 0.0 s; peak memory 721 MiB.
2026-10-02T13:19:01Z INFO [1440/5769] a3574cb4-37a8-4519-af6c-714f2de75695: attributed to 001697; 0.4 s; peak memory 721 MiB.
2026-10-02T13:19:01Z INFO [1441/5769] a35fbf52-f863-43ae-a302-690561bf306e: attributed to 001697; 0.0 s; peak memory 721 MiB.
2026-10-02T13:19:01Z INFO [1442/5769] a3662a50-c377-49da-b10e-a70b9ba45c1d: attributed to 001697; 0.3 s; peak memory 721 MiB.
2026-10-02T13:19:01Z INFO [1443/5769] a3664db8-eb4a-4614-b805-5938e40d811f: attributed to 000142; 0.0 s; peak memory 721 MiB.
2026-10-02T13:19:01Z INFO [1444/5769] a3666d88-a0ab-4e57-8184-186f6736919e: attributed to 001697; 0.0 s; peak memory 721 MiB.
2026-10-02T13:19:01Z INFO [1445/5769] a372a3a9-61aa-44de-900a-5e55f3c0ac9a: attributed to 000026; 0.1 s; peak memory 721 MiB.
2026-10-02T13:19:01Z INFO [1446/5769] a376719c-810b-4fa3-87a2-f200924ea77d: attributed to 000026; 0.1 s; peak memory 721 MiB.
2026-10-02T13:19:01Z INFO [1447/5769] a387ac9a-97ba-44e7-b612-6b95bf378afd: attributed to 001449; 0.1 s; peak memory 721 MiB.
2026-10-02T13:19:01Z INFO [1448/5769] a38a0abe-4539-44b6-b5f7-ee5f898e02fe: attributed to 001697; 0.0 s; peak memory 721 MiB.
2026-10-02T13:19:02Z INFO [1449/5769] a38aea96-a07a-4f99-885e-5216db2e92f1: attributed to 000946; 0.1 s; peak memory 721 MiB.
2026-10-02T13:19:02Z INFO [1450/5769] a38df374-8ef0-4cf6-ba08-e7a12c9b1f33: attributed to 001697; 0.0 s; peak memory 721 MiB.
2026-10-02T13:19:03Z INFO [1450/5769] a38df374-8ef0-4cf6-ba08-e7a12c9b1f33: checkpointed 506545 records.
2026-10-02T13:19:03Z INFO [1451/5769] a38e69ab-8552-43e7-80bc-3775194c09ee: attributed to 000026; 0.1 s; peak memory 721 MiB.
2026-10-02T13:19:03Z INFO [1452/5769] a38effef-5ecf-4f6c-b33b-0092f7d2d6e4: attributed to 000026; 0.4 s; peak memory 721 MiB.
2026-10-02T13:19:03Z INFO [1453/5769] a39100cc-9f68-4e26-a7c0-aceea58c6cfe: attributed to 001697; 0.0 s; peak memory 721 MiB.
2026-10-02T13:19:03Z INFO [1454/5769] a3975fbd-09aa-4ea3-9eb2-07260a17b4dd: attributed to 000026; 0.1 s; peak memory 721 MiB.
2026-10-02T13:19:03Z INFO [1455/5769] a397b27a-221a-4bd9-b7d1-a1c23dcebdf5: attributed to 001697; 0.3 s; peak memory 721 MiB.
2026-10-02T13:19:04Z INFO [1456/5769] a39e26db-d1d1-497c-8f01-6ed57f8f4a16: attributed to 000026; 0.1 s; peak memory 721 MiB.
2026-10-02T13:19:04Z INFO [1457/5769] a3a18516-3839-4432-a163-7816e4dbe31a: attributed to 000026; 0.1 s; peak memory 721 MiB.
2026-10-02T13:19:04Z INFO [1458/5769] a3a4496f-7006-4372-a6ff-4851ee159fe5: attributed to 001697; 0.0 s; peak memory 721 MiB.
2026-10-02T13:19:04Z INFO [1459/5769] a3a499df-62ae-46f3-9759-ef6d0b64db2d: attributed to 001697; 0.0 s; peak memory 721 MiB.
2026-10-02T13:19:04Z INFO [1460/5769] a3abd24f-6cb6-4ba6-a308-441a1ae289d1: attributed to 001697; 0.3 s; peak memory 721 MiB.
2026-10-02T13:19:04Z INFO [1461/5769] a3b0c592-2aee-4eda-afb7-563116d29152: attributed to 001697; 0.0 s; peak memory 721 MiB.
2026-10-02T13:19:04Z INFO [1462/5769] a3b8ae0f-9ffa-4cdf-9142-79f2d677127b: attributed to 000026; 0.2 s; peak memory 721 MiB.
2026-10-02T13:19:04Z INFO [1463/5769] a3b8c0ea-2a44-4762-a609-5825d9865709: attributed to 000026; 0.1 s; peak memory 721 MiB.
2026-10-02T13:19:05Z INFO [1464/5769] a3c15d3e-cfdb-488f-8b61-07b7d6e2a738: attributed to 001697; 0.4 s; peak memory 721 MiB.
2026-10-02T13:19:05Z INFO [1465/5769] a3c8128b-6c19-4543-9f4f-d60f3c5f8a1a: attributed to 000109; 0.0 s; peak memory 721 MiB.
2026-10-02T13:19:05Z INFO [1466/5769] a3c9e186-7e4f-4f82-88ee-0df464807ed4: attributed to 000026; 0.1 s; peak memory 721 MiB.
2026-10-02T13:19:05Z INFO [1467/5769] a3cbe8f9-4e28-44a8-8db0-268cbb59fdfb: attributed to 000946; 0.1 s; peak memory 721 MiB.
2026-10-02T13:19:05Z INFO [1468/5769] a3d4fd48-424c-4202-89e9-aab01b39354a: attributed to 001697; 0.0 s; peak memory 721 MiB.
2026-10-02T13:19:05Z INFO [1469/5769] a3d7c8b8-7576-41d5-a6c2-d7d880ad1978: attributed to 000946; 0.1 s; peak memory 721 MiB.
2026-10-02T13:19:05Z INFO [1470/5769] a3dab0f5-a872-4887-9493-19751adbb33e: attributed to 001697; 0.4 s; peak memory 721 MiB.
2026-10-02T13:19:06Z INFO [1471/5769] a3dca7c0-5299-46bf-9047-115fd7b5410e: attributed to 001697; 0.4 s; peak memory 721 MiB.
2026-10-02T13:19:06Z INFO [1472/5769] a3feccce-fbbe-4a1b-a23b-e119e7155da9: attributed to 001697; 0.3 s; peak memory 721 MiB.
2026-10-02T13:19:06Z INFO [1473/5769] a3fed9c5-ef47-49dc-9c14-0897784f07d7: attributed to 001697; 0.0 s; peak memory 721 MiB.
2026-10-02T13:19:06Z INFO [1474/5769] a3ff5fc2-51da-4586-b029-47cc2d3d7dbe: attributed to 001697; 0.0 s; peak memory 721 MiB.
2026-10-02T13:19:06Z INFO [1475/5769] a4045500-d36e-4c36-8576-23539afb07ff: attributed to 001697; 0.3 s; peak memory 721 MiB.
2026-10-02T13:19:06Z INFO [1476/5769] a40a0c27-ea98-4b88-bec3-19c03359ec52: attributed to 000142; 0.0 s; peak memory 721 MiB.
2026-10-02T13:19:06Z INFO [1477/5769] a40cd546-2ea3-4b57-ae87-74f82af3f2a5: attributed to 000026; 0.1 s; peak memory 721 MiB.
2026-10-02T13:19:06Z INFO [1478/5769] a4105943-e062-4fe5-a9ba-85b57c194a44: attributed to 001697; 0.0 s; peak memory 721 MiB.
2026-10-02T13:19:07Z INFO [1479/5769] a4199abc-f135-4e2b-bc8a-1d9deb003548: attributed to 001873; 0.4 s; peak memory 721 MiB.
2026-10-02T13:19:07Z INFO [1480/5769] a424b172-d55a-4123-8a6c-90263af22d0f: attributed to 001697; 0.0 s; peak memory 721 MiB.
2026-10-02T13:19:07Z INFO [1481/5769] a42611cd-88a3-45fd-a26e-0dcf85cfe8d1: attributed to 001697; 0.0 s; peak memory 721 MiB.
2026-10-02T13:19:07Z INFO [1482/5769] a426c7bb-88ca-4069-9d2e-3fcfdebee792: attributed to 000026; 0.1 s; peak memory 721 MiB.
2026-10-02T13:19:07Z INFO [1483/5769] a4306667-b01f-429f-8625-b76e2db89071: attributed to 001873; 0.4 s; peak memory 721 MiB.
2026-10-02T13:19:08Z INFO [1484/5769] a43192f3-1ed7-4382-9a7d-1c4640a399b1: attributed to 001697; 0.3 s; peak memory 721 MiB.
2026-10-02T13:19:08Z INFO [1485/5769] a4324943-02f6-4dd6-9ec3-8c16629f50de: attributed to 001697; 0.0 s; peak memory 721 MiB.
2026-10-02T13:19:08Z INFO [1486/5769] a43f0729-8e29-45ba-b84a-0c250a0fa9a3: attributed to 001697; 0.0 s; peak memory 721 MiB.
2026-10-02T13:19:08Z INFO [1487/5769] a4467590-3e9b-4b94-96d8-4dc1cbe795ab: attributed to 001697; 0.0 s; peak memory 721 MiB.
2026-10-02T13:19:08Z INFO [1488/5769] a44fa0d1-b7ed-42f5-a649-df1093470510: attributed to 001697; 0.0 s; peak memory 721 MiB.
2026-10-02T13:19:08Z INFO [1489/5769] a4502715-b4d7-4ab4-97b3-703b215d3084: attributed to 000142; 0.0 s; peak memory 721 MiB.
2026-10-02T13:19:08Z INFO [1490/5769] a4632fbf-a642-400e-a41c-77148004eecc: attributed to 001697; 0.0 s; peak memory 721 MiB.
2026-10-02T13:19:08Z INFO [1491/5769] a46a2df5-dc0d-412f-8ad0-02c8364cab9a: attributed to 001697; 0.3 s; peak memory 721 MiB.
2026-10-02T13:19:08Z INFO [1492/5769] a47019ec-1a0b-4c75-8fa4-bb9a69145443: attributed to 000026; 0.1 s; peak memory 721 MiB.
2026-10-02T13:19:08Z INFO [1493/5769] a4703754-5636-400c-b528-869a55dca8d0: attributed to 001697; 0.0 s; peak memory 721 MiB.
2026-10-02T13:19:08Z INFO [1494/5769] a4733500-0f32-4553-82b1-c203f28caec0: attributed to 001697; 0.3 s; peak memory 721 MiB.
2026-10-02T13:19:08Z INFO [1495/5769] a4794ad0-3032-41b1-911a-771097fea5c8: attributed to 000209; 0.0 s; peak memory 721 MiB.
2026-10-02T13:19:09Z INFO [1496/5769] a47dadcf-8a77-4ff7-a006-2364e5292809: attributed to 001697; 0.3 s; peak memory 721 MiB.
2026-10-02T13:19:09Z INFO [1497/5769] a4875eb4-7db8-48d2-bc81-9c358506ce74: attributed to 001063; 0.1 s; peak memory 721 MiB.
2026-10-02T13:19:09Z INFO [1498/5769] a487883d-ca40-4ede-92eb-99c09585a852: attributed to 000465; 0.0 s; peak memory 721 MiB.
2026-10-02T13:19:09Z INFO [1499/5769] a49096cc-a620-4750-b1c5-6a50024a62ba: attributed to 001697; 0.3 s; peak memory 721 MiB.
2026-10-02T13:19:09Z INFO [1500/5769] a490e23c-1f1d-4df2-aff7-d7ce061e64bd: attributed to 000026; 0.3 s; peak memory 721 MiB.
2026-10-02T13:19:10Z INFO [1500/5769] a490e23c-1f1d-4df2-aff7-d7ce061e64bd: checkpointed 506545 records.
2026-10-02T13:21:14Z INFO [1501/5769] a499b6bb-7579-4e5b-b69b-f17f1e22c46f: attributed to 001697; 123.2 s; peak memory 721 MiB.
2026-10-02T13:21:14Z INFO [1502/5769] a49c7be0-29ef-4aae-b3cf-21393facaf59: attributed to 000946; 0.1 s; peak memory 721 MiB.
2026-10-02T13:21:14Z INFO [1503/5769] a49ce491-9e7d-4b43-812e-0d4347b15951: attributed to 001697; 0.3 s; peak memory 721 MiB.
2026-10-02T13:21:14Z INFO [1504/5769] a4a8d30b-82ce-42c4-9151-89e7b81a3fbc: attributed to 000026; 0.4 s; peak memory 721 MiB.
2026-10-02T13:21:14Z INFO [1505/5769] a4aaa898-55e8-4729-a600-0a5b30f3bb5f: attributed to 000026; 0.1 s; peak memory 721 MiB.
2026-10-02T13:21:14Z INFO [1506/5769] a4ad3373-72c4-432e-9bf7-c51cff7402b2: attributed to 001697; 0.0 s; peak memory 721 MiB.
2026-10-02T13:21:15Z INFO [1507/5769] a4b1b62a-697c-45ec-ac93-33fd3a1f892d: attributed to 001697; 0.3 s; peak memory 721 MiB.
2026-10-02T13:21:15Z INFO [1508/5769] a4bbda3c-18a1-4796-a5d5-9b5b23dbef9a: attributed to 001697; 0.3 s; peak memory 721 MiB.
2026-10-02T13:21:15Z INFO [1509/5769] a4cf8133-9ce7-4d7b-8785-ddb5b043e813: attributed to 000173; 0.1 s; peak memory 721 MiB.
2026-10-02T13:21:15Z INFO [1510/5769] a4d57047-5920-48c6-b28b-f25c9289c257: attributed to 001697; 0.0 s; peak memory 721 MiB.
2026-10-02T13:21:16Z INFO [1511/5769] a4d99876-f21c-493a-85e0-e90cdb1323af: attributed to 001697; 0.7 s; peak memory 721 MiB.
2026-10-02T13:21:16Z INFO [1512/5769] a4dbae0f-ac06-4038-931a-93343a634b82: attributed to 001749; 0.1 s; peak memory 721 MiB.
2026-10-02T13:21:16Z INFO [1513/5769] a4f0ee98-3c0e-4929-865b-4315e36122bd: attributed to 000142; 0.0 s; peak memory 721 MiB.
2026-10-02T13:21:16Z INFO [1514/5769] a4fc5d26-7aa5-4101-9e06-a21c172df725: attributed to 001697; 0.3 s; peak memory 721 MiB.
2026-10-02T13:21:16Z INFO [1515/5769] a501f8ac-7e66-4656-ad35-1b3d500337ff: attributed to 001697; 0.0 s; peak memory 721 MiB.
2026-10-02T13:21:16Z INFO [1516/5769] a5096e90-aaa2-4733-af3c-a268356a02d2: attributed to 000142; 0.0 s; peak memory 721 MiB.
2026-10-02T13:21:16Z INFO [1517/5769] a5151cb4-aa54-4386-bd1e-7ed95bbd16ae: attributed to 001697; 0.0 s; peak memory 721 MiB.
2026-10-02T13:21:17Z INFO [1518/5769] a5178623-f79b-478c-82e8-90dad629aa9b: attributed to 001697; 0.3 s; peak memory 721 MiB.
2026-10-02T13:21:17Z INFO [1519/5769] a51c72a7-58d4-41e8-8136-869bb414096d: attributed to 000946; 0.1 s; peak memory 721 MiB.
2026-10-02T13:21:17Z INFO [1520/5769] a521b140-6fe4-4720-b772-ade99c1ce2ae: attributed to 001697; 0.0 s; peak memory 721 MiB.
2026-10-02T13:21:17Z INFO [1521/5769] a527b32f-57a3-42eb-827c-551b5870a1f7: attributed to 000026; 0.1 s; peak memory 721 MiB.
2026-10-02T13:21:17Z INFO [1522/5769] a529ec40-e20f-4b91-b446-0c6695dd828d: attributed to 000142; 0.0 s; peak memory 721 MiB.
2026-10-02T13:21:17Z INFO [1523/5769] a52b0bd6-83ae-465d-9386-4b06a3370585: attributed to 001697; 0.0 s; peak memory 721 MiB.
2026-10-02T13:21:17Z INFO [1524/5769] a531c924-4b47-49c4-b57f-64feaec7357d: attributed to 002012; 0.4 s; peak memory 721 MiB.
2026-10-02T13:21:18Z INFO [1525/5769] a536061d-f82a-44f0-a5d2-79a634bc700f: attributed to 001873; 0.4 s; peak memory 721 MiB.
2026-10-02T13:21:18Z INFO [1526/5769] a538982f-2176-41e5-b76c-39b74022c201: attributed to 001697; 0.0 s; peak memory 721 MiB.
2026-10-02T13:21:18Z INFO [1527/5769] a5395576-c120-4dea-a572-dadb06deadfe: attributed to 001697; 0.3 s; peak memory 721 MiB.
2026-10-02T13:21:18Z INFO [1528/5769] a544088c-0000-4cf0-9f9e-69a7341a7083: attributed to 001697; 0.3 s; peak memory 721 MiB.
2026-10-02T13:21:18Z INFO [1529/5769] a556d8c5-3da8-4887-867d-03aa5c9a93ab: attributed to 001697; 0.0 s; peak memory 721 MiB.
2026-10-02T13:21:18Z INFO [1530/5769] a55b21b3-ae6d-4dfd-b733-b51ca1fd3332: attributed to 000109; 0.0 s; peak memory 721 MiB.
2026-10-02T13:21:18Z INFO [1531/5769] a56d265f-42f9-45e6-97a2-9c652a5e0f6a: attributed to 000026; 0.1 s; peak memory 721 MiB.
2026-10-02T13:21:18Z INFO [1532/5769] a5742c43-5987-4eb2-a2f5-d41e4cb30653: attributed to 001697; 0.0 s; peak memory 721 MiB.
2026-10-02T13:21:18Z INFO [1533/5769] a5747384-4e07-4d08-9ff7-39ee3bb35788: attributed to 001697; 0.0 s; peak memory 721 MiB.
2026-10-02T13:21:18Z INFO [1534/5769] a576dfb7-34fd-49a6-b56a-08241be8ef23: attributed to 001697; 0.0 s; peak memory 721 MiB.
2026-10-02T13:21:19Z INFO [1535/5769] a5785871-6b9d-4431-b780-4a22ebd907bc: attributed to 001873; 0.4 s; peak memory 721 MiB.
2026-10-02T13:21:19Z INFO [1536/5769] a596919d-2f2b-48ee-bddb-0e3e2f35b851: attributed to 001697; 0.3 s; peak memory 721 MiB.
2026-10-02T13:21:19Z INFO [1537/5769] a5994e2a-8aca-45a6-a26f-77e04d2ee8b4: attributed to 001697; 0.0 s; peak memory 721 MiB.
2026-10-02T13:21:19Z INFO [1538/5769] a59ca266-63b9-4bbd-9dc9-0997f3b5f471: attributed to 000946; 0.1 s; peak memory 721 MiB.
2026-10-02T13:21:19Z INFO [1539/5769] a59fae91-c86f-4c64-8fae-47176c38bce4: attributed to 001697; 0.0 s; peak memory 721 MiB.
2026-10-02T13:21:19Z INFO [1540/5769] a5a6c35d-b5fa-4e53-86a7-46a1bdbfbb50: attributed to 000026; 0.1 s; peak memory 721 MiB.
2026-10-02T13:21:19Z INFO [1541/5769] a5ab4fc9-f13d-411e-9742-6fc0d0241e68: attributed to 001697; 0.0 s; peak memory 721 MiB.
2026-10-02T13:21:19Z INFO [1542/5769] a5b5afe1-b604-4c63-bdc1-cbec8c9e597c: attributed to 001697; 0.3 s; peak memory 721 MiB.
2026-10-02T13:21:19Z INFO [1543/5769] a5b8da91-743c-480a-b43e-21bc87ff6139: attributed to 001697; 0.0 s; peak memory 721 MiB.
2026-10-02T13:21:20Z INFO [1544/5769] a5bc2f3a-07db-4c60-8a03-b99d5f97ea7d: attributed to 001697; 0.2 s; peak memory 721 MiB.
2026-10-02T13:21:20Z INFO [1545/5769] a5beaa13-9589-424f-97f8-2a11649be4b4: attributed to 000465; 0.0 s; peak memory 721 MiB.
2026-10-02T13:21:20Z INFO [1546/5769] a5c40ed0-5a78-4dc1-9cb0-211c4a7b17ac: attributed to 000570; 0.0 s; peak memory 721 MiB.
2026-10-02T13:21:20Z INFO [1547/5769] a5c5e4b5-64a4-4684-9133-b047c1b26729: attributed to 001697; 0.0 s; peak memory 721 MiB.
2026-10-02T13:21:20Z INFO [1548/5769] a5cbcec3-d19c-41d3-b10e-014318ff2ead: attributed to 000026; 0.1 s; peak memory 721 MiB.
2026-10-02T13:21:20Z INFO [1549/5769] a5ce64bb-9a8a-49c6-b564-6b0fc8c35b32: attributed to 001697; 0.0 s; peak memory 721 MiB.
2026-10-02T13:21:20Z INFO [1550/5769] a5d29b4b-9d54-4655-9e56-882c3e8dfcd4: attributed to 001437; 0.1 s; peak memory 721 MiB.
2026-10-02T13:21:21Z INFO [1550/5769] a5d29b4b-9d54-4655-9e56-882c3e8dfcd4: checkpointed 506545 records.
2026-10-02T13:21:22Z INFO [1551/5769] a5d5ac6b-4588-4a5b-8fff-73f04bcfa139: attributed to 000571; 0.6 s; peak memory 721 MiB.
2026-10-02T13:21:22Z INFO [1552/5769] a5dbf5a1-09a2-4a23-bc73-6e103b555f37: attributed to 000026; 0.1 s; peak memory 721 MiB.
2026-10-02T13:21:22Z INFO [1553/5769] a5e12e67-00ad-4835-a4a1-84418f18cbf4: attributed to 000026; 0.1 s; peak memory 721 MiB.
2026-10-02T13:21:22Z INFO [1554/5769] a5e331cb-067b-4dcd-99d2-287c216c9063: attributed to 001697; 0.0 s; peak memory 721 MiB.
2026-10-02T13:21:22Z INFO [1555/5769] a5e8d6f8-08f8-44fc-b4fb-a1a3dfb76a9a: attributed to 000946; 0.1 s; peak memory 721 MiB.
2026-10-02T13:21:22Z INFO [1556/5769] a5eb9831-000f-47e5-8568-3ddc96f79fc9: attributed to 001697; 0.0 s; peak memory 721 MiB.
2026-10-02T13:21:22Z INFO [1557/5769] a5f129d5-2e5a-454a-bd1f-76444385350a: attributed to 001440; 0.4 s; peak memory 721 MiB.
2026-10-02T13:21:22Z INFO [1558/5769] a5fc08aa-a3e6-48ed-bbe7-42ba17f6a608: attributed to 001697; 0.0 s; peak memory 721 MiB.
2026-10-02T13:21:22Z INFO [1559/5769] a5fc3be7-9678-4aff-a702-d7efe361bc22: attributed to 000026; 0.1 s; peak memory 721 MiB.
2026-10-02T13:21:23Z INFO [1560/5769] a5ffdf77-87c3-4cd2-8f87-c10366e7ef3c: attributed to 001782; 0.1 s; peak memory 721 MiB.
2026-10-02T13:21:23Z INFO [1561/5769] a60b5c2a-9ba4-4a70-8bea-494c69b4cb2f: attributed to 001697; 0.3 s; peak memory 721 MiB.
2026-10-02T13:21:23Z INFO [1562/5769] a6106e1d-9fd8-4597-baed-9a0cae057257: attributed to 001449; 0.3 s; peak memory 721 MiB.
2026-10-02T13:21:23Z INFO [1563/5769] a61334f8-8401-4492-bfd9-395e89cbd160: attributed to 000570; 0.0 s; peak memory 721 MiB.
2026-10-02T13:21:23Z INFO [1564/5769] a617b590-fcea-43a0-8d3e-27cd629c298f: attributed to 000465; 0.0 s; peak memory 721 MiB.
2026-10-02T13:21:23Z INFO [1565/5769] a621bb6d-89b5-4f72-8162-81d95616953b: attributed to 000026; 0.1 s; peak memory 721 MiB.
2026-10-02T13:21:24Z INFO [1566/5769] a622cd2e-448c-40eb-86f3-9de234f3f747: attributed to 001697; 0.6 s; peak memory 721 MiB.
2026-10-02T13:21:24Z INFO [1567/5769] a622e833-918b-4f0c-afc9-66934db107ea: attributed to 001697; 0.3 s; peak memory 721 MiB.
2026-10-02T13:21:24Z INFO [1568/5769] a623c4a4-59d6-49c2-8a4e-f8bf87952767: attributed to 000026; 0.1 s; peak memory 721 MiB.
2026-10-02T13:21:24Z INFO [1569/5769] a624832c-e6d3-4bf0-ac77-9479fe251528: attributed to 000559; 0.1 s; peak memory 721 MiB.
2026-10-02T13:21:25Z INFO [1570/5769] a62823cf-d9b6-4ec5-997b-af24cbaedf8f: attributed to 000571; 0.2 s; peak memory 721 MiB.
2026-10-02T13:21:25Z INFO [1571/5769] a6358cba-0818-4850-ac1b-a480cded3676: attributed to 001258; 0.0 s; peak memory 721 MiB.
2026-10-02T13:21:25Z INFO [1572/5769] a640b174-c3a8-4998-ad5c-bf299636731b: attributed to 001697; 0.0 s; peak memory 721 MiB.
2026-10-02T13:21:25Z INFO [1573/5769] a643063a-756a-4441-b311-208e136dee4f: attributed to 001697; 0.3 s; peak memory 721 MiB.
2026-10-02T13:21:25Z INFO [1574/5769] a6473a78-5334-4f70-8156-51c805a8afd6: attributed to 000026; 0.1 s; peak memory 721 MiB.
2026-10-02T13:21:25Z INFO [1575/5769] a64b3569-5038-4814-a778-86e6aaf72918: attributed to 000026; 0.1 s; peak memory 721 MiB.
2026-10-02T13:21:25Z INFO [1576/5769] a654c58c-d259-4c7d-8e44-0a4b47210b60: attributed to 001697; 0.3 s; peak memory 721 MiB.
2026-10-02T13:21:25Z INFO [1577/5769] a65ef7d7-c973-47e9-b8ea-cd8bd2f77b77: attributed to 001063; 0.1 s; peak memory 721 MiB.
2026-10-02T13:21:26Z INFO [1578/5769] a6635e29-3b11-498f-8dad-c8b32a3f9ae7: attributed to 000026; 0.1 s; peak memory 721 MiB.
2026-10-02T13:21:26Z INFO [1579/5769] a6644288-90dd-4996-a90c-02ed5ad1e406: attributed to 001697; 0.0 s; peak memory 721 MiB.
2026-10-02T13:21:26Z INFO [1580/5769] a66abb2c-929d-4c91-962a-f57aa9f56498: attributed to 000946; 0.1 s; peak memory 721 MiB.
2026-10-02T13:21:26Z INFO [1581/5769] a673efa0-f64b-4c12-a445-46b3f335ce2e: attributed to 000026; 0.1 s; peak memory 721 MiB.
2026-10-02T13:21:26Z INFO [1582/5769] a67514d8-34f5-42fc-86e0-a8c5fad0a5c6: attributed to 001697; 0.3 s; peak memory 721 MiB.
2026-10-02T13:21:26Z INFO [1583/5769] a6788450-4ec9-4d4b-9eab-992541301ccd: attributed to 000026; 0.2 s; peak memory 721 MiB.
2026-10-02T13:21:27Z INFO [1584/5769] a681e174-ae6b-4fc7-8576-6f2f96dc12e4: attributed to 001278; 0.1 s; peak memory 721 MiB.
2026-10-02T13:21:27Z INFO [1585/5769] a68837e4-4955-4e90-bd04-1924f576e898: attributed to 000403; 0.0 s; peak memory 721 MiB.
2026-10-02T13:21:27Z INFO [1586/5769] a691d425-41c0-4386-8eb9-cabed8987c7a: attributed to 000946; 0.1 s; peak memory 721 MiB.
2026-10-02T13:21:27Z INFO [1587/5769] a6b2a001-f4b1-49df-a04f-5f8e2515bcf2: attributed to 001873; 0.7 s; peak memory 721 MiB.
2026-10-02T13:21:27Z INFO [1588/5769] a6b3e3ba-9196-48eb-bf14-f148e2355a93: attributed to 001452; 0.2 s; peak memory 721 MiB.
2026-10-02T13:21:28Z INFO [1589/5769] a6bb04fe-5b36-4c02-8f81-0dad51b34761: attributed to 000026; 0.2 s; peak memory 721 MiB.
2026-10-02T13:21:28Z INFO [1590/5769] a6bc3d4a-ed2c-4728-884b-72caa02fb3d5: attributed to 001697; 0.0 s; peak memory 721 MiB.
2026-10-02T13:21:28Z INFO [1591/5769] a6c1023b-924d-46ab-ba47-44ca6729332e: attributed to 001697; 0.4 s; peak memory 721 MiB.
2026-10-02T13:21:28Z INFO [1592/5769] a6c6a2cf-f3d1-41a3-8451-a53284c81b91: attributed to 001769; 0.2 s; peak memory 721 MiB.
2026-10-02T13:21:29Z INFO [1593/5769] a6cbe47f-7f08-4e2b-84a8-a28fb5521c95: attributed to 001697; 0.6 s; peak memory 721 MiB.
2026-10-02T13:21:29Z INFO [1594/5769] a6d15097-5405-4bfd-b3d5-40d765733e4d: attributed to 001697; 0.0 s; peak memory 721 MiB.
2026-10-02T13:21:30Z INFO [1595/5769] a6db0c08-84a2-4170-905c-471c1e6efbbb: attributed to 001697; 1.1 s; peak memory 721 MiB.
2026-10-02T13:21:30Z INFO [1596/5769] a6db6d55-98fa-43ca-8370-f1e30cdb42c1: attributed to 000293; 0.0 s; peak memory 721 MiB.
2026-10-02T13:21:30Z INFO [1597/5769] a6df2e9e-5d7d-41a7-a367-ec178f1afcde: attributed to 000946; 0.1 s; peak memory 721 MiB.
2026-10-02T13:21:30Z INFO [1598/5769] a6dfa779-0d5a-41d6-8535-842f8393ee0b: attributed to 001697; 0.0 s; peak memory 721 MiB.
2026-10-02T13:21:30Z INFO [1599/5769] a6e07ce9-d33e-47ee-9120-7c76a8eeac57: attributed to 001697; 0.0 s; peak memory 721 MiB.
2026-10-02T13:21:30Z INFO [1600/5769] a6e59265-997c-4562-a644-fccd99f8e360: attributed to 000173; 0.1 s; peak memory 721 MiB.
2026-10-02T13:21:31Z INFO [1600/5769] a6e59265-997c-4562-a644-fccd99f8e360: checkpointed 506545 records.
2026-10-02T13:21:32Z INFO [1601/5769] a6e5ded8-8148-4570-8153-7433453c8f9b: attributed to 001697; 0.3 s; peak memory 721 MiB.
2026-10-02T13:21:32Z INFO [1602/5769] a6eb3537-3ea0-4772-a07b-437d3cb84705: attributed to 001697; 0.3 s; peak memory 721 MiB.
2026-10-02T13:21:32Z INFO [1603/5769] a6eb55e6-8d8a-409b-9362-d602d4ec8357: attributed to 001449; 0.1 s; peak memory 721 MiB.
2026-10-02T13:21:32Z INFO [1604/5769] a6f63cd3-4a92-4c5b-bc77-491a7fb5b03d: attributed to 000142; 0.0 s; peak memory 721 MiB.
2026-10-02T13:21:32Z INFO [1605/5769] a6f8815a-ab52-4f77-8693-ec7cb521d116: attributed to 001697; 0.3 s; peak memory 721 MiB.
2026-10-02T13:21:32Z INFO [1606/5769] a7030095-bfd5-4385-9f9c-5350ebcd638c: attributed to 001697; 0.0 s; peak memory 721 MiB.
2026-10-02T13:21:34Z INFO [1607/5769] a703aa6d-66c2-4950-b0b8-acaae8ff1c7f: attributed to 000571; 1.7 s; peak memory 721 MiB.
2026-10-02T13:21:34Z INFO [1608/5769] a704e6ac-ebe8-438f-9649-75fbf19adbd5: attributed to 001697; 0.0 s; peak memory 721 MiB.
2026-10-02T13:21:35Z INFO [1609/5769] a704fc70-b470-4145-9bf5-20a5f3161cac: attributed to 001697; 0.5 s; peak memory 721 MiB.
2026-10-02T13:21:35Z INFO [1610/5769] a706bf6b-3e38-4cb7-b4e2-b6e554374c89: attributed to 000026; 0.1 s; peak memory 721 MiB.
2026-10-02T13:21:35Z INFO [1611/5769] a70bfcde-83bf-486b-acf0-63c34b17682a: attributed to 000465; 0.0 s; peak memory 721 MiB.
2026-10-02T13:21:35Z INFO [1612/5769] a71a1495-813e-46c0-8cb6-c440ca999f21: attributed to 000142; 0.0 s; peak memory 721 MiB.
2026-10-02T13:21:35Z INFO [1613/5769] a72262e5-b98e-4012-9b46-bff31f8ec2fb: attributed to 000209; 0.0 s; peak memory 721 MiB.
2026-10-02T13:21:35Z INFO [1614/5769] a72587f9-e35b-4001-a49a-f2d35c6dcad1: attributed to 001449; 0.1 s; peak memory 721 MiB.
2026-10-02T13:21:35Z INFO [1615/5769] a7282a2f-748c-4f21-9b0a-9d52d6bc1e2a: attributed to 001697; 0.6 s; peak memory 721 MiB.
2026-10-02T13:21:36Z INFO [1616/5769] a72be855-425e-4af3-80b4-265dddf0c413: attributed to 001697; 0.5 s; peak memory 721 MiB.
2026-10-02T13:21:36Z INFO [1617/5769] a73129bd-12a8-45ef-a250-9a2e649a3d1f: attributed to 000026; 0.1 s; peak memory 721 MiB.
2026-10-02T13:21:36Z INFO [1618/5769] a7316258-0b68-48b8-9e4f-a82e31c6a3e5: attributed to 001858; 0.0 s; peak memory 721 MiB.
2026-10-02T13:21:36Z INFO [1619/5769] a736813f-b1da-47d7-8ff7-f3c0bc031e51: attributed to 001697; 0.0 s; peak memory 721 MiB.
2026-10-02T13:21:36Z INFO [1620/5769] a739438f-a888-4388-853c-4d003006088b: attributed to 001697; 0.3 s; peak memory 721 MiB.
2026-10-02T13:21:36Z INFO [1621/5769] a754aab2-49b0-4a48-824a-c3dbd519ce3f: attributed to 000026; 0.1 s; peak memory 721 MiB.
2026-10-02T13:21:36Z INFO [1622/5769] a754e5af-f667-49d0-844f-0bb7797ada61: attributed to 001436; 0.0 s; peak memory 721 MiB.
2026-10-02T13:21:36Z INFO [1623/5769] a75cb12d-a83a-4d0d-b11f-2aedc808f1f6: attributed to 001697; 0.0 s; peak memory 721 MiB.
2026-10-02T13:21:37Z INFO [1624/5769] a7613154-2afb-4ee5-95e8-c4710b4a9a60: attributed to 001697; 0.3 s; peak memory 721 MiB.
2026-10-02T13:21:37Z INFO [1625/5769] a76577da-87ed-436d-a7b2-577df1a70015: attributed to 001697; 0.0 s; peak memory 721 MiB.
2026-10-02T13:21:37Z INFO [1626/5769] a7691c2e-14a9-41e0-839e-b3493f0a1fa3: attributed to 000026; 0.1 s; peak memory 721 MiB.
2026-10-02T13:21:37Z INFO [1627/5769] a76e793f-4b40-4fa9-a76c-e900a3476c66: attributed to 000026; 0.1 s; peak memory 721 MiB.
2026-10-02T13:21:37Z INFO [1628/5769] a77a65df-3e0f-4627-987f-3890978e9e67: attributed to 001697; 0.0 s; peak memory 721 MiB.
2026-10-02T13:21:37Z INFO [1629/5769] a77eae9a-7e05-4db0-9225-1b66df078f58: attributed to 001697; 0.3 s; peak memory 721 MiB.
2026-10-02T13:21:37Z INFO [1630/5769] a7889312-fd07-4831-b923-ef2f41ee54ae: attributed to 001697; 0.0 s; peak memory 721 MiB.
2026-10-02T13:21:37Z INFO [1631/5769] a790e87e-b413-406a-a64c-4f4d5d198c68: attributed to 000026; 0.1 s; peak memory 721 MiB.
2026-10-02T13:21:38Z INFO [1632/5769] a7944f56-6e9d-457b-a2c4-ccd8ea956ed7: attributed to 001697; 0.3 s; peak memory 721 MiB.
2026-10-02T13:21:38Z INFO [1633/5769] a79ac6b3-ea58-469e-ac9a-11c5a5b7b430: attributed to 001697; 0.3 s; peak memory 721 MiB.
2026-10-02T13:21:38Z INFO [1634/5769] a7a5c90b-2d10-41c2-9a29-4118ef0793ef: attributed to 001697; 0.0 s; peak memory 721 MiB.
2026-10-02T13:21:38Z INFO [1635/5769] a7a8e128-a212-405e-8e1b-5c22e8fdd346: attributed to 000570; 0.0 s; peak memory 721 MiB.
2026-10-02T13:21:38Z INFO [1636/5769] a7ace2f8-da07-49bd-b1f3-0dbaf257beb7: attributed to 000026; 0.1 s; peak memory 721 MiB.
2026-10-02T13:21:38Z INFO [1637/5769] a7b3d072-0c6b-418b-a39a-f2f28a2fd776: attributed to 001697; 0.0 s; peak memory 721 MiB.
2026-10-02T13:21:38Z INFO [1638/5769] a7bb15a1-3efa-4b09-bcf1-56636aeb68ad: attributed to 000465; 0.0 s; peak memory 721 MiB.
2026-10-02T13:21:38Z INFO [1639/5769] a7be9769-c0c1-43c0-894b-8773a2f0a6c8: attributed to 001697; 0.0 s; peak memory 721 MiB.
2026-10-02T13:21:38Z INFO [1640/5769] a7c76f52-93c8-4df1-b980-6f65a3253a10: attributed to 001697; 0.0 s; peak memory 721 MiB.
2026-10-02T13:21:38Z INFO [1641/5769] a7cc4478-1547-4751-ac64-07a7ed8fad07: attributed to 000979; 0.0 s; peak memory 721 MiB.
2026-10-02T13:21:38Z INFO [1642/5769] a7df9e24-e6a7-4089-97f2-367f443c93e5: attributed to 000408; 0.0 s; peak memory 721 MiB.
2026-10-02T13:21:39Z INFO [1643/5769] a7e10164-83f9-44bb-8175-5b3d0beff9fe: attributed to 001697; 1.0 s; peak memory 721 MiB.
2026-10-02T13:21:39Z INFO [1644/5769] a7e4abf0-d764-4aaa-8f09-5b37c2d42101: attributed to 001697; 0.0 s; peak memory 721 MiB.
2026-10-02T13:21:39Z INFO [1645/5769] a7e6a7c9-19b9-4cbd-9d12-287be936fbe6: attributed to 000465; 0.0 s; peak memory 721 MiB.
2026-10-02T13:21:39Z INFO [1646/5769] a7f37e37-fc78-451a-bfce-4df622a4f82a: attributed to 001697; 0.3 s; peak memory 721 MiB.
2026-10-02T13:21:39Z INFO [1647/5769] a7f57fc8-c49f-413c-92ab-81fd567e7528: attributed to 000142; 0.0 s; peak memory 721 MiB.
2026-10-02T13:21:40Z INFO [1648/5769] a7f6d912-3c56-4335-a6ac-0b7604065f81: attributed to 001697; 0.3 s; peak memory 721 MiB.
2026-10-02T13:21:40Z INFO [1649/5769] a7fb2ba6-4337-4ecc-b501-7a2bf69167a1: attributed to 000946; 0.1 s; peak memory 721 MiB.
2026-10-02T13:21:40Z INFO [1650/5769] a804bdd3-73a7-49fc-bf9b-be11cc504417: attributed to 001697; 0.3 s; peak memory 721 MiB.
2026-10-02T13:21:41Z INFO [1650/5769] a804bdd3-73a7-49fc-bf9b-be11cc504417: checkpointed 506546 records.
2026-10-02T13:21:42Z INFO [1651/5769] a8053abf-9126-45b7-8c87-881892366d27: attributed to 001697; 1.2 s; peak memory 721 MiB.
2026-10-02T13:21:42Z INFO [1652/5769] a8058ba1-5442-4e8d-819e-eccb75121932: attributed to 000026; 0.1 s; peak memory 721 MiB.
2026-10-02T13:21:42Z INFO [1653/5769] a807a153-465c-4e11-b5fb-b092eb3d8fb4: attributed to 001697; 0.0 s; peak memory 721 MiB.
2026-10-02T13:21:42Z INFO [1654/5769] a809c0ff-cf4a-48d5-9149-cac9d22b15ee: attributed to 000026; 0.1 s; peak memory 721 MiB.
2026-10-02T13:21:43Z INFO [1655/5769] a835291d-f193-49a2-b33c-80ec075e20dc: attributed to 001697; 0.3 s; peak memory 721 MiB.
2026-10-02T13:21:43Z INFO [1656/5769] a838b530-5b6d-4e6d-9f62-4e8e5bbc1de9: attributed to 000026; 0.1 s; peak memory 721 MiB.
2026-10-02T13:21:43Z INFO [1657/5769] a83e3b03-b652-4b32-9c62-0c599be3b978: attributed to 001697; 0.3 s; peak memory 721 MiB.
2026-10-02T13:21:43Z INFO [1658/5769] a8418cc9-4da6-49fa-bf8f-83437e457251: attributed to 000026; 0.1 s; peak memory 721 MiB.
2026-10-02T13:21:43Z INFO [1659/5769] a84bf991-f096-48fe-914d-af3af93ae07f: attributed to 000026; 0.1 s; peak memory 721 MiB.
2026-10-02T13:21:44Z INFO [1660/5769] a84e3a09-484e-473f-ad76-bcb9129b8881: attributed to 001697; 0.3 s; peak memory 721 MiB.
2026-10-02T13:21:48Z INFO [1661/5769] a84f2010-ae5a-4418-9fee-931e4920b106: attributed to 000571; 4.4 s; peak memory 721 MiB.
2026-10-02T13:21:48Z INFO [1662/5769] a851fd5f-4fd7-4734-98cc-9c7cb9504446: attributed to 000570; 0.0 s; peak memory 721 MiB.
2026-10-02T13:21:48Z INFO [1663/5769] a854c117-b307-4d10-ad83-54ba7e6f38c1: attributed to 001697; 0.3 s; peak memory 721 MiB.
2026-10-02T13:21:48Z INFO [1664/5769] a8566520-e0f5-4411-bbfd-4f5b0932721b: attributed to 001697; 0.0 s; peak memory 721 MiB.
2026-10-02T13:21:48Z INFO [1665/5769] a85fbe1f-56f0-4e89-b05e-4e792afe8031: attributed to 001697; 0.0 s; peak memory 721 MiB.
2026-10-02T13:21:49Z INFO [1666/5769] a862d359-57dc-465a-8a18-0b655ffd2eae: attributed to 001873; 0.4 s; peak memory 721 MiB.
2026-10-02T13:21:49Z INFO [1667/5769] a8668c72-6967-4379-a18f-2874b527591f: attributed to 001782; 0.1 s; peak memory 721 MiB.
2026-10-02T13:21:49Z INFO [1668/5769] a8676bdd-aa29-4ff3-93fd-afc3c963923e: attributed to 001697; 0.3 s; peak memory 721 MiB.
2026-10-02T13:21:49Z INFO [1669/5769] a86c2b05-54c2-4e65-8e56-a4fe5e91a1e1: attributed to 001697; 0.3 s; peak memory 721 MiB.
2026-10-02T13:21:50Z INFO [1670/5769] a86db1b2-e753-42e0-985a-33ece26901d2: attributed to 000026; 0.1 s; peak memory 721 MiB.
2026-10-02T13:21:50Z INFO [1671/5769] a86fa9cb-c948-4cf4-9fe6-6f62c7d0f30d: attributed to 000209; 0.0 s; peak memory 721 MiB.
2026-10-02T13:21:50Z INFO [1672/5769] a87366ca-7679-4526-ade6-fa8a0c6bca10: attributed to 001697; 0.0 s; peak memory 721 MiB.
2026-10-02T13:21:50Z INFO [1673/5769] a878c1bd-d313-475e-88a5-9ac4bd65aba8: attributed to 001697; 0.3 s; peak memory 721 MiB.
2026-10-02T13:21:50Z INFO [1674/5769] a87a0d9d-eae9-42a9-87ed-fccd3c7864cd: attributed to 000026; 0.2 s; peak memory 721 MiB.
2026-10-02T13:21:51Z INFO [1675/5769] a87ada3b-cd1b-4110-b98d-fdd3ce745934: attributed to 001436; 1.1 s; peak memory 721 MiB.
2026-10-02T13:21:51Z INFO [1676/5769] a87d1849-02c4-4751-9229-3604bec5cdda: attributed to 000946; 0.1 s; peak memory 721 MiB.
2026-10-02T13:21:52Z INFO [1677/5769] a886fd79-5e3a-48c7-8b8a-021a31ed1d1b: attributed to 000026; 0.5 s; peak memory 721 MiB.
2026-10-02T13:21:52Z INFO [1678/5769] a88d9b04-8836-4f56-8c29-b54748cca748: attributed to 001697; 0.3 s; peak memory 721 MiB.
2026-10-02T13:21:52Z INFO [1679/5769] a89172e2-950a-4974-b7d7-b83cc24b60ce: attributed to 001697; 0.0 s; peak memory 721 MiB.
2026-10-02T13:21:53Z INFO [1680/5769] a8935397-375f-4729-ae1f-0fc73a70ad4a: attributed to 001697; 0.6 s; peak memory 721 MiB.
2026-10-02T13:21:53Z INFO [1681/5769] a895b22e-4cd7-4cb1-bdc8-495606f2161f: attributed to 001697; 0.4 s; peak memory 721 MiB.
2026-10-02T13:21:53Z INFO [1682/5769] a898d68e-599c-4ff2-9db4-71960d075901: attributed to 001697; 0.0 s; peak memory 721 MiB.
2026-10-02T13:21:53Z INFO [1683/5769] a8b232da-a6c4-48ee-8ac4-5c4001df41db: attributed to 001697; 0.3 s; peak memory 721 MiB.
2026-10-02T13:22:00Z INFO [1684/5769] a8b42d29-26ca-4aed-8d82-81af23874496: attributed to 000052; 6.8 s; peak memory 721 MiB.
2026-10-02T13:22:00Z INFO [1685/5769] a8b79030-7f4d-4c2b-99a6-36858109a1cd: attributed to 000026; 0.1 s; peak memory 721 MiB.
2026-10-02T13:22:00Z INFO [1686/5769] a8b9132f-7249-4d77-bd13-b01f4be99066: attributed to 001697; 0.0 s; peak memory 721 MiB.
2026-10-02T13:22:00Z INFO [1687/5769] a8bb3ac5-0140-4804-b14b-3f4ccd2735ea: attributed to 000946; 0.1 s; peak memory 721 MiB.
2026-10-02T13:22:00Z INFO [1688/5769] a8be179d-25ec-4b0f-a237-705ca6c1d0c4: attributed to 001697; 0.0 s; peak memory 721 MiB.
2026-10-02T13:22:01Z INFO [1689/5769] a8bee39e-07eb-41d1-a2e1-e98723a96d6f: attributed to 001697; 0.3 s; peak memory 721 MiB.
2026-10-02T13:22:01Z INFO [1690/5769] a8c1c92d-7cec-4366-b5d8-5acc99fe915a: attributed to 001697; 0.3 s; peak memory 721 MiB.
2026-10-02T13:22:01Z INFO [1691/5769] a8cb23ee-5d68-4a65-b72a-4529619b1333: attributed to 001697; 0.0 s; peak memory 721 MiB.
2026-10-02T13:22:01Z INFO [1692/5769] a8d9c163-33dc-41fc-abc5-e8569b80ecd3: attributed to 001697; 0.0 s; peak memory 721 MiB.
2026-10-02T13:22:01Z INFO [1693/5769] a8e4a5a0-92fe-41d8-bbb5-c617cc07f3f9: attributed to 001697; 0.3 s; peak memory 721 MiB.
2026-10-02T13:22:01Z INFO [1694/5769] a8fc3280-f226-4bf3-9309-fd2942761aad: attributed to 001697; 0.0 s; peak memory 721 MiB.
2026-10-02T13:22:01Z INFO [1695/5769] a900b117-7ebf-4295-bb1e-97e3633989a8: attributed to 001697; 0.0 s; peak memory 721 MiB.
2026-10-02T13:22:01Z INFO [1696/5769] a90df5db-cd0d-47ef-8f58-de3b519c7065: attributed to 001697; 0.0 s; peak memory 721 MiB.
2026-10-02T13:22:02Z INFO [1697/5769] a91028d9-eded-4242-a410-2ce54046e205: attributed to 001697; 0.3 s; peak memory 721 MiB.
2026-10-02T13:22:02Z INFO [1698/5769] a913ceaf-604f-4ba1-ac18-39d3f0e4833e: attributed to 001697; 0.0 s; peak memory 721 MiB.
2026-10-02T13:22:02Z INFO [1699/5769] a91b34bd-0647-40a9-a564-0bd074e32c05: attributed to 000293; 0.0 s; peak memory 721 MiB.
2026-10-02T13:22:02Z INFO [1700/5769] a920e1d0-f7fd-46c5-94ff-db7932cb7629: attributed to 000946; 0.1 s; peak memory 721 MiB.
2026-10-02T13:22:03Z INFO [1700/5769] a920e1d0-f7fd-46c5-94ff-db7932cb7629: checkpointed 506546 records.
2026-10-02T13:22:03Z INFO [1701/5769] a92b35fa-0a0f-4ae5-ab10-9262bc01ae7b: attributed to 000570; 0.0 s; peak memory 721 MiB.
2026-10-02T13:22:03Z INFO [1702/5769] a92d03ca-a865-4efd-ba1a-7eec128c3d22: attributed to 000026; 0.2 s; peak memory 721 MiB.
2026-10-02T13:22:03Z INFO [1703/5769] a92e5aff-30cf-4b63-b3b1-fda8aa628e40: attributed to 000026; 0.4 s; peak memory 721 MiB.
2026-10-02T13:22:04Z INFO [1704/5769] a937c722-d428-4cf7-a6ad-74e9976fc938: attributed to 000026; 1.1 s; peak memory 721 MiB.
2026-10-02T13:22:05Z INFO [1705/5769] a93cb548-2278-45df-9955-67cdc2eef55d: attributed to 001697; 0.3 s; peak memory 721 MiB.
2026-10-02T13:22:05Z INFO [1706/5769] a93cd798-da9e-477d-9772-9d064eacc90b: attributed to 000026; 0.1 s; peak memory 721 MiB.
2026-10-02T13:22:05Z INFO [1707/5769] a93f59e4-fcc5-453a-9e20-a2923a95d8bd: attributed to 001697; 0.3 s; peak memory 721 MiB.
2026-10-02T13:22:05Z INFO [1708/5769] a9484832-e42c-4517-aa5b-f528f4a91b8a: attributed to 001697; 0.0 s; peak memory 721 MiB.
2026-10-02T13:22:05Z INFO [1709/5769] a94d1d24-e29d-4052-b995-faa38d417df8: attributed to 001697; 0.0 s; peak memory 721 MiB.
2026-10-02T13:22:05Z INFO [1710/5769] a961df50-c3f2-4ecf-a1e4-23510c9a899a: attributed to 001697; 0.3 s; peak memory 721 MiB.
2026-10-02T13:22:05Z INFO [1711/5769] a963a187-8768-43bb-a792-ce0590e77599: attributed to 001063; 0.1 s; peak memory 721 MiB.
2026-10-02T13:22:06Z INFO [1712/5769] a9684b56-a7df-457f-9a35-990af050ba8f: attributed to 001697; 0.3 s; peak memory 721 MiB.
2026-10-02T13:22:06Z INFO [1713/5769] a9686b76-8f7a-429e-bbf3-bd77ca3df3f6: attributed to 001697; 0.0 s; peak memory 721 MiB.
2026-10-02T13:22:06Z INFO [1714/5769] a969304d-e8ef-413d-843b-447a1dd9670d: attributed to 001697; 0.0 s; peak memory 721 MiB.
2026-10-02T13:22:06Z INFO [1715/5769] a9697ff1-6310-48df-8823-1df60c1c9d05: attributed to 001697; 0.0 s; peak memory 721 MiB.
2026-10-02T13:22:06Z INFO [1716/5769] a9715c06-6e65-4eb1-bafb-6a099f36190f: attributed to 001452; 0.5 s; peak memory 721 MiB.
2026-10-02T13:22:06Z INFO [1717/5769] a9724d8a-a41e-4128-8bde-0ddcf46602b3: attributed to 001697; 0.0 s; peak memory 721 MiB.
2026-10-02T13:22:06Z INFO [1718/5769] a973fb26-9f5b-439e-82ab-2689aa3618b2: attributed to 001697; 0.0 s; peak memory 721 MiB.
2026-10-02T13:22:07Z INFO [1719/5769] a97c3dc8-3296-44bd-9a87-6ac8e7539eee: attributed to 001697; 0.3 s; peak memory 721 MiB.
2026-10-02T13:22:07Z INFO [1720/5769] a97ea7d6-048f-4405-b018-80491b8b4262: attributed to 000571; 0.8 s; peak memory 721 MiB.
2026-10-02T13:22:07Z INFO [1721/5769] a985899a-221e-41d0-a4cd-3d1bf28f2c69: attributed to 000946; 0.1 s; peak memory 721 MiB.
2026-10-02T13:22:08Z INFO [1722/5769] a988435b-82e6-463c-b631-52c8d888729e: attributed to 001449; 0.3 s; peak memory 721 MiB.
2026-10-02T13:22:08Z INFO [1723/5769] a98e5edf-4bfb-4770-ae31-a74bef2db21b: attributed to 000026; 0.1 s; peak memory 721 MiB.
2026-10-02T13:22:08Z INFO [1724/5769] a99af1db-3ceb-4b8d-9cef-112f7ec93487: attributed to 001697; 0.3 s; peak memory 721 MiB.
2026-10-02T13:22:08Z INFO [1725/5769] a99da4e6-f543-45a7-8a1c-f9e16429bdb8: attributed to 001697; 0.3 s; peak memory 721 MiB.
2026-10-02T13:22:09Z INFO [1726/5769] a9a23f15-5510-4be9-8992-06814533ae6f: attributed to 001449; 0.1 s; peak memory 721 MiB.
2026-10-02T13:22:09Z INFO [1727/5769] a9a6b3b9-7776-46d8-aaae-c77cba7b81e8: attributed to 000026; 0.1 s; peak memory 721 MiB.
2026-10-02T13:22:09Z INFO [1728/5769] a9a932b0-a941-4f20-9540-c47af017d80a: attributed to 001697; 0.3 s; peak memory 721 MiB.
2026-10-02T13:22:09Z INFO [1729/5769] a9b73131-00b1-4a10-8191-718ef807f1d0: attributed to 000026; 0.1 s; peak memory 721 MiB.
2026-10-02T13:22:09Z INFO [1730/5769] a9bd3f9b-9d70-4224-b8ec-85cf24b5a71d: attributed to 000209; 0.0 s; peak memory 721 MiB.
2026-10-02T13:22:09Z INFO [1731/5769] a9c334b4-81c2-4b54-acae-587eaac18bee: attributed to 000142; 0.0 s; peak memory 721 MiB.
2026-10-02T13:22:09Z INFO [1732/5769] a9cb7c02-a5f2-4056-86ca-91f2f838c7c9: attributed to 001697; 0.0 s; peak memory 721 MiB.
2026-10-02T13:22:09Z INFO [1733/5769] a9d04b52-56f9-42f0-b9ec-a9a0435ef32c: attributed to 000026; 0.1 s; peak memory 721 MiB.
2026-10-02T13:22:10Z INFO [1734/5769] a9d3c20b-6298-42db-ae04-ebcfde07101a: attributed to 001697; 0.3 s; peak memory 721 MiB.
2026-10-02T13:22:10Z INFO [1735/5769] a9d82d43-250c-4b0f-aeec-8acf233284b1: attributed to 000026; 0.1 s; peak memory 721 MiB.
2026-10-02T13:22:10Z INFO [1736/5769] a9da34fa-2a1e-48b2-87ca-d9e9bcce7df4: attributed to 000026; 0.1 s; peak memory 721 MiB.
2026-10-02T13:22:10Z INFO [1737/5769] a9e8924f-e7cf-4122-88a5-44a0f9885297: attributed to 001697; 0.2 s; peak memory 721 MiB.
2026-10-02T13:22:10Z INFO [1738/5769] a9eba023-2951-41ac-9943-fa2f9d939521: attributed to 000570; 0.0 s; peak memory 721 MiB.
2026-10-02T13:22:10Z INFO [1739/5769] a9efa70b-af78-44b0-823e-402f11a64e52: attributed to 000209; 0.0 s; peak memory 721 MiB.
2026-10-02T13:22:10Z INFO [1740/5769] a9f19945-6c9c-4202-8b23-22fda9ef41f4: attributed to 000026; 0.4 s; peak memory 721 MiB.
2026-10-02T13:22:10Z INFO [1741/5769] a9f3a68e-aff1-43fb-9aba-2467f500683c: attributed to 000570; 0.0 s; peak memory 721 MiB.
2026-10-02T13:22:10Z INFO [1742/5769] a9f72fda-a759-4323-a6ad-12e4c8e3bf82: attributed to 001697; 0.0 s; peak memory 721 MiB.
2026-10-02T13:22:11Z INFO [1743/5769] a9f96d24-8fc6-44a8-acc8-34c2d13abd10: attributed to 001697; 0.3 s; peak memory 721 MiB.
2026-10-02T13:22:11Z INFO [1744/5769] aa0176db-a8af-4a51-91f3-f546b7cf2bf8: attributed to 001697; 0.3 s; peak memory 721 MiB.
2026-10-02T13:22:11Z INFO [1745/5769] aa018f3e-4fd1-470e-b989-2171dc6638aa: attributed to 001697; 0.3 s; peak memory 721 MiB.
2026-10-02T13:22:11Z INFO [1746/5769] aa0b7553-56d8-4b8b-a18a-ddab003c9baa: attributed to 001449; 0.1 s; peak memory 721 MiB.
2026-10-02T13:22:11Z INFO [1747/5769] aa0e7e6c-8b94-48b7-a1cb-84f260bfeaeb: attributed to 001697; 0.0 s; peak memory 721 MiB.
2026-10-02T13:22:12Z INFO [1748/5769] aa192d4e-4217-4edd-9643-9a77d39514f0: attributed to 001697; 0.3 s; peak memory 721 MiB.
2026-10-02T13:22:12Z INFO [1749/5769] aa1b325d-a2c8-4fac-a602-8846a1d6fd9c: attributed to 000403; 0.0 s; peak memory 721 MiB.
2026-10-02T13:22:12Z INFO [1750/5769] aa1f932d-69fa-4779-a089-d676bce90658: attributed to 001697; 0.0 s; peak memory 721 MiB.
2026-10-02T13:22:13Z INFO [1750/5769] aa1f932d-69fa-4779-a089-d676bce90658: checkpointed 506547 records.
2026-10-02T13:22:13Z INFO [1751/5769] aa21b32c-3ed9-41ab-9f1e-28079777a8f4: attributed to 000408; 0.0 s; peak memory 721 MiB.
2026-10-02T13:22:13Z INFO [1752/5769] aa2ab8be-ee75-42c3-a244-aadfa54f9358: attributed to 001697; 0.0 s; peak memory 721 MiB.
2026-10-02T13:22:13Z INFO [1753/5769] aa2c59dd-d767-440b-b271-e3ebe5d350c7: attributed to 001697; 0.0 s; peak memory 721 MiB.
2026-10-02T13:22:13Z INFO [1754/5769] aa3a0d52-7b78-42a9-be84-647afb97fa68: attributed to 000026; 0.1 s; peak memory 721 MiB.
2026-10-02T13:22:13Z INFO [1755/5769] aa3bab7b-5f3d-4e3a-88a5-74d4230e89d4: attributed to 001697; 0.4 s; peak memory 721 MiB.
2026-10-02T13:22:13Z INFO [1756/5769] aa4684c5-8b07-420b-b9c1-b1c07ef2ee3a: attributed to 001697; 0.0 s; peak memory 721 MiB.
2026-10-02T13:22:13Z INFO [1757/5769] aa4b0f34-7a68-4844-bc78-72237c4bba6e: attributed to 001697; 0.0 s; peak memory 721 MiB.
2026-10-02T13:22:13Z INFO [1758/5769] aa52c34b-90a6-499c-ba65-f2684e1c84b0: attributed to 000026; 0.3 s; peak memory 721 MiB.
2026-10-02T13:22:13Z INFO [1759/5769] aa5ed771-7724-4a95-84d2-1667a71f9fb0: attributed to 001697; 0.0 s; peak memory 721 MiB.
2026-10-02T13:22:13Z INFO [1760/5769] aa61430c-6825-4395-b7aa-96ee768ce3bb: attributed to 001697; 0.0 s; peak memory 721 MiB.
2026-10-02T13:22:13Z INFO [1761/5769] aa62e481-0af2-46b7-8f81-361116c18dec: attributed to 000109; 0.0 s; peak memory 721 MiB.
2026-10-02T13:22:14Z INFO [1762/5769] aa68bb42-ad10-4244-9a8b-fb355ddbf6d9: attributed to 001697; 0.4 s; peak memory 721 MiB.
2026-10-02T13:22:14Z INFO [1763/5769] aa6bb8d3-63d3-46af-b3e2-a1227d447811: attributed to 001697; 0.3 s; peak memory 721 MiB.
2026-10-02T13:22:14Z INFO [1764/5769] aa70b4ec-3092-4bb2-9985-01f7cb8581aa: attributed to 000026; 0.1 s; peak memory 721 MiB.
2026-10-02T13:22:14Z INFO [1765/5769] aa7d2df2-3a9d-433c-ace7-748f0cae4e75: attributed to 001697; 0.0 s; peak memory 721 MiB.
2026-10-02T13:22:14Z INFO [1766/5769] aa81f160-377d-4c12-8629-189bfc2b0430: attributed to 001063; 0.1 s; peak memory 721 MiB.
2026-10-02T13:22:14Z INFO [1767/5769] aa85c0f1-f48d-40d5-a2ac-04e5b753ff9a: attributed to 000142; 0.0 s; peak memory 721 MiB.
2026-10-02T13:22:15Z INFO [1768/5769] aa889895-6d68-4fe8-9b16-9dc79cbb334e: attributed to 001697; 0.3 s; peak memory 721 MiB.
2026-10-02T13:22:15Z INFO [1769/5769] aa892d6e-3f66-401e-9eec-5ae1203c6cda: attributed to 000026; 0.2 s; peak memory 721 MiB.
2026-10-02T13:22:15Z INFO [1770/5769] aa8d8ac0-d5ef-4ef6-bf9a-1f19ff9192bc: attributed to 000403; 0.0 s; peak memory 721 MiB.
2026-10-02T13:22:15Z INFO [1771/5769] aa904d22-73b4-4b6f-92d5-7c287fced570: attributed to 001697; 0.0 s; peak memory 721 MiB.
2026-10-02T13:22:15Z INFO [1772/5769] aa93b1e3-0fbf-49bc-8acc-aac7675dcf6f: attributed to 000026; 0.2 s; peak memory 721 MiB.
2026-10-02T13:22:15Z INFO [1773/5769] aa9a5ac8-7096-495c-bbef-c769d3b27e5c: attributed to 001697; 0.3 s; peak memory 721 MiB.
2026-10-02T13:22:15Z INFO [1774/5769] aa9c2633-ea13-4755-92cd-b2ef53de8814: attributed to 001697; 0.0 s; peak memory 721 MiB.
2026-10-02T13:22:15Z INFO [1775/5769] aaa83a1a-0bc9-4f69-856b-f2d0016e81d2: attributed to 001697; 0.0 s; peak memory 721 MiB.
2026-10-02T13:22:16Z INFO [1776/5769] aaae7e97-86e6-4f92-94fb-32181adb3a98: attributed to 001697; 0.3 s; peak memory 721 MiB.
2026-10-02T13:22:16Z INFO [1777/5769] aab60f51-5659-4843-9046-cfc1d5defade: attributed to 001697; 0.0 s; peak memory 721 MiB.
2026-10-02T13:22:16Z INFO [1778/5769] aaba2c97-b928-448b-b108-7c5b598aea10: attributed to 000026; 0.1 s; peak memory 721 MiB.
2026-10-02T13:22:16Z INFO [1779/5769] aabd1ff4-1eee-48d0-84a5-3b781cc372ff: attributed to 001697; 0.0 s; peak memory 721 MiB.
2026-10-02T13:22:16Z INFO [1780/5769] aac6507e-9b96-403d-af05-55cd2c6cbc65: attributed to 000559; 0.1 s; peak memory 721 MiB.
2026-10-02T13:22:16Z INFO [1781/5769] aad5f357-5ca4-4c9f-95ad-647c7447ae56: attributed to 000946; 0.1 s; peak memory 721 MiB.
2026-10-02T13:22:16Z INFO [1782/5769] aad651a4-b34d-4f09-b075-4df928901c6d: attributed to 000946; 0.1 s; peak memory 721 MiB.
2026-10-02T13:22:16Z INFO [1783/5769] aae240b5-7d9c-46c5-a5cb-d298ea9bd4d1: attributed to 000026; 0.1 s; peak memory 721 MiB.
2026-10-02T13:22:16Z INFO [1784/5769] aae84af3-8d62-46c1-b01d-bf6aed03ff0c: attributed to 001697; 0.3 s; peak memory 721 MiB.
2026-10-02T13:22:16Z INFO [1785/5769] aaf77eb1-7cd4-4533-a420-8c2dbd93ca01: attributed to 001697; 0.0 s; peak memory 721 MiB.
2026-10-02T13:22:16Z INFO [1786/5769] aaff0c63-874a-42eb-8ada-d598240db40f: attributed to 001697; 0.0 s; peak memory 721 MiB.
2026-10-02T13:22:17Z INFO [1787/5769] ab02ec24-b03c-4185-a486-2c5ff6d8de7c: attributed to 001697; 0.3 s; peak memory 721 MiB.
2026-10-02T13:22:17Z INFO [1788/5769] ab0b5ff4-6505-4ce3-bd88-a099756c4ccd: attributed to 001697; 0.0 s; peak memory 721 MiB.
2026-10-02T13:22:17Z INFO [1789/5769] ab1bf010-1a5f-40f6-b3e3-2965a0334c8e: attributed to 001697; 0.3 s; peak memory 721 MiB.
2026-10-02T13:22:17Z INFO [1790/5769] ab22b3f5-a683-4e6b-a0d5-13978822700e: attributed to 000403; 0.0 s; peak memory 721 MiB.
2026-10-02T13:22:17Z INFO [1791/5769] ab263a8b-e400-4755-948b-48352f79d47e: attributed to 000142; 0.0 s; peak memory 721 MiB.
2026-10-02T13:22:17Z INFO [1792/5769] ab2c3ac6-96d6-4071-80bf-88e41176a53c: attributed to 001697; 0.3 s; peak memory 721 MiB.
2026-10-02T13:22:17Z INFO [1793/5769] ab2dd41a-da8b-4d93-b19f-6af7a55643f2: attributed to 000026; 0.1 s; peak memory 721 MiB.
2026-10-02T13:22:18Z INFO [1794/5769] ab2f5e15-21d6-4d55-af29-f9a56e6d9b2b: attributed to 001203; 0.2 s; peak memory 721 MiB.
2026-10-02T13:22:18Z INFO [1795/5769] ab37ca0c-9c1b-4670-8647-72468f3b13e9: attributed to 001697; 0.0 s; peak memory 721 MiB.
2026-10-02T13:22:18Z INFO [1796/5769] ab42d5b0-ded6-4008-bb8e-cc2ad52d3afd: attributed to 000026; 0.1 s; peak memory 721 MiB.
2026-10-02T13:22:18Z INFO [1797/5769] ab43d384-5711-4ed9-b6e7-f18dc024d3cd: attributed to 001697; 0.3 s; peak memory 721 MiB.
2026-10-02T13:22:18Z INFO [1798/5769] ab44617a-e0dd-4a37-867f-587dfb9f652e: attributed to 001697; 0.3 s; peak memory 721 MiB.
2026-10-02T13:22:18Z INFO [1799/5769] ab4a2448-1a83-4c0b-87ee-184accc50aed: attributed to 001697; 0.0 s; peak memory 721 MiB.
2026-10-02T13:22:18Z INFO [1800/5769] ab4d426b-99d7-4f5a-ad9b-db8221ec8db2: attributed to 000946; 0.1 s; peak memory 721 MiB.
2026-10-02T13:22:20Z INFO [1800/5769] ab4d426b-99d7-4f5a-ad9b-db8221ec8db2: checkpointed 506547 records.
2026-10-02T13:22:20Z INFO [1801/5769] ab4e8439-d746-4901-9981-f28d18031ea5: attributed to 000026; 0.1 s; peak memory 721 MiB.
2026-10-02T13:22:20Z INFO [1802/5769] ab59c832-a17f-4c09-8cee-d03c2a145a8e: attributed to 001873; 0.3 s; peak memory 721 MiB.
2026-10-02T13:22:20Z INFO [1803/5769] ab5b6821-86d5-40ce-8b11-794b81503eb7: attributed to 001449; 0.1 s; peak memory 721 MiB.
2026-10-02T13:22:20Z INFO [1804/5769] ab6026ae-ce03-4c52-8722-8f33d4a53e8d: attributed to 001697; 0.3 s; peak memory 721 MiB.
2026-10-02T13:22:20Z INFO [1805/5769] ab6e1d18-eef6-4669-9002-c2337e3f6da3: attributed to 000946; 0.1 s; peak memory 721 MiB.
2026-10-02T13:22:20Z INFO [1806/5769] ab7233ca-6393-4bc1-9401-1cd8b2a655ee: attributed to 001697; 0.0 s; peak memory 721 MiB.
2026-10-02T13:22:21Z INFO [1807/5769] ab768f7d-e4f1-4c78-bbea-859f1d3b5738: attributed to 000026; 0.1 s; peak memory 721 MiB.
2026-10-02T13:22:21Z INFO [1808/5769] ab7add64-37eb-4be7-8a13-79c0ad920ebe: attributed to 001697; 0.3 s; peak memory 721 MiB.
2026-10-02T13:22:21Z INFO [1809/5769] ab8003e5-3c61-466f-aa2f-6a50755217d9: attributed to 001873; 0.3 s; peak memory 721 MiB.
2026-10-02T13:22:21Z INFO [1810/5769] ab8b5da5-5e42-4c7a-bcd4-9bf6bb2b1691: attributed to 000209; 0.0 s; peak memory 721 MiB.
2026-10-02T13:22:21Z INFO [1811/5769] ab8bde02-5746-4f7a-af8c-b5bf2ba0d259: attributed to 001697; 0.3 s; peak memory 721 MiB.
2026-10-02T13:22:21Z INFO [1812/5769] ab8e7457-f2dd-4a38-99af-7615c6252662: attributed to 001697; 0.0 s; peak memory 721 MiB.
2026-10-02T13:22:22Z INFO [1813/5769] ab900d72-3b9a-4e7e-b81f-45272bcb7fb5: attributed to 000026; 0.1 s; peak memory 721 MiB.
2026-10-02T13:22:22Z INFO [1814/5769] ab94e890-3fd5-4f34-b268-e9611c9e45da: attributed to 001697; 0.0 s; peak memory 721 MiB.
2026-10-02T13:22:22Z INFO [1815/5769] ab976ac7-2fbd-45dd-8acf-71168afeb4bd: attributed to 001697; 0.3 s; peak memory 721 MiB.
2026-10-02T13:22:22Z INFO [1816/5769] ab98cf26-2d15-47b9-8dca-f6e2736cc9d5: attributed to 000026; 0.2 s; peak memory 721 MiB.
2026-10-02T13:22:22Z INFO [1817/5769] ab98f757-7621-4439-8e1c-9b1f3e7964df: attributed to 000026; 0.1 s; peak memory 721 MiB.
2026-10-02T13:22:22Z INFO [1818/5769] ab9a36c1-3415-4575-b121-0c94f2695ee1: attributed to 000026; 0.1 s; peak memory 721 MiB.
2026-10-02T13:22:22Z INFO [1819/5769] ab9c5360-660d-4c5e-97ab-a3a59c12f167: attributed to 000209; 0.0 s; peak memory 721 MiB.
2026-10-02T13:22:23Z INFO [1820/5769] ab9d5611-9954-4542-a846-001d386fafbf: attributed to 001697; 0.3 s; peak memory 721 MiB.
2026-10-02T13:22:23Z INFO [1821/5769] ab9e2aa4-0ef5-4112-baba-ca2ab575729e: attributed to 001063; 0.1 s; peak memory 721 MiB.
2026-10-02T13:22:23Z INFO [1822/5769] aba4da61-683b-490d-a6ae-de9cd0b16ba5: attributed to 001697; 0.0 s; peak memory 721 MiB.
2026-10-02T13:22:23Z INFO [1823/5769] aba50f7c-d01e-4ae5-9089-e7eaaa0b8370: attributed to 000026; 0.2 s; peak memory 721 MiB.
2026-10-02T13:22:23Z INFO [1824/5769] abac50ac-33c0-4f65-98a4-a5d0d500d662: attributed to 000403; 0.0 s; peak memory 721 MiB.
2026-10-02T13:22:23Z INFO [1825/5769] abbb0980-b7df-492c-ac70-ae6426c6695e: attributed to 000026; 0.2 s; peak memory 721 MiB.
2026-10-02T13:22:23Z INFO [1826/5769] abc66593-3a6a-4a5d-8620-066145e6eb99: attributed to 001697; 0.4 s; peak memory 721 MiB.
2026-10-02T13:22:24Z INFO [1827/5769] abc79760-ead3-4a2e-b585-1eb89c0df8b7: attributed to 000026; 0.1 s; peak memory 721 MiB.
2026-10-02T13:22:24Z INFO [1828/5769] abcc9194-a848-49ba-bfbb-eb220587a5d5: attributed to 000403; 0.0 s; peak memory 721 MiB.
2026-10-02T13:22:24Z INFO [1829/5769] abce81f1-b98f-4180-904c-3c94e983507b: attributed to 001697; 0.0 s; peak memory 721 MiB.
2026-10-02T13:22:24Z INFO [1830/5769] abd9c03a-f7f1-4a91-9af3-5baf1fd69489: attributed to 001697; 0.0 s; peak memory 721 MiB.
2026-10-02T13:22:24Z INFO [1831/5769] abe5442c-6800-4ff7-8761-3d35cd62001a: attributed to 000026; 0.1 s; peak memory 721 MiB.
2026-10-02T13:22:24Z INFO [1832/5769] abecf227-1d51-4999-b6c1-a3a205f98032: attributed to 001697; 0.0 s; peak memory 721 MiB.
2026-10-02T13:22:24Z INFO [1833/5769] abf7b50f-e074-433b-92d6-7ffe92ecb281: attributed to 001697; 0.0 s; peak memory 721 MiB.
2026-10-02T13:22:24Z INFO [1834/5769] ac082ee0-1eb2-4302-92a7-4031a4659175: attributed to 000026; 0.2 s; peak memory 721 MiB.
2026-10-02T13:22:24Z INFO [1835/5769] ac1d5eb2-e0b1-4ffa-affd-3bd32febf581: attributed to 001697; 0.3 s; peak memory 721 MiB.
2026-10-02T13:22:24Z INFO [1836/5769] ac23a055-2eae-4aec-bdbe-f9106db45d3b: attributed to 000946; 0.1 s; peak memory 721 MiB.
2026-10-02T13:22:24Z INFO [1837/5769] ac2bc7c2-a756-4539-b206-71114e31af41: attributed to 001697; 0.2 s; peak memory 721 MiB.
2026-10-02T13:22:24Z INFO [1838/5769] ac4d77d2-3555-427f-acac-89fcbb2487a2: attributed to 001697; 0.0 s; peak memory 721 MiB.
2026-10-02T13:22:25Z INFO [1839/5769] ac507d65-fa6c-4628-84ae-a87021918b7f: attributed to 000946; 0.1 s; peak memory 721 MiB.
2026-10-02T13:22:25Z INFO [1840/5769] ac50a6f4-c12e-44b0-b216-eafeca2de241: attributed to 001630; 0.7 s; peak memory 721 MiB.
2026-10-02T13:22:26Z INFO [1841/5769] ac53d3b9-6df4-4048-a6a6-e1c66ba4798b: attributed to 001697; 0.3 s; peak memory 721 MiB.
2026-10-02T13:22:26Z INFO [1842/5769] ac54298e-fbc9-4bcd-8b55-c3f3b4e8fd2a: attributed to 000173; 0.1 s; peak memory 721 MiB.
2026-10-02T13:22:26Z INFO [1843/5769] ac58ab4f-ceb8-401e-8334-db61fc561b90: attributed to 001697; 0.0 s; peak memory 721 MiB.
2026-10-02T13:22:26Z INFO [1844/5769] ac5e681e-fb54-498a-a49a-08655967a1db: attributed to 000946; 0.1 s; peak memory 721 MiB.
2026-10-02T13:22:26Z INFO [1845/5769] ac66e486-dfb2-4e4b-bd76-a0ecf910db6e: attributed to 001697; 0.0 s; peak memory 721 MiB.
2026-10-02T13:22:26Z INFO [1846/5769] ac78f1c6-7c72-460d-b67a-277bc152a779: attributed to 000142; 0.0 s; peak memory 721 MiB.
2026-10-02T13:22:26Z INFO [1847/5769] ac7f8a48-c380-43b0-847c-b8effdf3c08d: attributed to 001748; 0.0 s; peak memory 721 MiB.
2026-10-02T13:22:26Z INFO [1848/5769] ac7fe6f3-da99-407c-ad09-819d76ff9c63: attributed to 000026; 0.2 s; peak memory 721 MiB.
2026-10-02T13:22:26Z INFO [1849/5769] ac81d0d1-bf39-47b0-a495-51ca81addd08: attributed to 001697; 0.3 s; peak memory 721 MiB.
2026-10-02T13:22:27Z INFO [1850/5769] ac81ee2e-04c7-42da-8c1a-6ba919cabfb9: attributed to 000026; 0.3 s; peak memory 721 MiB.
2026-10-02T13:22:28Z INFO [1850/5769] ac81ee2e-04c7-42da-8c1a-6ba919cabfb9: checkpointed 506547 records.
2026-10-02T13:22:28Z INFO [1851/5769] ac8cd35b-5954-4628-8928-363d0713ba78: attributed to 001697; 0.0 s; peak memory 721 MiB.
2026-10-02T13:22:28Z INFO [1852/5769] ac920fc7-c5e0-4896-a277-0a8d1997b599: attributed to 001697; 0.4 s; peak memory 721 MiB.
2026-10-02T13:22:28Z INFO [1853/5769] acb2e0fb-8e2d-463d-a3c5-75d84ca5bf22: attributed to 000026; 0.2 s; peak memory 721 MiB.
2026-10-02T13:22:28Z INFO [1854/5769] acb4d4bb-dea1-4aad-bd88-8d10b8771b3b: attributed to 000026; 0.1 s; peak memory 721 MiB.
2026-10-02T13:22:28Z INFO [1855/5769] accfcd58-e023-4ca9-bc8b-1524fa940284: attributed to 000946; 0.1 s; peak memory 721 MiB.
2026-10-02T13:22:29Z INFO [1856/5769] acd8fbfe-8c3d-4a20-b6d0-e9a5887196df: attributed to 000026; 0.2 s; peak memory 721 MiB.
2026-10-02T13:22:29Z INFO [1857/5769] ace1a59f-75ce-483b-bf5a-9cb64de6feb4: attributed to 001449; 0.1 s; peak memory 721 MiB.
2026-10-02T13:22:29Z INFO [1858/5769] ace489b4-d8c5-4de1-96fc-0f028d509291: attributed to 001697; 0.3 s; peak memory 721 MiB.
2026-10-02T13:22:29Z INFO [1859/5769] acef740f-631b-4e0e-b42f-9beb6f7987bd: attributed to 001449; 0.1 s; peak memory 721 MiB.
2026-10-02T13:22:29Z INFO [1860/5769] acfb7bd5-d54e-4109-b7bc-82251c62b5f8: attributed to 000946; 0.1 s; peak memory 721 MiB.
2026-10-02T13:22:29Z INFO [1861/5769] acfb91f8-59e4-488f-8970-7bda4de17dc2: attributed to 001697; 0.3 s; peak memory 721 MiB.
2026-10-02T13:22:30Z INFO [1862/5769] acff561d-1a66-4a6b-a004-def4aac004fb: attributed to 000026; 0.1 s; peak memory 721 MiB.
2026-10-02T13:22:30Z INFO [1863/5769] ad003f2b-0d87-41da-a52c-62a10d11924f: attributed to 000231; 0.2 s; peak memory 721 MiB.
2026-10-02T13:22:30Z INFO [1864/5769] ad135e67-8b28-49f5-822c-9259864e5867: attributed to 000946; 0.1 s; peak memory 721 MiB.
2026-10-02T13:22:30Z INFO [1865/5769] ad16eb64-9e7d-426b-8cad-aee232ff1d9d: attributed to 000570; 0.0 s; peak memory 721 MiB.
2026-10-02T13:22:30Z INFO [1866/5769] ad1b9a1d-0528-4d3f-bce5-0c7bbdbb9e41: attributed to 001697; 0.0 s; peak memory 721 MiB.
2026-10-02T13:22:31Z INFO [1867/5769] ad1dc619-dbc7-459a-877f-5a864a656265: attributed to 001697; 0.6 s; peak memory 721 MiB.
2026-10-02T13:22:31Z INFO [1868/5769] ad1f13e3-62eb-4d5d-9552-0e37cd239321: attributed to 001697; 0.5 s; peak memory 721 MiB.
2026-10-02T13:22:31Z INFO [1869/5769] ad233fa7-9749-4a20-b5aa-135a1512a914: attributed to 000946; 0.1 s; peak memory 721 MiB.
2026-10-02T13:22:31Z INFO [1870/5769] ad39577a-6625-47af-bdc8-c53a063a79ae: attributed to 001697; 0.0 s; peak memory 721 MiB.
2026-10-02T13:22:31Z INFO [1871/5769] ad44c20c-428a-4cd0-9656-b46f41914f3b: attributed to 000142; 0.0 s; peak memory 721 MiB.
2026-10-02T13:22:31Z INFO [1872/5769] ad463b06-30ef-43e6-ac1c-8e5778ee407f: attributed to 000946; 0.1 s; peak memory 721 MiB.
2026-10-02T13:22:31Z INFO [1873/5769] ad5a1536-8540-4c3c-9d7d-d807148f4f94: attributed to 001697; 0.0 s; peak memory 721 MiB.
2026-10-02T13:22:31Z INFO [1874/5769] ad5b6809-e1de-475f-a649-a5173353d706: attributed to 000142; 0.0 s; peak memory 721 MiB.
2026-10-02T13:22:31Z INFO [1875/5769] ad5bd1d4-7134-449e-94e3-c03b40255119: attributed to 001697; 0.0 s; peak memory 721 MiB.
2026-10-02T13:22:31Z INFO [1876/5769] ad5eeb00-a3a3-4bab-b4cc-78809e2b331a: attributed to 000026; 0.1 s; peak memory 721 MiB.
2026-10-02T13:22:31Z INFO [1877/5769] ad60e5c2-1fa2-458c-b872-c1fa19420106: attributed to 001063; 0.1 s; peak memory 721 MiB.
2026-10-02T13:22:31Z INFO [1878/5769] ad69b08b-e35a-4da8-ba9b-912fc887474d: attributed to 000109; 0.0 s; peak memory 721 MiB.
2026-10-02T13:22:32Z INFO [1879/5769] ad8e3df5-7bf6-4711-b011-57932807da57: attributed to 001697; 0.3 s; peak memory 721 MiB.
2026-10-02T13:22:32Z INFO [1880/5769] ad914d9f-daf3-4919-95be-66ff68bd35c6: attributed to 001697; 0.0 s; peak memory 721 MiB.
2026-10-02T13:22:32Z INFO [1881/5769] ad931820-ea3e-40c7-902d-22f719de1d6d: attributed to 000946; 0.1 s; peak memory 721 MiB.
2026-10-02T13:22:32Z INFO [1882/5769] ad9f2b42-e9c8-43df-aa27-90990ffaf0a9: attributed to 000026; 0.2 s; peak memory 721 MiB.
2026-10-02T13:22:32Z INFO [1883/5769] ad9f3d42-a730-4605-8664-a20e235143a9: attributed to 000946; 0.1 s; peak memory 721 MiB.
2026-10-02T13:22:32Z INFO [1884/5769] ada1db6d-0932-44e3-8d23-3ec78c86a904: attributed to 001697; 0.3 s; peak memory 721 MiB.
2026-10-02T13:22:33Z INFO [1885/5769] ada26edf-1912-4750-b1ca-0a770210fa34: attributed to 002012; 1.1 s; peak memory 721 MiB.
2026-10-02T13:22:34Z INFO [1886/5769] ada38171-6033-4f15-8f8d-32f40cdae5dd: attributed to 000026; 0.1 s; peak memory 721 MiB.
2026-10-02T13:22:34Z INFO [1887/5769] ada4cd9a-cacc-4489-b2b6-addd65a08b5b: attributed to 001697; 0.0 s; peak memory 721 MiB.
2026-10-02T13:22:34Z INFO [1888/5769] ada62579-133a-4588-b184-a1c9130970ee: attributed to 001697; 0.3 s; peak memory 721 MiB.
2026-10-02T13:22:34Z INFO [1889/5769] ada75ac6-f939-4459-b7d4-7f545cc50ef4: attributed to 001063; 0.1 s; peak memory 721 MiB.
2026-10-02T13:22:34Z INFO [1890/5769] ada87fea-2169-4344-bfb3-0bbdf374e33e: attributed to 001697; 0.3 s; peak memory 721 MiB.
2026-10-02T13:22:34Z INFO [1891/5769] adc2e108-66d6-4974-a535-87dffafba4f2: attributed to 000026; 0.2 s; peak memory 721 MiB.
2026-10-02T13:22:35Z INFO [1892/5769] adc3db73-74a0-4020-bebd-a13722e1150b: attributed to 000026; 0.1 s; peak memory 721 MiB.
2026-10-02T13:22:35Z INFO [1893/5769] adca53e2-2bed-49fc-b8e4-3e79658ef4f8: attributed to 001697; 0.3 s; peak memory 721 MiB.
2026-10-02T13:22:35Z INFO [1894/5769] ade1989f-fa40-4a37-a4eb-317b952222a6: attributed to 000026; 0.2 s; peak memory 721 MiB.
2026-10-02T13:22:35Z INFO [1895/5769] ade1c2d6-da86-49b6-b9cb-18fbf2f87b61: attributed to 001697; 0.3 s; peak memory 721 MiB.
2026-10-02T13:22:35Z INFO [1896/5769] ade4ab6c-54af-4717-b364-b3f3a8b2f016: attributed to 000026; 0.1 s; peak memory 721 MiB.
2026-10-02T13:22:36Z INFO [1897/5769] ade59fc0-3843-418a-a6d8-262b9415e62e: attributed to 001697; 0.3 s; peak memory 721 MiB.
2026-10-02T13:22:36Z INFO [1898/5769] adfa1000-b58f-4a7b-9e11-0c49aa9e1b17: attributed to 001449; 0.3 s; peak memory 721 MiB.
2026-10-02T13:22:36Z INFO [1899/5769] adfa9c63-fb9b-42c3-81b6-cbde3e01efed: attributed to 001697; 0.0 s; peak memory 721 MiB.
2026-10-02T13:22:36Z INFO [1900/5769] adfaf678-d22a-4c81-95da-c3cb12511636: attributed to 001697; 0.0 s; peak memory 721 MiB.
2026-10-02T13:22:37Z INFO [1900/5769] adfaf678-d22a-4c81-95da-c3cb12511636: checkpointed 506547 records.
2026-10-02T13:22:37Z INFO [1901/5769] adfb7378-b442-45e5-8fb3-0f070fb490d5: attributed to 001697; 0.3 s; peak memory 721 MiB.
2026-10-02T13:22:37Z INFO [1902/5769] adfccda4-fb36-4621-bc5e-5e3bc565860a: attributed to 000403; 0.0 s; peak memory 721 MiB.
2026-10-02T13:22:37Z INFO [1903/5769] ae0bdf53-8da9-4877-a04c-f869984f8ce9: attributed to 000946; 0.1 s; peak memory 721 MiB.
2026-10-02T13:22:37Z INFO [1904/5769] ae1b0794-bfe6-4ccf-94bb-3880ce107be8: attributed to 001697; 0.0 s; peak memory 721 MiB.
2026-10-02T13:22:38Z INFO [1905/5769] ae20294c-47ea-4605-a46c-59a27bd7e926: attributed to 001697; 0.3 s; peak memory 721 MiB.
2026-10-02T13:22:38Z INFO [1906/5769] ae299228-cfe6-4272-8fe3-4d4b96b023be: attributed to 001697; 0.6 s; peak memory 721 MiB.
2026-10-02T13:22:39Z INFO [1907/5769] ae2bee59-7345-4489-8254-628f70b3c066: attributed to 001697; 0.5 s; peak memory 721 MiB.
2026-10-02T13:22:39Z INFO [1908/5769] ae2d0b1d-2c38-4ce4-9ca1-ced30069b1be: attributed to 001449; 0.1 s; peak memory 721 MiB.
2026-10-02T13:22:39Z INFO [1909/5769] ae2ec33a-4e8d-489f-9191-85477b267299: attributed to 000142; 0.0 s; peak memory 721 MiB.
2026-10-02T13:22:39Z INFO [1910/5769] ae332cd3-3bb3-4cc0-b11d-56476314726b: attributed to 001697; 0.0 s; peak memory 721 MiB.
2026-10-02T13:22:39Z INFO [1911/5769] ae371e12-14a8-4dd6-9769-5512c4e68dcc: attributed to 001697; 0.0 s; peak memory 721 MiB.
2026-10-02T13:22:39Z INFO [1912/5769] ae3a406d-8449-449e-9852-b83f9a0ee8fc: attributed to 001697; 0.3 s; peak memory 721 MiB.
2026-10-02T13:22:40Z INFO [1913/5769] ae3b7b4b-3cbe-41d2-853e-0549348d452c: attributed to 001697; 0.5 s; peak memory 721 MiB.
2026-10-02T13:22:40Z INFO [1914/5769] ae3d882b-4407-4798-9df0-7a097b21f3da: attributed to 001697; 0.3 s; peak memory 721 MiB.
2026-10-02T13:22:40Z INFO [1915/5769] ae3e7348-c423-4449-bc71-b4f93ac9f994: attributed to 001697; 0.0 s; peak memory 721 MiB.
2026-10-02T13:22:40Z INFO [1916/5769] ae4487ab-7898-4c44-889b-a4647263f6f2: attributed to 001697; 0.3 s; peak memory 721 MiB.
2026-10-02T13:22:41Z INFO [1917/5769] ae468477-fb8e-4e36-90f4-db2df1ad1167: attributed to 001697; 0.4 s; peak memory 721 MiB.
2026-10-02T13:22:41Z INFO [1918/5769] ae55ad8b-ebcc-4aec-82eb-374f65cc110b: attributed to 000026; 0.1 s; peak memory 721 MiB.
2026-10-02T13:22:42Z INFO [1919/5769] ae5adf85-a937-4f1a-934e-16fd620f2678: attributed to 001697; 0.7 s; peak memory 721 MiB.
2026-10-02T13:22:42Z INFO [1920/5769] ae610b77-f56a-477c-b9ed-e37071095953: attributed to 001697; 0.3 s; peak memory 721 MiB.
2026-10-02T13:22:42Z INFO [1921/5769] ae643045-4093-4cde-b57e-b20516859320: attributed to 001697; 0.3 s; peak memory 721 MiB.
2026-10-02T13:22:42Z INFO [1922/5769] ae662640-2568-4d1a-8f9f-db788a8cf991: attributed to 000403; 0.0 s; peak memory 721 MiB.
2026-10-02T13:22:42Z INFO [1923/5769] ae6ab96b-dd16-46dc-9a24-3354e8b7234e: attributed to 001697; 0.0 s; peak memory 721 MiB.
2026-10-02T13:22:42Z INFO [1924/5769] ae6c1f44-f3f7-4426-9b03-b75c4c0cb63f: attributed to 001697; 0.0 s; peak memory 721 MiB.
2026-10-02T13:22:42Z INFO [1925/5769] ae6db666-7b24-48b0-94b7-b937569499c8: attributed to 000026; 0.1 s; peak memory 721 MiB.
2026-10-02T13:22:43Z INFO [1926/5769] ae6eb79d-6b8e-480b-85a8-47bb45ff9b39: attributed to 001697; 0.3 s; peak memory 721 MiB.
2026-10-02T13:22:43Z INFO [1927/5769] ae6f5a9e-e4d4-4606-a3d5-d9431d7c8af8: attributed to 001697; 0.3 s; peak memory 721 MiB.
2026-10-02T13:22:43Z INFO [1928/5769] ae73ccd7-a79d-4053-9420-5553a214280e: attributed to 001697; 0.0 s; peak memory 721 MiB.
2026-10-02T13:22:43Z INFO [1929/5769] ae7ef5e7-a85b-4c57-a727-07f04402e9bd: attributed to 001697; 0.3 s; peak memory 721 MiB.
2026-10-02T13:22:43Z INFO [1930/5769] ae8188ba-7dde-4793-8344-9977beea3c4a: attributed to 001697; 0.0 s; peak memory 721 MiB.
2026-10-02T13:22:43Z INFO [1931/5769] ae841cd6-9c91-4056-be6c-b3c4da2d2600: attributed to 001697; 0.0 s; peak memory 721 MiB.
2026-10-02T13:22:43Z INFO [1932/5769] ae861fdd-4845-47bd-9418-848d5f22d996: attributed to 001697; 0.0 s; peak memory 721 MiB.
2026-10-02T13:22:44Z INFO [1933/5769] ae8cacd0-3290-4817-9963-1ffe004be9c0: attributed to 000571; 1.2 s; peak memory 721 MiB.
2026-10-02T13:22:44Z INFO [1934/5769] ae8cc296-4e69-42e0-bdcd-de1871e4c781: attributed to 000946; 0.1 s; peak memory 721 MiB.
2026-10-02T13:22:45Z INFO [1935/5769] ae8ffede-0e8f-4c7d-ada5-a64f2a04b779: attributed to 001697; 0.3 s; peak memory 721 MiB.
2026-10-02T13:22:45Z INFO [1936/5769] ae93161d-b209-428c-a197-c2d9d00fb7ac: attributed to 000026; 0.1 s; peak memory 721 MiB.
2026-10-02T13:22:45Z INFO [1937/5769] ae93f00e-f4b5-4eb5-8f3d-ce4fa0fcb96f: attributed to 000571; 0.1 s; peak memory 721 MiB.
2026-10-02T13:22:45Z INFO [1938/5769] ae975f13-9bda-4f50-a561-aaada7ed1c5b: attributed to 001873; 0.4 s; peak memory 721 MiB.
2026-10-02T13:22:45Z INFO [1939/5769] ae98ba83-32b5-471e-8600-4c800d2b10a2: attributed to 000026; 0.2 s; peak memory 721 MiB.
2026-10-02T13:22:45Z INFO [1940/5769] ae9b7889-0d77-42ef-af1d-ada406665a5a: attributed to 001697; 0.0 s; peak memory 721 MiB.
2026-10-02T13:22:46Z INFO [1941/5769] aea1127d-4a3f-415f-a27a-61b88026b0cb: attributed to 001697; 0.3 s; peak memory 721 MiB.
2026-10-02T13:22:46Z INFO [1942/5769] aea283c2-b2bb-456d-b266-1cc5235aa56b: attributed to 000293; 0.0 s; peak memory 721 MiB.
2026-10-02T13:22:46Z INFO [1943/5769] aea4cab8-2da8-42cb-aa79-f6516687faa1: attributed to 001697; 0.3 s; peak memory 721 MiB.
2026-10-02T13:22:46Z INFO [1944/5769] aeb18b37-5e35-4b19-a7ec-f187bc3cca8c: attributed to 001697; 0.0 s; peak memory 721 MiB.
2026-10-02T13:22:46Z INFO [1945/5769] aeb4e56f-bb8b-48e6-b5ba-1f46c1b0d94a: attributed to 001697; 0.0 s; peak memory 721 MiB.
2026-10-02T13:22:46Z INFO [1946/5769] aeb5bad3-5c00-4fc3-9c3d-ad1bb8fa7693: attributed to 001697; 0.3 s; peak memory 721 MiB.
2026-10-02T13:22:46Z INFO [1947/5769] aeb81439-f280-43cb-9317-7df5bbf30098: attributed to 000026; 0.1 s; peak memory 721 MiB.
2026-10-02T13:22:46Z INFO [1948/5769] aeb969f6-fd68-4e06-83fc-e21364eab8db: attributed to 000209; 0.0 s; peak memory 721 MiB.
2026-10-02T13:22:47Z INFO [1949/5769] aebaed1e-5832-4b9f-a47f-72201cc72d7a: attributed to 001063; 0.1 s; peak memory 721 MiB.
2026-10-02T13:22:47Z INFO [1950/5769] aebc9e83-7ab4-4cfe-ba36-834d7c311f29: attributed to 001697; 0.4 s; peak memory 721 MiB.
2026-10-02T13:22:48Z INFO [1950/5769] aebc9e83-7ab4-4cfe-ba36-834d7c311f29: checkpointed 506547 records.
2026-10-02T13:22:49Z INFO [1951/5769] aebcf511-7eb6-4b8d-939f-1d59cba6837c: attributed to 001452; 1.0 s; peak memory 721 MiB.
2026-10-02T13:22:49Z INFO [1952/5769] aec081b2-93b4-4a7f-b5d4-85df337b2f34: attributed to 001697; 0.4 s; peak memory 721 MiB.
2026-10-02T13:22:49Z INFO [1953/5769] aec5a777-0c69-43cd-a15b-9beef88294f4: attributed to 001697; 0.0 s; peak memory 721 MiB.
2026-10-02T13:22:50Z INFO [1954/5769] aec73abb-d75d-4cc1-b257-12070ce059d3: attributed to 001697; 0.5 s; peak memory 721 MiB.
2026-10-02T13:22:50Z INFO [1955/5769] aec8e4e7-6f21-4a48-b203-35bf07f580fe: attributed to 001697; 0.4 s; peak memory 721 MiB.
2026-10-02T13:22:50Z INFO [1956/5769] aecc241b-2639-45e8-a32d-1b7e4582ab87: attributed to 000142; 0.0 s; peak memory 721 MiB.
2026-10-02T13:22:51Z INFO [1957/5769] aed68b1a-3be2-4663-b679-dd3b7b05da3a: attributed to 001697; 0.3 s; peak memory 721 MiB.
2026-10-02T13:22:51Z INFO [1958/5769] aedb2c58-0a62-446b-9336-04cf264f9e48: attributed to 001473; 0.2 s; peak memory 721 MiB.
2026-10-02T13:22:51Z INFO [1959/5769] aee02989-dc11-4511-800e-55aeb7bd2884: attributed to 001697; 0.3 s; peak memory 721 MiB.
2026-10-02T13:22:51Z INFO [1960/5769] aeebf78a-d086-41e8-bc7b-ce5879872876: attributed to 001697; 0.0 s; peak memory 721 MiB.
2026-10-02T13:22:51Z INFO [1961/5769] aef09550-9e3e-4e93-bd22-2f285702486c: attributed to 001697; 0.3 s; peak memory 721 MiB.
2026-10-02T13:22:52Z INFO [1962/5769] aef836db-af3a-49c9-a1c4-8943570a563c: attributed to 000026; 0.4 s; peak memory 721 MiB.
2026-10-02T13:22:52Z INFO [1963/5769] aefb91c5-8dd2-4703-9c5a-52eb39a6fbf6: attributed to 001697; 0.0 s; peak memory 721 MiB.
2026-10-02T13:22:52Z INFO [1964/5769] af00e28e-b712-4654-9b25-250ef7734bf5: attributed to 001873; 0.4 s; peak memory 721 MiB.
2026-10-02T13:22:52Z INFO [1965/5769] af04ff99-70df-463c-9728-c53493eb3733: attributed to 001697; 0.0 s; peak memory 721 MiB.
2026-10-02T13:22:52Z INFO [1966/5769] af163198-fff9-45fb-ad82-8587dc49e302: attributed to 000109; 0.0 s; peak memory 721 MiB.
2026-10-02T13:22:52Z INFO [1967/5769] af1b2135-bf2f-4d31-b48c-cc941d3cdcad: attributed to 001697; 0.0 s; peak memory 721 MiB.
2026-10-02T13:22:52Z INFO [1968/5769] af1c186a-fa0b-4a67-95ca-fb80e88e3685: attributed to 000026; 0.2 s; peak memory 721 MiB.
2026-10-02T13:22:53Z INFO [1969/5769] af1d72b7-9331-4d0c-9cfc-82d5812395da: attributed to 001697; 0.3 s; peak memory 721 MiB.
2026-10-02T13:22:53Z INFO [1970/5769] af1ee302-1747-4ea7-83ee-cb36b4286a44: attributed to 001697; 0.0 s; peak memory 721 MiB.
2026-10-02T13:22:53Z INFO [1971/5769] af1fb626-5d42-407c-bfd3-14585cc75ccb: attributed to 001697; 0.0 s; peak memory 721 MiB.
2026-10-02T13:22:53Z INFO [1972/5769] af466ee6-fcd0-4784-bc3c-55c7cbc9a706: attributed to 001697; 0.3 s; peak memory 721 MiB.
2026-10-02T13:22:53Z INFO [1973/5769] af4fad65-514b-4e8a-b085-c96a753c7e59: attributed to 001697; 0.0 s; peak memory 721 MiB.
2026-10-02T13:22:53Z INFO [1974/5769] af52320b-2b8d-4f8e-903a-cc20bd4fede4: attributed to 001697; 0.2 s; peak memory 721 MiB.
2026-10-02T13:22:53Z INFO [1975/5769] af5d76b3-58cd-48b6-b43b-d4b51401272a: attributed to 001697; 0.0 s; peak memory 721 MiB.
2026-10-02T13:22:53Z INFO [1976/5769] af63af3f-d419-48a9-915b-4f68423c639e: attributed to 001697; 0.0 s; peak memory 721 MiB.
2026-10-02T13:22:53Z INFO [1977/5769] af70b1be-18db-4b67-93c5-d7681f16ae5a: attributed to 001697; 0.0 s; peak memory 721 MiB.
2026-10-02T13:22:53Z INFO [1978/5769] af73951b-2af1-4eac-ad67-3d24fade5937: attributed to 000465; 0.0 s; peak memory 721 MiB.
2026-10-02T13:22:53Z INFO [1979/5769] af79dbdd-31b5-44ff-848a-f0459119b439: attributed to 000403; 0.0 s; peak memory 721 MiB.
2026-10-02T13:22:54Z INFO [1980/5769] af7e0f77-7478-4882-9a20-84c1c2b4df88: attributed to 001697; 0.3 s; peak memory 721 MiB.
2026-10-02T13:22:54Z INFO [1981/5769] af82c43c-9b67-4b13-a6c4-7fea0cccbf74: attributed to 001697; 0.3 s; peak memory 721 MiB.
2026-10-02T13:22:54Z INFO [1982/5769] af83f0cd-3979-4f7c-a0cc-7db3ec4beefd: attributed to 001697; 0.3 s; peak memory 721 MiB.
2026-10-02T13:22:54Z INFO [1983/5769] af9e946c-bffc-4ea8-8ff1-04e25bdcd0bf: attributed to 001873; 0.4 s; peak memory 721 MiB.
2026-10-02T13:22:54Z INFO [1984/5769] afb05b30-f3fc-4c88-93df-08cbe06a25ea: attributed to 000570; 0.0 s; peak memory 721 MiB.
2026-10-02T13:22:54Z INFO [1985/5769] afb07ee8-4dee-4f49-bef0-6128aa5ba8a4: attributed to 001697; 0.0 s; peak memory 721 MiB.
2026-10-02T13:22:55Z INFO [1986/5769] afb16126-a2c3-499a-b686-0c11944bce40: attributed to 001697; 0.3 s; peak memory 721 MiB.
2026-10-02T13:22:55Z INFO [1987/5769] afb238a6-7383-488a-9885-fb249be4c659: attributed to 001437; 0.1 s; peak memory 721 MiB.
2026-10-02T13:22:55Z INFO [1988/5769] afb8232a-9d55-4e43-acd3-7ff30901422b: attributed to 000946; 0.1 s; peak memory 721 MiB.
2026-10-02T13:22:55Z INFO [1989/5769] afc1f8a7-4059-4187-94e8-769b674513a9: attributed to 001697; 0.3 s; peak memory 721 MiB.
2026-10-02T13:22:55Z INFO [1990/5769] afcb1919-923e-4fa3-a13e-534d04256299: attributed to 001697; 0.0 s; peak memory 721 MiB.
2026-10-02T13:22:56Z INFO [1991/5769] afd0c0a1-5b8a-4f27-86b6-a58742ecc91b: attributed to 001873; 0.4 s; peak memory 721 MiB.
2026-10-02T13:22:56Z INFO [1992/5769] afd238da-7732-4218-b9d0-6c61b453350e: attributed to 001873; 0.4 s; peak memory 721 MiB.
2026-10-02T13:22:56Z INFO [1993/5769] afd5308c-44fc-4a4c-9a1d-4a3d379370de: attributed to 000403; 0.0 s; peak memory 721 MiB.
2026-10-02T13:22:56Z INFO [1994/5769] afd6d875-f064-4e82-8e98-6fbd8577fef5: attributed to 001697; 0.3 s; peak memory 721 MiB.
2026-10-02T13:22:56Z INFO [1995/5769] afda031e-ae6c-4311-be24-8b52da28a948: attributed to 000946; 0.1 s; peak memory 721 MiB.
2026-10-02T13:22:57Z INFO [1996/5769] afddb3c4-3eef-4d66-ab37-3f3db5d50ac1: attributed to 001697; 0.3 s; peak memory 721 MiB.
2026-10-02T13:22:57Z INFO [1997/5769] afde322d-d3ad-4806-8b80-24ed3d94281b: attributed to 000946; 0.1 s; peak memory 721 MiB.
2026-10-02T13:22:57Z INFO [1998/5769] afe7b883-68a6-4989-a1de-b0b839cfff99: attributed to 000026; 0.1 s; peak memory 721 MiB.
2026-10-02T13:22:57Z INFO [1999/5769] afe7f7ac-526e-43cd-95b3-559438a9dcbd: attributed to 001697; 0.0 s; peak memory 721 MiB.
2026-10-02T13:22:57Z INFO [2000/5769] afe9596f-4382-45be-a46b-fa6ec9bbabe8: attributed to 001697; 0.3 s; peak memory 721 MiB.
2026-10-02T13:22:58Z INFO [2000/5769] afe9596f-4382-45be-a46b-fa6ec9bbabe8: checkpointed 506547 records.
2026-10-02T13:22:59Z INFO [2001/5769] afeeaded-ba6a-4b62-be5f-3452a0275617: attributed to 001697; 0.6 s; peak memory 721 MiB.
2026-10-02T13:22:59Z INFO [2002/5769] affc6132-96f6-4521-9518-8956da33f5d1: attributed to 001697; 0.5 s; peak memory 721 MiB.
2026-10-02T13:22:59Z INFO [2003/5769] afffd4e8-4665-44bc-be15-707e9d82013c: attributed to 001258; 0.0 s; peak memory 721 MiB.
2026-10-02T13:22:59Z INFO [2004/5769] afffd77a-93d9-4c4c-b3d7-fb4b5ab56a5c: attributed to 001697; 0.0 s; peak memory 721 MiB.
2026-10-02T13:23:00Z INFO [2005/5769] b003c2f3-3968-4224-bfcc-3f524a286648: attributed to 001697; 0.4 s; peak memory 721 MiB.
2026-10-02T13:23:00Z INFO [2006/5769] b00d1335-4c60-495c-a986-ad91da5722d2: attributed to 000946; 0.1 s; peak memory 721 MiB.
2026-10-02T13:23:01Z INFO [2007/5769] b00eb05f-0c3e-4dd8-83c4-9bb56d085c77: attributed to 001873; 0.9 s; peak memory 721 MiB.
2026-10-02T13:23:01Z INFO [2008/5769] b015b262-fe2e-4492-82d0-f5a972b49256: attributed to 001697; 0.0 s; peak memory 721 MiB.
2026-10-02T13:23:01Z INFO [2009/5769] b0238e91-e9c6-4ca5-85a9-64fdcff10c5d: attributed to 000568; 0.1 s; peak memory 721 MiB.
2026-10-02T13:23:03Z INFO [2010/5769] b0240c0c-7023-4d9b-ae23-215d141193d2: attributed to 001345; 1.7 s; peak memory 721 MiB.
2026-10-02T13:23:03Z INFO [2011/5769] b0291786-0e00-4aac-b4b7-5716ab5c2a2a: attributed to 001697; 0.0 s; peak memory 721 MiB.
2026-10-02T13:23:03Z INFO [2012/5769] b037a93e-b723-4cb1-b193-56693472d392: attributed to 000026; 0.1 s; peak memory 721 MiB.
2026-10-02T13:23:03Z INFO [2013/5769] b050b2dd-1e34-42d7-bd71-fd232f17cb01: attributed to 000026; 0.1 s; peak memory 721 MiB.
2026-10-02T13:23:03Z INFO [2014/5769] b05bb61c-351b-4722-b7ff-575d3a8a2b63: attributed to 001697; 0.0 s; peak memory 721 MiB.
2026-10-02T13:23:03Z INFO [2015/5769] b05eda96-2fa9-4baf-8425-0c9b70152228: attributed to 000026; 0.1 s; peak memory 721 MiB.
2026-10-02T13:23:03Z INFO [2016/5769] b0620607-f0bf-446b-835d-bfab99ad7d7f: attributed to 001873; 0.4 s; peak memory 721 MiB.
2026-10-02T13:23:03Z INFO [2017/5769] b0660bda-bf6f-4269-98a2-7ed8ec01f1b4: attributed to 000026; 0.1 s; peak memory 721 MiB.
2026-10-02T13:23:03Z INFO [2018/5769] b06bb001-69f3-4a8e-b474-14654433f210: attributed to 001697; 0.0 s; peak memory 721 MiB.
2026-10-02T13:23:04Z INFO [2019/5769] b06d4927-9767-4b91-936a-6f2f50dba7ce: attributed to 001697; 0.3 s; peak memory 721 MiB.
2026-10-02T13:23:04Z INFO [2020/5769] b06d6a85-260e-4058-a367-73e325f10cb6: attributed to 001697; 0.3 s; peak memory 721 MiB.
2026-10-02T13:23:04Z INFO [2021/5769] b0700d50-8374-4934-8fb0-a70c5645593b: attributed to 001697; 0.3 s; peak memory 721 MiB.
2026-10-02T13:23:05Z INFO [2022/5769] b071c51a-25ed-4772-a106-7a65252c7f11: attributed to 001697; 0.3 s; peak memory 721 MiB.
2026-10-02T13:23:05Z INFO [2023/5769] b07d5892-7c23-4123-bd70-c24b216f6bca: attributed to 001697; 0.3 s; peak memory 721 MiB.
2026-10-02T13:23:05Z INFO [2024/5769] b07f6439-003d-4d94-bd91-b1c699477b4e: attributed to 001697; 0.3 s; peak memory 721 MiB.
2026-10-02T13:23:06Z INFO [2025/5769] b0824c58-e5d5-48ec-98c2-8359201a2637: attributed to 000026; 0.2 s; peak memory 721 MiB.
2026-10-02T13:23:06Z INFO [2026/5769] b082fb4b-b755-4d56-88ec-86ac4a556b48: attributed to 001697; 0.0 s; peak memory 721 MiB.
2026-10-02T13:23:06Z INFO [2027/5769] b0896cf6-bfd4-4b62-82b3-6e925417883d: attributed to 001697; 0.3 s; peak memory 721 MiB.
2026-10-02T13:23:06Z INFO [2028/5769] b08b944c-0297-4f0f-863b-e05d75db68cf: attributed to 001697; 0.4 s; peak memory 721 MiB.
2026-10-02T13:23:06Z INFO [2029/5769] b08dfcfa-b0c4-4c59-9811-841b9c421166: attributed to 000026; 0.1 s; peak memory 721 MiB.
2026-10-02T13:23:07Z INFO [2030/5769] b092ed3c-90ae-4a2e-8c7e-407fcfb7b28f: attributed to 001697; 0.4 s; peak memory 721 MiB.
2026-10-02T13:23:07Z INFO [2031/5769] b09420c0-f5dc-4ad8-b07f-8a42849f8525: attributed to 001697; 0.6 s; peak memory 721 MiB.
2026-10-02T13:23:07Z INFO [2032/5769] b0a33cbd-eb78-4ddd-8ae5-445631562ade: attributed to 000403; 0.1 s; peak memory 721 MiB.
2026-10-02T13:23:08Z INFO [2033/5769] b0a5757b-4525-465c-860b-4b09af6ac277: attributed to 001697; 0.3 s; peak memory 721 MiB.
2026-10-02T13:23:08Z INFO [2034/5769] b0a80497-dc6d-44a5-85c8-27b4f93054c0: attributed to 000026; 0.1 s; peak memory 721 MiB.
2026-10-02T13:23:08Z INFO [2035/5769] b0a8eedd-8591-4fcb-8f7b-5afe6c9ee65c: attributed to 000109; 0.0 s; peak memory 721 MiB.
2026-10-02T13:23:08Z INFO [2036/5769] b0b086f7-36e0-4143-a6a0-b59e1e4dd98e: attributed to 000403; 0.0 s; peak memory 721 MiB.
2026-10-02T13:23:08Z INFO [2037/5769] b0b693a5-5d4b-445d-8c2a-772c903fb238: attributed to 001697; 0.3 s; peak memory 721 MiB.
2026-10-02T13:23:08Z INFO [2038/5769] b0b6c2d4-e7ed-4656-b79d-59161ba651de: attributed to 001697; 0.3 s; peak memory 721 MiB.
2026-10-02T13:23:08Z INFO [2039/5769] b0b70000-84aa-448b-9654-2193a2a85ec5: attributed to 001697; 0.0 s; peak memory 721 MiB.
2026-10-02T13:23:09Z INFO [2040/5769] b0c0e752-d0a4-4a19-92f8-6e6fb739ae31: attributed to 001697; 0.3 s; peak memory 721 MiB.
2026-10-02T13:23:09Z INFO [2041/5769] b0c1cb54-deae-47d5-97ad-e42e8c13483a: attributed to 000142; 0.0 s; peak memory 721 MiB.
2026-10-02T13:23:09Z INFO [2042/5769] b0cdc200-72b9-4757-9780-debe44c669de: attributed to 000026; 0.1 s; peak memory 721 MiB.
2026-10-02T13:23:09Z INFO [2043/5769] b0cef1ac-7bc5-4341-aec6-7011021961d7: attributed to 001697; 0.3 s; peak memory 721 MiB.
2026-10-02T13:23:09Z INFO [2044/5769] b0dd2e71-aa34-4521-86ec-9f32547e4927: attributed to 001697; 0.0 s; peak memory 721 MiB.
2026-10-02T13:23:09Z INFO [2045/5769] b0e45167-88db-4986-bd7f-76995cb78254: attributed to 000026; 0.1 s; peak memory 721 MiB.
2026-10-02T13:23:09Z INFO [2046/5769] b0eb068c-7f05-4172-ba33-e9b14d8bbd47: attributed to 000026; 0.2 s; peak memory 721 MiB.
2026-10-02T13:23:09Z INFO [2047/5769] b0f26f18-4912-4e85-bbfb-ccdac8f82510: attributed to 001697; 0.0 s; peak memory 721 MiB.
2026-10-02T13:23:10Z INFO [2048/5769] b0f8e5be-6dee-4034-ad27-0176b37ec4c7: attributed to 000026; 0.1 s; peak memory 721 MiB.
2026-10-02T13:23:10Z INFO [2049/5769] b0fa475c-99a8-41e2-a295-0e5f3a5130ab: attributed to 001697; 0.3 s; peak memory 721 MiB.
2026-10-02T13:23:10Z INFO [2050/5769] b0fad50d-d889-4864-9925-cd90565f534f: attributed to 001697; 0.3 s; peak memory 721 MiB.
2026-10-02T13:23:11Z INFO [2050/5769] b0fad50d-d889-4864-9925-cd90565f534f: checkpointed 506547 records.
2026-10-02T13:23:11Z INFO [2051/5769] b10054eb-3d69-485d-90a9-83f03d9fd93d: attributed to 000946; 0.1 s; peak memory 721 MiB.
2026-10-02T13:23:11Z INFO [2052/5769] b10dc764-c56f-47e3-9eb2-a88cce50575f: attributed to 000026; 0.1 s; peak memory 721 MiB.
2026-10-02T13:23:11Z INFO [2053/5769] b10f8b67-664f-44d5-857e-8e7dd327f26d: attributed to 001697; 0.0 s; peak memory 721 MiB.
2026-10-02T13:23:11Z INFO [2054/5769] b112bdd0-c9c7-4954-a020-4f6f453412c8: attributed to 000142; 0.0 s; peak memory 721 MiB.
2026-10-02T13:23:11Z INFO [2055/5769] b112f5a6-e694-4210-abaa-fabd2126d193: attributed to 000026; 0.1 s; peak memory 721 MiB.
2026-10-02T13:23:11Z INFO [2056/5769] b11405c7-e7c3-4d96-9e2d-9d6fdc84c3af: attributed to 000142; 0.0 s; peak memory 721 MiB.
2026-10-02T13:23:12Z INFO [2057/5769] b1204d50-f0e7-4097-b172-6ebff59209d8: attributed to 001697; 0.3 s; peak memory 721 MiB.
2026-10-02T13:23:12Z INFO [2058/5769] b1233df9-3d8f-4aa9-b81c-055bda961123: attributed to 000946; 0.1 s; peak memory 721 MiB.
2026-10-02T13:23:12Z INFO [2059/5769] b12ed38c-7d00-4a91-bbc4-9c2713d86684: attributed to 001697; 0.3 s; peak memory 721 MiB.
2026-10-02T13:23:12Z INFO [2060/5769] b12f9718-94ca-41a5-b6bf-45e2f05c0745: attributed to 001697; 0.0 s; peak memory 721 MiB.
2026-10-02T13:23:12Z INFO [2061/5769] b13255e9-534b-4f98-8403-26e4c2c325f9: attributed to 001697; 0.0 s; peak memory 721 MiB.
2026-10-02T13:23:12Z INFO [2062/5769] b13798e4-fc7e-415a-b6a1-6dc70b7f94c6: attributed to 001697; 0.0 s; peak memory 721 MiB.
2026-10-02T13:23:12Z INFO [2063/5769] b13a6571-82a0-49b6-bc49-d1dbda4844da: attributed to 001697; 0.0 s; peak memory 721 MiB.
2026-10-02T13:23:12Z INFO [2064/5769] b13afdca-5746-4292-ad79-87891eff0b51: attributed to 001697; 0.3 s; peak memory 721 MiB.
2026-10-02T13:23:13Z INFO [2065/5769] b13edc28-04e6-433e-ab6d-e2746bcd9fe3: attributed to 000568; 0.1 s; peak memory 721 MiB.
2026-10-02T13:23:13Z INFO [2066/5769] b145e4be-a082-404e-a652-b568e3d3f754: attributed to 000026; 0.4 s; peak memory 721 MiB.
2026-10-02T13:23:13Z INFO [2067/5769] b147241e-4d78-483c-877f-56cf1b9776c9: attributed to 001697; 0.3 s; peak memory 721 MiB.
2026-10-02T13:23:13Z INFO [2068/5769] b14c8bfc-2114-424e-a9b6-2f2f64f6b96d: attributed to 000026; 0.1 s; peak memory 721 MiB.
2026-10-02T13:23:13Z INFO [2069/5769] b14d64e5-1cdd-499c-a4a2-46baf72a917c: attributed to 001697; 0.0 s; peak memory 721 MiB.
2026-10-02T13:23:13Z INFO [2070/5769] b150f8ef-c2c1-4a6b-9dbb-a12ac2c33c26: attributed to 000403; 0.0 s; peak memory 721 MiB.
2026-10-02T13:23:14Z INFO [2071/5769] b155faf0-a728-4fe5-9d36-179803fcda82: attributed to 001697; 0.3 s; peak memory 721 MiB.
2026-10-02T13:23:14Z INFO [2072/5769] b157c4bf-facf-475a-a862-b81187b2bd88: attributed to 000571; 0.9 s; peak memory 721 MiB.
2026-10-02T13:23:15Z INFO [2073/5769] b15aa418-dcd7-4bfa-b28b-5b7eef777cab: attributed to 001697; 0.3 s; peak memory 721 MiB.
2026-10-02T13:23:15Z INFO [2074/5769] b15e6997-7e20-404b-8c3f-63cffff73248: attributed to 000026; 0.1 s; peak memory 721 MiB.
2026-10-02T13:23:15Z INFO [2075/5769] b1634c4b-7ab8-404f-843b-19e4c19e7e91: attributed to 000026; 0.1 s; peak memory 721 MiB.
2026-10-02T13:23:15Z INFO [2076/5769] b16dc7a7-be02-430b-8e7e-55e711f5d1a3: attributed to 001697; 0.3 s; peak memory 721 MiB.
2026-10-02T13:23:15Z INFO [2077/5769] b1741402-845a-4b81-9e07-d27c5bb02397: attributed to 001697; 0.0 s; peak memory 721 MiB.
2026-10-02T13:23:16Z INFO [2078/5769] b174def6-586e-4e06-8e33-404717f21511: attributed to 001697; 0.3 s; peak memory 721 MiB.
2026-10-02T13:23:16Z INFO [2079/5769] b176be60-cff4-4fdd-9b36-f88923db0585: attributed to 001697; 0.0 s; peak memory 721 MiB.
2026-10-02T13:23:16Z INFO [2080/5769] b17e7cba-d067-41ae-8677-8cb8212d414b: attributed to 000876; 0.2 s; peak memory 721 MiB.
2026-10-02T13:23:16Z INFO [2081/5769] b1830237-22d9-4298-ace6-c2d3227a5938: attributed to 000026; 0.1 s; peak memory 721 MiB.
2026-10-02T13:23:16Z INFO [2082/5769] b18a987b-c38b-491b-aec5-2a1ac6e4f0f9: attributed to 000026; 0.1 s; peak memory 721 MiB.
2026-10-02T13:23:16Z INFO [2083/5769] b18ce351-9d4c-43b1-825c-195fc9eff251: attributed to 001697; 0.5 s; peak memory 721 MiB.
2026-10-02T13:23:17Z INFO [2084/5769] b1932e70-1e64-4dab-b453-41ff6986827b: attributed to 001697; 0.5 s; peak memory 721 MiB.
2026-10-02T13:23:17Z INFO [2085/5769] b197a699-8724-4ef5-a9ff-ebd64331aacb: attributed to 000209; 0.0 s; peak memory 721 MiB.
2026-10-02T13:23:17Z INFO [2086/5769] b19d5598-e27d-4c61-a7c1-15945c81d8ee: attributed to 000173; 0.1 s; peak memory 721 MiB.
2026-10-02T13:23:17Z INFO [2087/5769] b19ef2a8-ca0c-491a-8690-bd6175e4e61d: attributed to 001873; 0.4 s; peak memory 721 MiB.
2026-10-02T13:23:17Z INFO [2088/5769] b1a420e6-8c29-45f7-a46f-722188220bcd: attributed to 001697; 0.0 s; peak memory 721 MiB.
2026-10-02T13:23:18Z INFO [2089/5769] b1a98ddf-0b50-4b6c-9256-7f9f976a270c: attributed to 000946; 0.1 s; peak memory 721 MiB.
2026-10-02T13:23:18Z INFO [2090/5769] b1ad07f0-5f02-4bda-a350-2e18353ae19e: attributed to 000026; 0.1 s; peak memory 721 MiB.
2026-10-02T13:23:18Z INFO [2091/5769] b1bf73a2-3fcb-41b7-b6c0-8dd8c95cf5d2: attributed to 000142; 0.0 s; peak memory 721 MiB.
2026-10-02T13:23:18Z INFO [2092/5769] b1c26a24-8476-4893-bfa5-69d276918e1a: attributed to 000408; 0.0 s; peak memory 721 MiB.
2026-10-02T13:23:18Z INFO [2093/5769] b1c2ac7c-db8c-42db-8b82-a1b4e2ac2861: attributed to 001697; 0.0 s; peak memory 721 MiB.
2026-10-02T13:23:18Z INFO [2094/5769] b1c5ad99-d055-4f64-9a01-a0ff44baa955: attributed to 000142; 0.0 s; peak memory 721 MiB.
2026-10-02T13:23:18Z INFO [2095/5769] b1d169cb-ad22-413a-8953-e57964a7e416: attributed to 001697; 0.0 s; peak memory 721 MiB.
2026-10-02T13:23:18Z INFO [2096/5769] b1d2412d-45c1-467b-ab43-302248ed284f: attributed to 000026; 0.1 s; peak memory 721 MiB.
2026-10-02T13:23:18Z INFO [2097/5769] b1d6ef79-aacd-4f1c-9f3b-600868a01dfc: attributed to 001697; 0.3 s; peak memory 721 MiB.
2026-10-02T13:23:18Z INFO [2098/5769] b1d79d9c-eff5-4523-941e-07a7ce223b4b: attributed to 001697; 0.0 s; peak memory 721 MiB.
2026-10-02T13:23:18Z INFO [2099/5769] b1dd475d-37e9-4df1-ae43-157494b58001: attributed to 000109; 0.0 s; peak memory 721 MiB.
2026-10-02T13:23:18Z INFO [2100/5769] b1e040eb-35b0-497a-9399-728cdc77d107: attributed to 000026; 0.1 s; peak memory 721 MiB.
2026-10-02T13:23:19Z INFO [2100/5769] b1e040eb-35b0-497a-9399-728cdc77d107: checkpointed 506548 records.
2026-10-02T13:23:19Z INFO [2101/5769] b1e11c6d-8720-4619-b790-bae645799ea1: attributed to 000026; 0.2 s; peak memory 721 MiB.
2026-10-02T13:23:20Z INFO [2102/5769] b1e321b8-2fa6-4332-a275-eceb32883d5a: attributed to 000026; 0.1 s; peak memory 721 MiB.
2026-10-02T13:23:20Z INFO [2103/5769] b1ef70de-c178-47ac-ae0a-4551c7e7f8d0: attributed to 001697; 0.0 s; peak memory 721 MiB.
2026-10-02T13:23:20Z INFO [2104/5769] b1f51390-c279-406b-a38e-8fd4c6121924: attributed to 001697; 0.3 s; peak memory 721 MiB.
2026-10-02T13:23:20Z INFO [2105/5769] b1f8eb4c-efe8-489a-84e8-837ac2f9262f: attributed to 001697; 0.0 s; peak memory 721 MiB.
2026-10-02T13:23:20Z INFO [2106/5769] b203bf1a-5613-4bbf-b0cd-c3e36211534b: attributed to 001697; 0.0 s; peak memory 721 MiB.
2026-10-02T13:23:21Z INFO [2107/5769] b20f61bb-a82b-437f-883d-200d408e5a0a: attributed to 000026; 0.7 s; peak memory 721 MiB.
2026-10-02T13:23:21Z INFO [2108/5769] b2112bbb-cbbb-4207-ba83-afc0ca9c148c: attributed to 001697; 0.0 s; peak memory 721 MiB.
2026-10-02T13:23:21Z INFO [2109/5769] b21137ee-04df-49a6-ac17-2477d2a819e9: attributed to 000026; 0.5 s; peak memory 721 MiB.
2026-10-02T13:23:21Z INFO [2110/5769] b216e791-b42e-4afc-9bc7-27867389777f: attributed to 001697; 0.0 s; peak memory 721 MiB.
2026-10-02T13:23:21Z INFO [2111/5769] b21da272-9543-4b76-a132-7877b9329b14: attributed to 001697; 0.3 s; peak memory 721 MiB.
2026-10-02T13:23:21Z INFO [2112/5769] b21fea06-6e48-4fc7-82df-45fe98e27ad1: attributed to 001258; 0.0 s; peak memory 721 MiB.
2026-10-02T13:23:22Z INFO [2113/5769] b224fa96-cbcd-44be-be7a-dc6b912d3e22: attributed to 001697; 0.3 s; peak memory 721 MiB.
2026-10-02T13:23:22Z INFO [2114/5769] b2296f4a-6f97-41a3-92ef-89ecbaffaf3f: attributed to 001697; 0.0 s; peak memory 721 MiB.
2026-10-02T13:23:22Z INFO [2115/5769] b22a1354-279d-462b-a6bf-bffe1629218f: attributed to 001697; 0.4 s; peak memory 721 MiB.
2026-10-02T13:23:23Z INFO [2116/5769] b22cd918-90ad-43f7-a255-aafb9d420577: attributed to 001697; 0.5 s; peak memory 721 MiB.
2026-10-02T13:23:23Z INFO [2117/5769] b22ea795-0a5f-4415-9e9b-d73d82b3f943: attributed to 001697; 0.3 s; peak memory 721 MiB.
2026-10-02T13:23:23Z INFO [2118/5769] b2309117-7007-4e5f-accd-cfbb9af224bc: attributed to 000026; 0.4 s; peak memory 721 MiB.
2026-10-02T13:23:23Z INFO [2119/5769] b2347bc7-bbb5-4969-80d7-f04fa1c4a378: attributed to 001697; 0.0 s; peak memory 721 MiB.
2026-10-02T13:23:23Z INFO [2120/5769] b23c8458-c95a-4008-b740-c1cb084c190b: attributed to 001697; 0.0 s; peak memory 721 MiB.
2026-10-02T13:23:24Z INFO [2121/5769] b24b5e97-038e-454a-8f3f-7d7d2f5be294: attributed to 001697; 0.3 s; peak memory 721 MiB.
2026-10-02T13:23:24Z INFO [2122/5769] b24bed09-0185-4bd5-aeb8-35d6a30187cf: attributed to 001697; 0.0 s; peak memory 721 MiB.
2026-10-02T13:23:24Z INFO [2123/5769] b25310b3-4ee7-4f3c-ab21-1e82e453d7bd: attributed to 001697; 0.3 s; peak memory 721 MiB.
2026-10-02T13:23:24Z INFO [2124/5769] b25586a8-a552-4862-889a-3647db47984d: attributed to 001697; 0.0 s; peak memory 721 MiB.
2026-10-02T13:23:24Z INFO [2125/5769] b25c206e-183f-4515-8283-aaab869973c9: attributed to 001697; 0.0 s; peak memory 721 MiB.
2026-10-02T13:23:24Z INFO [2126/5769] b2613c4a-339a-43ba-8fb9-ed246b551bc1: attributed to 001697; 0.3 s; peak memory 721 MiB.
2026-10-02T13:23:24Z INFO [2127/5769] b263dc13-da4a-46fd-bac2-21f707d07acb: attributed to 000026; 0.1 s; peak memory 721 MiB.
2026-10-02T13:23:25Z INFO [2128/5769] b266ca6c-2924-46bc-99b1-337e59b296fc: attributed to 001697; 0.3 s; peak memory 721 MiB.
2026-10-02T13:23:25Z INFO [2129/5769] b2670593-338e-4405-bb67-0267abb2c83e: attributed to 000142; 0.0 s; peak memory 721 MiB.
2026-10-02T13:23:25Z INFO [2130/5769] b2679d5b-97e6-4aac-9792-de52006790b4: attributed to 001697; 0.0 s; peak memory 721 MiB.
2026-10-02T13:23:37Z INFO [2131/5769] b26c526b-44aa-4d78-9742-f6aa7026f243: attributed to 001514; 12.3 s; peak memory 721 MiB.
2026-10-02T13:23:37Z INFO [2132/5769] b26d2c9a-e7e3-4337-a0a2-893e3eeb79c9: attributed to 001697; 0.0 s; peak memory 721 MiB.
2026-10-02T13:23:37Z INFO [2133/5769] b26e6a45-e075-4888-be04-4d91ace8b519: attributed to 001697; 0.0 s; peak memory 721 MiB.
2026-10-02T13:23:37Z INFO [2134/5769] b27449a6-bf3c-451b-86a1-28788c0ecd1a: attributed to 001697; 0.0 s; peak memory 721 MiB.
2026-10-02T13:23:37Z INFO [2135/5769] b27b0b51-dde0-416e-9482-7bf0566390ff: attributed to 001697; 0.0 s; peak memory 721 MiB.
2026-10-02T13:23:37Z INFO [2136/5769] b27befc1-0991-4796-a75b-4be3cada7c5c: attributed to 001697; 0.3 s; peak memory 721 MiB.
2026-10-02T13:23:37Z INFO [2137/5769] b28519a2-2296-41fc-98cc-869c3ca9aa63: attributed to 000570; 0.0 s; peak memory 721 MiB.
2026-10-02T13:23:37Z INFO [2138/5769] b28748d3-60a3-4227-8abe-4750b09412a9: attributed to 001697; 0.0 s; peak memory 721 MiB.
2026-10-02T13:23:37Z INFO [2139/5769] b2a0993b-f5d1-4a61-8a97-84befcebfff9: attributed to 000026; 0.1 s; peak memory 721 MiB.
2026-10-02T13:23:38Z INFO [2140/5769] b2ae4f77-bd03-4a75-8854-7f743271f3a5: attributed to 001697; 0.3 s; peak memory 721 MiB.
2026-10-02T13:23:38Z INFO [2141/5769] b2b4e91f-0bc4-4371-85f8-8554aba8785b: attributed to 001697; 0.3 s; peak memory 721 MiB.
2026-10-02T13:23:38Z INFO [2142/5769] b2b4e9e8-c0f0-4e0b-b255-cd59e357dbd2: attributed to 000465; 0.0 s; peak memory 721 MiB.
2026-10-02T13:23:38Z INFO [2143/5769] b2b57d8d-76d8-4c25-9276-01938a9782ce: attributed to 000026; 0.1 s; peak memory 721 MiB.
2026-10-02T13:23:38Z INFO [2144/5769] b2b631b6-f38d-4971-937a-f267d0d72ea5: attributed to 000026; 0.1 s; peak memory 721 MiB.
2026-10-02T13:23:38Z INFO [2145/5769] b2bf1dd4-b2df-4533-839b-bf0576ab739a: attributed to 000026; 0.2 s; peak memory 721 MiB.
2026-10-02T13:23:39Z INFO [2146/5769] b2c221b6-f565-4deb-8ab0-901bafa9803b: attributed to 001697; 0.3 s; peak memory 721 MiB.
2026-10-02T13:23:39Z INFO [2147/5769] b2c9f9b5-88f7-45e7-a245-4bc57c7193a5: attributed to 000231; 0.3 s; peak memory 721 MiB.
2026-10-02T13:23:39Z INFO [2148/5769] b2cac80f-bb84-441c-a40d-2796187137a9: attributed to 001873; 0.4 s; peak memory 721 MiB.
2026-10-02T13:23:39Z INFO [2149/5769] b2cbe2e6-bbad-4449-ac76-0a3a286cffdc: attributed to 000026; 0.2 s; peak memory 721 MiB.
2026-10-02T13:23:39Z INFO [2150/5769] b2cf03f7-f4af-4775-a566-bee63d7cfe69: attributed to 001697; 0.0 s; peak memory 721 MiB.
2026-10-02T13:23:40Z INFO [2150/5769] b2cf03f7-f4af-4775-a566-bee63d7cfe69: checkpointed 506548 records.
2026-10-02T13:23:40Z INFO [2151/5769] b2da22c1-3767-4118-a085-2f48a1dc3f53: attributed to 001697; 0.0 s; peak memory 721 MiB.
2026-10-02T13:23:41Z INFO [2152/5769] b2ea9137-5e39-4d78-8b08-ea6bae3eb3a7: attributed to 000026; 0.1 s; peak memory 721 MiB.
2026-10-02T13:23:41Z INFO [2153/5769] b2ec0800-c3d6-447b-a947-2ac9157d6f7a: attributed to 001697; 0.3 s; peak memory 721 MiB.
2026-10-02T13:23:41Z INFO [2154/5769] b2f7d2c2-21b1-41ae-bf22-390b54a33cb6: attributed to 001697; 0.3 s; peak memory 721 MiB.
2026-10-02T13:23:41Z INFO [2155/5769] b2fb4d50-a084-4668-baf7-c537ec51e9ea: attributed to 000109; 0.0 s; peak memory 721 MiB.
2026-10-02T13:23:41Z INFO [2156/5769] b301052d-07d8-4932-a47e-c57fbe1ee2a1: attributed to 000570; 0.0 s; peak memory 721 MiB.
2026-10-02T13:23:42Z INFO [2157/5769] b30178df-939c-4222-8683-7fd50b15780d: attributed to 001697; 0.4 s; peak memory 721 MiB.
2026-10-02T13:23:42Z INFO [2158/5769] b308e6f8-8b05-4153-b553-d0f79fd3056e: attributed to 001697; 0.0 s; peak memory 721 MiB.
2026-10-02T13:23:43Z INFO [2159/5769] b3254258-3121-4c11-a20f-a78cf37b07d3: attributed to 001697; 1.7 s; peak memory 721 MiB.
2026-10-02T13:23:43Z INFO [2160/5769] b32770ac-4a90-440d-b202-cc33296a635d: attributed to 001697; 0.0 s; peak memory 721 MiB.
2026-10-02T13:23:43Z INFO [2161/5769] b328d628-b697-474d-af19-bdf1975205bb: attributed to 001697; 0.0 s; peak memory 721 MiB.
2026-10-02T13:23:43Z INFO [2162/5769] b33053ec-40da-464b-940b-6d337a80a07f: attributed to 000946; 0.1 s; peak memory 721 MiB.
2026-10-02T13:23:44Z INFO [2163/5769] b33b7bf5-979a-4582-a826-63558f3a8014: attributed to 001697; 0.5 s; peak memory 721 MiB.
2026-10-02T13:23:44Z INFO [2164/5769] b34b4b08-7fec-40c2-aaa0-48d066a11214: attributed to 000142; 0.0 s; peak memory 721 MiB.
2026-10-02T13:23:45Z INFO [2165/5769] b34db771-3797-4556-90a1-a9ca115bc8bc: attributed to 001697; 1.1 s; peak memory 721 MiB.
2026-10-02T13:23:45Z INFO [2166/5769] b359bcfc-c054-4807-b69e-06705e7df9ab: attributed to 001697; 0.0 s; peak memory 721 MiB.
2026-10-02T13:23:45Z INFO [2167/5769] b35c08c9-2ca9-490d-ac12-e52607df2fd7: attributed to 001697; 0.0 s; peak memory 721 MiB.
2026-10-02T13:23:45Z INFO [2168/5769] b35ea04a-cb67-48af-9827-7404fb3bbc93: attributed to 001697; 0.3 s; peak memory 721 MiB.
2026-10-02T13:23:45Z INFO [2169/5769] b3663f27-dd6d-4c64-a6c3-739c47c8422c: attributed to 001697; 0.0 s; peak memory 721 MiB.
2026-10-02T13:23:45Z INFO [2170/5769] b373db88-07d7-4f82-8846-754b2ae6517c: attributed to 000173; 0.1 s; peak memory 721 MiB.
2026-10-02T13:23:45Z INFO [2171/5769] b3844ef9-14da-4b7f-b717-78e7de82ab7c: attributed to 001697; 0.0 s; peak memory 721 MiB.
2026-10-02T13:23:46Z INFO [2172/5769] b3907589-88eb-4dbc-8ee7-49fdfdd28580: attributed to 001697; 0.3 s; peak memory 721 MiB.
2026-10-02T13:23:46Z INFO [2173/5769] b3969645-043c-4349-abe9-af3295c117e6: attributed to 001697; 0.3 s; peak memory 721 MiB.
2026-10-02T13:23:46Z INFO [2174/5769] b397d230-50c5-4f18-a38f-f4d2046aab3b: attributed to 001697; 0.3 s; peak memory 721 MiB.
2026-10-02T13:23:47Z INFO [2175/5769] b3a61123-c3c2-44ae-9458-01ee92c57215: attributed to 001697; 0.3 s; peak memory 721 MiB.
2026-10-02T13:23:47Z INFO [2176/5769] b3a8ba76-2042-4626-a4e6-80c134366169: attributed to 001697; 0.4 s; peak memory 721 MiB.
2026-10-02T13:23:48Z INFO [2177/5769] b3a8eec3-3a16-4561-88cb-10c5607c096e: attributed to 001449; 0.6 s; peak memory 721 MiB.
2026-10-02T13:23:48Z INFO [2178/5769] b3bca1cb-49c6-4ad9-ae7c-846107486f1b: attributed to 001697; 0.0 s; peak memory 721 MiB.
2026-10-02T13:23:48Z INFO [2179/5769] b3c06d8b-fb6c-4ab6-b124-852aaaff6dc4: attributed to 001697; 0.0 s; peak memory 721 MiB.
2026-10-02T13:23:48Z INFO [2180/5769] b3c293d0-7a11-4450-acad-a6ea4fe1d713: attributed to 001697; 0.0 s; peak memory 721 MiB.
2026-10-02T13:23:48Z INFO [2181/5769] b3c7a792-b792-4fef-9f2e-17723e73a97d: attributed to 000026; 0.2 s; peak memory 721 MiB.
2026-10-02T13:23:48Z INFO [2182/5769] b3c7eb4b-ac20-4681-9508-1a659106ecc7: attributed to 000026; 0.1 s; peak memory 721 MiB.
2026-10-02T13:23:48Z INFO [2183/5769] b3d7c74d-e286-40ee-8e24-f7766fdf4a6d: attributed to 001697; 0.0 s; peak memory 721 MiB.
2026-10-02T13:23:48Z INFO [2184/5769] b3da46c6-63fc-43b6-a05d-fe520d2a7e05: attributed to 001697; 0.0 s; peak memory 721 MiB.
2026-10-02T13:23:48Z INFO [2185/5769] b3df9131-655b-43a0-baf3-672c890166dc: attributed to 001697; 0.0 s; peak memory 721 MiB.
2026-10-02T13:23:48Z INFO [2186/5769] b3e07ded-f999-43db-af60-c57f9bfc9c92: attributed to 001782; 0.1 s; peak memory 721 MiB.
2026-10-02T13:23:48Z INFO [2187/5769] b3e68eed-e05d-4181-ad3b-06efa901ad7c: attributed to 000946; 0.1 s; peak memory 721 MiB.
2026-10-02T13:23:48Z INFO [2188/5769] b3e7b412-fd7c-484e-a742-b3712482d769: attributed to 001697; 0.3 s; peak memory 721 MiB.
2026-10-02T13:23:48Z INFO [2189/5769] b3e7f8ca-fe54-45a9-b982-b81786359145: attributed to 001697; 0.0 s; peak memory 721 MiB.
2026-10-02T13:23:48Z INFO [2190/5769] b3e94f9c-f526-43b9-b511-19b21a338648: attributed to 001748; 0.0 s; peak memory 721 MiB.
2026-10-02T13:23:48Z INFO [2191/5769] b3ea5b44-34ce-43fa-b5e7-5646feb8399c: attributed to 001697; 0.0 s; peak memory 721 MiB.
2026-10-02T13:23:49Z INFO [2192/5769] b3f298c0-c15f-47e9-87e9-a4b6eb6bb7db: attributed to 000026; 0.2 s; peak memory 721 MiB.
2026-10-02T13:23:49Z INFO [2193/5769] b3f44a17-6bb8-4d41-81f1-d295ada1a630: attributed to 000408; 0.0 s; peak memory 721 MiB.
2026-10-02T13:23:50Z INFO [2194/5769] b3f65e5f-3b0c-4238-bfee-d9911a10a91a: attributed to 001697; 1.5 s; peak memory 721 MiB.
2026-10-02T13:23:50Z INFO [2195/5769] b3f8d4c9-260c-4ec8-968c-cf3e852d61b1: attributed to 001697; 0.3 s; peak memory 721 MiB.
2026-10-02T13:23:50Z INFO [2196/5769] b3feb41b-fa14-44b9-8434-c6fc057dd3ff: attributed to 000142; 0.0 s; peak memory 721 MiB.
2026-10-02T13:23:50Z INFO [2197/5769] b400dd25-beb8-4467-8d7d-9a41399f153e: attributed to 001697; 0.0 s; peak memory 721 MiB.
2026-10-02T13:23:50Z INFO [2198/5769] b4045386-d24e-48db-abfe-85fbf66b88ec: attributed to 001697; 0.0 s; peak memory 721 MiB.
2026-10-02T13:23:51Z INFO [2199/5769] b404c4bc-04f1-469b-b1c1-20503c5a227f: attributed to 001697; 0.3 s; peak memory 721 MiB.
2026-10-02T13:23:51Z INFO [2200/5769] b4062a67-3096-4f29-8551-483c73b8ccae: attributed to 000109; 0.0 s; peak memory 721 MiB.
2026-10-02T13:23:52Z INFO [2200/5769] b4062a67-3096-4f29-8551-483c73b8ccae: checkpointed 506548 records.
2026-10-02T13:23:52Z INFO [2201/5769] b411c664-3caf-4a3d-96a2-59823a27c136: attributed to 001697; 0.3 s; peak memory 721 MiB.
2026-10-02T13:23:52Z INFO [2202/5769] b4197211-d225-424d-8b14-24a385358ce1: attributed to 001697; 0.0 s; peak memory 721 MiB.
2026-10-02T13:23:52Z INFO [2203/5769] b421d7b3-9839-414d-a30c-e6e5703dbf12: attributed to 000026; 0.1 s; peak memory 721 MiB.
2026-10-02T13:23:52Z INFO [2204/5769] b421e96c-3883-478e-bc41-70b1e78cc5b0: attributed to 001449; 0.1 s; peak memory 721 MiB.
2026-10-02T13:23:52Z INFO [2205/5769] b4237382-c129-46a4-83a1-f3126b9d7deb: attributed to 001697; 0.0 s; peak memory 721 MiB.
2026-10-02T13:23:53Z INFO [2206/5769] b43100d4-06c1-4c83-9bf3-a66b8319cc1f: attributed to 001697; 0.3 s; peak memory 721 MiB.
2026-10-02T13:23:53Z INFO [2207/5769] b4318585-8166-4e5d-9468-71dc64061d46: attributed to 000559; 0.1 s; peak memory 721 MiB.
2026-10-02T13:23:53Z INFO [2208/5769] b432e8ee-1482-49d1-94fb-b66407866573: attributed to 001697; 0.3 s; peak memory 721 MiB.
2026-10-02T13:23:53Z INFO [2209/5769] b434abec-823a-4cf1-bba6-22defada54c9: attributed to 000026; 0.2 s; peak memory 721 MiB.
2026-10-02T13:23:53Z INFO [2210/5769] b434c999-1a5f-4535-a54e-f282d2c9d00a: attributed to 001697; 0.0 s; peak memory 721 MiB.
2026-10-02T13:23:53Z INFO [2211/5769] b43d30ec-b2a4-4b37-ad25-10fb84f7c85c: attributed to 000570; 0.0 s; peak memory 721 MiB.
2026-10-02T13:23:53Z INFO [2212/5769] b443d62a-a1f2-4360-84c0-6349878016d5: attributed to 001697; 0.0 s; peak memory 721 MiB.
2026-10-02T13:23:53Z INFO [2213/5769] b449f2b1-3101-45ed-a906-3d19ddd0b304: attributed to 000571; 0.2 s; peak memory 721 MiB.
2026-10-02T13:23:53Z INFO [2214/5769] b454f0e1-8fa5-424b-af74-cd85f409f954: attributed to 000946; 0.1 s; peak memory 721 MiB.
2026-10-02T13:23:53Z INFO [2215/5769] b460f8cc-f2a6-4309-a328-a32e3b90a37f: attributed to 001697; 0.0 s; peak memory 721 MiB.
2026-10-02T13:23:54Z INFO [2216/5769] b4620385-e8d6-4a91-af7b-b7b0c58cd5a0: attributed to 000026; 0.1 s; peak memory 721 MiB.
2026-10-02T13:23:54Z INFO [2217/5769] b4632b79-edad-4941-b925-0576c1380cc5: attributed to 000109; 0.0 s; peak memory 721 MiB.
2026-10-02T13:23:54Z INFO [2218/5769] b46af7b3-495a-445c-a2c6-7a4bc04d0005: attributed to 000293; 0.0 s; peak memory 721 MiB.
2026-10-02T13:23:54Z INFO [2219/5769] b46e4824-0bd3-4cfc-926d-99531fcc899f: attributed to 001697; 0.0 s; peak memory 721 MiB.
2026-10-02T13:23:54Z INFO [2220/5769] b4720d3b-ac50-400c-a8df-5abb3e841262: attributed to 001697; 0.3 s; peak memory 721 MiB.
2026-10-02T13:23:54Z INFO [2221/5769] b47437b4-42b8-4b59-97ac-654ed1feec88: attributed to 001697; 0.3 s; peak memory 721 MiB.
2026-10-02T13:23:54Z INFO [2222/5769] b47bd5c2-6202-4e83-a0a0-73d47a308525: attributed to 000946; 0.1 s; peak memory 721 MiB.
2026-10-02T13:23:54Z INFO [2223/5769] b47d9d89-5b25-455d-8f67-7d1643484f51: attributed to 001697; 0.0 s; peak memory 721 MiB.
2026-10-02T13:23:55Z INFO [2224/5769] b48408e1-6f16-4606-88ee-9343fa5d6ef4: attributed to 001873; 0.4 s; peak memory 721 MiB.
2026-10-02T13:23:55Z INFO [2225/5769] b4862ef7-6350-4b43-a3bf-524979022d3a: attributed to 001697; 0.5 s; peak memory 721 MiB.
2026-10-02T13:23:55Z INFO [2226/5769] b4886bd2-fc63-48c9-bd4c-9d3b92bbd2fc: attributed to 000403; 0.0 s; peak memory 721 MiB.
2026-10-02T13:23:57Z INFO [2227/5769] b48fb92c-6d1d-4700-bd84-7d705c9ac15d: attributed to 001697; 1.6 s; peak memory 721 MiB.
2026-10-02T13:23:57Z INFO [2228/5769] b4915609-4f7e-486f-824f-0b9bbbcd86d5: attributed to 001697; 0.0 s; peak memory 721 MiB.
2026-10-02T13:23:57Z INFO [2229/5769] b49de23f-e10a-468c-bfae-afab830fa3f1: attributed to 000293; 0.0 s; peak memory 721 MiB.
2026-10-02T13:23:57Z INFO [2230/5769] b49e10a3-5503-4aae-883e-908e28418f26: attributed to 001697; 0.3 s; peak memory 721 MiB.
2026-10-02T13:23:57Z INFO [2231/5769] b49e5353-87f9-4602-8a30-87c1a2e93224: attributed to 000142; 0.0 s; peak memory 721 MiB.
2026-10-02T13:23:57Z INFO [2232/5769] b4ad9c28-a220-4578-8f59-878b0dab0b53: attributed to 001697; 0.3 s; peak memory 721 MiB.
2026-10-02T13:23:57Z INFO [2233/5769] b4aee28d-25bb-4c99-8148-219435837a86: attributed to 001697; 0.0 s; peak memory 721 MiB.
2026-10-02T13:23:58Z INFO [2234/5769] b4bc26b1-5233-4262-8af2-07fd10a9b35e: attributed to 001697; 0.3 s; peak memory 721 MiB.
2026-10-02T13:23:58Z INFO [2235/5769] b4c0f77d-4045-4b10-beea-fb156c37f544: attributed to 000026; 0.1 s; peak memory 721 MiB.
2026-10-02T13:23:58Z INFO [2236/5769] b4c3e05e-e682-421c-957c-d8b4b07d502b: attributed to 000946; 0.1 s; peak memory 721 MiB.
2026-10-02T13:23:58Z INFO [2237/5769] b4caf43b-fde0-4841-8557-b83fc71fb452: attributed to 001697; 0.3 s; peak memory 721 MiB.
2026-10-02T13:23:58Z INFO [2238/5769] b4cf1868-b4c4-45f2-a7e5-c971b06a6cdf: attributed to 001697; 0.0 s; peak memory 721 MiB.
2026-10-02T13:23:59Z INFO [2239/5769] b4d13bb9-5e67-409b-bb55-21c1b39ad63a: attributed to 001873; 0.6 s; peak memory 721 MiB.
2026-10-02T13:23:59Z INFO [2240/5769] b4d7d550-a6e2-4cf2-b60c-8ed1672ab92d: attributed to 001697; 0.4 s; peak memory 721 MiB.
2026-10-02T13:23:59Z INFO [2241/5769] b4e3ad67-b1bf-49aa-8c5a-9ac31878782b: attributed to 001697; 0.0 s; peak memory 721 MiB.
2026-10-02T13:23:59Z INFO [2242/5769] b4e88777-e671-43b4-b7ae-6d8fcc2605ff: attributed to 000142; 0.0 s; peak memory 721 MiB.
2026-10-02T13:24:00Z INFO [2243/5769] b4e926cb-c012-4692-9484-5836b2ed6bff: attributed to 001697; 0.3 s; peak memory 721 MiB.
2026-10-02T13:24:00Z INFO [2244/5769] b4f7e459-7643-4ac7-8bb0-874da1422651: attributed to 001046; 0.0 s; peak memory 721 MiB.
2026-10-02T13:24:00Z INFO [2245/5769] b4f9553e-9755-49e4-a145-b24dc728c410: attributed to 000946; 0.1 s; peak memory 721 MiB.
2026-10-02T13:24:00Z INFO [2246/5769] b5049145-1a38-4c1b-9a45-cc65febf24a5: attributed to 001697; 0.6 s; peak memory 721 MiB.
2026-10-02T13:24:00Z INFO [2247/5769] b5108154-28b2-4f68-bd9d-0b9e43aa01b7: attributed to 000570; 0.0 s; peak memory 721 MiB.
2026-10-02T13:24:00Z INFO [2248/5769] b510972e-22b2-4544-8929-333d3462b1d3: attributed to 000946; 0.1 s; peak memory 721 MiB.
2026-10-02T13:24:00Z INFO [2249/5769] b513ef1b-954c-442a-a2f1-82dc2bf043ac: attributed to 000946; 0.1 s; peak memory 721 MiB.
2026-10-02T13:24:01Z INFO [2250/5769] b518065b-a658-437a-adaf-96b0221e2312: attributed to 001697; 0.3 s; peak memory 721 MiB.
2026-10-02T13:24:02Z INFO [2250/5769] b518065b-a658-437a-adaf-96b0221e2312: checkpointed 506548 records.
2026-10-02T13:24:02Z INFO [2251/5769] b518df81-25e3-4aa9-985d-20d72ca78db8: attributed to 000142; 0.0 s; peak memory 721 MiB.
2026-10-02T13:24:02Z INFO [2252/5769] b518f6e7-29a8-415f-a738-ba66a280f6b1: attributed to 000571; 0.1 s; peak memory 721 MiB.
2026-10-02T13:24:04Z INFO [2253/5769] b51b0750-2d6e-4529-be42-fcea679549a1: attributed to 001697; 1.8 s; peak memory 721 MiB.
2026-10-02T13:24:04Z INFO [2254/5769] b51cc18e-e82f-4843-9a56-1f37b91a5b53: attributed to 001873; 0.4 s; peak memory 721 MiB.
2026-10-02T13:24:04Z INFO [2255/5769] b51d3bb1-246d-4056-ba4a-3c98127471a3: attributed to 001697; 0.3 s; peak memory 721 MiB.
2026-10-02T13:24:04Z INFO [2256/5769] b51e011e-75e4-4368-950f-cbfdbbee2e23: attributed to 000403; 0.0 s; peak memory 721 MiB.
2026-10-02T13:24:05Z INFO [2257/5769] b520af8a-da84-4d29-a9d1-29112f1d1ffc: attributed to 001697; 0.3 s; peak memory 721 MiB.
2026-10-02T13:24:05Z INFO [2258/5769] b5232f45-a892-481f-8b4c-f9839884cffa: attributed to 001697; 0.0 s; peak memory 721 MiB.
2026-10-02T13:24:05Z INFO [2259/5769] b5282c2c-28de-40c0-a2fa-654405b3b9eb: attributed to 000026; 0.1 s; peak memory 721 MiB.
2026-10-02T13:24:05Z INFO [2260/5769] b5291cef-00fa-4aa8-86f7-e607db60a182: attributed to 001791; 0.1 s; peak memory 721 MiB.
2026-10-02T13:24:05Z INFO [2261/5769] b52bcb3f-430b-4866-bd58-97c208eef8d5: attributed to 001697; 0.0 s; peak memory 721 MiB.
2026-10-02T13:24:05Z INFO [2262/5769] b52d7003-2985-4331-b11c-738fe05a946a: attributed to 000026; 0.1 s; peak memory 721 MiB.
2026-10-02T13:24:05Z INFO [2263/5769] b530e928-4d19-43c1-8635-67c2cc69dcd5: attributed to 001697; 0.3 s; peak memory 721 MiB.
2026-10-02T13:24:05Z INFO [2264/5769] b542d77d-687f-4989-a7b6-d709fb1fd329: attributed to 001697; 0.0 s; peak memory 721 MiB.
2026-10-02T13:24:06Z INFO [2265/5769] b54aa9f6-a11b-428d-9c1f-0b6eabe6b414: attributed to 001697; 0.3 s; peak memory 721 MiB.
2026-10-02T13:24:06Z INFO [2266/5769] b54f7690-610b-4693-961f-d6c6e2f85a82: attributed to 001697; 0.0 s; peak memory 721 MiB.
2026-10-02T13:24:06Z INFO [2267/5769] b5535de1-1cb3-44e1-ae57-d05e24defaf8: attributed to 001697; 0.0 s; peak memory 721 MiB.
2026-10-02T13:24:06Z INFO [2268/5769] b556f884-209e-47b7-8026-57b08bf53329: attributed to 001697; 0.4 s; peak memory 721 MiB.
2026-10-02T13:24:06Z INFO [2269/5769] b5593679-c292-4f74-92eb-6a46b4727555: attributed to 000570; 0.0 s; peak memory 721 MiB.
2026-10-02T13:24:06Z INFO [2270/5769] b55ac9db-5ac1-41ab-8d7c-839264266d69: attributed to 000946; 0.1 s; peak memory 721 MiB.
2026-10-02T13:24:06Z INFO [2271/5769] b5686f02-f13b-4adb-b756-6e2873b75078: attributed to 001697; 0.4 s; peak memory 721 MiB.
2026-10-02T13:24:07Z INFO [2272/5769] b56bd9f1-5f70-47b5-82d6-312fa9677f63: attributed to 000571; 0.1 s; peak memory 721 MiB.
2026-10-02T13:24:07Z INFO [2273/5769] b56d9e70-cd21-41a5-8c3b-8aa208486315: attributed to 001697; 0.4 s; peak memory 721 MiB.
2026-10-02T13:24:07Z INFO [2274/5769] b56db788-2c8e-4eed-b275-1ff6ce17c4c7: attributed to 001697; 0.0 s; peak memory 721 MiB.
2026-10-02T13:24:07Z INFO [2275/5769] b574840a-3014-48ae-aa59-e70de4f797ba: attributed to 000026; 0.1 s; peak memory 721 MiB.
2026-10-02T13:24:07Z INFO [2276/5769] b57a4012-2218-413e-93f0-e3e24eaffd3a: attributed to 000363; 0.0 s; peak memory 721 MiB.
2026-10-02T13:24:07Z INFO [2277/5769] b57cd7e3-0684-4bd3-90f7-1a77f0d30f5e: attributed to 001697; 0.3 s; peak memory 721 MiB.
2026-10-02T13:24:07Z INFO [2278/5769] b584c692-0c53-4d6a-be57-e20455b96b18: attributed to 001697; 0.0 s; peak memory 721 MiB.
2026-10-02T13:24:07Z INFO [2279/5769] b59e6c05-ea33-41cc-90e2-4114a4519f07: attributed to 001697; 0.0 s; peak memory 721 MiB.
2026-10-02T13:24:07Z INFO [2280/5769] b5a66ba2-4556-4b0b-b28f-fa0b4562fcdc: attributed to 000946; 0.1 s; peak memory 721 MiB.
2026-10-02T13:24:08Z INFO [2281/5769] b5a6a1f3-4e4f-43a3-bead-16bf95c15d13: attributed to 001697; 0.4 s; peak memory 721 MiB.
2026-10-02T13:24:08Z INFO [2282/5769] b5abf46d-dc96-4a99-a12a-9b91ca1dc396: attributed to 001697; 0.3 s; peak memory 721 MiB.
2026-10-02T13:24:09Z INFO [2283/5769] b5b1bffc-3ff8-4f76-9ce3-82389d1e36e9: attributed to 001697; 0.4 s; peak memory 721 MiB.
2026-10-02T13:24:09Z INFO [2284/5769] b5ba2681-1166-4cd3-b0ef-7af1df11a1fa: attributed to 000026; 0.1 s; peak memory 721 MiB.
2026-10-02T13:24:09Z INFO [2285/5769] b5bcb03e-fc0c-40b6-a1c4-d2f6d5240dac: attributed to 000946; 0.1 s; peak memory 721 MiB.
2026-10-02T13:24:09Z INFO [2286/5769] b5c00891-014a-4cbc-b556-3ffc2e987585: attributed to 000026; 0.1 s; peak memory 721 MiB.
2026-10-02T13:24:09Z INFO [2287/5769] b5c8c877-9edb-4c40-ab77-09d9d7718f19: attributed to 001697; 0.4 s; peak memory 721 MiB.
2026-10-02T13:24:10Z INFO [2288/5769] b5ce6299-b27b-4a1e-a023-c91b588f6270: attributed to 001697; 0.4 s; peak memory 721 MiB.
2026-10-02T13:24:10Z INFO [2289/5769] b5d6258f-9268-47d3-8dc6-fb2504894d61: attributed to 001697; 0.3 s; peak memory 721 MiB.
2026-10-02T13:24:10Z INFO [2290/5769] b5e172e2-fb95-4a25-8d09-0683fa79b3fa: attributed to 001697; 0.4 s; peak memory 721 MiB.
2026-10-02T13:24:10Z INFO [2291/5769] b5e65449-44a0-456e-94a2-f74d3f742468: attributed to 000946; 0.1 s; peak memory 721 MiB.
2026-10-02T13:24:10Z INFO [2292/5769] b5f7eae2-dfcc-412e-9888-fe05abeb0d36: attributed to 000026; 0.1 s; peak memory 721 MiB.
2026-10-02T13:24:11Z INFO [2293/5769] b5fa3a7d-2f36-48a0-8cf6-3f71bca6a0b0: attributed to 001697; 0.5 s; peak memory 721 MiB.
2026-10-02T13:24:11Z INFO [2294/5769] b5ff914e-016e-4aba-bde2-d17ed38f0c21: attributed to 000946; 0.1 s; peak memory 721 MiB.
2026-10-02T13:24:11Z INFO [2295/5769] b601f64e-b555-4147-9373-37a4a683a341: attributed to 001697; 0.0 s; peak memory 721 MiB.
2026-10-02T13:24:11Z INFO [2296/5769] b60391e9-0fc7-4dc3-a723-8415d6c3d6b4: attributed to 000026; 0.1 s; peak memory 721 MiB.
2026-10-02T13:24:11Z INFO [2297/5769] b610b16b-4c44-4b16-8416-8e1dd0caa4e1: attributed to 000946; 0.1 s; peak memory 721 MiB.
2026-10-02T13:24:11Z INFO [2298/5769] b61acd2f-302b-4221-a46a-722e92beec2d: attributed to 001697; 0.0 s; peak memory 721 MiB.
2026-10-02T13:24:12Z INFO [2299/5769] b61fd5ef-feba-4160-ac7a-01c40d3ac793: attributed to 000026; 0.5 s; peak memory 721 MiB.
2026-10-02T13:24:12Z INFO [2300/5769] b620190c-2e6a-416a-a46e-a3916038e3f6: attributed to 000142; 0.0 s; peak memory 721 MiB.
2026-10-02T13:24:13Z INFO [2300/5769] b620190c-2e6a-416a-a46e-a3916038e3f6: checkpointed 506548 records.
2026-10-02T13:24:13Z INFO [2301/5769] b622dbd3-03bc-4ef6-a245-73c5e4ce0902: attributed to 000559; 0.1 s; peak memory 721 MiB.
2026-10-02T13:24:13Z INFO [2302/5769] b6283001-925e-4845-b3ed-56435458f6a8: attributed to 001183; 0.2 s; peak memory 721 MiB.
2026-10-02T13:24:13Z INFO [2303/5769] b628d706-700a-460f-b4f3-b26bcd84755f: attributed to 000570; 0.0 s; peak memory 721 MiB.
2026-10-02T13:24:13Z INFO [2304/5769] b62981a1-a4a1-4345-870d-a3e62cdde6f2: attributed to 000026; 0.2 s; peak memory 721 MiB.
2026-10-02T13:24:14Z INFO [2305/5769] b62f08b0-409f-4348-900f-27aa1eb3c1e8: attributed to 001697; 0.4 s; peak memory 721 MiB.
2026-10-02T13:24:14Z INFO [2306/5769] b6338c62-f299-45b2-bd5c-9cde649be0ee: attributed to 000571; 0.1 s; peak memory 721 MiB.
2026-10-02T13:24:14Z INFO [2307/5769] b634b903-9f80-45fc-88f1-6b28726c8ed1: attributed to 000209; 0.0 s; peak memory 721 MiB.
2026-10-02T13:24:14Z INFO [2308/5769] b6393a0b-92d3-4eb2-959d-155ce1ceb4ae: attributed to 001697; 0.3 s; peak memory 721 MiB.
2026-10-02T13:24:15Z INFO [2309/5769] b64dc2c1-5d85-4cff-b7e5-8b9a5b43077e: attributed to 001873; 0.5 s; peak memory 721 MiB.
2026-10-02T13:24:15Z INFO [2310/5769] b651c97d-5ec5-4cdb-ae16-1e051a5c1e4e: attributed to 001697; 0.0 s; peak memory 721 MiB.
2026-10-02T13:24:15Z INFO [2311/5769] b6558378-c0ed-4eef-92cb-b513a23273ca: attributed to 001697; 0.4 s; peak memory 721 MiB.
2026-10-02T13:24:15Z INFO [2312/5769] b655948f-0d31-48ed-a9ed-8be8e5a2039f: attributed to 001697; 0.3 s; peak memory 721 MiB.
2026-10-02T13:24:15Z INFO [2313/5769] b6654f1f-51ae-4717-91b0-410e8662de77: attributed to 001449; 0.1 s; peak memory 721 MiB.
2026-10-02T13:24:15Z INFO [2314/5769] b66c40b7-4ec8-445d-8448-88a7bcd105a0: attributed to 000403; 0.0 s; peak memory 721 MiB.
2026-10-02T13:24:16Z INFO [2315/5769] b66c8258-b814-409e-a441-f197825c24d4: attributed to 001697; 0.3 s; peak memory 721 MiB.
2026-10-02T13:24:16Z INFO [2316/5769] b66ecd11-4320-4593-a4bb-d39674d2db35: attributed to 001697; 0.0 s; peak memory 721 MiB.
2026-10-02T13:24:16Z INFO [2317/5769] b67324bd-14a7-42a7-94a8-489f061ac5f8: attributed to 001063; 0.1 s; peak memory 721 MiB.
2026-10-02T13:24:16Z INFO [2318/5769] b67733c6-345b-4d77-9c52-0176c6490eaa: attributed to 001697; 0.3 s; peak memory 721 MiB.
2026-10-02T13:24:17Z INFO [2319/5769] b68e7331-3ee8-46b1-8a65-14fa105ac188: attributed to 001697; 0.4 s; peak memory 721 MiB.
2026-10-02T13:24:17Z INFO [2320/5769] b692a60b-a68d-4bf8-bd00-b1f8c112849f: attributed to 000026; 0.1 s; peak memory 721 MiB.
2026-10-02T13:24:17Z INFO [2321/5769] b6992ab4-f92d-4b66-ac5e-391f2eb8432d: attributed to 001697; 0.4 s; peak memory 721 MiB.
2026-10-02T13:24:17Z INFO [2322/5769] b6a411c8-2714-4d96-aa53-3aa89bf7521c: attributed to 001697; 0.4 s; peak memory 721 MiB.
2026-10-02T13:24:17Z INFO [2323/5769] b6adbb0a-a9d1-4ec5-bb5b-c84207d43525: attributed to 001697; 0.0 s; peak memory 721 MiB.
2026-10-02T13:24:17Z INFO [2324/5769] b6b02e19-2544-4f70-a90a-063e9e51697e: attributed to 001748; 0.0 s; peak memory 721 MiB.
2026-10-02T13:24:18Z INFO [2325/5769] b6b5dd7b-1d1e-4291-aa19-33eea3039d91: attributed to 001697; 0.3 s; peak memory 721 MiB.
2026-10-02T13:24:18Z INFO [2326/5769] b6b62854-6acc-4814-b5b5-7fd7559132de: attributed to 001697; 0.0 s; peak memory 721 MiB.
2026-10-02T13:24:18Z INFO [2327/5769] b6b8955d-e985-4af3-a1a6-15d8e3f9fcdb: attributed to 001697; 0.0 s; peak memory 721 MiB.
2026-10-02T13:24:18Z INFO [2328/5769] b6c3e47d-622d-4c6d-9028-c062ad87e36a: attributed to 001697; 0.3 s; peak memory 721 MiB.
2026-10-02T13:24:18Z INFO [2329/5769] b6c5cf83-6c4f-46ae-9b91-b43627fac3b5: attributed to 000173; 0.1 s; peak memory 721 MiB.
2026-10-02T13:24:18Z INFO [2330/5769] b6c6e782-fe0c-41d8-b59d-94ac9e7fc741: attributed to 001697; 0.2 s; peak memory 721 MiB.
2026-10-02T13:24:19Z INFO [2331/5769] b6c97b58-05b9-4611-adf7-e75117fb8acc: attributed to 001697; 0.3 s; peak memory 721 MiB.
2026-10-02T13:24:19Z INFO [2332/5769] b6cab591-98ea-459f-8306-a637b92d22b8: attributed to 001697; 0.3 s; peak memory 721 MiB.
2026-10-02T13:24:19Z INFO [2333/5769] b6cdbeb1-f359-4ce1-accc-a158887a9f9c: attributed to 001697; 0.0 s; peak memory 721 MiB.
2026-10-02T13:24:20Z INFO [2334/5769] b6cf66a0-4627-4cea-a3bc-735d7e3c401f: attributed to 001449; 0.6 s; peak memory 721 MiB.
2026-10-02T13:24:20Z INFO [2335/5769] b6d0bb15-8834-4a9c-be43-e5d51dbde3f6: attributed to 001873; 0.4 s; peak memory 721 MiB.
2026-10-02T13:24:20Z INFO [2336/5769] b6d2844c-ab65-44f8-9cb0-a57f7c44f1d0: attributed to 001697; 0.0 s; peak memory 721 MiB.
2026-10-02T13:24:20Z INFO [2337/5769] b6d38fc4-3756-4f72-9760-fefd0f79bf7b: attributed to 001697; 0.3 s; peak memory 721 MiB.
2026-10-02T13:24:21Z INFO [2338/5769] b6dbb7d8-2c01-4fce-ae49-89778b79318d: attributed to 001063; 0.1 s; peak memory 721 MiB.
2026-10-02T13:24:21Z INFO [2339/5769] b6dc44b1-bfc4-450c-95f7-2572772658a9: attributed to 001449; 0.6 s; peak memory 721 MiB.
2026-10-02T13:24:21Z INFO [2340/5769] b6dde4cd-2fc7-4daa-a85a-0efe5c1b0425: attributed to 000568; 0.1 s; peak memory 721 MiB.
2026-10-02T13:24:21Z INFO [2341/5769] b6de302a-06cd-4c3f-847e-465035fc6f2e: attributed to 001697; 0.0 s; peak memory 721 MiB.
2026-10-02T13:24:21Z INFO [2342/5769] b6e1d237-5dc2-4c2f-a62c-9794b76b3e0d: attributed to 001697; 0.0 s; peak memory 721 MiB.
2026-10-02T13:24:22Z INFO [2343/5769] b6e239e2-9b16-4434-a0e8-6e0623220751: attributed to 001873; 0.4 s; peak memory 721 MiB.
2026-10-02T13:24:22Z INFO [2344/5769] b6e851ef-1db4-469c-a10a-04cbc38446a5: attributed to 001697; 0.0 s; peak memory 721 MiB.
2026-10-02T13:24:22Z INFO [2345/5769] b6e89b35-70d0-4a8e-95e3-90bf38f69cf0: attributed to 000026; 0.1 s; peak memory 721 MiB.
2026-10-02T13:24:32Z INFO [2346/5769] b6ea441d-fcce-4280-b043-15657fe9104c: attributed to 000571; 10.2 s; peak memory 721 MiB.
2026-10-02T13:24:32Z INFO [2347/5769] b6ec3c3e-8c65-457e-a06b-338136e64bcb: attributed to 001697; 0.0 s; peak memory 721 MiB.
2026-10-02T13:24:32Z INFO [2348/5769] b6f04e71-4625-4d15-b7d7-1d9454a08c53: attributed to 000142; 0.0 s; peak memory 721 MiB.
2026-10-02T13:24:32Z INFO [2349/5769] b6f13f76-4fe1-43f0-a994-8d11bdfa3d6a: attributed to 001697; 0.3 s; peak memory 721 MiB.
2026-10-02T13:24:32Z INFO [2350/5769] b6f4cafb-c398-4b01-ad6b-da6c31d57b43: attributed to 000570; 0.0 s; peak memory 721 MiB.
2026-10-02T13:24:33Z INFO [2350/5769] b6f4cafb-c398-4b01-ad6b-da6c31d57b43: checkpointed 506549 records.
2026-10-02T13:24:34Z INFO [2351/5769] b6f58208-17dd-4111-8a2d-58345be4bc62: attributed to 001697; 0.3 s; peak memory 721 MiB.
2026-10-02T13:24:34Z INFO [2352/5769] b6fe0366-bba4-4c51-b0cb-7942c04cc50c: attributed to 001449; 0.5 s; peak memory 721 MiB.
2026-10-02T13:24:34Z INFO [2353/5769] b70b374e-4887-4899-bb95-43fdabaf73e1: attributed to 001697; 0.0 s; peak memory 721 MiB.
2026-10-02T13:24:34Z INFO [2354/5769] b72118fc-a1c8-418f-9fd3-40e5cf70a029: attributed to 001697; 0.3 s; peak memory 721 MiB.
2026-10-02T13:24:35Z INFO [2355/5769] b72924ff-a1e3-42f3-8abf-ebf6edd96f02: attributed to 001697; 0.3 s; peak memory 721 MiB.
2026-10-02T13:24:35Z INFO [2356/5769] b72e3366-7a26-4ff2-b2f2-c7a70b73117b: attributed to 000026; 0.2 s; peak memory 721 MiB.
2026-10-02T13:24:35Z INFO [2357/5769] b7359bc9-e6dd-4cb3-83e9-cda5bf94e4be: attributed to 001697; 0.3 s; peak memory 721 MiB.
2026-10-02T13:24:35Z INFO [2358/5769] b73c2414-fec4-4929-b472-8bbaa737e204: attributed to 001697; 0.3 s; peak memory 721 MiB.
2026-10-02T13:24:36Z INFO [2359/5769] b73c7eec-7233-4c33-a393-55aba3c21fe2: attributed to 001697; 0.3 s; peak memory 721 MiB.
2026-10-02T13:24:36Z INFO [2360/5769] b7424874-ca2b-4afd-82ab-7a0fa7720852: attributed to 001697; 0.0 s; peak memory 721 MiB.
2026-10-02T13:24:36Z INFO [2361/5769] b7424bb4-1517-4e4c-bf2a-4611628572ab: attributed to 001697; 0.0 s; peak memory 721 MiB.
2026-10-02T13:24:36Z INFO [2362/5769] b7426a2c-11dd-4ffd-9598-d4e21dd84aef: attributed to 001873; 0.4 s; peak memory 721 MiB.
2026-10-02T13:24:36Z INFO [2363/5769] b7496e16-86b8-4e21-935a-f8689b40ab93: attributed to 001697; 0.0 s; peak memory 721 MiB.
2026-10-02T13:24:36Z INFO [2364/5769] b74d8de2-f7d4-4cf4-9358-8d5622c860c0: attributed to 001697; 0.3 s; peak memory 721 MiB.
2026-10-02T13:24:36Z INFO [2365/5769] b76667cf-4635-4c41-8079-d4bed45f50ef: attributed to 000209; 0.0 s; peak memory 721 MiB.
2026-10-02T13:24:37Z INFO [2366/5769] b768f408-8d76-4252-88ee-4f170c2408f8: attributed to 001697; 0.3 s; peak memory 721 MiB.
2026-10-02T13:24:37Z INFO [2367/5769] b76e769d-07e4-44fa-a4be-7404244292d1: attributed to 000026; 0.1 s; peak memory 721 MiB.
2026-10-02T13:24:37Z INFO [2368/5769] b77344d8-5974-4159-b479-0c37abe4c0e9: attributed to 000946; 0.1 s; peak memory 721 MiB.
2026-10-02T13:24:39Z INFO [2369/5769] b77ccd0f-1962-459f-9ec5-75f5e89f29c0: attributed to 001697; 2.5 s; peak memory 721 MiB.
2026-10-02T13:24:40Z INFO [2370/5769] b77ec482-e54d-44d0-90e3-d41d4f399ccc: attributed to 001697; 0.3 s; peak memory 721 MiB.
2026-10-02T13:24:40Z INFO [2371/5769] b77edda8-898b-4b90-8ac7-d0570a6289d3: attributed to 001697; 0.6 s; peak memory 721 MiB.
2026-10-02T13:24:40Z INFO [2372/5769] b789ddc3-4113-4ccb-898f-e2cf6a90e05f: attributed to 001697; 0.0 s; peak memory 721 MiB.
2026-10-02T13:24:40Z INFO [2373/5769] b78a3efd-b994-49a3-bda4-89497b76caee: attributed to 000109; 0.0 s; peak memory 721 MiB.
2026-10-02T13:24:40Z INFO [2374/5769] b7a35aba-7eb7-4c1e-8120-8818e4d28aa8: attributed to 001697; 0.0 s; peak memory 721 MiB.
2026-10-02T13:24:40Z INFO [2375/5769] b7b3cfa3-92e0-46dd-8ee3-36ad14dc562b: attributed to 000026; 0.1 s; peak memory 721 MiB.
2026-10-02T13:24:40Z INFO [2376/5769] b7bc2b21-4025-49fc-b9ba-ec73d4f20e4f: attributed to 001697; 0.0 s; peak memory 721 MiB.
2026-10-02T13:24:41Z INFO [2377/5769] b7d03e84-3c4f-4034-b42e-4544f436dc1f: attributed to 001697; 0.4 s; peak memory 721 MiB.
2026-10-02T13:24:41Z INFO [2378/5769] b7d0a690-6a04-45b1-ad3c-a7fb90a0339b: attributed to 001697; 0.0 s; peak memory 721 MiB.
2026-10-02T13:24:41Z INFO [2379/5769] b7d2abe9-3d61-4032-a505-6d8750e3e88f: attributed to 000946; 0.1 s; peak memory 721 MiB.
2026-10-02T13:24:41Z INFO [2380/5769] b7db93ca-545d-4e07-aa46-d5db8ad31acd: attributed to 001697; 0.0 s; peak memory 721 MiB.
2026-10-02T13:24:41Z INFO [2381/5769] b7dc11cf-ae10-478d-a625-ae4049ea094e: attributed to 001697; 0.0 s; peak memory 721 MiB.
2026-10-02T13:24:41Z INFO [2382/5769] b7dcbc0c-7eb7-41c1-bbdb-174180acf5a3: attributed to 001697; 0.0 s; peak memory 721 MiB.
2026-10-02T13:24:41Z INFO [2383/5769] b7e0213e-4f8c-4374-bb66-cb13121ca287: attributed to 000026; 0.1 s; peak memory 721 MiB.
2026-10-02T13:24:41Z INFO [2384/5769] b7e2792d-a797-4443-9d25-4f6cba12c65f: attributed to 000142; 0.0 s; peak memory 721 MiB.
2026-10-02T13:24:41Z INFO [2385/5769] b7e5a602-5fae-47d1-85ed-996e64ae795f: attributed to 001697; 0.0 s; peak memory 721 MiB.
2026-10-02T13:24:41Z INFO [2386/5769] b7ee16e4-2315-48aa-b291-edd1cf7efa62: attributed to 000946; 0.1 s; peak memory 721 MiB.
2026-10-02T13:24:41Z INFO [2387/5769] b7f0f9ca-577a-423e-9373-199125a20be1: attributed to 001697; 0.3 s; peak memory 721 MiB.
2026-10-02T13:24:42Z INFO [2388/5769] b7f24efe-e262-425a-8a8a-f0df872928c8: attributed to 000946; 0.1 s; peak memory 721 MiB.
2026-10-02T13:24:42Z INFO [2389/5769] b7f30d69-9a43-467c-a01b-1b9545975391: attributed to 001873; 0.4 s; peak memory 721 MiB.
2026-10-02T13:24:42Z INFO [2390/5769] b7fdbd6a-dcd3-4e50-bd03-d74b34a9458b: attributed to 000026; 0.2 s; peak memory 721 MiB.
2026-10-02T13:24:42Z INFO [2391/5769] b8040c2a-0860-4122-9ecc-65045213f209: attributed to 000026; 0.1 s; peak memory 721 MiB.
2026-10-02T13:24:43Z INFO [2392/5769] b80e1a12-6a14-493c-8c98-bd208d18d610: attributed to 001697; 0.3 s; peak memory 721 MiB.
2026-10-02T13:24:43Z INFO [2393/5769] b815f303-914f-4cc5-819f-bbcd34f3a332: attributed to 000946; 0.1 s; peak memory 721 MiB.
2026-10-02T13:24:43Z INFO [2394/5769] b82dc90e-e207-4031-9ef9-b410a5ae83ef: attributed to 001697; 0.3 s; peak memory 721 MiB.
2026-10-02T13:24:43Z INFO [2395/5769] b8308343-ac3d-45bf-884b-6d805b489635: attributed to 001697; 0.3 s; peak memory 721 MiB.
2026-10-02T13:24:43Z INFO [2396/5769] b834315d-44c9-4ecd-91f2-73f1637b9336: attributed to 001697; 0.0 s; peak memory 721 MiB.
2026-10-02T13:24:43Z INFO [2397/5769] b834cdc6-2fdc-4c6f-bcf5-63cc0ae50ce6: attributed to 000026; 0.1 s; peak memory 721 MiB.
2026-10-02T13:24:43Z INFO [2398/5769] b834de78-2123-4291-9710-aeadf3cf975a: attributed to 001449; 0.1 s; peak memory 721 MiB.
2026-10-02T13:24:43Z INFO [2399/5769] b839f8a1-94d0-4a07-b193-f347a8f042d7: attributed to 001697; 0.0 s; peak memory 721 MiB.
2026-10-02T13:24:44Z INFO [2400/5769] b84765ce-391b-49cc-9c93-c271efc1ece1: attributed to 000026; 0.1 s; peak memory 721 MiB.
2026-10-02T13:24:45Z INFO [2400/5769] b84765ce-391b-49cc-9c93-c271efc1ece1: checkpointed 506549 records.
2026-10-02T13:24:45Z INFO [2401/5769] b84801ea-5d03-43a7-bcb4-2530662f4211: attributed to 001697; 0.3 s; peak memory 721 MiB.
2026-10-02T13:24:45Z INFO [2402/5769] b84969cb-d7e7-48c3-a236-19a09030a070: attributed to 001063; 0.1 s; peak memory 721 MiB.
2026-10-02T13:24:45Z INFO [2403/5769] b84c3e83-4732-41fb-bbfc-0cafd6c93f38: attributed to 001449; 0.1 s; peak memory 721 MiB.
2026-10-02T13:24:45Z INFO [2404/5769] b84f6549-7743-4ca4-800a-e124d195d4da: attributed to 001697; 0.3 s; peak memory 721 MiB.
2026-10-02T13:24:45Z INFO [2405/5769] b85234d8-0561-40f5-a69d-5deb3936891b: attributed to 001697; 0.0 s; peak memory 721 MiB.
2026-10-02T13:24:46Z INFO [2406/5769] b8580d34-1e81-4a73-91da-e41597e5c153: attributed to 000026; 0.1 s; peak memory 721 MiB.
2026-10-02T13:24:46Z INFO [2407/5769] b85ca928-0694-42e6-99c3-131b01b271dc: attributed to 000209; 0.0 s; peak memory 721 MiB.
2026-10-02T13:24:46Z INFO [2408/5769] b85d3836-25c5-4abd-a43c-45f8d93a796e: attributed to 001697; 0.0 s; peak memory 721 MiB.
2026-10-02T13:24:46Z INFO [2409/5769] b85e2c11-27d1-47f5-93e7-d95a6b3a32b4: attributed to 000946; 0.1 s; peak memory 721 MiB.
2026-10-02T13:24:46Z INFO [2410/5769] b8610ec8-1c6b-4e22-8fa9-27b6c27871ff: attributed to 000026; 0.1 s; peak memory 721 MiB.
2026-10-02T13:24:46Z INFO [2411/5769] b8674eac-be5e-443b-bbee-fb43dbe1725c: attributed to 000026; 0.3 s; peak memory 721 MiB.
2026-10-02T13:24:46Z INFO [2412/5769] b86b99f6-984b-4bc9-ba83-2a3fe0bd1b7f: attributed to 001063; 0.1 s; peak memory 721 MiB.
2026-10-02T13:24:46Z INFO [2413/5769] b86e041b-28ee-4996-ac60-8f1286e7cfd1: attributed to 001697; 0.0 s; peak memory 721 MiB.
2026-10-02T13:24:46Z INFO [2414/5769] b870f31e-bcc0-4f82-8adb-51a742718b20: attributed to 001697; 0.0 s; peak memory 721 MiB.
2026-10-02T13:24:46Z INFO [2415/5769] b8791315-02a3-4d56-9bf4-b61863424030: attributed to 000026; 0.1 s; peak memory 721 MiB.
2026-10-02T13:24:46Z INFO [2416/5769] b87fb541-d09f-4e69-baa7-371d7427ffd6: attributed to 000209; 0.0 s; peak memory 721 MiB.
2026-10-02T13:24:46Z INFO [2417/5769] b8806f4e-4123-47e7-80bd-4d39e787d699: attributed to 001697; 0.3 s; peak memory 721 MiB.
2026-10-02T13:24:47Z INFO [2418/5769] b881c2f7-c8de-473d-acc2-dd2213f26690: attributed to 001697; 0.3 s; peak memory 721 MiB.
2026-10-02T13:24:47Z INFO [2419/5769] b88419f7-7dbc-4d9d-84a4-03b23b9d28af: attributed to 001697; 0.3 s; peak memory 721 MiB.
2026-10-02T13:24:47Z INFO [2420/5769] b885608e-df18-4ba1-8368-2e899bf3e342: attributed to 001697; 0.3 s; peak memory 721 MiB.
2026-10-02T13:24:48Z INFO [2421/5769] b88bb296-2cac-4cb6-bc2b-11a736ee9cae: attributed to 001697; 0.3 s; peak memory 721 MiB.
2026-10-02T13:24:48Z INFO [2422/5769] b88c9f65-bd37-4ea7-a691-ecd1542df772: attributed to 000026; 0.1 s; peak memory 721 MiB.
2026-10-02T13:24:48Z INFO [2423/5769] b896e1dd-0040-4376-9b68-386522535d5f: attributed to 000026; 0.1 s; peak memory 721 MiB.
2026-10-02T13:24:48Z INFO [2424/5769] b8a10621-a706-4a4c-a5ab-34d79b1a8ca5: attributed to 001449; 0.1 s; peak memory 721 MiB.
2026-10-02T13:24:48Z INFO [2425/5769] b8a57e30-2bcf-4ad5-bd63-6464bbac1718: attributed to 001873; 0.4 s; peak memory 721 MiB.
2026-10-02T13:24:48Z INFO [2426/5769] b8b23281-137b-4283-9087-56df431d7b3c: attributed to 000026; 0.1 s; peak memory 721 MiB.
2026-10-02T13:24:49Z INFO [2427/5769] b8b3c22c-536a-45f8-a1c9-2307bf17ce30: attributed to 000026; 0.1 s; peak memory 721 MiB.
2026-10-02T13:24:49Z INFO [2428/5769] b8b6e9c8-2ef4-48b9-afb1-9d824415e23a: attributed to 000026; 0.3 s; peak memory 721 MiB.
2026-10-02T13:24:49Z INFO [2429/5769] b8c0d3db-6708-43ce-bc02-1267c7cf4b33: attributed to 000109; 0.0 s; peak memory 721 MiB.
2026-10-02T13:24:50Z INFO [2430/5769] b8c6e2ef-43d6-400d-a8a8-b0062c459c55: attributed to 001697; 0.8 s; peak memory 721 MiB.
2026-10-02T13:24:50Z INFO [2431/5769] b8d156af-de37-4bcf-b209-36ee803e314a: attributed to 000946; 0.1 s; peak memory 721 MiB.
2026-10-02T13:24:50Z INFO [2432/5769] b8d77fc3-945f-495c-94ac-785b1ba4e5bd: attributed to 001697; 0.5 s; peak memory 721 MiB.
2026-10-02T13:24:50Z INFO [2433/5769] b8d7cc9e-d1c0-42b2-9ba5-7350c4cee63b: attributed to 000209; 0.0 s; peak memory 721 MiB.
2026-10-02T13:24:50Z INFO [2434/5769] b8dfb573-a29e-4b67-9f24-297964df3aa5: attributed to 001697; 0.0 s; peak memory 721 MiB.
2026-10-02T13:24:50Z INFO [2435/5769] b8e10570-17b4-41b5-9f13-e47758a4c3e0: attributed to 000026; 0.1 s; peak memory 721 MiB.
2026-10-02T13:24:50Z INFO [2436/5769] b8f87f62-7a5d-44d2-879b-a411dca2b964: attributed to 000142; 0.0 s; peak memory 721 MiB.
2026-10-02T13:24:51Z INFO [2437/5769] b8f928ad-3a49-49cb-b60a-563a4f45691b: attributed to 002017; 1.0 s; peak memory 721 MiB.
2026-10-02T13:24:51Z INFO [2438/5769] b8faecab-35c9-4b67-9cdd-3563d191df57: attributed to 001697; 0.0 s; peak memory 721 MiB.
2026-10-02T13:24:52Z INFO [2439/5769] b90109b5-b8e2-4f5d-986c-23aeec55c787: attributed to 001697; 0.4 s; peak memory 721 MiB.
2026-10-02T13:24:52Z INFO [2440/5769] b9030d92-4496-4409-99dc-bb3354baed87: attributed to 001697; 0.0 s; peak memory 721 MiB.
2026-10-02T13:24:52Z INFO [2441/5769] b92512f1-0f04-44f8-b9a8-08eb09e7c18d: attributed to 001782; 0.1 s; peak memory 721 MiB.
2026-10-02T13:24:52Z INFO [2442/5769] b92998ca-82ca-4fb8-8a63-936115cb1d11: attributed to 001697; 0.0 s; peak memory 721 MiB.
2026-10-02T13:24:52Z INFO [2443/5769] b92a8ee8-5ee2-422b-b707-fb25b76129c3: attributed to 001697; 0.0 s; peak memory 721 MiB.
2026-10-02T13:24:52Z INFO [2444/5769] b92ae586-bfc7-4987-b04c-3767f7ec480d: attributed to 000142; 0.0 s; peak memory 721 MiB.
2026-10-02T13:24:52Z INFO [2445/5769] b9314cba-ae92-4d7a-baa3-b7bd5332934e: attributed to 001697; 0.0 s; peak memory 721 MiB.
2026-10-02T13:24:52Z INFO [2446/5769] b9321c6d-c2aa-43d1-9114-313bfd8f3597: attributed to 000293; 0.0 s; peak memory 721 MiB.
2026-10-02T13:24:52Z INFO [2447/5769] b9341f39-3eee-41cd-a7f6-74570a5300ac: attributed to 000946; 0.1 s; peak memory 721 MiB.
2026-10-02T13:24:53Z INFO [2448/5769] b93f4bbd-4dfc-49d5-b226-f4dfa5026e80: attributed to 002017; 0.9 s; peak memory 721 MiB.
2026-10-02T13:24:53Z INFO [2449/5769] b93f857b-6195-4235-b0dd-cae99f4ba0b3: attributed to 001697; 0.3 s; peak memory 721 MiB.
2026-10-02T13:24:53Z INFO [2450/5769] b9400882-cc09-452a-8dcc-3404fd70b191: attributed to 000142; 0.0 s; peak memory 721 MiB.
2026-10-02T13:24:54Z INFO [2450/5769] b9400882-cc09-452a-8dcc-3404fd70b191: checkpointed 506551 records.
2026-10-02T13:24:54Z INFO [2451/5769] b94b99fd-1fa5-4d0c-9388-82ace1ed637f: attributed to 000026; 0.2 s; peak memory 721 MiB.
2026-10-02T13:24:54Z INFO [2452/5769] b94cfeb0-77b0-482f-bae9-58611d3deec8: attributed to 001697; 0.0 s; peak memory 721 MiB.
2026-10-02T13:24:55Z INFO [2453/5769] b961392f-60fb-4fae-be31-3109849a93f2: attributed to 001697; 0.3 s; peak memory 721 MiB.
2026-10-02T13:24:55Z INFO [2454/5769] b9642b55-9e7f-442d-8fdd-598746ad011d: attributed to 001697; 0.0 s; peak memory 721 MiB.
2026-10-02T13:24:55Z INFO [2455/5769] b9667962-f6f4-4644-a95d-e49948a6c8cb: attributed to 001697; 0.0 s; peak memory 721 MiB.
2026-10-02T13:24:55Z INFO [2456/5769] b9677f9e-fca3-41aa-95a5-e1624eb031b8: attributed to 001697; 0.3 s; peak memory 721 MiB.
2026-10-02T13:24:55Z INFO [2457/5769] b97c8852-93d2-4305-a35a-953a60ed95f1: attributed to 000026; 0.1 s; peak memory 721 MiB.
2026-10-02T13:24:55Z INFO [2458/5769] b985118e-7f60-4cfa-80f5-ec7001af2482: attributed to 001858; 0.0 s; peak memory 721 MiB.
2026-10-02T13:24:55Z INFO [2459/5769] b9854f90-b760-43a5-ae3e-55086534f5a0: attributed to 000026; 0.1 s; peak memory 721 MiB.
2026-10-02T13:24:55Z INFO [2460/5769] b9860119-edde-473e-a9ee-380bb5587c0d: attributed to 000109; 0.0 s; peak memory 721 MiB.
2026-10-02T13:24:55Z INFO [2461/5769] b99aa02b-fff3-4f29-b7aa-19f8760163a4: attributed to 000408; 0.0 s; peak memory 721 MiB.
2026-10-02T13:24:56Z INFO [2462/5769] b99c39e8-978d-483b-b2bd-496fead4b0ed: attributed to 000026; 0.5 s; peak memory 721 MiB.
2026-10-02T13:24:56Z INFO [2463/5769] b9a02cb7-5edd-4f7e-8d33-23923ad20c4b: attributed to 001697; 0.3 s; peak memory 721 MiB.
2026-10-02T13:24:56Z INFO [2464/5769] b9a19b05-009f-421f-b81a-c4a463a5f9bb: attributed to 001697; 0.3 s; peak memory 721 MiB.
2026-10-02T13:24:56Z INFO [2465/5769] b9a60a53-c7b2-4fb6-b601-6dad383ee9db: attributed to 001697; 0.0 s; peak memory 721 MiB.
2026-10-02T13:24:56Z INFO [2466/5769] b9aea894-2a22-4c2d-ab6a-cbadc98ebffc: attributed to 001697; 0.0 s; peak memory 721 MiB.
2026-10-02T13:24:57Z INFO [2467/5769] b9c23159-de74-4d7b-8408-7566bba96493: attributed to 001697; 0.3 s; peak memory 721 MiB.
2026-10-02T13:24:57Z INFO [2468/5769] b9c643f5-592f-4be5-9dd7-0628cab4d91d: attributed to 000142; 0.0 s; peak memory 721 MiB.
2026-10-02T13:24:57Z INFO [2469/5769] b9d8c581-a119-4bb1-8655-a7f44b0aa861: attributed to 000026; 0.1 s; peak memory 721 MiB.
2026-10-02T13:24:57Z INFO [2470/5769] b9dd9d33-9914-4462-b428-a3e1e1561a38: attributed to 001697; 0.3 s; peak memory 721 MiB.
2026-10-02T13:24:57Z INFO [2471/5769] b9e053f5-5eaa-4e7b-bed5-1ebd0c5f6ed2: attributed to 000408; 0.0 s; peak memory 721 MiB.
2026-10-02T13:24:57Z INFO [2472/5769] b9e7788b-c890-4c67-b46a-72bfc4f5baba: attributed to 001697; 0.0 s; peak memory 721 MiB.
2026-10-02T13:24:57Z INFO [2473/5769] b9e7e9dd-e0f2-4a7c-887a-0d84eba2230f: attributed to 001697; 0.3 s; peak memory 721 MiB.
2026-10-02T13:24:58Z INFO [2474/5769] b9ec82d0-fda9-4ac1-ae92-25ae21fd59ac: attributed to 001697; 0.3 s; peak memory 721 MiB.
2026-10-02T13:24:58Z INFO [2475/5769] b9ed3384-7679-4535-9a68-54d617ab51e6: attributed to 000403; 0.0 s; peak memory 721 MiB.
2026-10-02T13:24:58Z INFO [2476/5769] b9efe4ae-1169-4b33-84a4-d08cf18227bb: attributed to 001697; 0.0 s; peak memory 721 MiB.
2026-10-02T13:24:58Z INFO [2477/5769] b9f1cfe0-d55e-4330-b12e-20e700275454: attributed to 000026; 0.1 s; peak memory 721 MiB.
2026-10-02T13:24:58Z INFO [2478/5769] b9f7a05f-2b1c-4ff5-b461-d6520c4269ae: attributed to 001697; 0.3 s; peak memory 721 MiB.
2026-10-02T13:24:58Z INFO [2479/5769] ba01a93a-6613-4c0d-b941-2c1daadb60ed: attributed to 000026; 0.2 s; peak memory 721 MiB.
2026-10-02T13:24:58Z INFO [2480/5769] ba08f880-0c56-4bed-8e8f-37e4ddd43ce1: attributed to 001697; 0.0 s; peak memory 721 MiB.
2026-10-02T13:24:58Z INFO [2481/5769] ba0b69c0-96ac-4e19-98b9-9b9b6a1e71d8: attributed to 001697; 0.0 s; peak memory 721 MiB.
2026-10-02T13:24:59Z INFO [2482/5769] ba0e3632-19e6-4266-ab2d-14c0b955ae47: attributed to 001697; 0.3 s; peak memory 721 MiB.
2026-10-02T13:24:59Z INFO [2483/5769] ba13d46a-3ad7-4125-b323-94b3a80fd1f9: attributed to 001697; 0.0 s; peak memory 721 MiB.
2026-10-02T13:24:59Z INFO [2484/5769] ba16085a-6f97-4dd2-bed0-bccde9bfc536: attributed to 001449; 0.1 s; peak memory 721 MiB.
2026-10-02T13:24:59Z INFO [2485/5769] ba182c84-bcc7-4c80-852e-d6c764508467: attributed to 001697; 0.0 s; peak memory 721 MiB.
2026-10-02T13:24:59Z INFO [2486/5769] ba1edad0-dca7-4075-b272-f84600728861: attributed to 001697; 0.0 s; peak memory 721 MiB.
2026-10-02T13:24:59Z INFO [2487/5769] ba28e2d7-62a9-42f1-a125-2cfa8f4de127: attributed to 001449; 0.1 s; peak memory 721 MiB.
2026-10-02T13:24:59Z INFO [2488/5769] ba2f270c-84e2-49a4-a1f8-0fb0b160c644: attributed to 000946; 0.1 s; peak memory 721 MiB.
2026-10-02T13:24:59Z INFO [2489/5769] ba3107b4-e6bb-49ef-b162-9dd7b0d0e5cf: attributed to 001697; 0.3 s; peak memory 721 MiB.
2026-10-02T13:24:59Z INFO [2490/5769] ba35723b-988a-4b90-81d2-dd01d7313816: attributed to 001697; 0.0 s; peak memory 721 MiB.
2026-10-02T13:24:59Z INFO [2491/5769] ba39aa90-986c-4e85-8211-bc18a098f635: attributed to 000946; 0.1 s; peak memory 721 MiB.
2026-10-02T13:25:00Z INFO [2492/5769] ba3d051b-f0a9-4dfe-a01b-8e0f85937215: attributed to 001697; 0.6 s; peak memory 721 MiB.
2026-10-02T13:25:00Z INFO [2493/5769] ba3f182f-f283-4823-b8df-3079f4098c1b: attributed to 001697; 0.3 s; peak memory 721 MiB.
2026-10-02T13:25:00Z INFO [2494/5769] ba4858f1-9e8b-4944-b657-e99546f64d11: attributed to 001697; 0.0 s; peak memory 721 MiB.
2026-10-02T13:25:00Z INFO [2495/5769] ba56f47e-adba-4da6-99fe-5986776d4da5: attributed to 000465; 0.0 s; peak memory 721 MiB.
2026-10-02T13:25:00Z INFO [2496/5769] ba57ff37-81c3-41e5-a3fc-bb8e2480aad3: attributed to 000026; 0.2 s; peak memory 721 MiB.
2026-10-02T13:25:01Z INFO [2497/5769] ba596fde-9b68-4798-b81b-fdd466a53593: attributed to 001697; 0.9 s; peak memory 721 MiB.
2026-10-02T13:25:01Z INFO [2498/5769] ba668b83-7392-428b-8ff8-5c49c183e385: attributed to 000142; 0.0 s; peak memory 721 MiB.
2026-10-02T13:25:01Z INFO [2499/5769] ba67571f-ea83-40a1-91c6-99ced8b39a73: attributed to 000109; 0.0 s; peak memory 721 MiB.
2026-10-02T13:25:02Z INFO [2500/5769] ba6dce15-a66d-40b7-9246-1a0b8a01db19: attributed to 001697; 0.3 s; peak memory 721 MiB.
2026-10-02T13:25:03Z INFO [2500/5769] ba6dce15-a66d-40b7-9246-1a0b8a01db19: checkpointed 506551 records.
2026-10-02T13:25:03Z INFO [2501/5769] ba711f10-69f9-44ae-ae7f-3b0da2862279: attributed to 001697; 0.2 s; peak memory 721 MiB.
2026-10-02T13:25:03Z INFO [2502/5769] ba7205f7-5ed1-4cc6-926d-b2efe3157299: attributed to 001858; 0.0 s; peak memory 721 MiB.
2026-10-02T13:25:03Z INFO [2503/5769] ba79fbae-1f68-42ae-bb13-a916e5fdbfa1: attributed to 000109; 0.0 s; peak memory 721 MiB.
2026-10-02T13:25:03Z INFO [2504/5769] ba844851-b47a-4751-8708-550ad67c46c1: attributed to 001697; 0.3 s; peak memory 721 MiB.
2026-10-02T13:25:03Z INFO [2505/5769] ba96ebfe-70bd-40bf-bc23-c4405f3eed93: attributed to 001873; 0.4 s; peak memory 721 MiB.
2026-10-02T13:25:03Z INFO [2506/5769] ba9af0b1-c6c9-464c-a6f0-cfe2e34d8d86: attributed to 000979; 0.0 s; peak memory 721 MiB.
2026-10-02T13:25:04Z INFO [2507/5769] ba9b6764-31fd-421b-a584-ab87f77a4bce: attributed to 001697; 0.3 s; peak memory 721 MiB.
2026-10-02T13:25:04Z INFO [2508/5769] baa5cb06-bc40-4e8d-af3e-5c24980e0d7b: attributed to 000026; 0.2 s; peak memory 721 MiB.
2026-10-02T13:25:04Z INFO [2509/5769] baab5a91-13f9-4713-bb57-1937b0029e5d: attributed to 000946; 0.1 s; peak memory 721 MiB.
2026-10-02T13:25:04Z INFO [2510/5769] bab9c51b-a887-4560-948b-6256a678fa9c: attributed to 000026; 0.2 s; peak memory 721 MiB.
2026-10-02T13:25:05Z INFO [2511/5769] babe6c25-7547-4dde-9b19-966652a42d93: attributed to 001697; 0.3 s; peak memory 721 MiB.
2026-10-02T13:25:05Z INFO [2512/5769] babf65e2-95a5-411f-a9af-9cb18e44b387: attributed to 001697; 0.3 s; peak memory 721 MiB.
2026-10-02T13:25:05Z INFO [2513/5769] bac64862-e2bf-40fb-8a12-e0759eb73244: attributed to 001449; 0.1 s; peak memory 721 MiB.
2026-10-02T13:25:05Z INFO [2514/5769] baca726e-e3b3-4caf-9949-79897d5e4072: attributed to 001697; 0.0 s; peak memory 721 MiB.
2026-10-02T13:25:05Z INFO [2515/5769] baccb11b-9bc7-4391-b758-2b382401667b: attributed to 000026; 0.1 s; peak memory 721 MiB.
2026-10-02T13:25:05Z INFO [2516/5769] bad1b96d-a596-4ef9-85f1-05ad8442ad87: attributed to 001697; 0.4 s; peak memory 721 MiB.
2026-10-02T13:25:06Z INFO [2517/5769] badf7797-b537-48ba-a1cb-46d699d09076: attributed to 000026; 0.1 s; peak memory 721 MiB.
2026-10-02T13:25:06Z INFO [2518/5769] bae19393-13a2-47b3-a2d5-307df512094e: attributed to 001697; 0.5 s; peak memory 721 MiB.
2026-10-02T13:25:06Z INFO [2519/5769] bae1cb04-0022-4f18-b1a3-fba22b59fe00: attributed to 001697; 0.0 s; peak memory 721 MiB.
2026-10-02T13:25:06Z INFO [2520/5769] bae4536e-548f-422f-b23f-70a9f55183ee: attributed to 000142; 0.0 s; peak memory 721 MiB.
2026-10-02T13:25:06Z INFO [2521/5769] baec5b03-1020-4074-8d06-d40c6a557557: attributed to 000946; 0.1 s; peak memory 721 MiB.
2026-10-02T13:25:06Z INFO [2522/5769] baf0128e-a503-4e15-93a5-29249d8682ff: attributed to 001452; 0.1 s; peak memory 721 MiB.
2026-10-02T13:25:06Z INFO [2523/5769] bb04c16a-1d0f-4fde-8c5f-398b19df9d5c: attributed to 000109; 0.0 s; peak memory 721 MiB.
2026-10-02T13:25:06Z INFO [2524/5769] bb0be16f-7285-4010-83b5-0b84784214cc: attributed to 000026; 0.1 s; peak memory 721 MiB.
2026-10-02T13:25:07Z INFO [2525/5769] bb0e5347-afb6-4064-92eb-019260032f54: attributed to 001697; 0.3 s; peak memory 721 MiB.
2026-10-02T13:25:07Z INFO [2526/5769] bb1f6183-eb89-46cc-99ba-f6aacaa2cb1a: attributed to 001697; 0.0 s; peak memory 721 MiB.
2026-10-02T13:25:07Z INFO [2527/5769] bb210325-fb78-4e0a-9097-56f77c68e1fb: attributed to 001697; 0.3 s; peak memory 721 MiB.
2026-10-02T13:25:07Z INFO [2528/5769] bb2413e4-ba9d-446f-8445-c1c2aab58cd5: attributed to 001697; 0.3 s; peak memory 721 MiB.
2026-10-02T13:25:07Z INFO [2529/5769] bb2aa82f-8bb3-4ef9-9f0a-fc85737b0a1d: attributed to 000026; 0.1 s; peak memory 721 MiB.
2026-10-02T13:25:08Z INFO [2530/5769] bb2ccb9d-8213-40cd-9ddc-124392543600: attributed to 001697; 0.3 s; peak memory 721 MiB.
2026-10-02T13:25:08Z INFO [2531/5769] bb333ee8-2c33-4e0f-a7eb-6c608462602b: attributed to 001697; 0.3 s; peak memory 721 MiB.
2026-10-02T13:25:08Z INFO [2532/5769] bb36d82a-c69c-44c5-9e31-f9da551d3793: attributed to 000570; 0.0 s; peak memory 721 MiB.
2026-10-02T13:25:09Z INFO [2533/5769] bb3861c3-1775-45f8-b5b2-dd79ed64d3ed: attributed to 001697; 0.9 s; peak memory 721 MiB.
2026-10-02T13:25:09Z INFO [2534/5769] bb3985d2-acb0-4ec0-9398-125ec08fab75: attributed to 001697; 0.3 s; peak memory 721 MiB.
2026-10-02T13:25:09Z INFO [2535/5769] bb40c096-47e2-4d97-8d01-00504b3869c3: attributed to 001697; 0.3 s; peak memory 721 MiB.
2026-10-02T13:25:09Z INFO [2536/5769] bb4b3517-85ae-4691-add7-cdeb07984c9b: attributed to 001697; 0.0 s; peak memory 721 MiB.
2026-10-02T13:25:09Z INFO [2537/5769] bb4b4079-7e42-4a3e-bee8-f3d88457306c: attributed to 000026; 0.1 s; peak memory 721 MiB.
2026-10-02T13:25:09Z INFO [2538/5769] bb4c09c7-6289-43e3-80cd-02c42e835c16: attributed to 000570; 0.0 s; peak memory 721 MiB.
2026-10-02T13:25:10Z INFO [2539/5769] bb522ddc-dd6a-47aa-a9e2-e8eaf7dc0069: attributed to 000026; 0.1 s; peak memory 721 MiB.
2026-10-02T13:25:10Z INFO [2540/5769] bb5352d1-cc15-4fcc-a820-329348f2f911: attributed to 001697; 0.3 s; peak memory 721 MiB.
2026-10-02T13:25:10Z INFO [2541/5769] bb5b4110-6bed-4b6b-ae8f-14bed4aeb4ea: attributed to 001063; 0.1 s; peak memory 721 MiB.
2026-10-02T13:25:10Z INFO [2542/5769] bb5d5181-c7cb-4280-8c0e-fd3b59a7d105: attributed to 001697; 0.0 s; peak memory 721 MiB.
2026-10-02T13:25:10Z INFO [2543/5769] bb5ecff0-c7db-4ac2-8d23-ff9330545115: attributed to 001697; 0.3 s; peak memory 721 MiB.
2026-10-02T13:25:10Z INFO [2544/5769] bb681181-ea22-4220-8d2b-6cc10f6ab04c: attributed to 000293; 0.0 s; peak memory 721 MiB.
2026-10-02T13:25:11Z INFO [2545/5769] bb73c930-db55-4ae2-8ee1-431267ac2e33: attributed to 001697; 0.3 s; peak memory 721 MiB.
2026-10-02T13:25:11Z INFO [2546/5769] bb7cb0e7-0b56-41e5-9b34-ad4c49ce571b: attributed to 000408; 0.0 s; peak memory 721 MiB.
2026-10-02T13:25:11Z INFO [2547/5769] bb7d625d-b918-4cfd-9d02-1461c453f3cb: attributed to 000026; 0.2 s; peak memory 721 MiB.
2026-10-02T13:25:11Z INFO [2548/5769] bb7e734b-32ab-4a77-a049-28c9d7ad0645: attributed to 000571; 0.6 s; peak memory 721 MiB.
2026-10-02T13:25:12Z INFO [2549/5769] bb8114ce-9407-43e5-b8ae-7ce8ac3dd3a7: attributed to 001697; 0.3 s; peak memory 721 MiB.
2026-10-02T13:25:12Z INFO [2550/5769] bb8830e5-f1c0-42d0-a237-867bbf3a355c: attributed to 000570; 0.0 s; peak memory 721 MiB.
2026-10-02T13:25:13Z INFO [2550/5769] bb8830e5-f1c0-42d0-a237-867bbf3a355c: checkpointed 506551 records.
2026-10-02T13:25:13Z INFO [2551/5769] bb886931-0dd6-4c42-bc6f-16797d500de5: attributed to 001697; 0.0 s; peak memory 721 MiB.
2026-10-02T13:25:13Z INFO [2552/5769] bb8b951b-13a1-4726-807f-5aefd15f44c2: attributed to 001697; 0.3 s; peak memory 721 MiB.
2026-10-02T13:25:13Z INFO [2553/5769] bb8f306f-0b0f-467c-a4bf-2dc1d0bf287c: attributed to 000026; 0.1 s; peak memory 721 MiB.
2026-10-02T13:25:13Z INFO [2554/5769] bb937427-238a-437f-b645-d7edf8e1ed0e: attributed to 001697; 0.0 s; peak memory 721 MiB.
2026-10-02T13:25:14Z INFO [2555/5769] bb959cab-071e-48f9-b3ee-3216c041aa3e: attributed to 000026; 0.4 s; peak memory 721 MiB.
2026-10-02T13:25:14Z INFO [2556/5769] bb99dad0-adde-4426-8a49-c8c9dc5dd99d: attributed to 001697; 0.3 s; peak memory 721 MiB.
2026-10-02T13:25:14Z INFO [2557/5769] bb9b0e6a-0401-47c0-a19f-22da399f04fc: attributed to 000109; 0.0 s; peak memory 721 MiB.
2026-10-02T13:25:14Z INFO [2558/5769] bb9ecf95-e1ba-4428-9cbf-7394b7309169: attributed to 000571; 0.1 s; peak memory 721 MiB.
2026-10-02T13:25:14Z INFO [2559/5769] bba9947a-d175-448c-b173-498a392965af: attributed to 001697; 0.3 s; peak memory 721 MiB.
2026-10-02T13:25:14Z INFO [2560/5769] bbac243c-dae7-4101-87fa-36a2d917133c: attributed to 001258; 0.0 s; peak memory 721 MiB.
2026-10-02T13:25:14Z INFO [2561/5769] bbada066-56a7-4cbd-8a94-9f67eead5be1: attributed to 000142; 0.0 s; peak memory 721 MiB.
2026-10-02T13:25:14Z INFO [2562/5769] bbb20551-87e0-4e06-81a9-95c7bc0b7181: attributed to 001697; 0.0 s; peak memory 721 MiB.
2026-10-02T13:25:14Z INFO [2563/5769] bbbb4d61-b33c-4762-993f-b37b366532f2: attributed to 000946; 0.1 s; peak memory 721 MiB.
2026-10-02T13:25:15Z INFO [2564/5769] bbbca80b-704c-4e2a-a50a-c27e642e8419: attributed to 001697; 0.3 s; peak memory 721 MiB.
2026-10-02T13:25:15Z INFO [2565/5769] bbcb1d21-15c1-401f-a447-146576ebcda2: attributed to 000026; 0.1 s; peak memory 721 MiB.
2026-10-02T13:25:15Z INFO [2566/5769] bbcb4e71-4fd8-489a-bc10-6954227da6d8: attributed to 000109; 0.0 s; peak memory 721 MiB.
2026-10-02T13:25:15Z INFO [2567/5769] bbd3ca1d-4962-422e-80ba-9c12f886fc40: attributed to 001697; 0.3 s; peak memory 721 MiB.
2026-10-02T13:25:15Z INFO [2568/5769] bbd7fcaa-870e-48ad-9f5f-75efe0f58ae4: attributed to 001697; 0.3 s; peak memory 721 MiB.
2026-10-02T13:25:16Z INFO [2569/5769] bbddcbf6-2c61-43ae-a846-d42d6ef68136: attributed to 001697; 0.3 s; peak memory 721 MiB.
2026-10-02T13:25:16Z INFO [2570/5769] bbdf611f-5627-4992-8dbe-28dcb20955fd: attributed to 001697; 0.0 s; peak memory 721 MiB.
2026-10-02T13:25:16Z INFO [2571/5769] bbe05036-891c-4192-93aa-1352321a7f31: attributed to 000026; 0.1 s; peak memory 721 MiB.
2026-10-02T13:25:16Z INFO [2572/5769] bbe25eae-06ac-47ed-8938-5681ae3cb20a: attributed to 001697; 0.3 s; peak memory 721 MiB.
2026-10-02T13:25:16Z INFO [2573/5769] bbf16af5-32cf-4778-beea-93d63567a287: attributed to 000026; 0.1 s; peak memory 721 MiB.
2026-10-02T13:25:16Z INFO [2574/5769] bbf52e6f-0af6-4c6b-8a58-8283451486c6: attributed to 000142; 0.0 s; peak memory 721 MiB.
2026-10-02T13:25:16Z INFO [2575/5769] bc05c991-9e14-41a3-998d-0a60c2a06655: attributed to 001873; 0.4 s; peak memory 721 MiB.
2026-10-02T13:25:16Z INFO [2576/5769] bc10bd2c-9daf-4a85-856b-7a747445c7c5: attributed to 001697; 0.0 s; peak memory 721 MiB.
2026-10-02T13:25:17Z INFO [2577/5769] bc285cb3-9b55-4c2c-b784-ebc63b014e21: attributed to 001449; 0.1 s; peak memory 721 MiB.
2026-10-02T13:25:17Z INFO [2578/5769] bc2c0fd9-4d2d-4976-8fb8-2fa6aa085ea8: attributed to 001697; 0.4 s; peak memory 721 MiB.
2026-10-02T13:25:17Z INFO [2579/5769] bc2d67b5-1132-40e6-bc98-f694a20c1d04: attributed to 001748; 0.0 s; peak memory 721 MiB.
2026-10-02T13:25:17Z INFO [2580/5769] bc2e614b-2726-43aa-974e-f302bcd2a3d5: attributed to 001697; 0.4 s; peak memory 721 MiB.
2026-10-02T13:25:17Z INFO [2581/5769] bc39082b-bc0c-4681-a3b0-b128b5090ce3: attributed to 000946; 0.1 s; peak memory 721 MiB.
2026-10-02T13:25:17Z INFO [2582/5769] bc4001ad-d4f5-4ec6-b83b-db603f2bef5c: attributed to 001697; 0.0 s; peak memory 721 MiB.
2026-10-02T13:25:17Z INFO [2583/5769] bc41c567-abdf-4c6a-9334-4916ac3bde9d: attributed to 001697; 0.0 s; peak memory 721 MiB.
2026-10-02T13:25:17Z INFO [2584/5769] bc42abb8-2243-49fe-8754-bc07069b3fb2: attributed to 000570; 0.0 s; peak memory 721 MiB.
2026-10-02T13:25:17Z INFO [2585/5769] bc4643c5-e2cf-476c-a77d-1ed3b038e966: attributed to 001697; 0.0 s; peak memory 721 MiB.
2026-10-02T13:25:17Z INFO [2586/5769] bc5a7cf6-8f0f-4337-812a-28d0cb660ac5: attributed to 001697; 0.0 s; peak memory 721 MiB.
2026-10-02T13:25:18Z INFO [2587/5769] bc634b38-8285-4ea6-94a7-a005488a2430: attributed to 000026; 0.1 s; peak memory 721 MiB.
2026-10-02T13:25:18Z INFO [2588/5769] bc67d2bf-20a0-47e5-9f75-477bde144521: attributed to 001697; 0.3 s; peak memory 721 MiB.
2026-10-02T13:25:18Z INFO [2589/5769] bc681d69-04ab-4470-b560-0eda5079431a: attributed to 001697; 0.0 s; peak memory 721 MiB.
2026-10-02T13:25:18Z INFO [2590/5769] bc70dd50-f573-4cfc-94ba-21e326b0e362: attributed to 001449; 0.1 s; peak memory 721 MiB.
2026-10-02T13:25:18Z INFO [2591/5769] bc71c752-116e-4b54-aafc-7be9f6df98f4: attributed to 001697; 0.3 s; peak memory 721 MiB.
2026-10-02T13:25:18Z INFO [2592/5769] bc78bb18-8b4b-4616-83bb-f3baea820934: attributed to 001697; 0.0 s; peak memory 721 MiB.
2026-10-02T13:25:18Z INFO [2593/5769] bc79ef77-2c62-453f-9b56-0980881e01e5: attributed to 000209; 0.0 s; peak memory 721 MiB.
2026-10-02T13:25:18Z INFO [2594/5769] bc7d9c7a-5417-4453-9c0f-5cf9af17f503: attributed to 000026; 0.1 s; peak memory 721 MiB.
2026-10-02T13:25:18Z INFO [2595/5769] bc814e61-b272-4cd9-8ee5-f9084c2d2747: attributed to 001697; 0.0 s; peak memory 721 MiB.
2026-10-02T13:25:19Z INFO [2596/5769] bc849edd-5bc0-4de9-bf7a-075483856ab0: attributed to 001697; 0.4 s; peak memory 721 MiB.
2026-10-02T13:25:19Z INFO [2597/5769] bc854e63-50fb-424f-b001-f24c1576792c: attributed to 001258; 0.0 s; peak memory 721 MiB.
2026-10-02T13:25:19Z INFO [2598/5769] bc86ad61-856e-42cc-9875-cce87389e152: attributed to 001449; 0.3 s; peak memory 721 MiB.
2026-10-02T13:25:19Z INFO [2599/5769] bc87c5e7-8c5f-4f49-ae59-3a3505578ce2: attributed to 001697; 0.0 s; peak memory 721 MiB.
2026-10-02T13:25:29Z INFO [2600/5769] bc8f5ba4-2f70-4b02-a2f3-8695b051bd32: attributed to 001449; 9.6 s; peak memory 721 MiB.
2026-10-02T13:25:30Z INFO [2600/5769] bc8f5ba4-2f70-4b02-a2f3-8695b051bd32: checkpointed 506551 records.
2026-10-02T13:25:30Z INFO [2601/5769] bc936ec9-61c9-48a1-926f-ce71c70d5fb1: attributed to 000570; 0.0 s; peak memory 721 MiB.
2026-10-02T13:25:30Z INFO [2602/5769] bc984805-ab10-4544-b39c-58b589ccaad8: attributed to 001697; 0.0 s; peak memory 721 MiB.
2026-10-02T13:25:30Z INFO [2603/5769] bc9b8e9b-9877-4475-9540-88e66761feaf: attributed to 001697; 0.3 s; peak memory 721 MiB.
2026-10-02T13:25:30Z INFO [2604/5769] bca2b8b5-7920-45d9-906c-30b3f92bab13: attributed to 001697; 0.3 s; peak memory 721 MiB.
2026-10-02T13:25:31Z INFO [2605/5769] bca8a388-b31b-4de6-8fe3-c5d4bffd7e64: attributed to 001697; 0.3 s; peak memory 721 MiB.
2026-10-02T13:25:31Z INFO [2606/5769] bcac9ffa-ed7d-4a14-bab0-83aa7b7dd0c3: attributed to 001697; 0.3 s; peak memory 721 MiB.
2026-10-02T13:25:31Z INFO [2607/5769] bcadf894-fc2c-48e4-8c1d-10117b12312b: attributed to 001697; 0.3 s; peak memory 721 MiB.
2026-10-02T13:25:31Z INFO [2608/5769] bcbaf402-3f8b-4524-ac9d-94a032a33344: attributed to 000026; 0.1 s; peak memory 721 MiB.
2026-10-02T13:25:32Z INFO [2609/5769] bcbdb672-5b5f-4472-9c81-d011c7ac5098: attributed to 000026; 0.3 s; peak memory 721 MiB.
2026-10-02T13:25:32Z INFO [2610/5769] bcbec575-c984-48b6-9909-fe324ad574d8: attributed to 001697; 0.3 s; peak memory 721 MiB.
2026-10-02T13:25:32Z INFO [2611/5769] bcc43cbf-8c84-4dfd-be23-6ce9158535d0: attributed to 001697; 0.3 s; peak memory 721 MiB.
2026-10-02T13:25:32Z INFO [2612/5769] bcc50cf7-ef07-42c5-915d-ada2ad8d46ab: attributed to 000946; 0.1 s; peak memory 721 MiB.
2026-10-02T13:25:33Z INFO [2613/5769] bcc6a751-13da-41e2-8bb7-3d99046f044e: attributed to 001697; 0.3 s; peak memory 721 MiB.
2026-10-02T13:25:34Z INFO [2614/5769] bcc86bf2-0b40-4482-8d72-688aa5a6d928: attributed to 001697; 1.2 s; peak memory 721 MiB.
2026-10-02T13:25:34Z INFO [2615/5769] bccbc883-f43a-4517-9ff7-b8ffa8ebd341: attributed to 001697; 0.4 s; peak memory 721 MiB.
2026-10-02T13:25:34Z INFO [2616/5769] bcd33b0a-4ffd-4947-a79e-877d4db5da3b: attributed to 001697; 0.0 s; peak memory 721 MiB.
2026-10-02T13:25:34Z INFO [2617/5769] bcdd09fb-3fb2-4f3c-99ea-8b4023727177: attributed to 000026; 0.2 s; peak memory 721 MiB.
2026-10-02T13:25:34Z INFO [2618/5769] bce32314-938c-4782-9e72-764c53c1ae61: attributed to 000109; 0.0 s; peak memory 721 MiB.
2026-10-02T13:25:35Z INFO [2619/5769] bce72f04-5faf-4b94-ac37-4e9139243f6b: attributed to 001697; 0.3 s; peak memory 721 MiB.
2026-10-02T13:25:35Z INFO [2620/5769] bcebc333-85a2-42d0-8507-b378e5187dda: attributed to 000026; 0.1 s; peak memory 721 MiB.
2026-10-02T13:25:35Z INFO [2621/5769] bcf9d9ed-4b82-4290-9948-4908fadeb46d: attributed to 000142; 0.0 s; peak memory 721 MiB.
2026-10-02T13:25:35Z INFO [2622/5769] bcfca4fb-6cdb-4a9f-9d13-1d5fc6fa7128: attributed to 001697; 0.0 s; peak memory 721 MiB.
2026-10-02T13:25:35Z INFO [2623/5769] bd0692c5-eb7a-4a8d-9655-fd3688e7747e: attributed to 000946; 0.1 s; peak memory 721 MiB.
2026-10-02T13:25:36Z INFO [2624/5769] bd10093c-7834-44b6-9995-86bab36dd5d5: attributed to 001697; 0.6 s; peak memory 721 MiB.
2026-10-02T13:25:36Z INFO [2625/5769] bd15f3b5-fd9f-4291-a71e-1bd964ce7196: attributed to 001697; 0.3 s; peak memory 721 MiB.
2026-10-02T13:25:36Z INFO [2626/5769] bd15f68e-ff6e-4d07-8a26-8c33a208154a: attributed to 001697; 0.0 s; peak memory 721 MiB.
2026-10-02T13:25:36Z INFO [2627/5769] bd16f77f-b8bf-4953-80e0-0f09355c80cc: attributed to 001697; 0.3 s; peak memory 721 MiB.
2026-10-02T13:25:36Z INFO [2628/5769] bd284729-6804-4201-9077-0c1c36ac5de6: attributed to 000946; 0.1 s; peak memory 721 MiB.
2026-10-02T13:25:36Z INFO [2629/5769] bd35a79d-75cd-4ac6-8b61-35ebffe272a5: attributed to 000293; 0.0 s; peak memory 721 MiB.
2026-10-02T13:25:36Z INFO [2630/5769] bd39afec-2034-4243-8799-b4616c6589b2: attributed to 001697; 0.0 s; peak memory 721 MiB.
2026-10-02T13:25:36Z INFO [2631/5769] bd3b58dc-3a39-4c45-886a-c557a839d915: attributed to 001697; 0.0 s; peak memory 721 MiB.
2026-10-02T13:25:36Z INFO [2632/5769] bd3d303b-46f7-4a39-8bb4-bc77dfe8b1f3: attributed to 001697; 0.0 s; peak memory 721 MiB.
2026-10-02T13:25:36Z INFO [2633/5769] bd3dbeae-e45c-414d-8ca4-cd411f12b112: attributed to 000026; 0.2 s; peak memory 721 MiB.
2026-10-02T13:25:37Z INFO [2634/5769] bd4ae192-4188-474f-8f6c-1c3d20c4778e: attributed to 000571; 0.9 s; peak memory 721 MiB.
2026-10-02T13:25:38Z INFO [2635/5769] bd51b29c-9a55-47fe-8a38-433b02b83e47: attributed to 001697; 0.3 s; peak memory 721 MiB.
2026-10-02T13:25:38Z INFO [2636/5769] bd522231-33e8-4a2c-b796-128ed650ba66: attributed to 001697; 0.3 s; peak memory 721 MiB.
2026-10-02T13:25:38Z INFO [2637/5769] bd5a61c3-bd95-465a-9015-b7a430182e3b: attributed to 001697; 0.3 s; peak memory 721 MiB.
2026-10-02T13:25:38Z INFO [2638/5769] bd652524-ee6c-4f2c-b84e-82c5fbd5563d: attributed to 001697; 0.0 s; peak memory 721 MiB.
2026-10-02T13:25:38Z INFO [2639/5769] bd6d0f8f-50aa-43de-9ed6-3bdb80cb8669: attributed to 000026; 0.2 s; peak memory 721 MiB.
2026-10-02T13:25:39Z INFO [2640/5769] bd6fbc97-9e95-463a-bb39-15fc5955bc1d: attributed to 001697; 0.3 s; peak memory 721 MiB.
2026-10-02T13:25:39Z INFO [2641/5769] bd7228dc-b41a-4844-ae76-8902ca25be79: attributed to 000946; 0.1 s; peak memory 721 MiB.
2026-10-02T13:25:39Z INFO [2642/5769] bd732b23-aec2-430d-9f32-6fe155154428: attributed to 001697; 0.3 s; peak memory 721 MiB.
2026-10-02T13:25:39Z INFO [2643/5769] bd766cee-f1c9-4ffb-b291-ce0cf1e7b09c: attributed to 000142; 0.0 s; peak memory 721 MiB.
2026-10-02T13:25:39Z INFO [2644/5769] bd819395-3c38-4af4-ae94-4b23e05e8aad: attributed to 000570; 0.0 s; peak memory 721 MiB.
2026-10-02T13:25:39Z INFO [2645/5769] bd8917aa-1d59-4e26-8039-39c524b7c6d8: attributed to 001697; 0.0 s; peak memory 721 MiB.
2026-10-02T13:25:39Z INFO [2646/5769] bd92c066-cde2-4cbb-a133-602b67d20751: attributed to 001697; 0.0 s; peak memory 721 MiB.
2026-10-02T13:25:39Z INFO [2647/5769] bda588a2-a93b-4b1c-9b1f-dc243a21f7b3: attributed to 000026; 0.4 s; peak memory 721 MiB.
2026-10-02T13:25:40Z INFO [2648/5769] bda8adb8-859a-45d5-a173-413a46acc75f: attributed to 001697; 0.3 s; peak memory 721 MiB.
2026-10-02T13:25:40Z INFO [2649/5769] bdabbaae-a0cf-45f8-b219-fdeea8445586: attributed to 001697; 0.0 s; peak memory 721 MiB.
2026-10-02T13:25:40Z INFO [2650/5769] bdae04f3-b74c-4cac-8dfe-902d01d286d3: attributed to 001697; 0.3 s; peak memory 721 MiB.
2026-10-02T13:25:41Z INFO [2650/5769] bdae04f3-b74c-4cac-8dfe-902d01d286d3: checkpointed 506552 records.
2026-10-02T13:25:41Z INFO [2651/5769] bdaead99-bea4-4b9a-9bc3-6f2efc0d3641: attributed to 001697; 0.4 s; peak memory 721 MiB.
2026-10-02T13:25:42Z INFO [2652/5769] bdb59e25-e214-4726-af04-10690d88e50e: attributed to 001697; 0.5 s; peak memory 721 MiB.
2026-10-02T13:25:42Z INFO [2653/5769] bdb9c3dc-3246-4c91-a33b-cf60b465d23d: attributed to 001697; 0.0 s; peak memory 721 MiB.
2026-10-02T13:25:42Z INFO [2654/5769] bdc518aa-2d11-42bf-a49c-e945c672a6b2: attributed to 001791; 0.1 s; peak memory 721 MiB.
2026-10-02T13:25:42Z INFO [2655/5769] bdcba647-bf93-419c-97eb-cf44f8052d84: attributed to 001697; 0.4 s; peak memory 721 MiB.
2026-10-02T13:25:43Z INFO [2656/5769] bdd2e2e2-4e45-40d4-a498-abfcb84263e5: attributed to 001063; 0.1 s; peak memory 721 MiB.
2026-10-02T13:25:43Z INFO [2657/5769] bdd510e8-39d5-4fbf-88b9-bb28513a31b6: attributed to 000403; 0.0 s; peak memory 721 MiB.
2026-10-02T13:25:43Z INFO [2658/5769] bde1cee9-d164-4b29-88b9-5444848186f8: attributed to 000109; 0.0 s; peak memory 721 MiB.
2026-10-02T13:25:43Z INFO [2659/5769] bde32307-3e82-47b7-a65a-8cd255052226: attributed to 001749; 0.1 s; peak memory 721 MiB.
2026-10-02T13:25:43Z INFO [2660/5769] be01e68a-751c-4a88-8a84-b704e3e25619: attributed to 001449; 0.1 s; peak memory 721 MiB.
2026-10-02T13:25:43Z INFO [2661/5769] be067b07-95d7-4d42-9bdf-313b4197b158: attributed to 001449; 0.1 s; peak memory 721 MiB.
2026-10-02T13:25:43Z INFO [2662/5769] be146277-1d6c-40f2-a7aa-3a3217bca8f7: attributed to 001697; 0.3 s; peak memory 721 MiB.
2026-10-02T13:25:43Z INFO [2663/5769] be1746ea-9770-44af-818a-23d1b951c483: attributed to 001697; 0.0 s; peak memory 721 MiB.
2026-10-02T13:25:43Z INFO [2664/5769] be1852ef-591a-4047-ac86-77780dbf2734: attributed to 000026; 0.1 s; peak memory 721 MiB.
2026-10-02T13:25:43Z INFO [2665/5769] be278958-da9e-401b-a88d-075df56b8789: attributed to 001697; 0.0 s; peak memory 721 MiB.
2026-10-02T13:25:43Z INFO [2666/5769] be2bdc4d-2d71-4a86-820a-bda0638214ef: attributed to 001697; 0.0 s; peak memory 721 MiB.
2026-10-02T13:25:45Z INFO [2667/5769] be328acf-4a34-4166-80f1-3b5c044b2a86: attributed to 000571; 1.7 s; peak memory 721 MiB.
2026-10-02T13:25:45Z INFO [2668/5769] be41fcc6-e0e6-4297-b79a-e86b990d9e3e: attributed to 001697; 0.0 s; peak memory 721 MiB.
2026-10-02T13:25:45Z INFO [2669/5769] be43fc79-ae46-4be7-bff3-19069364142b: attributed to 000026; 0.2 s; peak memory 721 MiB.
2026-10-02T13:25:45Z INFO [2670/5769] be4761b8-cd2c-4473-9dea-d75e8242cfbe: attributed to 000026; 0.1 s; peak memory 721 MiB.
2026-10-02T13:25:45Z INFO [2671/5769] be4c63a7-1c66-458b-a950-a35fa91aa74a: attributed to 000946; 0.1 s; peak memory 721 MiB.
2026-10-02T13:25:45Z INFO [2672/5769] be502073-4f1c-4904-a766-870210a263c6: attributed to 000026; 0.1 s; peak memory 721 MiB.
2026-10-02T13:25:46Z INFO [2673/5769] be5cadf5-eb3c-4b86-87a9-103a28a89eaf: attributed to 001697; 0.3 s; peak memory 721 MiB.
2026-10-02T13:25:46Z INFO [2674/5769] be623992-0c2e-4c5f-9c3f-9620f1343b77: attributed to 001697; 0.0 s; peak memory 721 MiB.
2026-10-02T13:25:46Z INFO [2675/5769] be6a96b0-adfd-4c1d-aed5-df00125ea2f4: attributed to 001046; 0.0 s; peak memory 721 MiB.
2026-10-02T13:25:46Z INFO [2676/5769] be6ba4cc-25ad-4c4d-8f15-883db6c0e07b: attributed to 001697; 0.3 s; peak memory 721 MiB.
2026-10-02T13:25:46Z INFO [2677/5769] be761e2e-b360-4407-b55b-992f6bfb9669: attributed to 001697; 0.0 s; peak memory 721 MiB.
2026-10-02T13:25:46Z INFO [2678/5769] be78b58a-22c1-4a14-8ce0-917e920cab29: attributed to 001697; 0.3 s; peak memory 721 MiB.
2026-10-02T13:25:46Z INFO [2679/5769] be792344-5efd-46a5-bebb-2e5146d68059: attributed to 001858; 0.0 s; peak memory 721 MiB.
2026-10-02T13:25:46Z INFO [2680/5769] be7f773b-9621-4a23-a5c4-b620c55ef329: attributed to 001697; 0.0 s; peak memory 721 MiB.
2026-10-02T13:25:46Z INFO [2681/5769] be8239cf-3bca-4a7e-ab0b-c1c31982d981: attributed to 001697; 0.0 s; peak memory 721 MiB.
2026-10-02T13:25:46Z INFO [2682/5769] be8b33a2-7d80-4752-a15b-4216f0713cea: attributed to 001697; 0.0 s; peak memory 721 MiB.
2026-10-02T13:25:46Z INFO [2683/5769] be9314a5-26bc-4b01-8535-9d10de3b0c5a: attributed to 001697; 0.0 s; peak memory 721 MiB.
2026-10-02T13:25:46Z INFO [2684/5769] be994fcb-89c6-4494-8810-c8ab9302c977: attributed to 000946; 0.1 s; peak memory 721 MiB.
2026-10-02T13:25:47Z INFO [2685/5769] be9988ed-16a1-4b1e-b7a6-027e1174a770: attributed to 000026; 0.5 s; peak memory 721 MiB.
2026-10-02T13:25:47Z INFO [2686/5769] be99f619-36bc-4eeb-9d7c-e6f380bf40c1: attributed to 000109; 0.0 s; peak memory 721 MiB.
2026-10-02T13:25:47Z INFO [2687/5769] be9aba85-8c64-462f-83a2-88a78e5df69e: attributed to 000026; 0.2 s; peak memory 721 MiB.
2026-10-02T13:25:47Z INFO [2688/5769] be9f5d3e-5fac-4743-a98f-3e9c52e6647d: attributed to 001697; 0.0 s; peak memory 721 MiB.
2026-10-02T13:25:47Z INFO [2689/5769] bea20718-afad-46b1-9cd2-cffbe1c6f683: attributed to 001449; 0.1 s; peak memory 721 MiB.
2026-10-02T13:25:47Z INFO [2690/5769] bea29ad5-41da-41cd-ad64-7b2bb206c2dd: attributed to 001697; 0.0 s; peak memory 721 MiB.
2026-10-02T13:25:47Z INFO [2691/5769] bea9d520-7b46-463f-a248-f7addc3ba78c: attributed to 000142; 0.0 s; peak memory 721 MiB.
2026-10-02T13:25:47Z INFO [2692/5769] beaad3d1-9290-45e5-b86c-c04a5a995b7a: attributed to 000026; 0.1 s; peak memory 721 MiB.
2026-10-02T13:25:47Z INFO [2693/5769] beb135fb-9242-42d2-818d-7d96dc3d85db: attributed to 001697; 0.0 s; peak memory 721 MiB.
2026-10-02T13:25:48Z INFO [2694/5769] beb15ecb-c213-4d36-9c33-8bdf34aa901e: attributed to 001697; 0.5 s; peak memory 721 MiB.
2026-10-02T13:25:48Z INFO [2695/5769] beb27cfa-00b3-455a-8352-7e7be636d13e: attributed to 001697; 0.6 s; peak memory 721 MiB.
2026-10-02T13:25:48Z INFO [2696/5769] beb698bc-6ced-4059-ab69-a5c9e11f9e66: attributed to 001697; 0.0 s; peak memory 721 MiB.
2026-10-02T13:25:49Z INFO [2697/5769] bec6d0ac-1e6a-42d9-98ea-f8e8de1418b6: attributed to 001697; 0.5 s; peak memory 721 MiB.
2026-10-02T13:25:49Z INFO [2698/5769] bec78744-36be-4092-954b-c70fe635af55: attributed to 001697; 0.3 s; peak memory 721 MiB.
2026-10-02T13:25:50Z INFO [2699/5769] bed364fe-2a52-4457-bbec-058d011c5491: attributed to 001697; 0.3 s; peak memory 721 MiB.
2026-10-02T13:25:50Z INFO [2700/5769] bed6640a-f638-4e5d-838d-66f8aa9be7dc: attributed to 001697; 0.0 s; peak memory 721 MiB.
2026-10-02T13:25:51Z INFO [2700/5769] bed6640a-f638-4e5d-838d-66f8aa9be7dc: checkpointed 506553 records.
2026-10-02T13:25:51Z INFO [2701/5769] bedec12f-e3b3-4612-b128-dd64c4925d9c: attributed to 000109; 0.0 s; peak memory 721 MiB.
2026-10-02T13:25:51Z INFO [2702/5769] bee595c6-0d90-4b1f-8132-7259fdbc98c0: attributed to 000026; 0.2 s; peak memory 721 MiB.
2026-10-02T13:25:51Z INFO [2703/5769] beec436a-960b-4bd8-a323-cfe35627d408: attributed to 001941; 0.1 s; peak memory 721 MiB.
2026-10-02T13:25:51Z INFO [2704/5769] beee0b59-646c-408f-8688-ce4110855e42: attributed to 000026; 0.1 s; peak memory 721 MiB.
2026-10-02T13:25:51Z INFO [2705/5769] bf0c2f85-06c3-4468-8e46-e2a8daa93a00: attributed to 000946; 0.1 s; peak memory 721 MiB.
2026-10-02T13:25:51Z INFO [2706/5769] bf0d8994-ae68-4770-8fee-1c61e7535d51: attributed to 001697; 0.3 s; peak memory 721 MiB.
2026-10-02T13:25:52Z INFO [2707/5769] bf0daa4d-9cf6-4ab0-9653-249f17bad8e5: attributed to 000026; 0.1 s; peak memory 721 MiB.
2026-10-02T13:25:52Z INFO [2708/5769] bf1578ae-ba81-4193-9879-0ca4d23c46f2: attributed to 001449; 0.1 s; peak memory 721 MiB.
2026-10-02T13:25:52Z INFO [2709/5769] bf16a2a6-f24c-4979-864e-a98c3b848b16: attributed to 001697; 0.3 s; peak memory 721 MiB.
2026-10-02T13:25:52Z INFO [2710/5769] bf1b39f4-7c50-48ce-9777-be8384ae719b: attributed to 001697; 0.3 s; peak memory 721 MiB.
2026-10-02T13:25:52Z INFO [2711/5769] bf1c178b-fce1-4c32-bafc-43c427282068: attributed to 000403; 0.0 s; peak memory 721 MiB.
2026-10-02T13:25:53Z INFO [2712/5769] bf1d0df4-600a-46a3-82a4-2af5ff79b55b: attributed to 001697; 0.6 s; peak memory 721 MiB.
2026-10-02T13:25:53Z INFO [2713/5769] bf202660-1917-4f94-a1ae-a4589da8422d: attributed to 001697; 0.0 s; peak memory 721 MiB.
2026-10-02T13:25:53Z INFO [2714/5769] bf21c6f5-cc42-4d6c-b42d-3182441997b3: attributed to 001697; 0.3 s; peak memory 721 MiB.
2026-10-02T13:25:53Z INFO [2715/5769] bf297419-0cb5-46cd-ad0e-4b943a973d63: attributed to 001697; 0.0 s; peak memory 721 MiB.
2026-10-02T13:25:53Z INFO [2716/5769] bf33b775-ad77-4ed1-b538-6b1e84cd2a6b: attributed to 001697; 0.0 s; peak memory 721 MiB.
2026-10-02T13:25:54Z INFO [2717/5769] bf37796a-98cb-41c9-bd6a-1a4db023248e: attributed to 000403; 0.4 s; peak memory 721 MiB.
2026-10-02T13:25:54Z INFO [2718/5769] bf39253f-f092-4007-a433-d6a1dce33e67: attributed to 000142; 0.0 s; peak memory 721 MiB.
2026-10-02T13:25:54Z INFO [2719/5769] bf39d579-f395-4421-987e-33e2ace4c706: attributed to 001697; 0.0 s; peak memory 721 MiB.
2026-10-02T13:25:54Z INFO [2720/5769] bf3a370e-15ed-4e08-b1a8-a7f33736781f: attributed to 001449; 0.1 s; peak memory 721 MiB.
2026-10-02T13:25:54Z INFO [2721/5769] bf42d258-ca63-4074-b365-115d19468b6d: attributed to 001697; 0.0 s; peak memory 721 MiB.
2026-10-02T13:25:54Z INFO [2722/5769] bf45ec1e-ecb2-4882-9bea-684f212b1894: attributed to 000109; 0.0 s; peak memory 721 MiB.
2026-10-02T13:25:54Z INFO [2723/5769] bf45f842-1f42-4edb-b53a-46497cf52952: attributed to 001697; 0.0 s; peak memory 721 MiB.
2026-10-02T13:25:54Z INFO [2724/5769] bf47b0d4-cc31-46b3-9d71-7ca458893c59: attributed to 001697; 0.3 s; peak memory 721 MiB.
2026-10-02T13:25:54Z INFO [2725/5769] bf48d13e-5ecf-4ec2-a796-db2117f2b728: attributed to 001697; 0.3 s; peak memory 721 MiB.
2026-10-02T13:25:54Z INFO [2726/5769] bf5b0e91-c664-4c37-9ada-4442939195e3: attributed to 000293; 0.0 s; peak memory 721 MiB.
2026-10-02T13:25:55Z INFO [2727/5769] bf6646e2-2063-434b-98ce-61fa61d00cb4: attributed to 001697; 0.3 s; peak memory 721 MiB.
2026-10-02T13:25:55Z INFO [2728/5769] bf66cf1c-a262-42bb-922a-7244d4ae3469: attributed to 000293; 0.0 s; peak memory 721 MiB.
2026-10-02T13:25:55Z INFO [2729/5769] bf710638-4f71-4686-90ac-181ebf219e1d: attributed to 001697; 0.3 s; peak memory 721 MiB.
2026-10-02T13:25:55Z INFO [2730/5769] bf714c38-8755-4a3e-9969-ccd60cbabb52: attributed to 001697; 0.3 s; peak memory 721 MiB.
2026-10-02T13:25:55Z INFO [2731/5769] bf71780e-99fa-4d04-9415-f22a771660b8: attributed to 001697; 0.0 s; peak memory 721 MiB.
2026-10-02T13:25:55Z INFO [2732/5769] bf7c07e0-5738-49d2-8a73-f1119660cbd3: attributed to 000946; 0.1 s; peak memory 721 MiB.
2026-10-02T13:25:55Z INFO [2733/5769] bf7ece87-f11d-4731-aa41-d4d4aaa32ce3: attributed to 001449; 0.1 s; peak memory 721 MiB.
2026-10-02T13:25:55Z INFO [2734/5769] bf81b9e6-c195-4c85-bff2-b17e73bf3580: attributed to 001697; 0.0 s; peak memory 721 MiB.
2026-10-02T13:25:55Z INFO [2735/5769] bf829e38-0a6d-48ef-835b-f52eb65c52b3: attributed to 001697; 0.0 s; peak memory 721 MiB.
2026-10-02T13:25:55Z INFO [2736/5769] bf8484d2-647f-42ac-b508-b12a814461b4: attributed to 000570; 0.0 s; peak memory 721 MiB.
2026-10-02T13:25:55Z INFO [2737/5769] bf8a3d80-06b0-4beb-9331-04e5344b62ad: attributed to 002012; 0.0 s; peak memory 721 MiB.
2026-10-02T13:25:55Z INFO [2738/5769] bf8b1ee5-c875-46b4-bfda-c5f40595f25b: attributed to 001697; 0.0 s; peak memory 721 MiB.
2026-10-02T13:25:56Z INFO [2739/5769] bf8c59c9-e478-4132-8c1a-5e6ff9c31b48: attributed to 001372; 0.8 s; peak memory 721 MiB.
2026-10-02T13:25:56Z INFO [2740/5769] bf8dfcda-61ad-4b6f-8e89-84c64cd5bf53: attributed to 000142; 0.0 s; peak memory 721 MiB.
2026-10-02T13:25:56Z INFO [2741/5769] bf924d62-8086-46ca-a9b6-99d4ed472f03: attributed to 000209; 0.0 s; peak memory 721 MiB.
2026-10-02T13:25:56Z INFO [2742/5769] bf9363f2-ff5d-4ea0-a556-7ec6a9161e3d: attributed to 000293; 0.0 s; peak memory 721 MiB.
2026-10-02T13:25:56Z INFO [2743/5769] bf9ac6b2-2629-48ec-9dde-13823094c509: attributed to 001697; 0.3 s; peak memory 721 MiB.
2026-10-02T13:25:57Z INFO [2744/5769] bf9fbf4c-9385-466c-8cea-e3e1b64383ab: attributed to 001697; 0.3 s; peak memory 721 MiB.
2026-10-02T13:25:57Z INFO [2745/5769] bfac6166-fbf7-4c46-8e68-77cd58c13298: attributed to 000209; 0.0 s; peak memory 721 MiB.
2026-10-02T13:25:57Z INFO [2746/5769] bfb1eb10-d927-4efd-825a-647be2efa7d3: attributed to 000559; 0.1 s; peak memory 721 MiB.
2026-10-02T13:25:57Z INFO [2747/5769] bfb63038-fb4e-4dd2-8d0b-21ebf6e01365: attributed to 001697; 0.4 s; peak memory 721 MiB.
2026-10-02T13:25:57Z INFO [2748/5769] bfb70076-94a6-4aee-99ee-3729ab793e7e: attributed to 000173; 0.1 s; peak memory 721 MiB.
2026-10-02T13:25:58Z INFO [2749/5769] bfb7edc8-f658-4e48-9aaa-bca61c6137f1: attributed to 000026; 0.1 s; peak memory 721 MiB.
2026-10-02T13:25:58Z INFO [2750/5769] bfbdea10-96bc-4d2d-8544-661499b7a4b9: attributed to 000026; 0.5 s; peak memory 721 MiB.
2026-10-02T13:25:59Z INFO [2750/5769] bfbdea10-96bc-4d2d-8544-661499b7a4b9: checkpointed 506553 records.
2026-10-02T13:25:59Z INFO [2751/5769] bfc0b5cc-9ad0-47cc-978d-cbe5baf1e9de: attributed to 001697; 0.0 s; peak memory 721 MiB.
2026-10-02T13:25:59Z INFO [2752/5769] bfc6a73e-4313-4a97-a593-264c16df220c: attributed to 000209; 0.0 s; peak memory 721 MiB.
2026-10-02T13:25:59Z INFO [2753/5769] bfcba7de-d35b-4759-8aa3-0e7be2525faf: attributed to 001063; 0.1 s; peak memory 721 MiB.
2026-10-02T13:25:59Z INFO [2754/5769] bfd8d9be-dd0e-42aa-974e-cf7c91653748: attributed to 000026; 0.1 s; peak memory 721 MiB.
2026-10-02T13:26:00Z INFO [2755/5769] bfe236af-9ff7-4170-ab4c-5eaa786b1ac1: attributed to 001697; 0.3 s; peak memory 721 MiB.
2026-10-02T13:26:06Z INFO [2756/5769] bfe816cb-9741-4dcc-9b75-22d081e4d55f: attributed to 001449; 6.4 s; peak memory 721 MiB.
2026-10-02T13:26:06Z INFO [2757/5769] bff3358c-bf6d-4d1a-bf08-a2659454dada: attributed to 001697; 0.0 s; peak memory 721 MiB.
2026-10-02T13:26:06Z INFO [2758/5769] bff63ff7-9aeb-4dec-8ccc-538b7353ec94: attributed to 001697; 0.0 s; peak memory 721 MiB.
2026-10-02T13:26:06Z INFO [2759/5769] bff85152-3126-4249-a5b7-e9042d245158: attributed to 000142; 0.0 s; peak memory 721 MiB.
2026-10-02T13:26:06Z INFO [2760/5769] bffecfbf-95f1-4e09-aa32-8403bd1437b6: attributed to 000026; 0.1 s; peak memory 721 MiB.
2026-10-02T13:26:06Z INFO [2761/5769] c01467f8-bf08-4e3e-9f3c-d1d8fc2ba405: attributed to 001697; 0.0 s; peak memory 721 MiB.
2026-10-02T13:26:06Z INFO [2762/5769] c015f944-0a3c-4acd-b90c-526b78827c44: attributed to 001449; 0.1 s; peak memory 721 MiB.
2026-10-02T13:26:06Z INFO [2763/5769] c01c77cc-5aa1-4002-ba66-f0ab5e6005c3: attributed to 000946; 0.1 s; peak memory 721 MiB.
2026-10-02T13:26:06Z INFO [2764/5769] c01dede2-40b3-47ac-a35f-04535776a609: attributed to 000946; 0.1 s; peak memory 721 MiB.
2026-10-02T13:26:07Z INFO [2765/5769] c01e2120-4048-4677-ad05-b6429a3588e0: attributed to 001697; 0.4 s; peak memory 721 MiB.
2026-10-02T13:26:07Z INFO [2766/5769] c02281bf-413b-41eb-8b9d-c283a84342b6: attributed to 000946; 0.1 s; peak memory 721 MiB.
2026-10-02T13:26:07Z INFO [2767/5769] c025bd3e-de5b-46d2-a549-892d350bb665: attributed to 001437; 0.1 s; peak memory 721 MiB.
2026-10-02T13:26:07Z INFO [2768/5769] c02ed96e-2703-4247-acfe-239d06f1e338: attributed to 001697; 0.4 s; peak memory 721 MiB.
2026-10-02T13:26:08Z INFO [2769/5769] c035828d-3c48-46ed-ba09-08d6ab620994: attributed to 000946; 0.1 s; peak memory 721 MiB.
2026-10-02T13:26:08Z INFO [2770/5769] c037637a-1773-4f1b-934d-2910e3d33b34: attributed to 001697; 0.3 s; peak memory 721 MiB.
2026-10-02T13:26:08Z INFO [2771/5769] c03bbb14-99e7-4d47-b96d-563a3c2aba26: attributed to 000109; 0.0 s; peak memory 721 MiB.
2026-10-02T13:26:08Z INFO [2772/5769] c03dbc62-b410-4326-9c7d-02ca8617ef96: attributed to 001697; 0.0 s; peak memory 721 MiB.
2026-10-02T13:26:08Z INFO [2773/5769] c04a5f18-99de-4e8b-876d-5bcaec90d622: attributed to 000568; 0.1 s; peak memory 721 MiB.
2026-10-02T13:26:08Z INFO [2774/5769] c050d080-1b53-481f-8b3a-820e1c544fed: attributed to 000571; 0.2 s; peak memory 721 MiB.
2026-10-02T13:26:08Z INFO [2775/5769] c051d9b4-f50f-4dd8-9ed8-cae0cb77ad92: attributed to 001697; 0.0 s; peak memory 721 MiB.
2026-10-02T13:26:09Z INFO [2776/5769] c0586a77-2b0c-4109-918f-05e77ff4dcd8: attributed to 001697; 0.6 s; peak memory 721 MiB.
2026-10-02T13:26:09Z INFO [2777/5769] c06864f7-b33d-4c96-9b4f-069d75a261d5: attributed to 000403; 0.0 s; peak memory 721 MiB.
2026-10-02T13:26:09Z INFO [2778/5769] c068a809-fd0b-478e-95ef-7ab92857a3c4: attributed to 001697; 0.0 s; peak memory 721 MiB.
2026-10-02T13:26:09Z INFO [2779/5769] c070a481-2d82-4044-a709-490faedf823b: attributed to 001697; 0.3 s; peak memory 721 MiB.
2026-10-02T13:26:09Z INFO [2780/5769] c076401d-0ad1-4a06-91a5-9a96667a4ad1: attributed to 001697; 0.0 s; peak memory 721 MiB.
2026-10-02T13:26:09Z INFO [2781/5769] c0864573-7e04-485e-a400-8bfec19b51a7: attributed to 000142; 0.0 s; peak memory 721 MiB.
2026-10-02T13:26:09Z INFO [2782/5769] c087ceb4-72df-4ee7-8811-430e7a33f930: attributed to 001697; 0.0 s; peak memory 721 MiB.
2026-10-02T13:26:09Z INFO [2783/5769] c08ffb3d-f085-45dc-9f52-82389eaee2c2: attributed to 001697; 0.3 s; peak memory 721 MiB.
2026-10-02T13:26:10Z INFO [2784/5769] c09019f4-41d7-4158-bc5d-71d8d1a6f7bd: attributed to 001697; 0.3 s; peak memory 721 MiB.
2026-10-02T13:26:10Z INFO [2785/5769] c09723e4-f446-418e-990a-e189344d3141: attributed to 001697; 0.3 s; peak memory 721 MiB.
2026-10-02T13:26:10Z INFO [2786/5769] c0999726-c07e-4f90-afa8-c3b769a22155: attributed to 000946; 0.1 s; peak memory 721 MiB.
2026-10-02T13:26:10Z INFO [2787/5769] c0a23bc4-8037-429a-bf4d-df8b504a0cd8: attributed to 000209; 0.0 s; peak memory 721 MiB.
2026-10-02T13:26:10Z INFO [2788/5769] c0adc27b-7eab-461b-be13-d723efb1273c: attributed to 001697; 0.0 s; peak memory 721 MiB.
2026-10-02T13:26:10Z INFO [2789/5769] c0af20a7-fa70-4e5f-b467-4a12246c7f20: attributed to 001697; 0.3 s; peak memory 721 MiB.
2026-10-02T13:26:11Z INFO [2790/5769] c0afa034-f07d-48fe-92b7-835c824722dc: attributed to 001697; 0.3 s; peak memory 721 MiB.
2026-10-02T13:26:11Z INFO [2791/5769] c0b19db4-e7aa-4435-a7d8-1669356a13e3: attributed to 001697; 0.3 s; peak memory 721 MiB.
2026-10-02T13:26:11Z INFO [2792/5769] c0b333f0-d00e-4f67-93af-7ed4ab93b47f: attributed to 000026; 0.1 s; peak memory 721 MiB.
2026-10-02T13:26:11Z INFO [2793/5769] c0b7dcad-7e1d-4663-ae84-c6fbf71f3af2: attributed to 001449; 0.1 s; peak memory 721 MiB.
2026-10-02T13:26:11Z INFO [2794/5769] c0bdc18f-2f8b-4b97-ab2a-2790c6c83357: attributed to 001697; 0.3 s; peak memory 721 MiB.
2026-10-02T13:26:11Z INFO [2795/5769] c0beadba-3690-40ff-8907-8e1d0284e2b9: attributed to 001791; 0.1 s; peak memory 721 MiB.
2026-10-02T13:26:12Z INFO [2796/5769] c0ce78ac-11ce-451d-a1af-a96e7ab1c009: attributed to 000946; 0.1 s; peak memory 721 MiB.
2026-10-02T13:26:12Z INFO [2797/5769] c0d2776f-1cf7-4a52-9c9e-c58a147c2221: attributed to 000403; 0.0 s; peak memory 721 MiB.
2026-10-02T13:26:12Z INFO [2798/5769] c0d5d7b0-9d6b-4698-8b84-eee672a9c1cc: attributed to 001873; 0.5 s; peak memory 721 MiB.
2026-10-02T13:26:12Z INFO [2799/5769] c0df1bbb-b23b-4ef9-b573-4e928aa95550: attributed to 001697; 0.3 s; peak memory 721 MiB.
2026-10-02T13:26:12Z INFO [2800/5769] c0e02734-2e45-446b-8134-38d3f96306e1: attributed to 000142; 0.0 s; peak memory 721 MiB.
2026-10-02T13:26:13Z INFO [2800/5769] c0e02734-2e45-446b-8134-38d3f96306e1: checkpointed 506553 records.
2026-10-02T13:26:14Z INFO [2801/5769] c0e87251-90ea-49f7-864f-7ee59d168b2d: attributed to 001697; 0.3 s; peak memory 721 MiB.
2026-10-02T13:26:14Z INFO [2802/5769] c0ec0a07-9018-4d63-a820-8ca2da60a5a1: attributed to 001697; 0.3 s; peak memory 721 MiB.
2026-10-02T13:26:14Z INFO [2803/5769] c0ee5f4b-1a5f-4269-ab6c-ed4ea1a58fca: attributed to 000568; 0.1 s; peak memory 721 MiB.
2026-10-02T13:26:14Z INFO [2804/5769] c0fb2b56-f012-4b42-bdf5-a85434bd4140: attributed to 001697; 0.0 s; peak memory 721 MiB.
2026-10-02T13:26:14Z INFO [2805/5769] c1006043-a34a-4c63-b0e0-c30e72f70bb1: attributed to 001782; 0.1 s; peak memory 721 MiB.
2026-10-02T13:26:14Z INFO [2806/5769] c10164fe-b7ba-4799-a5c1-e24e40e91863: attributed to 000026; 0.1 s; peak memory 721 MiB.
2026-10-02T13:26:15Z INFO [2807/5769] c1059854-3716-4472-8e4f-fdf9bd4184dd: attributed to 001697; 0.3 s; peak memory 721 MiB.
2026-10-02T13:26:15Z INFO [2808/5769] c1070f81-76e6-4bcd-abd4-122b95997b67: attributed to 001697; 0.0 s; peak memory 721 MiB.
2026-10-02T13:26:15Z INFO [2809/5769] c108c69d-9519-424d-99be-63a258ddb8b4: attributed to 000293; 0.0 s; peak memory 721 MiB.
2026-10-02T13:26:15Z INFO [2810/5769] c10c349d-1593-4111-97c0-670b0a732d5b: attributed to 001697; 0.3 s; peak memory 721 MiB.
2026-10-02T13:26:15Z INFO [2811/5769] c10ec7eb-7dd6-4381-b738-770e0444c4b4: attributed to 000142; 0.0 s; peak memory 721 MiB.
2026-10-02T13:26:15Z INFO [2812/5769] c10f9204-8059-4eb6-8d60-8763d4e9069a: attributed to 000026; 0.2 s; peak memory 721 MiB.
2026-10-02T13:26:15Z INFO [2813/5769] c113ce48-0b23-4745-9b07-dd499b1dc538: attributed to 001063; 0.1 s; peak memory 721 MiB.
2026-10-02T13:26:15Z INFO [2814/5769] c118189e-e2c4-4dae-a6d9-917d669d02fe: attributed to 001063; 0.1 s; peak memory 721 MiB.
2026-10-02T13:26:16Z INFO [2815/5769] c122c9c3-1134-4ba6-b813-b8d8f8ffc7bd: attributed to 001697; 0.4 s; peak memory 721 MiB.
2026-10-02T13:26:16Z INFO [2816/5769] c12ee179-b9ff-42e1-b5b5-47d0471806ea: attributed to 001697; 0.0 s; peak memory 721 MiB.
2026-10-02T13:26:16Z INFO [2817/5769] c12f9888-8c09-485e-928f-b0a6d2a15713: attributed to 001697; 0.0 s; peak memory 721 MiB.
2026-10-02T13:26:16Z INFO [2818/5769] c133b331-3548-4b14-a157-ac4e8b0465c5: attributed to 001697; 0.0 s; peak memory 721 MiB.
2026-10-02T13:26:16Z INFO [2819/5769] c1348791-ff97-410d-a445-c5394c1a6626: attributed to 000026; 0.1 s; peak memory 721 MiB.
2026-10-02T13:26:16Z INFO [2820/5769] c135536d-277b-49e8-be46-43d0ea0b1d5c: attributed to 000571; 0.4 s; peak memory 721 MiB.
2026-10-02T13:26:17Z INFO [2821/5769] c137739e-81e9-4604-88e3-7ec2c6777f4c: attributed to 001697; 0.5 s; peak memory 721 MiB.
2026-10-02T13:26:17Z INFO [2822/5769] c13798d4-5435-4d46-bd4f-eba0f987be02: attributed to 001697; 0.0 s; peak memory 721 MiB.
2026-10-02T13:26:17Z INFO [2823/5769] c13f6943-d7f3-46c7-8242-5edb0d7baa71: attributed to 001372; 0.2 s; peak memory 721 MiB.
2026-10-02T13:26:17Z INFO [2824/5769] c148353e-193b-4610-ae3c-e7dbbc8e8d23: attributed to 001697; 0.0 s; peak memory 721 MiB.
2026-10-02T13:26:17Z INFO [2825/5769] c148908d-74d9-450e-90e4-6c7e3c35e9ea: attributed to 001873; 0.5 s; peak memory 721 MiB.
2026-10-02T13:26:17Z INFO [2826/5769] c151007b-10c6-40c9-b0fe-1d1b450a783b: attributed to 001697; 0.0 s; peak memory 721 MiB.
2026-10-02T13:26:17Z INFO [2827/5769] c15477ad-f1fc-4fff-a227-ac3b9e7c7187: attributed to 000142; 0.0 s; peak memory 721 MiB.
2026-10-02T13:26:18Z INFO [2828/5769] c15dd9f5-2af3-4f84-ae5f-6508d93ed5ae: attributed to 000026; 0.1 s; peak memory 721 MiB.
2026-10-02T13:26:18Z INFO [2829/5769] c16073a6-2c63-4c5d-8264-ac18f8544c2a: attributed to 000026; 0.2 s; peak memory 721 MiB.
2026-10-02T13:26:18Z INFO [2830/5769] c162d20c-d26f-44d7-9593-11c42aae0401: attributed to 001697; 0.0 s; peak memory 721 MiB.
2026-10-02T13:26:18Z INFO [2831/5769] c163a4a3-01c2-4027-a1cd-738ddc9d224f: attributed to 001697; 0.0 s; peak memory 721 MiB.
2026-10-02T13:26:18Z INFO [2832/5769] c16cec02-bbe3-4845-a99e-c352aa96f75e: attributed to 000026; 0.1 s; peak memory 721 MiB.
2026-10-02T13:26:18Z INFO [2833/5769] c1727e9a-1592-4062-ad7a-c35bedb636a3: attributed to 000142; 0.0 s; peak memory 721 MiB.
2026-10-02T13:26:18Z INFO [2834/5769] c178f637-8737-4020-8ea4-7fbb00d0b050: attributed to 001697; 0.3 s; peak memory 721 MiB.
2026-10-02T13:26:18Z INFO [2835/5769] c1791940-7bcc-4a21-bfca-799966433cd5: attributed to 001697; 0.0 s; peak memory 721 MiB.
2026-10-02T13:26:18Z INFO [2836/5769] c17abdbe-3e47-4074-9cb9-1f962dec5aa9: attributed to 001697; 0.0 s; peak memory 721 MiB.
2026-10-02T13:26:18Z INFO [2837/5769] c17c70d7-d380-498d-bc4f-dc450b3df5f2: attributed to 000026; 0.1 s; peak memory 721 MiB.
2026-10-02T13:26:18Z INFO [2838/5769] c17eb402-77e6-47b2-ba11-a5b47e01fa2a: attributed to 001697; 0.0 s; peak memory 721 MiB.
2026-10-02T13:26:19Z INFO [2839/5769] c182f369-6088-4b2f-83db-de189b94dd33: attributed to 001873; 0.3 s; peak memory 721 MiB.
2026-10-02T13:26:19Z INFO [2840/5769] c184b205-dccb-4631-b3b6-5a7e19e108fa: attributed to 000026; 0.1 s; peak memory 721 MiB.
2026-10-02T13:26:19Z INFO [2841/5769] c18c2001-517e-47e6-b142-5ce14c879782: attributed to 000026; 0.1 s; peak memory 721 MiB.
2026-10-02T13:26:19Z INFO [2842/5769] c19091a3-6ad1-4ee0-8b80-76e6f379b091: attributed to 000026; 0.1 s; peak memory 721 MiB.
2026-10-02T13:26:19Z INFO [2843/5769] c1943417-ace8-4399-82a7-dec749268ac4: attributed to 001697; 0.3 s; peak memory 721 MiB.
2026-10-02T13:26:20Z INFO [2844/5769] c1a4118a-ac8b-41f3-83b0-2bf00e6e9fed: attributed to 001873; 0.4 s; peak memory 721 MiB.
2026-10-02T13:26:20Z INFO [2845/5769] c1ba0203-8094-4885-b97f-21b4e373413e: attributed to 001697; 0.3 s; peak memory 721 MiB.
2026-10-02T13:26:20Z INFO [2846/5769] c1c10ccf-46e7-488a-9a5f-8aa7b4a42a65: attributed to 001697; 0.3 s; peak memory 721 MiB.
2026-10-02T13:26:20Z INFO [2847/5769] c1c22d94-1bb9-42a1-ad08-365ea184a3e5: attributed to 001697; 0.3 s; peak memory 721 MiB.
2026-10-02T13:26:21Z INFO [2848/5769] c1cb41f5-c565-49d3-8d78-bbd6f9d9254d: attributed to 000026; 0.1 s; peak memory 721 MiB.
2026-10-02T13:26:21Z INFO [2849/5769] c1d06f50-884f-4ad9-9603-51d83080e703: attributed to 001785; 0.2 s; peak memory 721 MiB.
2026-10-02T13:26:21Z INFO [2850/5769] c1d08f7e-b21c-4b76-8019-a385d3c4fac8: attributed to 001873; 0.4 s; peak memory 721 MiB.
2026-10-02T13:26:22Z INFO [2850/5769] c1d08f7e-b21c-4b76-8019-a385d3c4fac8: checkpointed 506553 records.
2026-10-02T13:26:22Z INFO [2851/5769] c1d3cd73-3fd2-4508-9895-c24c59db4fc1: attributed to 000026; 0.1 s; peak memory 721 MiB.
2026-10-02T13:26:22Z INFO [2852/5769] c1d7321b-f28e-4b18-9fa6-b7354fa27d09: attributed to 000026; 0.1 s; peak memory 721 MiB.
2026-10-02T13:26:22Z INFO [2853/5769] c1d98241-de42-4858-b056-f18df993f826: attributed to 001697; 0.0 s; peak memory 721 MiB.
2026-10-02T13:26:22Z INFO [2854/5769] c1ddb48a-2c83-4c79-97b4-98a5fda57dc2: attributed to 001437; 0.1 s; peak memory 721 MiB.
2026-10-02T13:26:23Z INFO [2855/5769] c1df35a4-31e8-4710-be76-655bbb497910: attributed to 000026; 0.1 s; peak memory 721 MiB.
2026-10-02T13:26:23Z INFO [2856/5769] c1e4c7d6-2d8b-4869-8666-16f600d82c08: attributed to 000026; 0.1 s; peak memory 721 MiB.
2026-10-02T13:26:23Z INFO [2857/5769] c1eb60db-1408-4e75-9dab-c14c7fb80886: attributed to 000026; 0.1 s; peak memory 721 MiB.
2026-10-02T13:26:23Z INFO [2858/5769] c1ec6f09-7ed0-4e12-abaf-6040a55e2759: attributed to 000026; 0.1 s; peak memory 721 MiB.
2026-10-02T13:26:23Z INFO [2859/5769] c1f0dcae-8dae-47fd-a766-95e57fedc4df: attributed to 001697; 0.3 s; peak memory 721 MiB.
2026-10-02T13:26:23Z INFO [2860/5769] c1fc99ef-7a71-4b91-a19e-a574717df25e: attributed to 000026; 0.2 s; peak memory 721 MiB.
2026-10-02T13:26:23Z INFO [2861/5769] c1fcf32a-58ae-46d1-b946-fc5993bd222e: attributed to 000026; 0.1 s; peak memory 721 MiB.
2026-10-02T13:26:24Z INFO [2862/5769] c1fde755-1bd1-4e6c-92e7-ffab7189ad27: attributed to 000026; 0.1 s; peak memory 721 MiB.
2026-10-02T13:26:24Z INFO [2863/5769] c2022c4a-9270-4953-bd2e-89860e118ee9: attributed to 001697; 0.3 s; peak memory 721 MiB.
2026-10-02T13:26:25Z INFO [2864/5769] c20264d0-3d69-4baa-a4b1-96c266cbd53c: attributed to 000571; 0.8 s; peak memory 721 MiB.
2026-10-02T13:26:25Z INFO [2865/5769] c205aef8-ab20-43d0-b234-c9a1729c5188: attributed to 001697; 0.3 s; peak memory 721 MiB.
2026-10-02T13:26:25Z INFO [2866/5769] c20614c8-b000-4a54-80fa-18c232e53f23: attributed to 001258; 0.0 s; peak memory 721 MiB.
2026-10-02T13:26:25Z INFO [2867/5769] c2089e55-6a86-41a3-aa9b-07a7a78122f3: attributed to 000026; 0.1 s; peak memory 721 MiB.
2026-10-02T13:26:25Z INFO [2868/5769] c208d099-bf30-4a92-acec-923093ead688: attributed to 001697; 0.3 s; peak memory 721 MiB.
2026-10-02T13:26:26Z INFO [2869/5769] c20d4c9e-7d96-45c3-9725-c77402b85868: attributed to 001697; 0.6 s; peak memory 721 MiB.
2026-10-02T13:26:26Z INFO [2870/5769] c20df916-53f5-4bc9-9dec-d197d04b5ce6: attributed to 000946; 0.1 s; peak memory 721 MiB.
2026-10-02T13:26:27Z INFO [2871/5769] c20f17a6-af14-43ff-935f-e9d1f4c87268: attributed to 001697; 0.4 s; peak memory 721 MiB.
2026-10-02T13:26:27Z INFO [2872/5769] c21127d2-3aae-4000-b5d4-58c0bf3cd8bf: attributed to 000026; 0.1 s; peak memory 721 MiB.
2026-10-02T13:26:27Z INFO [2873/5769] c21a83c4-6abf-4773-a887-08a8d354c09e: attributed to 001697; 0.0 s; peak memory 721 MiB.
2026-10-02T13:26:27Z INFO [2874/5769] c21d38ac-6a1d-457d-82b0-187a4ce98636: attributed to 000026; 0.2 s; peak memory 721 MiB.
2026-10-02T13:26:27Z INFO [2875/5769] c2262515-f464-42ee-9574-c0351574bd8c: attributed to 001063; 0.1 s; peak memory 721 MiB.
2026-10-02T13:26:27Z INFO [2876/5769] c2287dbc-5bf9-4886-94e5-1ba6db60fd0e: attributed to 000109; 0.0 s; peak memory 721 MiB.
2026-10-02T13:26:27Z INFO [2877/5769] c22a7aa2-b9e9-4e93-976e-2c6eeabd8206: attributed to 000026; 0.1 s; peak memory 721 MiB.
2026-10-02T13:26:27Z INFO [2878/5769] c238d32d-9d5c-4dbd-83d8-bdc33ff8a020: attributed to 001697; 0.0 s; peak memory 721 MiB.
2026-10-02T13:26:27Z INFO [2879/5769] c238e30e-98ca-419e-952e-bd55a05373f3: attributed to 001437; 0.1 s; peak memory 721 MiB.
2026-10-02T13:26:27Z INFO [2880/5769] c23a21aa-4961-4064-b004-ca8d918401b7: attributed to 000109; 0.0 s; peak memory 721 MiB.
2026-10-02T13:26:27Z INFO [2881/5769] c23d39f6-3a19-4bc1-871b-e1e1624c7a2f: attributed to 000026; 0.1 s; peak memory 721 MiB.
2026-10-02T13:26:27Z INFO [2882/5769] c23e02eb-87ea-438e-8cff-81244a43eea7: attributed to 001449; 0.1 s; peak memory 721 MiB.
2026-10-02T13:26:27Z INFO [2883/5769] c247ca1b-8441-4953-a34c-efda1e669714: attributed to 000026; 0.1 s; peak memory 721 MiB.
2026-10-02T13:26:28Z INFO [2884/5769] c2564fe6-6661-48c1-ace5-452b738b47eb: attributed to 000026; 0.1 s; peak memory 721 MiB.
2026-10-02T13:26:28Z INFO [2885/5769] c25e78e1-76dd-43fc-afe1-1fa5bc513030: attributed to 001449; 0.1 s; peak memory 721 MiB.
2026-10-02T13:26:28Z INFO [2886/5769] c25ec824-405b-4ccc-b5a8-3bcf4a793a87: attributed to 000109; 0.0 s; peak memory 721 MiB.
2026-10-02T13:26:28Z INFO [2887/5769] c2669df9-ef86-4603-9d5f-c8fc16c7a2d0: attributed to 001697; 0.0 s; peak memory 721 MiB.
2026-10-02T13:26:28Z INFO [2888/5769] c269c6ba-e13f-4b56-b399-b41f66e00228: attributed to 001697; 0.0 s; peak memory 721 MiB.
2026-10-02T13:26:28Z INFO [2889/5769] c269e6dc-6cc9-4d0e-bcd1-30762f98c0a1: attributed to 001697; 0.4 s; peak memory 721 MiB.
2026-10-02T13:26:28Z INFO [2890/5769] c278776d-bc47-4dee-9b87-0c90ff911d18: attributed to 001449; 0.3 s; peak memory 721 MiB.
2026-10-02T13:26:29Z INFO [2891/5769] c279925a-a242-4f65-bafd-b628bc220c5d: attributed to 000946; 0.1 s; peak memory 721 MiB.
2026-10-02T13:26:29Z INFO [2892/5769] c27f2806-fe46-4fef-a3a2-2d7418bfc1a9: attributed to 000026; 0.1 s; peak memory 721 MiB.
2026-10-02T13:26:29Z INFO [2893/5769] c28e4caa-31d3-4952-92b8-338483c4136c: attributed to 001697; 0.0 s; peak memory 721 MiB.
2026-10-02T13:26:29Z INFO [2894/5769] c28f0527-91dd-4b79-887b-4a9f3043eba3: attributed to 000946; 0.1 s; peak memory 721 MiB.
2026-10-02T13:26:29Z INFO [2895/5769] c2aed66f-36f6-456c-8eda-9f9411447dc8: attributed to 001697; 0.3 s; peak memory 721 MiB.
2026-10-02T13:26:29Z INFO [2896/5769] c2bc4375-6d00-4262-8808-2bc4d0fb54c3: attributed to 000026; 0.1 s; peak memory 721 MiB.
2026-10-02T13:26:29Z INFO [2897/5769] c2d2da80-dcb8-4181-8711-6ae1b33c5b97: attributed to 000026; 0.1 s; peak memory 721 MiB.
2026-10-02T13:26:29Z INFO [2898/5769] c2d53c00-53dc-47fa-bf34-ef693402fe59: attributed to 000570; 0.0 s; peak memory 721 MiB.
2026-10-02T13:26:29Z INFO [2899/5769] c2d68457-3178-4a84-9a8b-219f41f3b19f: attributed to 001697; 0.0 s; peak memory 721 MiB.
2026-10-02T13:26:30Z INFO [2900/5769] c2db2754-1f79-448e-a053-4ba3319bf7b7: attributed to 001873; 0.4 s; peak memory 721 MiB.
2026-10-02T13:26:31Z INFO [2900/5769] c2db2754-1f79-448e-a053-4ba3319bf7b7: checkpointed 506554 records.
2026-10-02T13:26:31Z INFO [2901/5769] c2e8b331-63e6-4706-83fe-8c8c879028fe: attributed to 000109; 0.0 s; peak memory 721 MiB.
2026-10-02T13:26:31Z INFO [2902/5769] c2ea9262-cf1e-411c-8b94-0c1e69854bde: attributed to 001697; 0.0 s; peak memory 721 MiB.
2026-10-02T13:26:31Z INFO [2903/5769] c2f4b315-d2d5-486d-90d7-78ae8c220bd7: attributed to 000150; 0.2 s; peak memory 721 MiB.
2026-10-02T13:26:31Z INFO [2904/5769] c2f82151-df74-47f6-a942-1bb41a5cc78e: attributed to 001697; 0.0 s; peak memory 721 MiB.
2026-10-02T13:26:31Z INFO [2905/5769] c3017850-9f56-4c1c-b72a-940b59ed0364: attributed to 001697; 0.0 s; peak memory 721 MiB.
2026-10-02T13:26:31Z INFO [2906/5769] c309acdc-2ff1-4cd0-a2c7-38d79ee0a70e: attributed to 001697; 0.3 s; peak memory 721 MiB.
2026-10-02T13:26:33Z INFO [2907/5769] c30a0c36-5664-4add-b4e9-7c74b18badf3: attributed to 000571; 2.3 s; peak memory 721 MiB.
2026-10-02T13:26:34Z INFO [2908/5769] c30c6080-6678-4e76-b5bb-2190ffc3c1e0: attributed to 001697; 0.3 s; peak memory 721 MiB.
2026-10-02T13:26:34Z INFO [2909/5769] c30c6df3-098e-4dbd-93ef-8110dfc3cbd8: attributed to 001258; 0.0 s; peak memory 721 MiB.
2026-10-02T13:26:34Z INFO [2910/5769] c31a3fd9-6671-4aab-b6db-9325beee5d0a: attributed to 000026; 0.1 s; peak memory 721 MiB.
2026-10-02T13:26:34Z INFO [2911/5769] c31f78b3-5cca-4f22-aba3-2b3310c9f44d: attributed to 000026; 0.1 s; peak memory 721 MiB.
2026-10-02T13:26:34Z INFO [2912/5769] c3217379-32aa-4fe4-b24c-b855ae9b5571: attributed to 000026; 0.1 s; peak memory 721 MiB.
2026-10-02T13:26:34Z INFO [2913/5769] c321d828-775b-427a-97d7-079ab5053743: attributed to 001697; 0.3 s; peak memory 721 MiB.
2026-10-02T13:26:35Z INFO [2914/5769] c32bf9b3-8930-48f5-af49-f6009589f853: attributed to 001697; 0.3 s; peak memory 721 MiB.
2026-10-02T13:26:35Z INFO [2915/5769] c3303192-f833-4fb7-a03c-8b45701a290d: attributed to 000568; 0.1 s; peak memory 721 MiB.
2026-10-02T13:26:35Z INFO [2916/5769] c33040b1-1d3c-44ec-ada2-b259b76f6a75: attributed to 001697; 0.3 s; peak memory 721 MiB.
2026-10-02T13:26:35Z INFO [2917/5769] c33052b6-8660-41b0-bb52-03c936c82b47: attributed to 000173; 0.1 s; peak memory 721 MiB.
2026-10-02T13:26:35Z INFO [2918/5769] c333bec8-021b-4266-94cd-8149908596db: attributed to 001697; 0.3 s; peak memory 721 MiB.
2026-10-02T13:26:35Z INFO [2919/5769] c33fa223-0513-43fd-b12e-1fc4b2f798e0: attributed to 000026; 0.1 s; peak memory 721 MiB.
2026-10-02T13:26:36Z INFO [2920/5769] c343b990-0288-4ce9-a679-149db0db26da: attributed to 000946; 0.1 s; peak memory 721 MiB.
2026-10-02T13:26:36Z INFO [2921/5769] c353a2f6-242b-47fa-a537-4bfa1adf0f05: attributed to 000231; 0.1 s; peak memory 721 MiB.
2026-10-02T13:26:36Z INFO [2922/5769] c35f8de5-bb3b-4071-b8fa-24d159ea4653: attributed to 001697; 0.3 s; peak memory 721 MiB.
2026-10-02T13:26:36Z INFO [2923/5769] c368f6c4-cddb-4288-9912-6b114db50f67: attributed to 000026; 0.2 s; peak memory 721 MiB.
2026-10-02T13:26:36Z INFO [2924/5769] c3703fdd-6280-42e7-8598-fae3e036cde0: attributed to 000026; 0.1 s; peak memory 721 MiB.
2026-10-02T13:26:36Z INFO [2925/5769] c371e2e8-d87c-458d-a337-9806ce4bd02f: attributed to 001697; 0.0 s; peak memory 721 MiB.
2026-10-02T13:26:36Z INFO [2926/5769] c373f6b5-2c74-4932-9132-4296ed878934: attributed to 000026; 0.1 s; peak memory 721 MiB.
2026-10-02T13:26:36Z INFO [2927/5769] c3755e4c-4a58-4d35-aca6-11e6548d66cc: attributed to 001697; 0.0 s; peak memory 721 MiB.
2026-10-02T13:26:37Z INFO [2928/5769] c375e957-333c-498e-aa4f-c649ce93d845: attributed to 000571; 0.2 s; peak memory 721 MiB.
2026-10-02T13:26:37Z INFO [2929/5769] c37a2a38-05b0-4c7d-855e-647e4484ac07: attributed to 001697; 0.3 s; peak memory 721 MiB.
2026-10-02T13:26:37Z INFO [2930/5769] c37d66a4-4e82-4efa-889b-e1090f216b9a: attributed to 001697; 0.3 s; peak memory 721 MiB.
2026-10-02T13:26:37Z INFO [2931/5769] c383acaf-1656-49a1-b84b-fe8dca11186f: attributed to 000946; 0.1 s; peak memory 721 MiB.
2026-10-02T13:26:37Z INFO [2932/5769] c38b6429-d4bf-423a-9054-175ebd85e5e0: attributed to 000209; 0.0 s; peak memory 721 MiB.
2026-10-02T13:26:37Z INFO [2933/5769] c39a1128-6230-4d91-9969-db9ce61eefbe: attributed to 000142; 0.0 s; peak memory 721 MiB.
2026-10-02T13:26:37Z INFO [2934/5769] c39e6916-de22-4a60-9119-f15c87f3199b: attributed to 001697; 0.0 s; peak memory 721 MiB.
2026-10-02T13:26:38Z INFO [2935/5769] c39f4ada-d0ad-4053-bde4-9235f72c5af6: attributed to 001697; 0.3 s; peak memory 721 MiB.
2026-10-02T13:26:38Z INFO [2936/5769] c3a8c0e7-3806-4274-890a-1b64b085c10c: attributed to 001782; 0.1 s; peak memory 721 MiB.
2026-10-02T13:26:38Z INFO [2937/5769] c3ac45a6-c2b1-47ad-acaa-795f18ea072e: attributed to 000026; 0.1 s; peak memory 721 MiB.
2026-10-02T13:26:38Z INFO [2938/5769] c3adc51c-b5d5-40dc-9ade-75654e3d3e72: attributed to 001697; 0.0 s; peak memory 721 MiB.
2026-10-02T13:26:38Z INFO [2939/5769] c3ba9130-de5e-4c8f-807f-b3a88cf8e26a: attributed to 001697; 0.0 s; peak memory 721 MiB.
2026-10-02T13:26:38Z INFO [2940/5769] c3bea486-3d13-4f9c-9269-f6613c14f6b3: attributed to 001697; 0.0 s; peak memory 721 MiB.
2026-10-02T13:26:38Z INFO [2941/5769] c3c69a46-57af-4627-8cf6-238db5610714: attributed to 000209; 0.0 s; peak memory 721 MiB.
2026-10-02T13:26:38Z INFO [2942/5769] c3c782db-548a-4166-8a26-cd47bfcc1e99: attributed to 000209; 0.0 s; peak memory 721 MiB.
2026-10-02T13:26:38Z INFO [2943/5769] c3c9743d-a7f3-4567-b795-d40c38d68e8f: attributed to 001697; 0.3 s; peak memory 721 MiB.
2026-10-02T13:26:38Z INFO [2944/5769] c3cfd78d-049f-4ce2-be02-c326d0eeaeb2: attributed to 001697; 0.0 s; peak memory 721 MiB.
2026-10-02T13:26:38Z INFO [2945/5769] c3d76c58-26f1-4d23-85e5-89fb2b61520c: attributed to 001697; 0.0 s; peak memory 721 MiB.
2026-10-02T13:26:38Z INFO [2946/5769] c3d8be14-1a97-49ff-8580-5ca8ef1495b5: attributed to 001697; 0.0 s; peak memory 721 MiB.
2026-10-02T13:26:38Z INFO [2947/5769] c3eb0624-cd84-49d5-9e01-ef53932ac233: attributed to 000946; 0.1 s; peak memory 721 MiB.
2026-10-02T13:26:38Z INFO [2948/5769] c3eee3af-d30d-4ea6-aae3-28548841461a: attributed to 000570; 0.0 s; peak memory 721 MiB.
2026-10-02T13:26:38Z INFO [2949/5769] c3f06376-b67d-4cdf-963f-0a668e699ce9: attributed to 001697; 0.0 s; peak memory 721 MiB.
2026-10-02T13:26:38Z INFO [2950/5769] c40062ec-91d5-494f-bf89-e5276dc9da14: attributed to 001697; 0.0 s; peak memory 721 MiB.
2026-10-02T13:26:39Z INFO [2950/5769] c40062ec-91d5-494f-bf89-e5276dc9da14: checkpointed 506555 records.
2026-10-02T13:26:39Z INFO [2951/5769] c400cc11-ecab-4b2c-b512-7018a910a039: attributed to 001697; 0.0 s; peak memory 721 MiB.
2026-10-02T13:26:39Z INFO [2952/5769] c4057c5e-7af5-4370-878f-ccfc971aeba4: attributed to 000006; 0.0 s; peak memory 721 MiB.
2026-10-02T13:26:39Z INFO [2953/5769] c407d854-28db-472d-bf6e-064caef56569: attributed to 000026; 0.1 s; peak memory 721 MiB.
2026-10-02T13:26:40Z INFO [2954/5769] c4161e7a-795c-4208-90bb-37f968c21e38: attributed to 001697; 0.3 s; peak memory 721 MiB.
2026-10-02T13:26:40Z INFO [2955/5769] c41f6350-2abe-4f63-af47-dc65bd4516e8: attributed to 000026; 0.1 s; peak memory 721 MiB.
2026-10-02T13:26:40Z INFO [2956/5769] c424823e-b38f-4f36-928f-86c33a6c86ef: attributed to 000026; 0.1 s; peak memory 721 MiB.
2026-10-02T13:26:40Z INFO [2957/5769] c426707c-fd82-4d30-baf9-556bd59305f8: attributed to 001697; 0.3 s; peak memory 721 MiB.
2026-10-02T13:26:40Z INFO [2958/5769] c43578c8-91a6-426a-a100-814fd3845d60: attributed to 001697; 0.3 s; peak memory 721 MiB.
2026-10-02T13:26:40Z INFO [2959/5769] c43e489f-d5c2-45d7-8863-469f7533eed4: attributed to 001697; 0.0 s; peak memory 721 MiB.
2026-10-02T13:26:40Z INFO [2960/5769] c43ef49e-3742-4f37-8b20-bd725e05f044: attributed to 001697; 0.0 s; peak memory 721 MiB.
2026-10-02T13:26:40Z INFO [2961/5769] c45105b8-4a41-4e80-be57-fae40c945372: attributed to 001697; 0.0 s; peak memory 721 MiB.
2026-10-02T13:26:41Z INFO [2962/5769] c45b8c37-338f-4f31-8e6b-ff4fb47ae02b: attributed to 001449; 0.1 s; peak memory 721 MiB.
2026-10-02T13:26:41Z INFO [2963/5769] c45f10db-0cfa-4963-981b-09f3f6ad25c1: attributed to 001697; 0.9 s; peak memory 721 MiB.
2026-10-02T13:26:42Z INFO [2964/5769] c4681df5-a95b-4db6-b439-18cfe93ab401: attributed to 001697; 0.3 s; peak memory 721 MiB.
2026-10-02T13:26:42Z INFO [2965/5769] c46a4dc2-93fc-445d-89da-ba14e294ad12: attributed to 001697; 0.3 s; peak memory 721 MiB.
2026-10-02T13:26:42Z INFO [2966/5769] c46c4c18-ce91-4743-9066-9e77bd8101c8: attributed to 001697; 0.0 s; peak memory 721 MiB.
2026-10-02T13:26:42Z INFO [2967/5769] c471fe48-efa4-4edc-907f-d5129efebdbb: attributed to 000946; 0.1 s; peak memory 721 MiB.
2026-10-02T13:26:43Z INFO [2968/5769] c4743a3a-52a1-48f8-96fc-e83c86bdacaa: attributed to 001702; 0.4 s; peak memory 721 MiB.
2026-10-02T13:26:43Z INFO [2969/5769] c475cb6c-e174-446c-8dfd-8bd5d720cb75: attributed to 001697; 0.3 s; peak memory 721 MiB.
2026-10-02T13:26:43Z INFO [2970/5769] c477f446-dfe0-4620-b0a1-4128211a1f53: attributed to 001697; 0.0 s; peak memory 721 MiB.
2026-10-02T13:26:43Z INFO [2971/5769] c47ad1ad-77ac-4afb-8ac5-5ad57c2e4385: attributed to 000957; 0.1 s; peak memory 721 MiB.
2026-10-02T13:26:43Z INFO [2972/5769] c48b78d7-ecfe-4ef3-a0c8-5b651d98dfca: attributed to 000109; 0.0 s; peak memory 721 MiB.
2026-10-02T13:26:43Z INFO [2973/5769] c48f3d78-f80b-43b1-80f3-640c7e4fd8a7: attributed to 001697; 0.4 s; peak memory 721 MiB.
2026-10-02T13:26:43Z INFO [2974/5769] c49872f8-8d7c-4f70-b36a-52d83e1e77ef: attributed to 001697; 0.0 s; peak memory 721 MiB.
2026-10-02T13:26:43Z INFO [2975/5769] c4aacb9f-fbcf-4d5b-b991-97f030b29276: attributed to 000946; 0.1 s; peak memory 721 MiB.
2026-10-02T13:26:43Z INFO [2976/5769] c4af1714-d0e1-40d3-8c38-d662565bddb2: attributed to 001697; 0.0 s; peak memory 721 MiB.
2026-10-02T13:26:43Z INFO [2977/5769] c4b44763-aa04-4e6d-9bc2-6bc37fd00bcb: attributed to 001697; 0.0 s; peak memory 721 MiB.
2026-10-02T13:26:44Z INFO [2978/5769] c4bdd3be-e2cf-45bb-bac4-716619381b83: attributed to 001697; 0.6 s; peak memory 721 MiB.
2026-10-02T13:26:44Z INFO [2979/5769] c4c43aa1-e9a1-43f8-9753-6e5418da2a73: attributed to 000026; 0.2 s; peak memory 721 MiB.
2026-10-02T13:26:44Z INFO [2980/5769] c4c7eea4-915e-4a53-9526-7080d01d4fb0: attributed to 000946; 0.1 s; peak memory 721 MiB.
2026-10-02T13:26:44Z INFO [2981/5769] c4e3d3bd-8995-4e53-89e8-6c363ed8641e: attributed to 001697; 0.0 s; peak memory 721 MiB.
2026-10-02T13:26:44Z INFO [2982/5769] c4edd985-11bf-4ddd-b450-640a4089f8e5: attributed to 000109; 0.0 s; peak memory 721 MiB.
2026-10-02T13:26:45Z INFO [2983/5769] c4f3d74f-1767-45dc-ac33-f004b17e8403: attributed to 000026; 0.4 s; peak memory 721 MiB.
2026-10-02T13:26:45Z INFO [2984/5769] c4f53e05-0de9-4450-b1b9-c873afc314bf: attributed to 000946; 0.1 s; peak memory 721 MiB.
2026-10-02T13:26:45Z INFO [2985/5769] c4fb91d6-9076-4586-ae33-91c5d77623a6: attributed to 000026; 0.1 s; peak memory 721 MiB.
2026-10-02T13:26:45Z INFO [2986/5769] c507d4a3-610a-4a93-9da2-36b5287079a8: attributed to 001697; 0.0 s; peak memory 721 MiB.
2026-10-02T13:26:45Z INFO [2987/5769] c50a751b-b852-45ab-a050-f97b5f977701: attributed to 001697; 0.4 s; peak memory 721 MiB.
2026-10-02T13:26:46Z INFO [2988/5769] c514c734-1bab-4ff6-97de-3b55f23dcafe: attributed to 001697; 0.3 s; peak memory 721 MiB.
2026-10-02T13:26:46Z INFO [2989/5769] c515ebba-992f-45be-a614-c85233e8f361: attributed to 000946; 0.1 s; peak memory 721 MiB.
2026-10-02T13:26:46Z INFO [2990/5769] c51f4379-f3d7-4e79-8bfb-d78e8f585721: attributed to 001449; 0.1 s; peak memory 721 MiB.
2026-10-02T13:26:46Z INFO [2991/5769] c5219d4a-e45a-4794-b97d-83c292686d2b: attributed to 001697; 0.0 s; peak memory 721 MiB.
2026-10-02T13:26:46Z INFO [2992/5769] c526663c-5b3d-4d29-b03a-888d22797446: attributed to 001697; 0.0 s; peak memory 721 MiB.
2026-10-02T13:26:46Z INFO [2993/5769] c5272da2-eb48-426e-a87b-eabf250f9e47: attributed to 001697; 0.3 s; peak memory 721 MiB.
2026-10-02T13:26:46Z INFO [2994/5769] c53203ac-bb1a-427b-ae9f-9f593fb0bb35: attributed to 001697; 0.0 s; peak memory 721 MiB.
2026-10-02T13:26:46Z INFO [2995/5769] c5386b63-e190-48ad-ba0e-84ebce55d22d: attributed to 001697; 0.3 s; peak memory 721 MiB.
2026-10-02T13:26:46Z INFO [2996/5769] c5387c7c-0d32-42c6-a47f-f9b23e7bd7bb: attributed to 001697; 0.0 s; peak memory 721 MiB.
2026-10-02T13:26:46Z INFO [2997/5769] c53e162c-35a1-4039-a5db-e61beabff581: attributed to 000142; 0.0 s; peak memory 721 MiB.
2026-10-02T13:26:46Z INFO [2998/5769] c549926a-11cc-46be-9920-3d60f4c007a0: attributed to 001697; 0.0 s; peak memory 721 MiB.
2026-10-02T13:26:46Z INFO [2999/5769] c557bf64-6077-4c57-be56-99ba4500c847: attributed to 001697; 0.0 s; peak memory 721 MiB.
2026-10-02T13:26:47Z INFO [3000/5769] c55b3965-877d-4ceb-8579-f7517261ef41: attributed to 000026; 0.7 s; peak memory 721 MiB.
2026-10-02T13:26:48Z INFO [3000/5769] c55b3965-877d-4ceb-8579-f7517261ef41: checkpointed 506555 records.
2026-10-02T13:26:48Z INFO [3001/5769] c55ff59e-561d-432d-8c95-aa52b7ef6285: attributed to 000026; 0.1 s; peak memory 721 MiB.
2026-10-02T13:26:48Z INFO [3002/5769] c560cd7a-cabf-4a3e-b4da-c7059202dbef: attributed to 000946; 0.1 s; peak memory 721 MiB.
2026-10-02T13:26:48Z INFO [3003/5769] c566704c-5cc2-4bae-8e20-a037789626b3: attributed to 001449; 0.1 s; peak memory 721 MiB.
2026-10-02T13:26:49Z INFO [3004/5769] c56838df-bded-42f8-9de6-8fea2695da3e: attributed to 001697; 0.3 s; peak memory 721 MiB.
2026-10-02T13:26:49Z INFO [3005/5769] c56a4381-90fe-4636-bb05-526c0f00dbe5: attributed to 001697; 0.3 s; peak memory 721 MiB.
2026-10-02T13:26:49Z INFO [3006/5769] c57c5a68-b7c1-452b-b705-8f79a4cf4237: attributed to 000026; 0.2 s; peak memory 721 MiB.
2026-10-02T13:26:49Z INFO [3007/5769] c5827724-e66e-441d-a234-8af095b09303: attributed to 001697; 0.0 s; peak memory 721 MiB.
2026-10-02T13:26:50Z INFO [3008/5769] c58369ea-eade-4660-8b2d-6c97a66b0999: attributed to 001697; 0.3 s; peak memory 721 MiB.
2026-10-02T13:26:50Z INFO [3009/5769] c5899e83-c5fc-4257-b273-9c3af342d5cc: attributed to 000142; 0.0 s; peak memory 721 MiB.
2026-10-02T13:26:50Z INFO [3010/5769] c58bf9e1-636d-4646-8179-374f5830981d: attributed to 001697; 0.0 s; peak memory 721 MiB.
2026-10-02T13:26:50Z INFO [3011/5769] c59e6c17-ba14-4d2d-89c5-bc6a40ca1a48: attributed to 001697; 0.3 s; peak memory 721 MiB.
2026-10-02T13:26:50Z INFO [3012/5769] c5a38389-84c4-4ac7-bf17-fe2e8cdfe880: attributed to 000946; 0.1 s; peak memory 721 MiB.
2026-10-02T13:26:50Z INFO [3013/5769] c5b14476-f3ef-47b5-93a3-bc781fed0c44: attributed to 001250; 0.2 s; peak memory 721 MiB.
2026-10-02T13:26:50Z INFO [3014/5769] c5b1d2f3-3388-4936-9f7f-84a59a12edfb: attributed to 001697; 0.0 s; peak memory 721 MiB.
2026-10-02T13:26:50Z INFO [3015/5769] c5b5b503-136f-41f5-a678-d56de225710f: attributed to 000946; 0.1 s; peak memory 721 MiB.
2026-10-02T13:27:14Z INFO [3016/5769] c5b5f87a-eecc-498b-8224-e8b90b6b5eb0: attributed to 000571; 23.7 s; peak memory 721 MiB.
2026-10-02T13:27:14Z INFO [3017/5769] c5bbb66d-98d2-4146-97d8-66232a0424c0: attributed to 001697; 0.0 s; peak memory 721 MiB.
2026-10-02T13:27:14Z INFO [3018/5769] c5c283e7-3328-4735-ba19-1b8c58ca2d4f: attributed to 001697; 0.4 s; peak memory 721 MiB.
2026-10-02T13:27:14Z INFO [3019/5769] c5d44327-7c79-4be4-8289-077dddfc80b9: attributed to 001697; 0.0 s; peak memory 721 MiB.
2026-10-02T13:27:14Z INFO [3020/5769] c5d78b45-8c11-454a-90dd-388d4ee91c31: attributed to 001697; 0.0 s; peak memory 721 MiB.
2026-10-02T13:27:15Z INFO [3021/5769] c5d7929a-2e5c-4bab-9d5a-9c7f7d5a9573: attributed to 001697; 0.5 s; peak memory 721 MiB.
2026-10-02T13:27:15Z INFO [3022/5769] c5dec94f-d418-421a-adc3-fe237d6fc4d3: attributed to 001697; 0.5 s; peak memory 721 MiB.
2026-10-02T13:27:15Z INFO [3023/5769] c5e88eec-2ac0-44a1-b079-e9198dc69f1f: attributed to 001449; 0.1 s; peak memory 721 MiB.
2026-10-02T13:27:15Z INFO [3024/5769] c5ec2a83-2562-4274-8cb1-79014b99d5ef: attributed to 000026; 0.1 s; peak memory 721 MiB.
2026-10-02T13:27:15Z INFO [3025/5769] c5f6c79a-3fb6-437c-a988-51c234745d3f: attributed to 000293; 0.0 s; peak memory 721 MiB.
2026-10-02T13:27:16Z INFO [3026/5769] c5f793ff-56e1-4d16-9c62-5e243c49632a: attributed to 000223; 0.2 s; peak memory 721 MiB.
2026-10-02T13:27:16Z INFO [3027/5769] c603bb2e-d2f7-4b8e-8196-639a434a2c3a: attributed to 001449; 0.1 s; peak memory 721 MiB.
2026-10-02T13:27:16Z INFO [3028/5769] c6080838-f89f-4a4b-9872-8a856e1da11b: attributed to 001697; 0.0 s; peak memory 721 MiB.
2026-10-02T13:27:16Z INFO [3029/5769] c60a4838-c058-479c-a7ea-22506e7a4376: attributed to 001063; 0.1 s; peak memory 721 MiB.
2026-10-02T13:27:16Z INFO [3030/5769] c6146e9c-303b-4b4d-9e80-0403a71bd4e1: attributed to 000946; 0.1 s; peak memory 721 MiB.
2026-10-02T13:27:16Z INFO [3031/5769] c6197577-b310-4af3-9799-bad3bcbdf27c: attributed to 001697; 0.5 s; peak memory 721 MiB.
2026-10-02T13:27:16Z INFO [3032/5769] c619a7ec-2b32-4cb9-a5da-76230e0e5030: attributed to 001697; 0.0 s; peak memory 721 MiB.
2026-10-02T13:27:16Z INFO [3033/5769] c61a2082-cb29-472b-a0d8-8935d94cb88c: attributed to 000026; 0.1 s; peak memory 721 MiB.
2026-10-02T13:27:17Z INFO [3034/5769] c61c6b41-1ffc-4b78-a4ab-c860569c42dc: attributed to 000946; 0.1 s; peak memory 721 MiB.
2026-10-02T13:27:17Z INFO [3035/5769] c624ff53-8358-4f39-af18-e4651d992538: attributed to 001697; 0.0 s; peak memory 721 MiB.
2026-10-02T13:27:17Z INFO [3036/5769] c628b5dd-da81-47db-8bfe-74ddc70b4458: attributed to 001697; 0.3 s; peak memory 721 MiB.
2026-10-02T13:27:17Z INFO [3037/5769] c62c5d38-a3cb-415e-9d6e-5df0e27d7420: attributed to 000293; 0.0 s; peak memory 721 MiB.
2026-10-02T13:27:17Z INFO [3038/5769] c63423ef-5222-49d4-9f46-5fd67bb3642b: attributed to 000026; 0.4 s; peak memory 721 MiB.
2026-10-02T13:27:17Z INFO [3039/5769] c6390d12-ca1f-45b7-bf58-b83816fae40c: attributed to 001697; 0.0 s; peak memory 721 MiB.
2026-10-02T13:27:17Z INFO [3040/5769] c6414a99-2b63-4990-b5da-968b730271e2: attributed to 000946; 0.1 s; peak memory 721 MiB.
2026-10-02T13:27:17Z INFO [3041/5769] c652a668-2c16-468e-9d67-824a767ac17b: attributed to 000026; 0.1 s; peak memory 721 MiB.
2026-10-02T13:27:17Z INFO [3042/5769] c6574da7-7c0c-4b7f-a8c2-b74c968d663e: attributed to 001697; 0.0 s; peak memory 721 MiB.
2026-10-02T13:27:18Z INFO [3043/5769] c65b296b-3396-46b2-9b04-70a2322aace7: attributed to 000946; 0.1 s; peak memory 721 MiB.
2026-10-02T13:27:18Z INFO [3044/5769] c65c1105-a047-4ea6-a6bd-4b9433b5960b: attributed to 001697; 0.0 s; peak memory 721 MiB.
2026-10-02T13:27:18Z INFO [3045/5769] c6634308-251d-4ec1-8cc5-0e1077a4f776: attributed to 001697; 0.3 s; peak memory 721 MiB.
2026-10-02T13:27:18Z INFO [3046/5769] c669e93f-77e7-49f5-b471-c509873d0ac3: attributed to 000026; 0.1 s; peak memory 721 MiB.
2026-10-02T13:27:18Z INFO [3047/5769] c66c037f-01a8-45da-9fd4-42687e0fc2c3: attributed to 000946; 0.1 s; peak memory 721 MiB.
2026-10-02T13:27:18Z INFO [3048/5769] c66e91d9-3ecd-44d1-9c30-d8a3648e42d2: attributed to 001697; 0.3 s; peak memory 721 MiB.
2026-10-02T13:27:18Z INFO [3049/5769] c6710cce-70a8-4b2b-8744-da85c99546ca: attributed to 001697; 0.0 s; peak memory 721 MiB.
2026-10-02T13:27:19Z INFO [3050/5769] c6717a26-e761-47ca-9450-0ab9d4ba96d5: attributed to 001697; 0.3 s; peak memory 721 MiB.
2026-10-02T13:27:20Z INFO [3050/5769] c6717a26-e761-47ca-9450-0ab9d4ba96d5: checkpointed 506556 records.
2026-10-02T13:27:20Z INFO [3051/5769] c6739351-766e-4ae8-b69d-d5d85233168a: attributed to 000946; 0.1 s; peak memory 721 MiB.
2026-10-02T13:27:20Z INFO [3052/5769] c6753815-45c9-4bb3-a70c-f2cb0ec582fb: attributed to 000026; 0.1 s; peak memory 721 MiB.
2026-10-02T13:27:20Z INFO [3053/5769] c67a7829-3b80-4624-8828-21a9a320d58f: attributed to 001697; 0.2 s; peak memory 721 MiB.
2026-10-02T13:27:20Z INFO [3054/5769] c67b8f05-a080-42d9-b1c9-66a754b0ffa3: attributed to 000946; 0.1 s; peak memory 721 MiB.
2026-10-02T13:27:20Z INFO [3055/5769] c67dbeeb-34d5-4cbe-a478-96b0709af39e: attributed to 001697; 0.0 s; peak memory 721 MiB.
2026-10-02T13:27:20Z INFO [3056/5769] c6815aec-55b5-4160-b256-fa3d864e116d: attributed to 000026; 0.2 s; peak memory 721 MiB.
2026-10-02T13:27:21Z INFO [3057/5769] c68d853f-a019-48e8-aa71-1d6a6f5904e7: attributed to 001697; 0.3 s; peak memory 721 MiB.
2026-10-02T13:27:21Z INFO [3058/5769] c690aba6-c4fa-4570-97ea-a0f2535ef9ea: attributed to 000026; 0.1 s; peak memory 721 MiB.
2026-10-02T13:27:21Z INFO [3059/5769] c69843a3-2684-4c7e-8410-30929af377ab: attributed to 001697; 0.0 s; peak memory 721 MiB.
2026-10-02T13:27:21Z INFO [3060/5769] c6a39ed8-55a8-4372-82e0-7dc2f85b5845: attributed to 000026; 0.1 s; peak memory 721 MiB.
2026-10-02T13:27:21Z INFO [3061/5769] c6ae946d-7678-4e44-8dc0-2abe431f6bea: attributed to 000026; 0.1 s; peak memory 721 MiB.
2026-10-02T13:27:21Z INFO [3062/5769] c6b63b93-dc8c-4384-a065-d3f7c258a67c: attributed to 001697; 0.0 s; peak memory 721 MiB.
2026-10-02T13:27:21Z INFO [3063/5769] c6bbab63-8bc4-4536-a44e-9fcc9867cb9d: attributed to 001449; 0.1 s; peak memory 721 MiB.
2026-10-02T13:27:21Z INFO [3064/5769] c6bbb6f5-7e4c-4dd2-a9f2-8b1d7bb99d21: attributed to 001697; 0.3 s; peak memory 721 MiB.
2026-10-02T13:27:22Z INFO [3065/5769] c6c55c9d-40f2-451a-9ee1-39055892b9a3: attributed to 001697; 0.3 s; peak memory 721 MiB.
2026-10-02T13:27:22Z INFO [3066/5769] c6ca3956-4059-4859-90be-4444852c781e: attributed to 001697; 0.0 s; peak memory 721 MiB.
2026-10-02T13:27:22Z INFO [3067/5769] c6cd2869-8b74-4435-b736-680523aba113: attributed to 001697; 0.6 s; peak memory 721 MiB.
2026-10-02T13:27:22Z INFO [3068/5769] c6d1d090-def1-4419-9fe0-a37896c6034c: attributed to 001697; 0.0 s; peak memory 721 MiB.
2026-10-02T13:27:22Z INFO [3069/5769] c6d33100-98b4-4539-a5a6-dd62481e896a: attributed to 000026; 0.1 s; peak memory 721 MiB.
2026-10-02T13:27:23Z INFO [3070/5769] c6d342f8-bff5-4abc-9e51-324526ba3607: attributed to 001697; 0.3 s; peak memory 721 MiB.
2026-10-02T13:27:23Z INFO [3071/5769] c6d44cad-d802-4be4-969b-1ef11737efaa: attributed to 000026; 0.1 s; peak memory 721 MiB.
2026-10-02T13:27:23Z INFO [3072/5769] c6d7caf2-bea3-4244-b700-026e1d134ebc: attributed to 001697; 0.0 s; peak memory 721 MiB.
2026-10-02T13:27:23Z INFO [3073/5769] c6d88603-c9b9-4e7d-bdc3-de4bf966b05a: attributed to 000570; 0.0 s; peak memory 721 MiB.
2026-10-02T13:27:23Z INFO [3074/5769] c6e94f37-df2d-49aa-9f2d-dd7d07ba51d2: attributed to 000026; 0.1 s; peak memory 721 MiB.
2026-10-02T13:27:23Z INFO [3075/5769] c6e9facb-b8a1-4c92-94da-94ab602ed1c0: attributed to 001697; 0.0 s; peak memory 721 MiB.
2026-10-02T13:27:23Z INFO [3076/5769] c6eac6bf-b501-4de5-a1db-f2ea25628b73: attributed to 001697; 0.0 s; peak memory 721 MiB.
2026-10-02T13:27:23Z INFO [3077/5769] c6eb651f-b584-4513-ad8d-dcbc586aadb1: attributed to 001697; 0.0 s; peak memory 721 MiB.
2026-10-02T13:27:23Z INFO [3078/5769] c6f1f67a-a993-4801-989d-e9380cc8b078: attributed to 001697; 0.3 s; peak memory 721 MiB.
2026-10-02T13:27:24Z INFO [3079/5769] c6f937db-6902-4e45-8311-011c813f2f1a: attributed to 001697; 0.4 s; peak memory 721 MiB.
2026-10-02T13:27:24Z INFO [3080/5769] c6f988f4-b38b-4685-99d0-dc4b9e029d66: attributed to 001697; 0.3 s; peak memory 721 MiB.
2026-10-02T13:27:24Z INFO [3081/5769] c6fb9dda-1ede-44b6-9fe9-2fa85e2b2638: attributed to 000026; 0.1 s; peak memory 721 MiB.
2026-10-02T13:27:24Z INFO [3082/5769] c6fc69c5-e736-4ee7-a8c6-a3798622afe8: attributed to 000568; 0.1 s; peak memory 721 MiB.
2026-10-02T13:27:24Z INFO [3083/5769] c6fd491f-fb40-4b47-9196-038bbec617bd: attributed to 000109; 0.0 s; peak memory 721 MiB.
2026-10-02T13:27:24Z INFO [3084/5769] c6fe80a4-34f1-4f8c-a9d5-07353acf2ca0: attributed to 000026; 0.1 s; peak memory 721 MiB.
2026-10-02T13:27:24Z INFO [3085/5769] c7082d2f-d33a-43d0-b96c-0e6596c9a107: attributed to 001697; 0.3 s; peak memory 721 MiB.
2026-10-02T13:27:25Z INFO [3086/5769] c7196dcf-d409-40bd-841c-b8fb257a4517: attributed to 000026; 0.1 s; peak memory 721 MiB.
2026-10-02T13:27:25Z INFO [3087/5769] c71b5341-0996-4234-9154-3f821d414b4a: attributed to 000142; 0.0 s; peak memory 721 MiB.
2026-10-02T13:27:25Z INFO [3088/5769] c721eb0f-d97f-415c-84be-81e21acf78a8: attributed to 001697; 0.3 s; peak memory 721 MiB.
2026-10-02T13:27:25Z INFO [3089/5769] c72ad4e4-1164-48c2-8971-fec9ccff773c: attributed to 000946; 0.1 s; peak memory 721 MiB.
2026-10-02T13:27:25Z INFO [3090/5769] c72b4748-ce59-4606-9b5a-3fb0e4391b34: attributed to 001697; 0.3 s; peak memory 721 MiB.
2026-10-02T13:27:26Z INFO [3091/5769] c72c19da-19e6-4b0c-9aac-df46ba00d5b0: attributed to 001697; 0.3 s; peak memory 721 MiB.
2026-10-02T13:27:26Z INFO [3092/5769] c733a01e-fd1e-4877-8d31-a6140184110f: attributed to 001697; 0.0 s; peak memory 721 MiB.
2026-10-02T13:27:26Z INFO [3093/5769] c73d239d-d328-45cd-8f44-7b25d0ccc098: attributed to 001697; 0.4 s; peak memory 721 MiB.
2026-10-02T13:27:26Z INFO [3094/5769] c73e3e69-125f-4c8e-9e03-1f23f47ace86: attributed to 001791; 0.1 s; peak memory 721 MiB.
2026-10-02T13:27:26Z INFO [3095/5769] c74500cc-8661-4d3e-8477-ebcb83179f53: attributed to 001697; 0.3 s; peak memory 721 MiB.
2026-10-02T13:27:26Z INFO [3096/5769] c7455e6e-68f8-439e-9aef-bc570d94f004: attributed to 000026; 0.1 s; peak memory 721 MiB.
2026-10-02T13:27:27Z INFO [3097/5769] c7470177-a9df-4eaa-84d9-f289c67b3638: attributed to 001697; 0.3 s; peak memory 721 MiB.
2026-10-02T13:27:27Z INFO [3098/5769] c747a4b3-c637-4f6f-96b2-c83c53105b90: attributed to 001697; 0.0 s; peak memory 721 MiB.
2026-10-02T13:27:27Z INFO [3099/5769] c74a73d8-bba2-443c-9562-985947287deb: attributed to 001697; 0.0 s; peak memory 721 MiB.
2026-10-02T13:27:27Z INFO [3100/5769] c74e2363-468a-45de-8c99-e35950c02985: attributed to 001697; 0.0 s; peak memory 721 MiB.
2026-10-02T13:27:28Z INFO [3100/5769] c74e2363-468a-45de-8c99-e35950c02985: checkpointed 506556 records.
2026-10-02T13:27:30Z INFO [3101/5769] c7506221-e6fc-4830-955c-7f9f7d8118c0: attributed to 000571; 2.1 s; peak memory 721 MiB.
2026-10-02T13:27:30Z INFO [3102/5769] c750daf3-9a12-4e78-b9bb-1eb59aa6e60c: attributed to 001697; 0.0 s; peak memory 721 MiB.
2026-10-02T13:27:30Z INFO [3103/5769] c751c0a9-e504-45fb-b77b-e7fc44039306: attributed to 001697; 0.0 s; peak memory 721 MiB.
2026-10-02T13:27:30Z INFO [3104/5769] c755ca0a-db4f-468d-9d9f-70842562cc9f: attributed to 001697; 0.0 s; peak memory 721 MiB.
2026-10-02T13:27:30Z INFO [3105/5769] c758937b-39f6-4cc0-9bbb-f09b41722f1d: attributed to 001697; 0.3 s; peak memory 721 MiB.
2026-10-02T13:27:30Z INFO [3106/5769] c75b2cd1-5a93-4f06-8721-b2454d8e0ff2: attributed to 000026; 0.1 s; peak memory 721 MiB.
2026-10-02T13:27:30Z INFO [3107/5769] c76577d2-5595-4b33-95cb-657e2ee36085: attributed to 001697; 0.0 s; peak memory 721 MiB.
2026-10-02T13:27:30Z INFO [3108/5769] c76c9e09-7067-4da1-a493-f394dd330d31: attributed to 000946; 0.1 s; peak memory 721 MiB.
2026-10-02T13:27:30Z INFO [3109/5769] c771fd82-8263-4caf-9b7a-2d4aeb6a3113: attributed to 000109; 0.0 s; peak memory 721 MiB.
2026-10-02T13:27:30Z INFO [3110/5769] c77a346c-f4ae-44b3-9c84-da7e9794ebff: attributed to 001449; 0.1 s; peak memory 721 MiB.
2026-10-02T13:27:31Z INFO [3111/5769] c780cb21-b858-400e-a489-1d61a31cc8c2: attributed to 001449; 0.1 s; peak memory 721 MiB.
2026-10-02T13:27:31Z INFO [3112/5769] c786a6b3-1dd9-4a15-b7ee-f68024baa3ff: attributed to 001697; 0.3 s; peak memory 721 MiB.
2026-10-02T13:27:31Z INFO [3113/5769] c7a35e45-7e07-481a-87d3-76e103eb46ad: attributed to 001697; 0.0 s; peak memory 721 MiB.
2026-10-02T13:27:31Z INFO [3114/5769] c7a4e99e-0d5f-487f-b34a-25f852ac1f1d: attributed to 001697; 0.0 s; peak memory 721 MiB.
2026-10-02T13:27:31Z INFO [3115/5769] c7a95dd2-d685-4526-b7b6-dc2ea09b9f1b: attributed to 000026; 0.1 s; peak memory 721 MiB.
2026-10-02T13:27:31Z INFO [3116/5769] c7ac5ef7-7dae-405a-b6d2-d7f63ce7ba45: attributed to 001697; 0.3 s; peak memory 721 MiB.
2026-10-02T13:27:32Z INFO [3117/5769] c7c26c80-d316-432b-a6aa-7d9b39f33284: attributed to 001697; 0.3 s; peak memory 721 MiB.
2026-10-02T13:27:32Z INFO [3118/5769] c7ca2723-895f-4968-b992-5eb776191b18: attributed to 001697; 0.0 s; peak memory 721 MiB.
2026-10-02T13:27:32Z INFO [3119/5769] c7ccab49-ed96-4c1a-8ba2-4c4ceaff8340: attributed to 000403; 0.0 s; peak memory 721 MiB.
2026-10-02T13:27:32Z INFO [3120/5769] c7d3340a-b617-44fa-803c-1f812cfb5afc: attributed to 001697; 0.3 s; peak memory 721 MiB.
2026-10-02T13:27:32Z INFO [3121/5769] c7d344c6-4bea-4c46-bf94-66eba7164d2f: attributed to 001697; 0.0 s; peak memory 721 MiB.
2026-10-02T13:27:32Z INFO [3122/5769] c7d61e20-9493-4725-9926-65aefa924350: attributed to 000946; 0.1 s; peak memory 721 MiB.
2026-10-02T13:27:32Z INFO [3123/5769] c7d9af18-78ac-4352-bd1f-e0c63d9288ac: attributed to 001697; 0.3 s; peak memory 721 MiB.
2026-10-02T13:27:33Z INFO [3124/5769] c7df1545-ba3b-4fec-8ee9-17f1f5265f60: attributed to 001697; 0.3 s; peak memory 721 MiB.
2026-10-02T13:27:33Z INFO [3125/5769] c7e556d9-0cc1-43c4-b665-dc0ccfbd9a91: attributed to 001697; 0.3 s; peak memory 721 MiB.
2026-10-02T13:27:33Z INFO [3126/5769] c7eaeeed-a192-4991-9422-a934602276c6: attributed to 001697; 0.3 s; peak memory 721 MiB.
2026-10-02T13:27:33Z INFO [3127/5769] c7ef7865-c33c-4884-ae50-e6604139e5e6: attributed to 000293; 0.0 s; peak memory 721 MiB.
2026-10-02T13:27:33Z INFO [3128/5769] c7f0fcdb-a356-4f1f-9f96-c5c440c96c7e: attributed to 001697; 0.0 s; peak memory 721 MiB.
2026-10-02T13:27:33Z INFO [3129/5769] c7f1f53f-9f6e-4b91-8764-469d93e6238a: attributed to 001697; 0.0 s; peak memory 721 MiB.
2026-10-02T13:27:33Z INFO [3130/5769] c7f6679f-2810-4235-a6f8-6144b0ce5b04: attributed to 001697; 0.3 s; peak memory 721 MiB.
2026-10-02T13:27:34Z INFO [3131/5769] c7f99183-d3a4-4a60-aaf2-401acf58a7fa: attributed to 001791; 0.1 s; peak memory 721 MiB.
2026-10-02T13:27:34Z INFO [3132/5769] c7fd1d6a-9eb9-4163-80df-3239252c70c6: attributed to 001697; 0.3 s; peak memory 721 MiB.
2026-10-02T13:27:34Z INFO [3133/5769] c7ff01df-126a-4699-829e-5c2fc3f42bae: attributed to 001449; 0.1 s; peak memory 721 MiB.
2026-10-02T13:27:34Z INFO [3134/5769] c800dde7-403b-447d-a0b9-6d780202c488: attributed to 001748; 0.0 s; peak memory 721 MiB.
2026-10-02T13:27:34Z INFO [3135/5769] c80db6d8-50a4-4e1c-a9bd-edaf3a656534: attributed to 000946; 0.1 s; peak memory 721 MiB.
2026-10-02T13:27:34Z INFO [3136/5769] c80fcd63-af10-4ffd-862c-cf8ecde5ea33: attributed to 000026; 0.1 s; peak memory 721 MiB.
2026-10-02T13:27:34Z INFO [3137/5769] c8117083-5261-480c-a5fa-a0a645102a94: attributed to 000403; 0.0 s; peak memory 721 MiB.
2026-10-02T13:27:35Z INFO [3138/5769] c8138b56-d7b2-47ba-a10a-c836751bd4ea: attributed to 001697; 0.3 s; peak memory 721 MiB.
2026-10-02T13:27:35Z INFO [3139/5769] c8188974-e932-4150-89ac-60a9daeab4c4: attributed to 000026; 0.2 s; peak memory 721 MiB.
2026-10-02T13:27:35Z INFO [3140/5769] c81b6e1e-38b4-4b80-9169-a5bd4d98a128: attributed to 000559; 0.1 s; peak memory 721 MiB.
2026-10-02T13:27:35Z INFO [3141/5769] c81de53b-3f13-4f7b-9c6f-c7354ee98a0b: attributed to 001697; 0.3 s; peak memory 721 MiB.
2026-10-02T13:27:35Z INFO [3142/5769] c82e939a-37b5-4f25-aef8-b2abed2e4634: attributed to 000026; 0.1 s; peak memory 721 MiB.
2026-10-02T13:27:35Z INFO [3143/5769] c82f416a-1bba-4d83-ac3b-a8fd09208c07: attributed to 001697; 0.0 s; peak memory 721 MiB.
2026-10-02T13:27:35Z INFO [3144/5769] c82fc695-6ed6-4081-971a-158515c430bc: attributed to 001697; 0.0 s; peak memory 721 MiB.
2026-10-02T13:27:35Z INFO [3145/5769] c83b7a07-ce78-490f-8331-df0faca7ce82: attributed to 001063; 0.1 s; peak memory 721 MiB.
2026-10-02T13:27:36Z INFO [3146/5769] c83dc16a-9433-4471-b879-8cbd2cbb0cb8: attributed to 001697; 0.3 s; peak memory 721 MiB.
2026-10-02T13:27:36Z INFO [3147/5769] c8451695-c28e-4eb6-a7f4-b5579dd27c2d: attributed to 000026; 0.1 s; peak memory 721 MiB.
2026-10-02T13:27:36Z INFO [3148/5769] c851392d-f8ae-4187-8d21-4a803e35292f: attributed to 000026; 0.5 s; peak memory 721 MiB.
2026-10-02T13:27:36Z INFO [3149/5769] c856fdb1-e76c-4a71-9d3e-6789c761568b: attributed to 001697; 0.3 s; peak memory 721 MiB.
2026-10-02T13:27:37Z INFO [3150/5769] c85962a9-cd5a-4d79-a961-1fa514a889b9: attributed to 000026; 0.1 s; peak memory 721 MiB.
2026-10-02T13:27:38Z INFO [3150/5769] c85962a9-cd5a-4d79-a961-1fa514a889b9: checkpointed 506556 records.
2026-10-02T13:27:38Z INFO [3151/5769] c85ec684-6187-4188-9dba-b6c8536fcef6: attributed to 001697; 0.3 s; peak memory 721 MiB.
2026-10-02T13:27:38Z INFO [3152/5769] c85fce9b-8a88-4120-b568-4044aa22a93d: attributed to 000026; 0.1 s; peak memory 721 MiB.
2026-10-02T13:27:38Z INFO [3153/5769] c8665946-6f0e-4775-a72a-e0b31c50d64e: attributed to 001697; 0.0 s; peak memory 721 MiB.
2026-10-02T13:27:38Z INFO [3154/5769] c86ab62c-6447-4674-967b-2e5cad01d5db: attributed to 000109; 0.0 s; peak memory 721 MiB.
2026-10-02T13:27:38Z INFO [3155/5769] c86c54b1-43c1-4355-94dd-a8457114d016: attributed to 000026; 0.1 s; peak memory 721 MiB.
2026-10-02T13:27:38Z INFO [3156/5769] c86d0a93-3fe8-4633-be95-83aa88f00f60: attributed to 000026; 0.1 s; peak memory 721 MiB.
2026-10-02T13:27:38Z INFO [3157/5769] c86f1521-f5f4-40e8-8c8d-32f67555e46f: attributed to 001449; 0.1 s; peak memory 721 MiB.
2026-10-02T13:27:38Z INFO [3158/5769] c87d4b84-664d-42f2-b23f-c0a40a1f274c: attributed to 001748; 0.0 s; peak memory 721 MiB.
2026-10-02T13:27:38Z INFO [3159/5769] c87fe2db-fac0-4539-93c7-206b3d49c6af: attributed to 000946; 0.1 s; peak memory 721 MiB.
2026-10-02T13:27:39Z INFO [3160/5769] c88795c5-5b39-4a0e-8dd8-5c84e1642213: attributed to 000026; 0.1 s; peak memory 721 MiB.
2026-10-02T13:27:39Z INFO [3161/5769] c893ae41-4206-4e7b-b4e3-1511cdf93483: attributed to 001697; 0.0 s; peak memory 721 MiB.
2026-10-02T13:27:39Z INFO [3162/5769] c89a228f-f5f6-40d4-b108-8f37621d4134: attributed to 000026; 0.3 s; peak memory 721 MiB.
2026-10-02T13:27:39Z INFO [3163/5769] c89ee34c-aa5b-49d9-9d86-f9938a38920e: attributed to 001697; 0.3 s; peak memory 721 MiB.
2026-10-02T13:27:39Z INFO [3164/5769] c8ac6041-3ae8-4c85-a390-503e7c18686b: attributed to 001697; 0.0 s; peak memory 721 MiB.
2026-10-02T13:27:39Z INFO [3165/5769] c8afe1a4-976c-4b48-a63f-3db4b12d3c45: attributed to 000026; 0.1 s; peak memory 721 MiB.
2026-10-02T13:27:39Z INFO [3166/5769] c8b850ca-a85f-43f5-be25-a0530cabe95a: attributed to 000403; 0.0 s; peak memory 721 MiB.
2026-10-02T13:27:39Z INFO [3167/5769] c8b8d8eb-225f-46c2-afbc-95e9ee5696bd: attributed to 001697; 0.0 s; peak memory 721 MiB.
2026-10-02T13:27:39Z INFO [3168/5769] c8bbb423-b2a2-481b-96bc-066422244747: attributed to 000946; 0.1 s; peak memory 721 MiB.
2026-10-02T13:27:39Z INFO [3169/5769] c8be45a7-1845-41d9-94d8-a69b453152f9: attributed to 001697; 0.0 s; peak memory 721 MiB.
2026-10-02T13:27:40Z INFO [3170/5769] c8c3c75e-336f-4eae-8b8d-9b949d105a1c: attributed to 001697; 0.3 s; peak memory 721 MiB.
2026-10-02T13:27:40Z INFO [3171/5769] c8c5e24d-4f53-4423-a2a1-d0e17c7c8b20: attributed to 000026; 0.1 s; peak memory 721 MiB.
2026-10-02T13:27:40Z INFO [3172/5769] c8c7cea1-5010-4072-9f65-8b1e8b35641c: attributed to 001697; 0.2 s; peak memory 721 MiB.
2026-10-02T13:27:40Z INFO [3173/5769] c8d3753d-2fbe-4943-8fd3-0588438b7610: attributed to 001697; 0.0 s; peak memory 721 MiB.
2026-10-02T13:27:40Z INFO [3174/5769] c8dbeca3-cf1f-4acb-aa66-865799542424: attributed to 001873; 0.4 s; peak memory 721 MiB.
2026-10-02T13:27:41Z INFO [3175/5769] c8dda0f4-1827-4067-9497-26a15e342bfe: attributed to 001697; 0.4 s; peak memory 721 MiB.
2026-10-02T13:27:41Z INFO [3176/5769] c8e328bd-9f20-4cd8-aed3-1d4282c16ec8: attributed to 001697; 0.5 s; peak memory 721 MiB.
2026-10-02T13:27:41Z INFO [3177/5769] c8e8a473-b6cd-4f0a-b797-80e5923a832a: attributed to 001697; 0.0 s; peak memory 721 MiB.
2026-10-02T13:27:42Z INFO [3178/5769] c8e93664-a4ce-4e02-9465-9e03b1cf3174: attributed to 001697; 0.4 s; peak memory 721 MiB.
2026-10-02T13:27:42Z INFO [3179/5769] c8ed0b6f-46cf-4202-915c-bee9b10f32fb: attributed to 001697; 0.3 s; peak memory 721 MiB.
2026-10-02T13:27:42Z INFO [3180/5769] c8ef61ef-8190-4f7d-bcb0-4d26aba84f8a: attributed to 000026; 0.1 s; peak memory 721 MiB.
2026-10-02T13:27:42Z INFO [3181/5769] c8f3b374-72a6-4061-830a-51f16d231806: attributed to 000570; 0.0 s; peak memory 721 MiB.
2026-10-02T13:27:42Z INFO [3182/5769] c8f82c1d-620c-4510-ad2e-0cf34c46ddd6: attributed to 001697; 0.3 s; peak memory 721 MiB.
2026-10-02T13:27:42Z INFO [3183/5769] c903a55a-1484-4c94-b734-3deb209e433c: attributed to 000142; 0.0 s; peak memory 721 MiB.
2026-10-02T13:27:43Z INFO [3184/5769] c9087ad7-55e0-4202-9461-2f0e83a8d7ae: attributed to 001697; 0.3 s; peak memory 721 MiB.
2026-10-02T13:27:43Z INFO [3185/5769] c90a625b-c287-44a6-9f3d-0f75b2bf38a6: attributed to 000026; 0.1 s; peak memory 721 MiB.
2026-10-02T13:27:43Z INFO [3186/5769] c9218f5f-f4ee-424a-86d6-0bfd12bf795c: attributed to 001697; 0.0 s; peak memory 721 MiB.
2026-10-02T13:27:43Z INFO [3187/5769] c92666ea-70cd-4bb3-84f4-a90d4b6204b9: attributed to 000403; 0.0 s; peak memory 721 MiB.
2026-10-02T13:27:43Z INFO [3188/5769] c9269d79-ec83-43e3-b57e-16b1bec2eeeb: attributed to 000946; 0.1 s; peak memory 721 MiB.
2026-10-02T13:27:43Z INFO [3189/5769] c9356146-ba45-45e9-97db-3d7c940c7a45: attributed to 001697; 0.0 s; peak memory 721 MiB.
2026-10-02T13:27:43Z INFO [3190/5769] c937498f-9091-4b5c-9616-b42c7d1570d6: attributed to 001278; 0.1 s; peak memory 721 MiB.
2026-10-02T13:27:44Z INFO [3191/5769] c93e7e1f-e525-46fd-9f02-3bb1b49b76cb: attributed to 001697; 0.4 s; peak memory 721 MiB.
2026-10-02T13:27:44Z INFO [3192/5769] c950bfd8-60a5-457e-a7c0-1dc455035604: attributed to 001449; 0.2 s; peak memory 721 MiB.
2026-10-02T13:27:44Z INFO [3193/5769] c95279ac-d449-47a7-8184-b7174f6582ce: attributed to 000173; 0.1 s; peak memory 721 MiB.
2026-10-02T13:27:44Z INFO [3194/5769] c953e661-c095-4a8d-b129-bd03c9b73ba5: attributed to 000026; 0.1 s; peak memory 721 MiB.
2026-10-02T13:27:44Z INFO [3195/5769] c956fa8f-f860-4b9a-afbc-591db606a68d: attributed to 001697; 0.4 s; peak memory 721 MiB.
2026-10-02T13:27:45Z INFO [3196/5769] c958df00-cd81-48f8-bdfe-64fc261aea57: attributed to 001697; 0.3 s; peak memory 721 MiB.
2026-10-02T13:27:45Z INFO [3197/5769] c9592bc6-dc4e-4e04-8d00-08d8db54f205: attributed to 001697; 0.0 s; peak memory 721 MiB.
2026-10-02T13:27:45Z INFO [3198/5769] c95f9303-a88b-4459-8924-680f91367ccf: attributed to 001697; 0.3 s; peak memory 721 MiB.
2026-10-02T13:27:45Z INFO [3199/5769] c963016f-6195-49e5-9d5a-3098f8a942bd: attributed to 001697; 0.0 s; peak memory 721 MiB.
2026-10-02T13:27:45Z INFO [3200/5769] c96e3992-f87a-4185-b70b-a4c16e73f6e3: attributed to 000946; 0.1 s; peak memory 721 MiB.
2026-10-02T13:27:46Z INFO [3200/5769] c96e3992-f87a-4185-b70b-a4c16e73f6e3: checkpointed 506556 records.
2026-10-02T13:27:46Z INFO [3201/5769] c971867e-8160-48e8-adfa-a814991deb37: attributed to 000293; 0.0 s; peak memory 721 MiB.
2026-10-02T13:27:46Z INFO [3202/5769] c9732681-c323-4f22-8dd4-7c23bb37d505: attributed to 001697; 0.3 s; peak memory 721 MiB.
2026-10-02T13:27:46Z INFO [3203/5769] c983a4e1-097a-402c-bda8-e6a41cb7e24a: attributed to 000569; 0.0 s; peak memory 721 MiB.
2026-10-02T13:27:46Z INFO [3204/5769] c98b1fc4-e302-4674-b326-06a46704bd59: attributed to 001697; 0.0 s; peak memory 721 MiB.
2026-10-02T13:27:46Z INFO [3205/5769] c98c8044-9390-44e2-bb24-a6b083707e6e: attributed to 001697; 0.0 s; peak memory 721 MiB.
2026-10-02T13:27:47Z INFO [3206/5769] c98f3f58-9650-4bfb-b1e0-199e6cd2b0b5: attributed to 001697; 0.3 s; peak memory 721 MiB.
2026-10-02T13:27:47Z INFO [3207/5769] c9927857-b068-4e89-8034-bb8d75056d92: attributed to 001697; 0.0 s; peak memory 721 MiB.
2026-10-02T13:27:47Z INFO [3208/5769] c99381b9-6d78-41ba-9f2d-2e61c139d8ba: attributed to 001697; 0.0 s; peak memory 721 MiB.
2026-10-02T13:27:47Z INFO [3209/5769] c993ada0-0f3d-4add-99df-01cd42d92179: attributed to 001697; 0.3 s; peak memory 721 MiB.
2026-10-02T13:27:47Z INFO [3210/5769] c9963047-3c40-4ca2-94ad-13642a7ab1a1: attributed to 001258; 0.0 s; peak memory 721 MiB.
2026-10-02T13:27:47Z INFO [3211/5769] c997d9a7-fbee-4478-afd5-33b329c24e48: attributed to 001697; 0.3 s; peak memory 721 MiB.
2026-10-02T13:27:47Z INFO [3212/5769] c99b08d9-ebbb-45c8-b26e-e0ba5fcbcf02: attributed to 001697; 0.0 s; peak memory 721 MiB.
2026-10-02T13:27:47Z INFO [3213/5769] c99b4aaa-429f-47f9-bc59-a1291123666c: attributed to 001697; 0.0 s; peak memory 721 MiB.
2026-10-02T13:27:47Z INFO [3214/5769] c99f25ca-8f7c-4599-99f4-124162ad5510: attributed to 001697; 0.3 s; peak memory 721 MiB.
2026-10-02T13:27:48Z INFO [3215/5769] c9a068d5-51a7-441a-86b4-7c02c9a06714: attributed to 000026; 0.1 s; peak memory 721 MiB.
2026-10-02T13:27:48Z INFO [3216/5769] c9a2323a-0b40-46f9-a428-0632d22373b3: attributed to 001697; 0.2 s; peak memory 721 MiB.
2026-10-02T13:27:48Z INFO [3217/5769] c9a78901-d02f-4a15-ba2a-723d399cffd3: attributed to 000026; 0.1 s; peak memory 721 MiB.
2026-10-02T13:27:48Z INFO [3218/5769] c9a9657c-715d-40dd-94e7-fff20e7c17e1: attributed to 000026; 0.3 s; peak memory 721 MiB.
2026-10-02T13:27:48Z INFO [3219/5769] c9ac06c0-3889-4384-b6f5-6fc807c2f3a0: attributed to 001697; 0.0 s; peak memory 721 MiB.
2026-10-02T13:27:48Z INFO [3220/5769] c9b4461a-0f26-4ae0-acd1-babdf08e70dd: attributed to 001697; 0.0 s; peak memory 721 MiB.
2026-10-02T13:27:49Z INFO [3221/5769] c9bc4d84-bbd6-4406-ad67-0ecb39be22a7: attributed to 001697; 0.3 s; peak memory 721 MiB.
2026-10-02T13:27:49Z INFO [3222/5769] c9c95380-9556-49fa-9d1f-74664b345c8d: attributed to 001697; 0.0 s; peak memory 721 MiB.
2026-10-02T13:27:49Z INFO [3223/5769] c9c96a0f-bb25-4163-b8ff-6d7b1ed0379d: attributed to 001697; 0.0 s; peak memory 721 MiB.
2026-10-02T13:27:49Z INFO [3224/5769] c9ca06e8-e1be-4d7c-924c-7c3164e00fe9: attributed to 000026; 0.1 s; peak memory 721 MiB.
2026-10-02T13:27:49Z INFO [3225/5769] c9ccc058-8cf3-47b4-b09c-e09ec5097c9d: attributed to 000946; 0.1 s; peak memory 721 MiB.
2026-10-02T13:27:49Z INFO [3226/5769] c9db0508-83f7-4380-b83b-960596900e16: attributed to 000559; 0.1 s; peak memory 721 MiB.
2026-10-02T13:27:49Z INFO [3227/5769] c9e3b465-168f-4bbe-a28c-eabb33a2b70c: attributed to 001258; 0.0 s; peak memory 721 MiB.
2026-10-02T13:27:49Z INFO [3228/5769] c9e57ab8-688a-4af4-84da-0ed83c1e6ad5: attributed to 000946; 0.1 s; peak memory 721 MiB.
2026-10-02T13:27:49Z INFO [3229/5769] c9e85e9f-eaad-4078-965e-f10ac40c3192: attributed to 000946; 0.1 s; peak memory 721 MiB.
2026-10-02T13:27:49Z INFO [3230/5769] c9e97664-4b15-43b5-9a66-e1f027d6e198: attributed to 001697; 0.0 s; peak memory 721 MiB.
2026-10-02T13:27:49Z INFO [3231/5769] c9eb8d1e-da9e-4c82-a1e7-344ca43b7b98: attributed to 001697; 0.3 s; peak memory 721 MiB.
2026-10-02T13:27:51Z INFO [3232/5769] c9fdf33f-dfee-4bb4-8090-c82e85d8b1e9: attributed to 001697; 1.5 s; peak memory 721 MiB.
2026-10-02T13:27:51Z INFO [3233/5769] ca021ab0-dae3-4452-96be-5342f2cadc81: attributed to 001697; 0.0 s; peak memory 721 MiB.
2026-10-02T13:27:51Z INFO [3234/5769] ca06ed8d-8655-4324-96e2-647d8a0dca74: attributed to 001697; 0.0 s; peak memory 721 MiB.
2026-10-02T13:27:51Z INFO [3235/5769] ca0be226-1fff-4a30-967d-bfbc7e617e15: attributed to 001697; 0.0 s; peak memory 721 MiB.
2026-10-02T13:27:51Z INFO [3236/5769] ca11f09b-27b5-40be-85a4-406914257119: attributed to 001697; 0.0 s; peak memory 721 MiB.
2026-10-02T13:27:51Z INFO [3237/5769] ca25e881-1a6d-4a38-8d11-062e2cd93172: attributed to 001697; 0.3 s; peak memory 721 MiB.
2026-10-02T13:27:51Z INFO [3238/5769] ca2630e8-8dd0-41fa-83b8-706c36ab1050: attributed to 001697; 0.2 s; peak memory 721 MiB.
2026-10-02T13:27:51Z INFO [3239/5769] ca288b52-6c58-415d-a46a-4cd0ef405b55: attributed to 001697; 0.0 s; peak memory 721 MiB.
2026-10-02T13:27:51Z INFO [3240/5769] ca2ad329-a4f0-4c5e-ba88-426b85448279: attributed to 000946; 0.1 s; peak memory 721 MiB.
2026-10-02T13:27:52Z INFO [3241/5769] ca2d83f0-537b-4731-a23a-e5a678c3843d: attributed to 001063; 0.1 s; peak memory 721 MiB.
2026-10-02T13:27:52Z INFO [3242/5769] ca32d1a8-c996-4f72-a696-1fbef0c49f17: attributed to 000142; 0.0 s; peak memory 721 MiB.
2026-10-02T13:27:52Z INFO [3243/5769] ca32d7c4-9642-4248-8731-32957f77e5f7: attributed to 001697; 0.0 s; peak memory 721 MiB.
2026-10-02T13:27:52Z INFO [3244/5769] ca44c3d0-3f05-4820-a09f-03da490af763: attributed to 001697; 0.0 s; peak memory 721 MiB.
2026-10-02T13:27:52Z INFO [3245/5769] ca4d299e-3de9-4bd1-9162-bb1becf1205f: attributed to 000109; 0.0 s; peak memory 721 MiB.
2026-10-02T13:27:52Z INFO [3246/5769] ca4d9513-026d-429c-a6b8-df8dca813f04: attributed to 000571; 0.1 s; peak memory 721 MiB.
2026-10-02T13:27:52Z INFO [3247/5769] ca54c9f0-4782-418d-8bc5-e1569950d387: attributed to 001697; 0.3 s; peak memory 721 MiB.
2026-10-02T13:27:52Z INFO [3248/5769] ca5ac8e1-e79b-43c2-a3a2-78b379e9f3b0: attributed to 001697; 0.3 s; peak memory 721 MiB.
2026-10-02T13:27:52Z INFO [3249/5769] ca62535a-c64a-43c9-9a03-03455ea5acf8: attributed to 001449; 0.1 s; peak memory 721 MiB.
2026-10-02T13:27:52Z INFO [3250/5769] ca644ff5-fb97-4c26-a79e-042a30f62a00: attributed to 000408; 0.0 s; peak memory 721 MiB.
2026-10-02T13:27:53Z INFO [3250/5769] ca644ff5-fb97-4c26-a79e-042a30f62a00: checkpointed 506556 records.
2026-10-02T13:27:54Z INFO [3251/5769] ca6ab2ad-b0e9-41e3-98ee-26484516b744: attributed to 001697; 0.3 s; peak memory 721 MiB.
2026-10-02T13:27:54Z INFO [3252/5769] ca6c5bb0-b762-4407-a6dc-dd4dfa0c7db0: attributed to 001697; 0.0 s; peak memory 721 MiB.
2026-10-02T13:27:54Z INFO [3253/5769] ca745196-4600-4603-9230-f5ea00228416: attributed to 001697; 0.0 s; peak memory 721 MiB.
2026-10-02T13:27:54Z INFO [3254/5769] ca7707c6-334e-4aa9-97a5-a8b9674b9f8c: attributed to 000570; 0.0 s; peak memory 721 MiB.
2026-10-02T13:27:54Z INFO [3255/5769] ca79030f-302e-45ba-8295-0e81d4fa1fd4: attributed to 001697; 0.3 s; peak memory 721 MiB.
2026-10-02T13:27:54Z INFO [3256/5769] ca7c64df-98e6-4923-bb0a-681262ebb4b6: attributed to 001697; 0.0 s; peak memory 721 MiB.
2026-10-02T13:27:54Z INFO [3257/5769] ca7cfbb7-8d21-4465-a74d-f85de1db3b48: attributed to 001697; 0.0 s; peak memory 721 MiB.
2026-10-02T13:27:54Z INFO [3258/5769] ca8f91d6-b13c-4ba8-a1b6-73c5346bd9f4: attributed to 001697; 0.3 s; peak memory 721 MiB.
2026-10-02T13:27:55Z INFO [3259/5769] ca99d374-b738-42bb-ad00-7e58fa4af752: attributed to 001697; 0.3 s; peak memory 721 MiB.
2026-10-02T13:27:55Z INFO [3260/5769] caa0eeeb-0e74-4313-919e-ac6a20cc25bd: attributed to 001697; 0.3 s; peak memory 721 MiB.
2026-10-02T13:27:55Z INFO [3261/5769] caae6ab7-19a2-42e0-adb4-590a63063193: attributed to 001697; 0.3 s; peak memory 721 MiB.
2026-10-02T13:27:55Z INFO [3262/5769] cab0911c-1c96-4b72-8dd1-9742e49a134f: attributed to 000109; 0.0 s; peak memory 721 MiB.
2026-10-02T13:27:56Z INFO [3263/5769] cab3d631-e920-4a8f-9426-11ec7b1e17db: attributed to 001697; 0.3 s; peak memory 721 MiB.
2026-10-02T13:27:56Z INFO [3264/5769] cac89acb-2681-461d-b0ad-0a65ebad4b51: attributed to 000293; 0.0 s; peak memory 721 MiB.
2026-10-02T13:27:56Z INFO [3265/5769] cacc04ec-5176-4224-9657-67f20b1d5a49: attributed to 001697; 0.3 s; peak memory 721 MiB.
2026-10-02T13:27:56Z INFO [3266/5769] cace4824-0b89-4f79-b34e-94af4c749e0b: attributed to 000946; 0.1 s; peak memory 721 MiB.
2026-10-02T13:27:56Z INFO [3267/5769] cad29016-1548-4db0-b545-a77a10e7dc6e: attributed to 000946; 0.1 s; peak memory 721 MiB.
2026-10-02T13:27:56Z INFO [3268/5769] cadacb7a-a321-460b-9490-5986679c76e2: attributed to 001697; 0.0 s; peak memory 721 MiB.
2026-10-02T13:27:56Z INFO [3269/5769] cadebaa8-107f-43c5-9012-44895da52b8b: attributed to 001697; 0.3 s; peak memory 721 MiB.
2026-10-02T13:27:56Z INFO [3270/5769] cae04f74-f8fa-4372-b55c-5d2003892ceb: attributed to 000026; 0.1 s; peak memory 721 MiB.
2026-10-02T13:27:57Z INFO [3271/5769] cae0979b-86fb-41b9-a0ec-133a9e6feb21: attributed to 001697; 0.6 s; peak memory 721 MiB.
2026-10-02T13:27:57Z INFO [3272/5769] cae1ab47-68e5-4d84-8b70-4ab88edb316f: attributed to 001697; 0.0 s; peak memory 721 MiB.
2026-10-02T13:27:57Z INFO [3273/5769] caeb46cc-1281-4c9b-86b4-0a149cd696fc: attributed to 000570; 0.0 s; peak memory 721 MiB.
2026-10-02T13:27:57Z INFO [3274/5769] caecdee5-1421-4774-a845-2cb49ec56318: attributed to 001697; 0.3 s; peak memory 721 MiB.
2026-10-02T13:27:57Z INFO [3275/5769] caed2161-bc2d-4353-9f91-460f5f2ee461: attributed to 000026; 0.1 s; peak memory 721 MiB.
2026-10-02T13:27:57Z INFO [3276/5769] caf0247c-9ddc-41e4-b5ef-5b7dd899e8b8: attributed to 000403; 0.0 s; peak memory 721 MiB.
2026-10-02T13:27:58Z INFO [3277/5769] caf158bb-39a4-47ed-bcc7-581852a4a929: attributed to 001697; 0.3 s; peak memory 721 MiB.
2026-10-02T13:27:58Z INFO [3278/5769] caf46da3-30b7-43e0-94a4-bc3fa65c4248: attributed to 001697; 0.3 s; peak memory 721 MiB.
2026-10-02T13:27:58Z INFO [3279/5769] caf5ab66-2a7c-41ad-b009-23bdb5eccc97: attributed to 001697; 0.0 s; peak memory 721 MiB.
2026-10-02T13:27:58Z INFO [3280/5769] cb041d50-51df-4076-9084-aad3659e9f6c: attributed to 001697; 0.0 s; peak memory 721 MiB.
2026-10-02T13:27:59Z INFO [3281/5769] cb049101-2b3d-4296-9a16-5345f9b4212e: attributed to 001697; 0.7 s; peak memory 721 MiB.
2026-10-02T13:27:59Z INFO [3282/5769] cb05b643-5239-46b5-b283-fef61917161e: attributed to 000026; 0.1 s; peak memory 721 MiB.
2026-10-02T13:27:59Z INFO [3283/5769] cb097b49-774b-4739-81cb-1de4421fe118: attributed to 001697; 0.0 s; peak memory 721 MiB.
2026-10-02T13:27:59Z INFO [3284/5769] cb1054ad-1fa7-49da-b31b-4e3ef46a3f92: attributed to 000142; 0.0 s; peak memory 721 MiB.
2026-10-02T13:27:59Z INFO [3285/5769] cb19ce1a-701c-4c89-9d87-a4af11c4a607: attributed to 001697; 0.4 s; peak memory 721 MiB.
2026-10-02T13:27:59Z INFO [3286/5769] cb24efe9-d4d1-432e-8aad-b54b1b6f6480: attributed to 001697; 0.0 s; peak memory 721 MiB.
2026-10-02T13:27:59Z INFO [3287/5769] cb33ac25-4422-49cc-89d9-aa60dc0b5027: attributed to 001697; 0.0 s; peak memory 721 MiB.
2026-10-02T13:28:00Z INFO [3288/5769] cb358086-497f-4f4b-9954-7a724b13a620: attributed to 001697; 0.3 s; peak memory 721 MiB.
2026-10-02T13:28:00Z INFO [3289/5769] cb4043fe-af72-4218-91ba-7659eec850f6: attributed to 000026; 0.2 s; peak memory 721 MiB.
2026-10-02T13:28:00Z INFO [3290/5769] cb40e692-da87-48cd-a911-8547fd3f5231: attributed to 001697; 0.3 s; peak memory 721 MiB.
2026-10-02T13:28:00Z INFO [3291/5769] cb45d0ff-c26d-4244-95ce-56f45910bbc2: attributed to 000142; 0.0 s; peak memory 721 MiB.
2026-10-02T13:28:00Z INFO [3292/5769] cb4cec72-f7de-47e8-9d34-532c1d2a31e1: attributed to 001697; 0.3 s; peak memory 721 MiB.
2026-10-02T13:28:00Z INFO [3293/5769] cb54f833-c154-4a38-b3b8-37234e0086a9: attributed to 001372; 0.1 s; peak memory 721 MiB.
2026-10-02T13:28:01Z INFO [3294/5769] cb5f60cd-3fa5-43a3-bba0-4edb3d2d748f: attributed to 000026; 0.3 s; peak memory 721 MiB.
2026-10-02T13:28:01Z INFO [3295/5769] cb647b80-e5ab-48bf-a218-f15b698bb1a4: attributed to 000209; 0.0 s; peak memory 721 MiB.
2026-10-02T13:28:01Z INFO [3296/5769] cb674c2e-feff-4586-bcaf-7accd01ca991: attributed to 000571; 0.8 s; peak memory 721 MiB.
2026-10-02T13:28:01Z INFO [3297/5769] cb6ba573-7535-48e5-8f30-f6a778c15389: attributed to 001697; 0.0 s; peak memory 721 MiB.
2026-10-02T13:28:02Z INFO [3298/5769] cb6bf388-316d-48a2-8def-fa077a9e5c5d: attributed to 000026; 0.2 s; peak memory 721 MiB.
2026-10-02T13:28:02Z INFO [3299/5769] cb6e4bed-8126-4ce7-b28f-cf0ef20c41e1: attributed to 001697; 0.0 s; peak memory 721 MiB.
2026-10-02T13:28:02Z INFO [3300/5769] cb6eca7a-00db-43c4-a49a-111d413f67a6: attributed to 001697; 0.0 s; peak memory 721 MiB.
2026-10-02T13:28:03Z INFO [3300/5769] cb6eca7a-00db-43c4-a49a-111d413f67a6: checkpointed 506556 records.
2026-10-02T13:28:03Z INFO [3301/5769] cb6f3825-9a84-4511-89ec-023089345656: attributed to 001449; 0.1 s; peak memory 721 MiB.
2026-10-02T13:28:03Z INFO [3302/5769] cb7499fb-07a3-4a73-b7ee-0401c9958b94: attributed to 000570; 0.0 s; peak memory 721 MiB.
2026-10-02T13:28:03Z INFO [3303/5769] cb7a8fd9-2979-41a8-b75c-4f33814a9658: attributed to 000142; 0.0 s; peak memory 721 MiB.
2026-10-02T13:28:03Z INFO [3304/5769] cb7ec9c1-82ea-4fba-982f-a69c2cb7dc9a: attributed to 001697; 0.4 s; peak memory 721 MiB.
2026-10-02T13:28:03Z INFO [3305/5769] cb7f792f-a57a-42ba-b927-19a2e770ab3e: attributed to 000109; 0.0 s; peak memory 721 MiB.
2026-10-02T13:28:03Z INFO [3306/5769] cb854931-4b40-4b03-a785-47d090273d57: attributed to 001697; 0.4 s; peak memory 721 MiB.
2026-10-02T13:28:04Z INFO [3307/5769] cb92242c-ce4a-47d4-a1f5-eac3a41bef72: attributed to 001697; 0.4 s; peak memory 721 MiB.
2026-10-02T13:28:04Z INFO [3308/5769] cb926e24-71e2-47ce-ac68-c505f2435a5a: attributed to 000026; 0.1 s; peak memory 721 MiB.
2026-10-02T13:28:04Z INFO [3309/5769] cb9beeb2-4aa3-470c-9c08-54be07beaef7: attributed to 001697; 0.0 s; peak memory 721 MiB.
2026-10-02T13:28:04Z INFO [3310/5769] cba316aa-4c45-4d54-bc20-e169f6316df3: attributed to 001697; 0.0 s; peak memory 721 MiB.
2026-10-02T13:28:04Z INFO [3311/5769] cba95ca5-15c9-4f2a-bb2a-6c86603a36ee: attributed to 000403; 0.0 s; peak memory 721 MiB.
2026-10-02T13:28:04Z INFO [3312/5769] cbaa069b-bf77-47a1-a887-ecc60383791d: attributed to 000026; 0.1 s; peak memory 721 MiB.
2026-10-02T13:28:04Z INFO [3313/5769] cbab1256-4bbc-47bf-af5e-baf116917c28: attributed to 001697; 0.0 s; peak memory 721 MiB.
2026-10-02T13:28:04Z INFO [3314/5769] cbaea306-30d0-4708-b30f-16e5a66628d5: attributed to 001697; 0.0 s; peak memory 721 MiB.
2026-10-02T13:28:04Z INFO [3315/5769] cbb68ecd-dd2b-4e89-b6ad-fdff2fa1d63f: attributed to 000946; 0.1 s; peak memory 721 MiB.
2026-10-02T13:28:04Z INFO [3316/5769] cbbe26b0-abd3-4e80-a491-220818a467fc: attributed to 001697; 0.3 s; peak memory 721 MiB.
2026-10-02T13:28:05Z INFO [3317/5769] cbbe3080-9568-429a-a3d6-230bdf92f937: attributed to 001697; 0.3 s; peak memory 721 MiB.
2026-10-02T13:28:05Z INFO [3318/5769] cbc5fde3-0998-46f3-9b07-a3d120a4f5d8: attributed to 001858; 0.0 s; peak memory 721 MiB.
2026-10-02T13:28:05Z INFO [3319/5769] cbd66efe-cee3-4f1a-83b2-a226b5e82099: attributed to 001697; 0.0 s; peak memory 721 MiB.
2026-10-02T13:28:05Z INFO [3320/5769] cbda957f-709e-414f-aa96-e517c87111bb: attributed to 001697; 0.3 s; peak memory 721 MiB.
2026-10-02T13:28:05Z INFO [3321/5769] cbe4487e-f5d6-40ab-b6d1-7a6155378f94: attributed to 000946; 0.1 s; peak memory 721 MiB.
2026-10-02T13:28:05Z INFO [3322/5769] cbe8398e-05a3-42c9-92f0-7d6bc88438cf: attributed to 001697; 0.3 s; peak memory 721 MiB.
2026-10-02T13:28:06Z INFO [3323/5769] cbee7fac-98a3-4a64-9057-9f3e877f3521: attributed to 000946; 0.1 s; peak memory 721 MiB.
2026-10-02T13:28:06Z INFO [3324/5769] cbf3323b-396a-43af-94a0-17d7d76acc61: attributed to 001697; 0.3 s; peak memory 721 MiB.
2026-10-02T13:28:06Z INFO [3325/5769] cbf37a11-8684-4bf8-baae-1e10a53a8e12: attributed to 001697; 0.3 s; peak memory 721 MiB.
2026-10-02T13:28:06Z INFO [3326/5769] cc00ba0f-f637-4a48-860e-d62abb7416b2: attributed to 001697; 0.0 s; peak memory 721 MiB.
2026-10-02T13:28:06Z INFO [3327/5769] cc132e27-1f9c-4014-b4d9-b5c01b3644f4: attributed to 001697; 0.0 s; peak memory 721 MiB.
2026-10-02T13:28:06Z INFO [3328/5769] cc1385ee-e771-4645-bcc0-60272927013c: attributed to 001697; 0.3 s; peak memory 721 MiB.
2026-10-02T13:28:06Z INFO [3329/5769] cc171e3b-b231-41e0-9577-082a6316f51f: attributed to 000142; 0.0 s; peak memory 721 MiB.
2026-10-02T13:28:07Z INFO [3330/5769] cc23bb5e-85b7-462b-9d12-0867283eb169: attributed to 001697; 0.6 s; peak memory 721 MiB.
2026-10-02T13:28:07Z INFO [3331/5769] cc31f53d-0200-40b8-9dfc-bb790a4e5275: attributed to 001697; 0.3 s; peak memory 721 MiB.
2026-10-02T13:28:07Z INFO [3332/5769] cc375a99-73ff-408d-85ed-a7ecb5819721: attributed to 000946; 0.1 s; peak memory 721 MiB.
2026-10-02T13:28:08Z INFO [3333/5769] cc3efc71-8f11-49d8-b617-8540dfee42a8: attributed to 001063; 0.1 s; peak memory 721 MiB.
2026-10-02T13:28:08Z INFO [3334/5769] cc400601-512d-4903-a50b-7b00506585ff: attributed to 000026; 0.1 s; peak memory 721 MiB.
2026-10-02T13:28:08Z INFO [3335/5769] cc40700d-831d-4a0d-89bd-b110aea2294d: attributed to 001697; 0.3 s; peak memory 721 MiB.
2026-10-02T13:28:08Z INFO [3336/5769] cc495743-bceb-4d61-a052-103947ec55d3: attributed to 000570; 0.0 s; peak memory 721 MiB.
2026-10-02T13:28:08Z INFO [3337/5769] cc4d010d-9d24-41d4-a7c8-b9f80502e7e5: attributed to 000026; 0.1 s; peak memory 721 MiB.
2026-10-02T13:28:08Z INFO [3338/5769] cc4e0f07-1b4d-474c-aea1-19d2475ad650: attributed to 000109; 0.0 s; peak memory 721 MiB.
2026-10-02T13:28:08Z INFO [3339/5769] cc564a78-cc36-4f5e-b877-6bfdca398e42: attributed to 001697; 0.0 s; peak memory 721 MiB.
2026-10-02T13:28:12Z INFO [3340/5769] cc59b832-0e7c-42a6-9156-554f0d0d3f39: attributed to 001353; 3.8 s; peak memory 721 MiB.
2026-10-02T13:28:13Z INFO [3341/5769] cc5ce7e7-c0d9-44ad-8d1b-e2b368ba1b24: attributed to 001873; 1.0 s; peak memory 721 MiB.
2026-10-02T13:28:13Z INFO [3342/5769] cc5d3f06-711a-4da0-95c0-b870d86b7a20: attributed to 001873; 0.4 s; peak memory 721 MiB.
2026-10-02T13:28:14Z INFO [3343/5769] cc5f9293-ce9f-4652-86d0-58ddfcd8a4a1: attributed to 001697; 0.3 s; peak memory 721 MiB.
2026-10-02T13:28:14Z INFO [3344/5769] cc66f13a-fac3-49fa-9396-4a5895026da6: attributed to 001697; 0.0 s; peak memory 721 MiB.
2026-10-02T13:28:14Z INFO [3345/5769] cc7679e6-7a88-4e72-aa60-46560fb02d32: attributed to 001697; 0.3 s; peak memory 721 MiB.
2026-10-02T13:28:14Z INFO [3346/5769] cc835575-30ea-487e-89f2-e2542edd0bba: attributed to 001697; 0.3 s; peak memory 721 MiB.
2026-10-02T13:28:14Z INFO [3347/5769] cc8c6461-21ec-46a2-b295-427c300e7f83: attributed to 001697; 0.0 s; peak memory 721 MiB.
2026-10-02T13:28:14Z INFO [3348/5769] cc8fa6ad-f967-4473-ab08-2cbf5fc0e457: attributed to 001697; 0.0 s; peak memory 721 MiB.
2026-10-02T13:28:14Z INFO [3349/5769] cc917c88-345a-4869-8802-0f7a201d2853: attributed to 001697; 0.0 s; peak memory 721 MiB.
2026-10-02T13:28:14Z INFO [3350/5769] cc9199b0-594c-46ee-b24d-e5cca6773244: attributed to 000109; 0.0 s; peak memory 721 MiB.
2026-10-02T13:28:15Z INFO [3350/5769] cc9199b0-594c-46ee-b24d-e5cca6773244: checkpointed 506556 records.
2026-10-02T13:28:15Z INFO [3351/5769] cca185f6-5de3-43e7-84f5-4ed9c416af19: attributed to 000026; 0.2 s; peak memory 721 MiB.
2026-10-02T13:28:16Z INFO [3352/5769] cca197de-33e1-4157-8deb-1611954e763e: attributed to 001697; 0.3 s; peak memory 721 MiB.
2026-10-02T13:28:16Z INFO [3353/5769] cca5c850-c9b5-43ce-a6e1-e5a7a3572d61: attributed to 000026; 0.1 s; peak memory 721 MiB.
2026-10-02T13:28:16Z INFO [3354/5769] ccab3cd9-02fd-4a24-9bc2-12aa207f3c76: attributed to 001697; 0.3 s; peak memory 721 MiB.
2026-10-02T13:28:16Z INFO [3355/5769] ccaba3e3-c18f-45ad-8b0b-fcc976aafd9b: attributed to 000026; 0.1 s; peak memory 721 MiB.
2026-10-02T13:28:17Z INFO [3356/5769] ccae1ff1-ee72-4e7a-8e24-17e94293b860: attributed to 001697; 0.3 s; peak memory 721 MiB.
2026-10-02T13:28:17Z INFO [3357/5769] ccc2b102-6679-4478-b90e-389db58e0ad8: attributed to 001697; 0.3 s; peak memory 721 MiB.
2026-10-02T13:28:17Z INFO [3358/5769] cccd847e-cd7d-4c1b-b10c-b26614800252: attributed to 000026; 0.2 s; peak memory 721 MiB.
2026-10-02T13:28:17Z INFO [3359/5769] ccd23bb1-4726-42ac-8fc9-2bc036174124: attributed to 000026; 0.1 s; peak memory 721 MiB.
2026-10-02T13:28:17Z INFO [3360/5769] ccd3137b-daf5-488c-89be-be3ad1b9663f: attributed to 000946; 0.1 s; peak memory 721 MiB.
2026-10-02T13:28:18Z INFO [3361/5769] ccec99a0-7f78-4419-8275-4b573fa9b714: attributed to 001697; 0.3 s; peak memory 721 MiB.
2026-10-02T13:28:18Z INFO [3362/5769] cced762a-8d99-4972-a231-2ba69c9f8ab7: attributed to 000293; 0.0 s; peak memory 721 MiB.
2026-10-02T13:28:18Z INFO [3363/5769] ccedc0c0-8b3e-4bcc-a40e-4b36608e81a0: attributed to 001697; 0.3 s; peak memory 721 MiB.
2026-10-02T13:28:18Z INFO [3364/5769] ccedd482-8a03-47a3-810d-94cf2068688f: attributed to 000946; 0.1 s; peak memory 721 MiB.
2026-10-02T13:28:18Z INFO [3365/5769] ccf01080-7d80-4030-b56c-e67ef1d65fb4: attributed to 001697; 0.3 s; peak memory 721 MiB.
2026-10-02T13:28:18Z INFO [3366/5769] ccf8ddaa-9af3-4e62-8bf9-d647bfcca7f2: attributed to 000026; 0.1 s; peak memory 721 MiB.
2026-10-02T13:28:18Z INFO [3367/5769] ccfe1c04-c76c-49e2-b991-cf9a89e1bbf1: attributed to 001697; 0.0 s; peak memory 721 MiB.
2026-10-02T13:28:18Z INFO [3368/5769] cd0236fd-b9e2-4d1f-986a-086506382f01: attributed to 000026; 0.1 s; peak memory 721 MiB.
2026-10-02T13:28:19Z INFO [3369/5769] cd05adb7-0115-43e0-bb4d-af3ed7e4e530: attributed to 001697; 0.3 s; peak memory 721 MiB.
2026-10-02T13:28:19Z INFO [3370/5769] cd06acd0-8085-42ff-bafe-ab7636eb4ea4: attributed to 000026; 0.1 s; peak memory 721 MiB.
2026-10-02T13:28:23Z INFO [3371/5769] cd090e21-4a4e-431d-b2e5-739df56952e9: attributed to 000571; 3.9 s; peak memory 721 MiB.
2026-10-02T13:28:23Z INFO [3372/5769] cd10773e-dbd1-4602-b00a-1647c7557235: attributed to 001697; 0.0 s; peak memory 721 MiB.
2026-10-02T13:28:23Z INFO [3373/5769] cd10f54d-8422-4741-9093-970a913a8d05: attributed to 001452; 0.1 s; peak memory 721 MiB.
2026-10-02T13:28:23Z INFO [3374/5769] cd1824fb-f252-4a58-9e1f-58a3ac3702bd: attributed to 001697; 0.3 s; peak memory 721 MiB.
2026-10-02T13:28:23Z INFO [3375/5769] cd2af6a2-7142-47dd-834a-2b27dc664200: attributed to 001697; 0.0 s; peak memory 721 MiB.
2026-10-02T13:28:24Z INFO [3376/5769] cd2e5c27-75d8-4b08-8f13-ad70a5c8ee52: attributed to 001697; 1.0 s; peak memory 721 MiB.
2026-10-02T13:28:24Z INFO [3377/5769] cd35553a-2e5f-4d0e-9e37-573f28f7c7ef: attributed to 000142; 0.0 s; peak memory 721 MiB.
2026-10-02T13:28:24Z INFO [3378/5769] cd38ab11-fbae-47e7-ace9-a4ad0b118f97: attributed to 001697; 0.3 s; peak memory 721 MiB.
2026-10-02T13:28:24Z INFO [3379/5769] cd53f426-15cf-4ece-9e1b-99f35f3c9e87: attributed to 001697; 0.0 s; peak memory 721 MiB.
2026-10-02T13:28:25Z INFO [3380/5769] cd556cd8-01f9-4dec-8bef-a24a4240443e: attributed to 000946; 0.1 s; peak memory 721 MiB.
2026-10-02T13:28:25Z INFO [3381/5769] cd57afe1-b75b-47f8-8b32-515f96e6e431: attributed to 001697; 0.0 s; peak memory 721 MiB.
2026-10-02T13:28:25Z INFO [3382/5769] cd592f71-3eb5-4deb-8fdb-f571e24ce942: attributed to 001697; 0.0 s; peak memory 721 MiB.
2026-10-02T13:28:25Z INFO [3383/5769] cd5c2b1c-6580-4ad2-b164-64181351c906: attributed to 001873; 0.4 s; peak memory 721 MiB.
2026-10-02T13:28:25Z INFO [3384/5769] cd651298-660b-4908-a64b-63cd1a7e0658: attributed to 001697; 0.0 s; peak memory 721 MiB.
2026-10-02T13:28:25Z INFO [3385/5769] cd6955fe-0eb8-45cf-854a-1cc97a1165a9: attributed to 001697; 0.3 s; peak memory 721 MiB.
2026-10-02T13:28:26Z INFO [3386/5769] cd69efe7-9f6e-4e34-8ec9-f901c6673998: attributed to 001697; 0.3 s; peak memory 721 MiB.
2026-10-02T13:28:26Z INFO [3387/5769] cd6f7a9a-25ad-49b9-97a6-7e37543fbb5e: attributed to 000026; 0.1 s; peak memory 721 MiB.
2026-10-02T13:28:26Z INFO [3388/5769] cd738638-2510-4004-8516-bb2262e1f313: attributed to 001258; 0.0 s; peak memory 721 MiB.
2026-10-02T13:28:26Z INFO [3389/5769] cd7cadc5-d008-4907-aafc-2a351ccc1a0d: attributed to 001697; 0.5 s; peak memory 721 MiB.
2026-10-02T13:28:27Z INFO [3390/5769] cd842399-e769-420b-b6d1-635d365cf515: attributed to 001697; 0.5 s; peak memory 721 MiB.
2026-10-02T13:28:28Z INFO [3391/5769] cd897050-fa32-433e-8816-88dd9a7fbb7d: attributed to 001697; 1.5 s; peak memory 721 MiB.
2026-10-02T13:28:28Z INFO [3392/5769] cd8e60e0-2cb6-4d83-8d57-66dabd1da86c: attributed to 001697; 0.0 s; peak memory 721 MiB.
2026-10-02T13:28:28Z INFO [3393/5769] cd90b64b-f6aa-4e23-9cae-ad54f3a1d1fc: attributed to 000142; 0.0 s; peak memory 721 MiB.
2026-10-02T13:28:28Z INFO [3394/5769] cd90b969-ed94-42bd-904a-1d3e2212e576: attributed to 001697; 0.0 s; peak memory 721 MiB.
2026-10-02T13:28:28Z INFO [3395/5769] cd91879f-e962-4eeb-bde3-c122d850b38e: attributed to 000109; 0.0 s; peak memory 721 MiB.
2026-10-02T13:28:28Z INFO [3396/5769] cd9d5e0e-ad29-4238-a48b-f15ec271bdaa: attributed to 000026; 0.1 s; peak memory 721 MiB.
2026-10-02T13:28:28Z INFO [3397/5769] cda2b8f8-2149-4b0c-b2ad-a381d65151b5: attributed to 001258; 0.0 s; peak memory 721 MiB.
2026-10-02T13:28:28Z INFO [3398/5769] cda3e312-0156-42ea-9c21-8f08a39b3c17: attributed to 001697; 0.0 s; peak memory 721 MiB.
2026-10-02T13:28:28Z INFO [3399/5769] cda8c10a-02dc-4a6e-b262-7a01fdcc6174: attributed to 001449; 0.1 s; peak memory 721 MiB.
2026-10-02T13:28:29Z INFO [3400/5769] cdaefdf9-a197-4d8e-a5f1-8647be2da92b: attributed to 001697; 0.4 s; peak memory 721 MiB.
2026-10-02T13:28:30Z INFO [3400/5769] cdaefdf9-a197-4d8e-a5f1-8647be2da92b: checkpointed 506557 records.
2026-10-02T13:28:30Z INFO [3401/5769] cdb874d3-f61e-4e84-a13e-16ce33f99fe2: attributed to 001697; 0.3 s; peak memory 721 MiB.
2026-10-02T13:28:31Z INFO [3402/5769] cdb8fa24-9e09-4241-b10c-8ca445f6abc6: attributed to 001697; 0.9 s; peak memory 721 MiB.
2026-10-02T13:28:31Z INFO [3403/5769] cdbb3b73-4ee3-4d30-ae95-38ec0ee208cc: attributed to 001697; 0.4 s; peak memory 721 MiB.
2026-10-02T13:28:32Z INFO [3404/5769] cdbe801e-4dfb-486a-a090-cc160191c196: attributed to 001697; 0.3 s; peak memory 721 MiB.
2026-10-02T13:28:32Z INFO [3405/5769] cdc2b3e0-3004-4eb0-852e-62f385695a6d: attributed to 001697; 0.0 s; peak memory 721 MiB.
2026-10-02T13:28:32Z INFO [3406/5769] cdd3d37c-6cb7-4bd8-8a1a-16595dc8cdc6: attributed to 001697; 0.0 s; peak memory 721 MiB.
2026-10-02T13:28:32Z INFO [3407/5769] cdd6ef8a-22a2-4bd9-b744-a45029cd278e: attributed to 001697; 0.0 s; peak memory 721 MiB.
2026-10-02T13:28:32Z INFO [3408/5769] cdd7d7f2-7ac4-4523-a4b3-db18e836b350: attributed to 001697; 0.0 s; peak memory 721 MiB.
2026-10-02T13:28:32Z INFO [3409/5769] cddb9f21-44cf-4ed4-819b-8c7efa4b2f0c: attributed to 001697; 0.0 s; peak memory 721 MiB.
2026-10-02T13:28:32Z INFO [3410/5769] cdf12389-4428-49e5-8316-8c686302aec7: attributed to 001697; 0.3 s; peak memory 721 MiB.
2026-10-02T13:28:32Z INFO [3411/5769] cdf2323a-6803-4ddf-bbec-eb2ef6a4a77f: attributed to 000026; 0.1 s; peak memory 721 MiB.
2026-10-02T13:28:32Z INFO [3412/5769] cdfa829a-7d92-4155-bcd3-188b61ed5f11: attributed to 001697; 0.0 s; peak memory 721 MiB.
2026-10-02T13:28:32Z INFO [3413/5769] ce029f8d-60d0-4f68-aa4f-b4eb5821948a: attributed to 001697; 0.0 s; peak memory 721 MiB.
2026-10-02T13:28:32Z INFO [3414/5769] ce1463f3-36d1-4ce5-b0c9-c8572d31d9ad: attributed to 001697; 0.3 s; peak memory 721 MiB.
2026-10-02T13:28:33Z INFO [3415/5769] ce2054d5-00a9-4854-8b59-1de19d001a9c: attributed to 001063; 0.1 s; peak memory 721 MiB.
2026-10-02T13:28:33Z INFO [3416/5769] ce23a1b8-7b49-44c2-b79c-cf29e3f87109: attributed to 001697; 0.6 s; peak memory 721 MiB.
2026-10-02T13:28:33Z INFO [3417/5769] ce275e55-7570-4704-a5cf-5ef3cb0cae30: attributed to 000026; 0.1 s; peak memory 721 MiB.
2026-10-02T13:28:33Z INFO [3418/5769] ce2c266c-c063-401c-b335-fd7ac8274cbc: attributed to 000026; 0.1 s; peak memory 721 MiB.
2026-10-02T13:28:33Z INFO [3419/5769] ce2d3f43-7725-4ea6-9f09-6af5547ef533: attributed to 000408; 0.0 s; peak memory 721 MiB.
2026-10-02T13:28:33Z INFO [3420/5769] ce2ec11e-9bbd-417c-89fc-24e31f41f724: attributed to 000026; 0.1 s; peak memory 721 MiB.
2026-10-02T13:28:33Z INFO [3421/5769] ce31d98f-870d-4da1-92d7-621935b65c67: attributed to 000946; 0.1 s; peak memory 721 MiB.
2026-10-02T13:28:34Z INFO [3422/5769] ce336f4b-e05e-407d-8558-4d2887ecd332: attributed to 001449; 0.1 s; peak memory 721 MiB.
2026-10-02T13:28:34Z INFO [3423/5769] ce3c1865-9fcf-4104-86b3-c07a9680dde5: attributed to 001697; 0.3 s; peak memory 721 MiB.
2026-10-02T13:28:34Z INFO [3424/5769] ce438c5b-57d0-4a00-bda9-4d65036c0509: attributed to 000570; 0.0 s; peak memory 721 MiB.
2026-10-02T13:28:34Z INFO [3425/5769] ce467171-b19f-48e2-83aa-fabadafa9f46: attributed to 001697; 0.0 s; peak memory 721 MiB.
2026-10-02T13:28:34Z INFO [3426/5769] ce59d328-e2d0-43e3-8cbe-9cb3da601596: attributed to 001697; 0.3 s; peak memory 721 MiB.
2026-10-02T13:28:35Z INFO [3427/5769] ce5ae84f-46e9-4875-9048-652ff10cce92: attributed to 001697; 0.3 s; peak memory 721 MiB.
2026-10-02T13:28:35Z INFO [3428/5769] ce5c7585-37cd-4aeb-8707-859a88e22ac0: attributed to 001697; 0.0 s; peak memory 721 MiB.
2026-10-02T13:28:35Z INFO [3429/5769] ce6a27ed-8c09-4895-83f7-2ad3dfbc37d8: attributed to 000570; 0.0 s; peak memory 721 MiB.
2026-10-02T13:28:35Z INFO [3430/5769] ce6c3401-faef-412b-b025-1a9d8c81ed4f: attributed to 000570; 0.0 s; peak memory 721 MiB.
2026-10-02T13:28:35Z INFO [3431/5769] ce6f8860-5ddd-476d-b414-b05f7ecc46ab: attributed to 001697; 0.3 s; peak memory 721 MiB.
2026-10-02T13:28:35Z INFO [3432/5769] ce6f8d50-129d-4518-8d71-0ef89e7a62ac: attributed to 001697; 0.3 s; peak memory 721 MiB.
2026-10-02T13:28:35Z INFO [3433/5769] ce7c2cad-0ae2-4141-be1e-79ce0f3992b7: attributed to 001697; 0.3 s; peak memory 721 MiB.
2026-10-02T13:28:36Z INFO [3434/5769] ce81f8c5-4cb2-492f-9088-89ad415984a7: attributed to 001449; 0.1 s; peak memory 721 MiB.
2026-10-02T13:28:36Z INFO [3435/5769] ce82cc34-e633-4c7d-9b6d-462093a66f28: attributed to 001449; 0.1 s; peak memory 721 MiB.
2026-10-02T13:28:36Z INFO [3436/5769] ce859d07-1e7d-4c35-97ef-270d17410b2c: attributed to 001697; 0.5 s; peak memory 721 MiB.
2026-10-02T13:28:37Z INFO [3437/5769] ce89f0be-bcc7-48a6-8c9e-41409e6c62d0: attributed to 001697; 0.4 s; peak memory 721 MiB.
2026-10-02T13:28:37Z INFO [3438/5769] ce95592d-5f90-44b1-8a32-fbe1d722414c: attributed to 001697; 0.3 s; peak memory 721 MiB.
2026-10-02T13:28:37Z INFO [3439/5769] ce958aff-9ef2-4248-84d0-0513b1f1d88b: attributed to 001697; 0.0 s; peak memory 721 MiB.
2026-10-02T13:28:37Z INFO [3440/5769] ce96c7d0-01da-48da-b971-914c337de44f: attributed to 001697; 0.3 s; peak memory 721 MiB.
2026-10-02T13:28:37Z INFO [3441/5769] cec0b13b-ecd5-4241-a487-a97a6018e10c: attributed to 000403; 0.0 s; peak memory 721 MiB.
2026-10-02T13:28:37Z INFO [3442/5769] cec175c3-4d94-4642-8ba4-addb7d38edff: attributed to 000026; 0.1 s; peak memory 721 MiB.
2026-10-02T13:28:37Z INFO [3443/5769] cec5a411-e072-4dfd-b7ce-41887ca52909: attributed to 001697; 0.0 s; peak memory 721 MiB.
2026-10-02T13:28:38Z INFO [3444/5769] ced488c5-257f-4e27-b6d7-f4ae1bb925be: attributed to 001697; 0.3 s; peak memory 721 MiB.
2026-10-02T13:28:38Z INFO [3445/5769] ced5341a-7847-43dd-9553-f58fd52b1906: attributed to 000026; 0.1 s; peak memory 721 MiB.
2026-10-02T13:28:38Z INFO [3446/5769] cedfc408-8f94-4c41-8d31-a4265ce92996: attributed to 001697; 0.0 s; peak memory 721 MiB.
2026-10-02T13:28:38Z INFO [3447/5769] cee3c075-dbf3-4521-b44e-7c45496c14bc: attributed to 001697; 0.4 s; peak memory 721 MiB.
2026-10-02T13:28:38Z INFO [3448/5769] cee61164-64dd-487f-bf7d-a068a6bfd974: attributed to 001697; 0.0 s; peak memory 721 MiB.
2026-10-02T13:28:39Z INFO [3449/5769] cee6b828-41c4-43ee-aba2-b91ac1ca7f75: attributed to 001697; 0.5 s; peak memory 721 MiB.
2026-10-02T13:28:39Z INFO [3450/5769] cee6d6aa-5ceb-4201-b27f-57910d67dcae: attributed to 000142; 0.0 s; peak memory 721 MiB.
2026-10-02T13:28:40Z INFO [3450/5769] cee6d6aa-5ceb-4201-b27f-57910d67dcae: checkpointed 506557 records.
2026-10-02T13:28:40Z INFO [3451/5769] ceeb37e4-0491-4ffa-9830-60de7a32fcb5: attributed to 001449; 0.1 s; peak memory 721 MiB.
2026-10-02T13:28:40Z INFO [3452/5769] cefae90d-4721-42e9-8689-42b0b351ba63: attributed to 001697; 0.3 s; peak memory 721 MiB.
2026-10-02T13:28:40Z INFO [3453/5769] ceff71d0-80f9-4373-a430-15f96f69145b: attributed to 001697; 0.3 s; peak memory 721 MiB.
2026-10-02T13:28:40Z INFO [3454/5769] cf05267e-e713-4036-813b-b23920f2204e: attributed to 000142; 0.0 s; peak memory 721 MiB.
2026-10-02T13:28:41Z INFO [3455/5769] cf0b48c4-e569-4cdf-9f1c-de28fa0e3aec: attributed to 001697; 0.3 s; peak memory 721 MiB.
2026-10-02T13:28:41Z INFO [3456/5769] cf0d8e9a-ef22-49f4-9b4c-9613a85b35be: attributed to 001791; 0.1 s; peak memory 721 MiB.
2026-10-02T13:28:41Z INFO [3457/5769] cf225c8a-6b6c-408c-ab7a-08b53f638969: attributed to 001697; 0.3 s; peak memory 721 MiB.
2026-10-02T13:28:41Z INFO [3458/5769] cf22b31b-3147-4ac2-a4a6-5651574d66b4: attributed to 001697; 0.3 s; peak memory 721 MiB.
2026-10-02T13:28:41Z INFO [3459/5769] cf27422f-174e-45c2-8a13-b26cfd1d8fe3: attributed to 000026; 0.1 s; peak memory 721 MiB.
2026-10-02T13:28:42Z INFO [3460/5769] cf27a227-6130-4f4e-894f-72348e4896df: attributed to 000026; 0.1 s; peak memory 721 MiB.
2026-10-02T13:28:42Z INFO [3461/5769] cf2845b8-8629-4bc0-b78b-53e7fe5b99bf: attributed to 000026; 0.5 s; peak memory 721 MiB.
2026-10-02T13:28:42Z INFO [3462/5769] cf2f793d-56bf-4d82-a0d3-c8239a7d11ff: attributed to 001697; 0.0 s; peak memory 721 MiB.
2026-10-02T13:28:42Z INFO [3463/5769] cf35b0e0-109a-41bd-b2ca-211e208a73ff: attributed to 001697; 0.3 s; peak memory 721 MiB.
2026-10-02T13:28:43Z INFO [3464/5769] cf376456-fb98-42da-a973-33c50423f9c0: attributed to 001697; 0.3 s; peak memory 721 MiB.
2026-10-02T13:28:43Z INFO [3465/5769] cf37a288-4b91-4971-8996-28a81c32ecd9: attributed to 000026; 0.1 s; peak memory 721 MiB.
2026-10-02T13:28:43Z INFO [3466/5769] cf42f686-8ead-49b9-bdc7-06065b3406f5: attributed to 000209; 0.0 s; peak memory 721 MiB.
2026-10-02T13:28:43Z INFO [3467/5769] cf4483ce-6bbd-4e04-ae3e-325e2105e1d0: attributed to 000946; 0.1 s; peak memory 721 MiB.
2026-10-02T13:28:43Z INFO [3468/5769] cf449793-25c7-4015-bfbc-ff43899d863c: attributed to 001697; 0.0 s; peak memory 721 MiB.
2026-10-02T13:28:43Z INFO [3469/5769] cf535638-e6da-49ec-9d07-16280023ddbf: attributed to 000026; 0.1 s; peak memory 721 MiB.
2026-10-02T13:28:43Z INFO [3470/5769] cf5456f4-a2c5-4198-a361-4c6a7d2cad11: attributed to 001697; 0.3 s; peak memory 721 MiB.
2026-10-02T13:28:43Z INFO [3471/5769] cf5cfca4-c7c2-4840-8326-b0534a7eb72e: attributed to 000026; 0.1 s; peak memory 721 MiB.
2026-10-02T13:28:44Z INFO [3472/5769] cf5f308c-ba96-45db-ae3a-6d1850a4276c: attributed to 001697; 0.3 s; peak memory 721 MiB.
2026-10-02T13:28:44Z INFO [3473/5769] cf608021-d612-4362-8f7f-3d4013e3cfba: attributed to 000026; 0.1 s; peak memory 721 MiB.
2026-10-02T13:28:44Z INFO [3474/5769] cf65744d-65ad-44a0-b9f0-cfba39474349: attributed to 000026; 0.1 s; peak memory 721 MiB.
2026-10-02T13:28:44Z INFO [3475/5769] cf70dbec-7bf7-45e7-b98e-e4337762c32b: attributed to 001873; 0.4 s; peak memory 721 MiB.
2026-10-02T13:28:44Z INFO [3476/5769] cf774db7-85b5-4e94-9318-f8a6cef448c8: attributed to 001697; 0.0 s; peak memory 721 MiB.
2026-10-02T13:28:44Z INFO [3477/5769] cf77a4e9-9209-46e4-8e55-24eedaef24d1: attributed to 000570; 0.0 s; peak memory 721 MiB.
2026-10-02T13:28:44Z INFO [3478/5769] cf8761fe-917d-4688-a258-d922b8754e18: attributed to 001697; 0.0 s; peak memory 721 MiB.
2026-10-02T13:28:44Z INFO [3479/5769] cf9063a4-2fc9-4037-8113-80c5ea74ae41: attributed to 001697; 0.0 s; peak memory 721 MiB.
2026-10-02T13:28:44Z INFO [3480/5769] cf968872-0096-4aff-9092-a0f9ff8268ab: attributed to 001697; 0.0 s; peak memory 721 MiB.
2026-10-02T13:28:44Z INFO [3481/5769] cfa052d8-8bdb-4c52-8ea4-86466430bb97: attributed to 001697; 0.3 s; peak memory 721 MiB.
2026-10-02T13:28:45Z INFO [3482/5769] cfa6244e-0ae1-46ee-b025-e9d671a43ed8: attributed to 000946; 0.1 s; peak memory 721 MiB.
2026-10-02T13:28:45Z INFO [3483/5769] cfa77741-ed17-47c1-96aa-46c28fb483ef: attributed to 001452; 0.1 s; peak memory 721 MiB.
2026-10-02T13:28:45Z INFO [3484/5769] cfb60f18-751b-4be3-9630-328d5fdd8cac: attributed to 001697; 0.0 s; peak memory 721 MiB.
2026-10-02T13:28:45Z INFO [3485/5769] cfbe2a90-0039-4670-9ed8-4b84421b560f: attributed to 001697; 0.0 s; peak memory 721 MiB.
2026-10-02T13:28:45Z INFO [3486/5769] cfc0ba6a-8768-47b8-aec0-e7a0923da689: attributed to 001697; 0.3 s; peak memory 721 MiB.
2026-10-02T13:28:45Z INFO [3487/5769] cfc1c80a-86b7-4382-bf8a-6590901e5b1b: attributed to 000026; 0.1 s; peak memory 721 MiB.
2026-10-02T13:28:45Z INFO [3488/5769] cfc88dd5-be38-43d1-86ea-673d8274dcad: attributed to 000026; 0.1 s; peak memory 721 MiB.
2026-10-02T13:28:45Z INFO [3489/5769] cfca52f5-2164-4d74-b744-3839001e0f8c: attributed to 000026; 0.1 s; peak memory 721 MiB.
2026-10-02T13:28:45Z INFO [3490/5769] cfcbc669-8720-43b7-bb01-f01b17cfac5c: attributed to 000026; 0.1 s; peak memory 721 MiB.
2026-10-02T13:28:46Z INFO [3491/5769] cfdd704c-04aa-4a7b-9035-d3c348a0bf3f: attributed to 000026; 0.1 s; peak memory 721 MiB.
2026-10-02T13:28:46Z INFO [3492/5769] cfdda76a-65b7-4757-b920-7fd4d9717a04: attributed to 001697; 0.0 s; peak memory 721 MiB.
2026-10-02T13:28:46Z INFO [3493/5769] cfe22fc7-3446-41ee-925f-508001ffd1da: attributed to 000221; 0.2 s; peak memory 721 MiB.
2026-10-02T13:28:46Z INFO [3494/5769] cfe2c5e7-9100-4ca2-bf04-8d57351a08ac: attributed to 001697; 0.3 s; peak memory 721 MiB.
2026-10-02T13:28:46Z INFO [3495/5769] cfe43a84-0939-4c41-bbe0-7f2ad57d8900: attributed to 001697; 0.0 s; peak memory 721 MiB.
2026-10-02T13:28:46Z INFO [3496/5769] cfe4af0f-df68-4d0f-a39e-0e04696ef635: attributed to 000026; 0.1 s; peak memory 721 MiB.
2026-10-02T13:28:46Z INFO [3497/5769] cfe7048e-a046-419f-83f6-2eca5eb732f1: attributed to 000946; 0.1 s; peak memory 721 MiB.
2026-10-02T13:28:46Z INFO [3498/5769] cff3e744-28c1-4d81-b4c3-85a5c0eb8749: attributed to 001697; 0.0 s; peak memory 721 MiB.
2026-10-02T13:28:46Z INFO [3499/5769] cff555c2-a3ec-4c88-8ea2-493efcffca76: attributed to 001697; 0.0 s; peak memory 721 MiB.
2026-10-02T13:28:46Z INFO [3500/5769] cff95610-8e69-4e58-b03d-78799c590f38: attributed to 001873; 0.3 s; peak memory 721 MiB.
2026-10-02T13:28:47Z INFO [3500/5769] cff95610-8e69-4e58-b03d-78799c590f38: checkpointed 506557 records.
2026-10-02T13:28:48Z INFO [3501/5769] cffee89a-3b7f-4eab-9bad-53857eda5630: attributed to 001697; 0.3 s; peak memory 721 MiB.
2026-10-02T13:28:48Z INFO [3502/5769] d003ae7f-69da-4df8-8072-69fdf7589577: attributed to 001697; 0.4 s; peak memory 721 MiB.
2026-10-02T13:28:48Z INFO [3503/5769] d003fd92-e76e-447d-a20e-e3e43b1f2aa3: attributed to 000946; 0.1 s; peak memory 721 MiB.
2026-10-02T13:28:49Z INFO [3504/5769] d00716fe-6ad4-4c62-8042-95d098a65c34: attributed to 001697; 0.3 s; peak memory 721 MiB.
2026-10-02T13:28:49Z INFO [3505/5769] d0161cda-d65f-4d53-bd5d-2dbbed0be547: attributed to 001697; 0.3 s; peak memory 721 MiB.
2026-10-02T13:28:49Z INFO [3506/5769] d01aac87-22f8-4b4b-b0d4-36bd02c94415: attributed to 001697; 0.3 s; peak memory 721 MiB.
2026-10-02T13:28:49Z INFO [3507/5769] d01d85af-2d67-4d36-b3d7-d061c1e38d05: attributed to 001697; 0.0 s; peak memory 721 MiB.
2026-10-02T13:28:49Z INFO [3508/5769] d025c1c2-84e9-4db9-b6f7-7f56e57662de: attributed to 001697; 0.0 s; peak memory 721 MiB.
2026-10-02T13:28:49Z INFO [3509/5769] d02d8d23-d64b-44ed-86ee-c74406b7216d: attributed to 001697; 0.0 s; peak memory 721 MiB.
2026-10-02T13:28:49Z INFO [3510/5769] d02fa294-c1ac-41c8-a9d0-dcc60cb131f2: attributed to 000109; 0.0 s; peak memory 721 MiB.
2026-10-02T13:28:49Z INFO [3511/5769] d031266c-78dd-4031-a395-d4e2f96fd0e8: attributed to 001697; 0.0 s; peak memory 721 MiB.
2026-10-02T13:28:49Z INFO [3512/5769] d0386403-70dc-43d7-9a3f-76a8ec3a5faf: attributed to 000142; 0.0 s; peak memory 721 MiB.
2026-10-02T13:28:49Z INFO [3513/5769] d0395148-3bef-4fce-9f0c-d795561750ac: attributed to 001697; 0.3 s; peak memory 721 MiB.
2026-10-02T13:28:50Z INFO [3514/5769] d03b2bb6-b1ae-4f3a-8533-b14b28ba93ac: attributed to 001697; 0.3 s; peak memory 721 MiB.
2026-10-02T13:28:50Z INFO [3515/5769] d03c1b5a-ad81-4d81-ad64-5c12a48504bd: attributed to 001697; 0.3 s; peak memory 721 MiB.
2026-10-02T13:28:50Z INFO [3516/5769] d03d1d44-85c2-4b85-818a-a5b139e94a9e: attributed to 001697; 0.3 s; peak memory 721 MiB.
2026-10-02T13:28:51Z INFO [3517/5769] d03f79b3-3f6a-40be-b6b0-a24c69e6413d: attributed to 001697; 0.3 s; peak memory 721 MiB.
2026-10-02T13:28:51Z INFO [3518/5769] d047f0b3-799c-4c58-aeeb-bb663156e4ed: attributed to 001697; 0.0 s; peak memory 721 MiB.
2026-10-02T13:28:51Z INFO [3519/5769] d04a5a87-2c3c-4775-b1ec-041ab83d7d1f: attributed to 001697; 0.4 s; peak memory 721 MiB.
2026-10-02T13:28:51Z INFO [3520/5769] d04bb4be-5fa9-40f4-9f69-ebfe099ce5f7: attributed to 001697; 0.0 s; peak memory 721 MiB.
2026-10-02T13:28:51Z INFO [3521/5769] d04daf35-5524-46a8-b860-34129b9757ec: attributed to 001697; 0.5 s; peak memory 721 MiB.
2026-10-02T13:28:52Z INFO [3522/5769] d058d6d3-8073-4b8d-ae4e-b5b591d589d0: attributed to 001697; 0.7 s; peak memory 721 MiB.
2026-10-02T13:28:52Z INFO [3523/5769] d05be0da-ed7a-4f0e-9f75-fb406ea06b05: attributed to 001697; 0.0 s; peak memory 721 MiB.
2026-10-02T13:28:52Z INFO [3524/5769] d05f8585-16b2-465b-9419-a05df139a2c8: attributed to 000026; 0.1 s; peak memory 721 MiB.
2026-10-02T13:28:53Z INFO [3525/5769] d06a23cd-2459-4384-ae63-320fb6acb83a: attributed to 001697; 0.3 s; peak memory 721 MiB.
2026-10-02T13:28:53Z INFO [3526/5769] d06d5582-6926-405b-b748-94d34ad7c7cd: attributed to 001697; 0.0 s; peak memory 721 MiB.
2026-10-02T13:28:53Z INFO [3527/5769] d079756c-1d3d-4cb0-a0b1-74b460552a36: attributed to 001258; 0.0 s; peak memory 721 MiB.
2026-10-02T13:28:53Z INFO [3528/5769] d07bf411-1c80-4817-b612-c99f622d581b: attributed to 000571; 0.8 s; peak memory 721 MiB.
2026-10-02T13:28:53Z INFO [3529/5769] d0873f33-7cdb-4f83-b35d-78681374eef6: attributed to 000026; 0.2 s; peak memory 721 MiB.
2026-10-02T13:28:54Z INFO [3530/5769] d08dddbe-7827-43aa-9597-b88ab1a1f58f: attributed to 001697; 0.4 s; peak memory 721 MiB.
2026-10-02T13:28:54Z INFO [3531/5769] d0907a9c-673c-4a7d-98c5-e0f751b1b2e8: attributed to 001697; 0.3 s; peak memory 721 MiB.
2026-10-02T13:28:54Z INFO [3532/5769] d097736a-664b-480d-8e69-66ee9595c62f: attributed to 001697; 0.0 s; peak memory 721 MiB.
2026-10-02T13:28:55Z INFO [3533/5769] d09ffe4e-5567-4da9-bd2b-a5ac66ed6b90: attributed to 001697; 0.4 s; peak memory 721 MiB.
2026-10-02T13:28:55Z INFO [3534/5769] d0a279e8-28a0-4873-a580-b54bc75fe20a: attributed to 001697; 0.0 s; peak memory 721 MiB.
2026-10-02T13:28:55Z INFO [3535/5769] d0a53cd4-24e4-42c4-9149-e1c694279fb6: attributed to 001697; 0.5 s; peak memory 721 MiB.
2026-10-02T13:28:55Z INFO [3536/5769] d0a5e075-6e19-4944-8422-5f741702839b: attributed to 001697; 0.3 s; peak memory 721 MiB.
2026-10-02T13:28:56Z INFO [3537/5769] d0a6d8ab-5a85-4188-b997-ed5eccb73884: attributed to 001697; 0.3 s; peak memory 721 MiB.
2026-10-02T13:28:56Z INFO [3538/5769] d0b12861-548d-4603-b3a5-c58e4bc24251: attributed to 001697; 0.3 s; peak memory 721 MiB.
2026-10-02T13:28:56Z INFO [3539/5769] d0b3da4c-9cd6-42b3-9496-2d78087297a3: attributed to 000946; 0.1 s; peak memory 721 MiB.
2026-10-02T13:28:56Z INFO [3540/5769] d0b61c4d-cae9-45b9-8fda-d2e34af8f105: attributed to 001697; 0.3 s; peak memory 721 MiB.
2026-10-02T13:28:56Z INFO [3541/5769] d0b81338-2700-4198-878c-cf599ffe886a: attributed to 000026; 0.1 s; peak memory 721 MiB.
2026-10-02T13:28:56Z INFO [3542/5769] d0b8babd-abfc-4922-a187-ee77b012cd28: attributed to 000293; 0.0 s; peak memory 721 MiB.
2026-10-02T13:28:56Z INFO [3543/5769] d0be85b8-78a8-439e-95da-462f4817b6cb: attributed to 000570; 0.0 s; peak memory 721 MiB.
2026-10-02T13:28:56Z INFO [3544/5769] d0bf668f-6e54-4c0d-ad16-de4d2fb6e3d1: attributed to 000403; 0.0 s; peak memory 721 MiB.
2026-10-02T13:28:56Z INFO [3545/5769] d0c1ba75-c8de-4465-b1fa-ddca8245170e: attributed to 001697; 0.0 s; peak memory 721 MiB.
2026-10-02T13:28:56Z INFO [3546/5769] d0cc12b1-2473-49b9-9698-d62d3f078316: attributed to 000026; 0.1 s; peak memory 721 MiB.
2026-10-02T13:28:57Z INFO [3547/5769] d0cc3088-d463-4e19-8008-df05e6f91723: attributed to 000946; 0.1 s; peak memory 721 MiB.
2026-10-02T13:28:57Z INFO [3548/5769] d0cca2ec-cf14-4d42-9fdb-31c1ca6e5290: attributed to 001697; 0.3 s; peak memory 721 MiB.
2026-10-02T13:28:57Z INFO [3549/5769] d0cfe723-26f0-45b0-8ef0-caa05f7c0365: attributed to 001697; 0.3 s; peak memory 721 MiB.
2026-10-02T13:28:57Z INFO [3550/5769] d0d02a07-5f5b-499f-b011-aeebfc558bba: attributed to 000142; 0.0 s; peak memory 721 MiB.
2026-10-02T13:28:58Z INFO [3550/5769] d0d02a07-5f5b-499f-b011-aeebfc558bba: checkpointed 506557 records.
2026-10-02T13:28:58Z INFO [3551/5769] d0d45d35-1674-4c60-a3c3-d2cf9220bc41: attributed to 001697; 0.0 s; peak memory 721 MiB.
2026-10-02T13:28:58Z INFO [3552/5769] d0db175f-87be-48ec-9a9f-0336f6f321f5: attributed to 000058; 0.2 s; peak memory 721 MiB.
2026-10-02T13:28:58Z INFO [3553/5769] d0e65813-fb67-470f-abfd-3c96e7197f84: attributed to 000293; 0.0 s; peak memory 721 MiB.
2026-10-02T13:28:58Z INFO [3554/5769] d0f05814-5276-4ebb-a9db-1d2c94ad3af7: attributed to 001697; 0.0 s; peak memory 721 MiB.
2026-10-02T13:28:59Z INFO [3555/5769] d0fd1d9a-ff37-4590-9596-6b0a408eea89: attributed to 001697; 0.3 s; peak memory 721 MiB.
2026-10-02T13:28:59Z INFO [3556/5769] d0ffbc12-20b1-43a8-9050-b46a34047951: attributed to 001697; 0.0 s; peak memory 721 MiB.
2026-10-02T13:28:59Z INFO [3557/5769] d1017c42-3e83-4a0d-bd1a-800d14803b7d: attributed to 001697; 0.2 s; peak memory 721 MiB.
2026-10-02T13:28:59Z INFO [3558/5769] d102accf-8334-4b44-9cec-44d4b86f2f76: attributed to 001697; 0.3 s; peak memory 721 MiB.
2026-10-02T13:28:59Z INFO [3559/5769] d10de518-7644-44a4-ad7c-30a759e65eb7: attributed to 001697; 0.3 s; peak memory 721 MiB.
2026-10-02T13:29:00Z INFO [3560/5769] d11ee502-51d1-4f5c-93fc-8de0b1c385fe: attributed to 001697; 0.3 s; peak memory 721 MiB.
2026-10-02T13:29:00Z INFO [3561/5769] d12331b8-0570-4b52-9129-dda1638f3f8d: attributed to 000026; 0.4 s; peak memory 721 MiB.
2026-10-02T13:29:00Z INFO [3562/5769] d12518c5-fd3e-4944-9275-cac70a3d0840: attributed to 000109; 0.0 s; peak memory 721 MiB.
2026-10-02T13:29:00Z INFO [3563/5769] d125353a-28cf-4ee3-8db7-f9f5afa8ea01: attributed to 000026; 0.1 s; peak memory 721 MiB.
2026-10-02T13:29:00Z INFO [3564/5769] d127469d-d64e-4d2a-b5e3-e774c0279493: attributed to 001697; 0.0 s; peak memory 721 MiB.
2026-10-02T13:29:00Z INFO [3565/5769] d139d46b-9e03-44d5-a3ca-c23ddf45dd24: attributed to 001697; 0.0 s; peak memory 721 MiB.
2026-10-02T13:29:00Z INFO [3566/5769] d1449c1e-3907-4393-95fb-db3616f61f3f: attributed to 001697; 0.3 s; peak memory 721 MiB.
2026-10-02T13:29:01Z INFO [3567/5769] d1454bd8-1ade-4a57-a930-0c9f7e8fc094: attributed to 001697; 0.3 s; peak memory 721 MiB.
2026-10-02T13:29:01Z INFO [3568/5769] d146de6b-246f-4e97-81f3-1d60516d4a59: attributed to 002017; 0.3 s; peak memory 721 MiB.
2026-10-02T13:29:01Z INFO [3569/5769] d15a7529-7d9e-4637-a2dc-af37b616647d: attributed to 000293; 0.0 s; peak memory 721 MiB.
2026-10-02T13:29:03Z INFO [3570/5769] d1681538-fea7-4023-b460-7b021680a803: attributed to 002017; 1.5 s; peak memory 721 MiB.
2026-10-02T13:29:03Z INFO [3571/5769] d16cc119-86b3-4b7d-bcbb-92765060b37d: attributed to 001697; 0.0 s; peak memory 721 MiB.
2026-10-02T13:29:03Z INFO [3572/5769] d16d3098-cae6-4fad-9ceb-3fbbeecd60f7: attributed to 000570; 0.0 s; peak memory 721 MiB.
2026-10-02T13:29:03Z INFO [3573/5769] d170724d-9709-42d2-9b39-5841a0339aa9: attributed to 001697; 0.3 s; peak memory 721 MiB.
2026-10-02T13:29:03Z INFO [3574/5769] d1767d8a-b682-4af2-853d-cef6eaeca97e: attributed to 001697; 0.0 s; peak memory 721 MiB.
2026-10-02T13:29:03Z INFO [3575/5769] d17f261f-a195-456d-abde-579a0a708a7f: attributed to 000946; 0.1 s; peak memory 721 MiB.
2026-10-02T13:29:03Z INFO [3576/5769] d1839d9b-b1af-48d8-92c4-fc438e2c58f6: attributed to 001697; 0.0 s; peak memory 721 MiB.
2026-10-02T13:29:03Z INFO [3577/5769] d185f902-c91a-4f77-a3cc-706cd6e77a46: attributed to 001697; 0.3 s; peak memory 721 MiB.
2026-10-02T13:29:03Z INFO [3578/5769] d186ab62-a866-4d93-83d6-0b0773c2fcb9: attributed to 001449; 0.1 s; peak memory 721 MiB.
2026-10-02T13:29:03Z INFO [3579/5769] d189ea63-a6ab-4e87-bad8-4ded02134946: attributed to 000026; 0.1 s; peak memory 721 MiB.
2026-10-02T13:29:03Z INFO [3580/5769] d1918eea-4760-4615-829e-116f1df2e149: attributed to 000293; 0.0 s; peak memory 721 MiB.
2026-10-02T13:29:04Z INFO [3581/5769] d19f8b35-1a41-45e1-a7ba-d7f3e94c1615: attributed to 000026; 0.1 s; peak memory 721 MiB.
2026-10-02T13:29:04Z INFO [3582/5769] d1a3f228-c0a3-4942-a478-9e2f53f1d110: attributed to 001697; 0.3 s; peak memory 721 MiB.
2026-10-02T13:29:04Z INFO [3583/5769] d1a9c888-9aae-4063-a0e9-ad74f255f8c2: attributed to 001449; 0.1 s; peak memory 721 MiB.
2026-10-02T13:29:04Z INFO [3584/5769] d1aef4b1-2b38-43ea-a765-0b93f71f391b: attributed to 001697; 0.3 s; peak memory 721 MiB.
2026-10-02T13:29:04Z INFO [3585/5769] d1b2b01d-66db-4557-a71a-6c3ded20e29d: attributed to 000026; 0.1 s; peak memory 721 MiB.
2026-10-02T13:29:05Z INFO [3586/5769] d1b48571-f704-44dd-b80a-edd215c55194: attributed to 001697; 0.3 s; peak memory 721 MiB.
2026-10-02T13:29:05Z INFO [3587/5769] d1b5c614-43c2-4d8f-8381-67419352d987: attributed to 001697; 0.3 s; peak memory 721 MiB.
2026-10-02T13:29:05Z INFO [3588/5769] d1c03500-aa91-404d-9cfe-46bf10e5f0db: attributed to 000946; 0.1 s; peak memory 721 MiB.
2026-10-02T13:29:05Z INFO [3589/5769] d1c25028-fda6-46c3-a57c-4832db0e66c5: attributed to 001697; 0.0 s; peak memory 721 MiB.
2026-10-02T13:29:05Z INFO [3590/5769] d1c55ccc-c337-4fbf-a6a6-50cc459e63f1: attributed to 001697; 0.0 s; peak memory 721 MiB.
2026-10-02T13:29:05Z INFO [3591/5769] d1c761f4-70c3-45f9-a524-ac3f69cf7a8f: attributed to 000026; 0.1 s; peak memory 721 MiB.
2026-10-02T13:29:06Z INFO [3592/5769] d1caa991-9678-4732-84f4-770a1bd096e2: attributed to 001697; 0.4 s; peak memory 721 MiB.
2026-10-02T13:29:06Z INFO [3593/5769] d1cead6a-3e59-4188-8184-ca9bdcd381ae: attributed to 001697; 0.0 s; peak memory 721 MiB.
2026-10-02T13:29:06Z INFO [3594/5769] d1d53901-2b1c-492e-b372-c394153ba4ef: attributed to 000142; 0.0 s; peak memory 721 MiB.
2026-10-02T13:29:06Z INFO [3595/5769] d1d95287-442e-41ae-bd60-e653f30d634d: attributed to 001697; 0.0 s; peak memory 721 MiB.
2026-10-02T13:29:06Z INFO [3596/5769] d1db658c-859d-4cd7-afd1-8fad68baf149: attributed to 001697; 0.6 s; peak memory 721 MiB.
2026-10-02T13:29:06Z INFO [3597/5769] d1de51b8-6113-4ec6-a07c-d8a15a602d3a: attributed to 001697; 0.0 s; peak memory 721 MiB.
2026-10-02T13:29:06Z INFO [3598/5769] d1dfe3b7-af0d-4576-a4a6-a84110d08f14: attributed to 001697; 0.0 s; peak memory 721 MiB.
2026-10-02T13:29:06Z INFO [3599/5769] d1e0eb3d-7eab-4377-8041-a14565e0e38f: attributed to 000026; 0.1 s; peak memory 721 MiB.
2026-10-02T13:29:07Z INFO [3600/5769] d1e2bbe0-82c0-4567-b594-db20ae37c615: attributed to 001697; 0.5 s; peak memory 721 MiB.
2026-10-02T13:29:08Z INFO [3600/5769] d1e2bbe0-82c0-4567-b594-db20ae37c615: checkpointed 506559 records.
2026-10-02T13:29:08Z INFO [3601/5769] d1f00089-de3c-4891-b7f2-be0189b46002: attributed to 000026; 0.1 s; peak memory 721 MiB.
2026-10-02T13:29:08Z INFO [3602/5769] d1f7b26d-b945-4e53-82d4-b24345814a84: attributed to 001203; 0.1 s; peak memory 721 MiB.
2026-10-02T13:29:08Z INFO [3603/5769] d1f96f86-efc6-400e-8d31-3cc68a9fbaf3: attributed to 000142; 0.0 s; peak memory 721 MiB.
2026-10-02T13:29:08Z INFO [3604/5769] d20eb5bd-abbb-40dd-b7e7-ace16a13b6ae: attributed to 001697; 0.4 s; peak memory 721 MiB.
2026-10-02T13:29:08Z INFO [3605/5769] d22484bd-7181-4ede-bb22-605f1a1f3608: attributed to 001697; 0.0 s; peak memory 721 MiB.
2026-10-02T13:29:09Z INFO [3606/5769] d2258722-5a40-45db-b0fd-ce84d49d7ba6: attributed to 001697; 0.3 s; peak memory 721 MiB.
2026-10-02T13:29:09Z INFO [3607/5769] d2285c60-599c-4d36-a75e-1494798b34b2: attributed to 000142; 0.0 s; peak memory 721 MiB.
2026-10-02T13:29:09Z INFO [3608/5769] d22bab37-3a6d-462b-a65a-36c11e12d6f7: attributed to 001697; 0.0 s; peak memory 721 MiB.
2026-10-02T13:29:09Z INFO [3609/5769] d22f07f5-d413-4f38-92bc-8ff781b3d68c: attributed to 001697; 0.4 s; peak memory 721 MiB.
2026-10-02T13:29:09Z INFO [3610/5769] d231770f-0bac-4af6-aa6f-cb996f679bcd: attributed to 000026; 0.1 s; peak memory 721 MiB.
2026-10-02T13:29:09Z INFO [3611/5769] d235fc22-952a-4c52-a4d6-af10d11dd4cf: attributed to 000026; 0.2 s; peak memory 721 MiB.
2026-10-02T13:29:10Z INFO [3612/5769] d23e3422-c480-48dd-8a9d-0e5d30f406cc: attributed to 001782; 0.1 s; peak memory 721 MiB.
2026-10-02T13:29:10Z INFO [3613/5769] d2483d3e-b9af-42d4-ad16-c3a8bab74e30: attributed to 001449; 0.1 s; peak memory 721 MiB.
2026-10-02T13:29:10Z INFO [3614/5769] d24b08e6-9fc1-4a15-b288-7f8656a5964d: attributed to 001749; 0.1 s; peak memory 721 MiB.
2026-10-02T13:29:10Z INFO [3615/5769] d24f0a54-85cb-4867-896e-0d00d650751c: attributed to 001697; 0.0 s; peak memory 721 MiB.
2026-10-02T13:29:10Z INFO [3616/5769] d24f90ba-6f54-4c91-82c0-8a51932cf5e3: attributed to 000026; 0.1 s; peak memory 721 MiB.
2026-10-02T13:29:10Z INFO [3617/5769] d261cd53-8ff2-48a2-9bbb-ef81525da0dd: attributed to 001697; 0.3 s; peak memory 721 MiB.
2026-10-02T13:29:10Z INFO [3618/5769] d2630071-f774-4c45-9248-90fadef08bb1: attributed to 001697; 0.0 s; peak memory 721 MiB.
2026-10-02T13:29:10Z INFO [3619/5769] d2693a1f-d3b8-4d14-a4aa-22d32f0bdb60: attributed to 001697; 0.0 s; peak memory 721 MiB.
2026-10-02T13:29:10Z INFO [3620/5769] d2720d45-07c8-44af-863b-e76ecd1f0aec: attributed to 000403; 0.0 s; peak memory 721 MiB.
2026-10-02T13:29:10Z INFO [3621/5769] d273942a-331b-4594-8a8b-eab7a80b81c1: attributed to 000026; 0.1 s; peak memory 721 MiB.
2026-10-02T13:29:10Z INFO [3622/5769] d274324c-b011-4b33-873d-d9b7ceb81a2e: attributed to 000142; 0.0 s; peak memory 721 MiB.
2026-10-02T13:29:10Z INFO [3623/5769] d279d868-0370-4689-b52c-9c94ab776cb5: attributed to 001697; 0.0 s; peak memory 721 MiB.
2026-10-02T13:29:11Z INFO [3624/5769] d27cf93c-7214-489c-a9bf-009a5e49f072: attributed to 001697; 0.3 s; peak memory 721 MiB.
2026-10-02T13:29:11Z INFO [3625/5769] d289d548-700e-4aa5-88b9-b666af25ab0e: attributed to 000026; 0.1 s; peak memory 721 MiB.
2026-10-02T13:29:11Z INFO [3626/5769] d28a7ee0-9903-4dd3-974b-93fc79dd9543: attributed to 001697; 0.3 s; peak memory 721 MiB.
2026-10-02T13:29:11Z INFO [3627/5769] d29cf980-f761-4830-b0e3-b367bb9305c7: attributed to 000026; 0.2 s; peak memory 721 MiB.
2026-10-02T13:29:12Z INFO [3628/5769] d2a75d94-fd73-41fc-86d3-77fb24c5f573: attributed to 001697; 0.3 s; peak memory 721 MiB.
2026-10-02T13:29:12Z INFO [3629/5769] d2a9ea97-ca26-48c5-804f-87edc2b05c12: attributed to 001697; 0.3 s; peak memory 721 MiB.
2026-10-02T13:29:12Z INFO [3630/5769] d2adc2e6-efd4-4eb4-b952-3ca1cee4eda6: attributed to 001697; 0.0 s; peak memory 721 MiB.
2026-10-02T13:29:12Z INFO [3631/5769] d2b21426-8e21-4e3a-84b0-62b15acc0539: attributed to 001697; 0.3 s; peak memory 721 MiB.
2026-10-02T13:29:12Z INFO [3632/5769] d2b77ae7-b171-443f-b1ff-c74f816f8c3e: attributed to 000026; 0.1 s; peak memory 721 MiB.
2026-10-02T13:29:12Z INFO [3633/5769] d2bd3d6a-c4d7-4dd1-893e-2988a8da946b: attributed to 001697; 0.0 s; peak memory 721 MiB.
2026-10-02T13:29:12Z INFO [3634/5769] d2c045cd-d7dc-4879-8d56-1d65fd9b75ca: attributed to 000142; 0.0 s; peak memory 721 MiB.
2026-10-02T13:29:12Z INFO [3635/5769] d2c0d3fa-9c57-4ddf-b03a-c720d3544a18: attributed to 001697; 0.0 s; peak memory 721 MiB.
2026-10-02T13:29:12Z INFO [3636/5769] d2c8ee5b-567d-4632-893b-f423b57791f1: attributed to 000559; 0.1 s; peak memory 721 MiB.
2026-10-02T13:29:13Z INFO [3637/5769] d2d3808d-f9b3-4a2d-8844-86b9d668f6f5: attributed to 001697; 0.3 s; peak memory 721 MiB.
2026-10-02T13:29:13Z INFO [3638/5769] d2d690a7-c81a-43c7-9ef5-229f9dc61d3f: attributed to 001697; 0.0 s; peak memory 721 MiB.
2026-10-02T13:29:13Z INFO [3639/5769] d2d84b50-a313-4351-91f2-77f3f0e200e8: attributed to 001449; 0.1 s; peak memory 721 MiB.
2026-10-02T13:29:13Z INFO [3640/5769] d2dad4ad-d800-4be7-9072-e92dcd3a6d47: attributed to 001697; 0.0 s; peak memory 721 MiB.
2026-10-02T13:29:13Z INFO [3641/5769] d2db02a2-c2cb-417e-bfbd-fb107a3aa1cb: attributed to 001697; 0.0 s; peak memory 721 MiB.
2026-10-02T13:29:13Z INFO [3642/5769] d2dcfe0c-82f0-4d20-9d59-6d9b57f5bc64: attributed to 000026; 0.2 s; peak memory 721 MiB.
2026-10-02T13:29:13Z INFO [3643/5769] d2dd00ae-b264-4507-8fb5-05128e8c39b0: attributed to 001697; 0.0 s; peak memory 721 MiB.
2026-10-02T13:29:13Z INFO [3644/5769] d2de7c62-1cf3-4bdb-af3b-2cc270b20c6f: attributed to 001697; 0.0 s; peak memory 721 MiB.
2026-10-02T13:29:13Z INFO [3645/5769] d2e1e7c7-3a78-40f0-8b73-7d06c0a1a45d: attributed to 000465; 0.0 s; peak memory 721 MiB.
2026-10-02T13:29:13Z INFO [3646/5769] d2e8af14-de59-465c-885a-142f6b499dd8: attributed to 001697; 0.3 s; peak memory 721 MiB.
2026-10-02T13:29:14Z INFO [3647/5769] d2f3157d-aa71-4ded-864e-b9e94a22e9f1: attributed to 001697; 0.3 s; peak memory 721 MiB.
2026-10-02T13:29:14Z INFO [3648/5769] d2fa4efe-f2b3-42df-a6c2-f3c7d9f2ec8b: attributed to 000571; 0.2 s; peak memory 721 MiB.
2026-10-02T13:29:14Z INFO [3649/5769] d2fe1b44-a82c-431f-aa7f-9eed54ac9c58: attributed to 001697; 0.0 s; peak memory 721 MiB.
2026-10-02T13:29:14Z INFO [3650/5769] d30495d1-28f4-4535-8d7a-f6885e994658: attributed to 001697; 0.3 s; peak memory 721 MiB.
2026-10-02T13:29:15Z INFO [3650/5769] d30495d1-28f4-4535-8d7a-f6885e994658: checkpointed 506559 records.
2026-10-02T13:29:15Z INFO [3651/5769] d30a08eb-38ec-4aa3-a06d-30dba6021842: attributed to 001697; 0.3 s; peak memory 721 MiB.
2026-10-02T13:29:16Z INFO [3652/5769] d30c72da-47d1-4aaa-949e-b362aed67f04: attributed to 000026; 0.1 s; peak memory 721 MiB.
2026-10-02T13:29:16Z INFO [3653/5769] d3122eeb-30c9-4a72-8bda-19692ffb2061: attributed to 000568; 0.1 s; peak memory 721 MiB.
2026-10-02T13:29:16Z INFO [3654/5769] d31a30ab-4b76-41ab-87e8-2da01231e109: attributed to 001449; 0.1 s; peak memory 721 MiB.
2026-10-02T13:29:16Z INFO [3655/5769] d31bc408-19f3-4ae3-aae1-dc465ce95998: attributed to 000026; 0.1 s; peak memory 721 MiB.
2026-10-02T13:29:16Z INFO [3656/5769] d31bdd9f-19b8-4512-84d8-a83eac3c5116: attributed to 000026; 0.1 s; peak memory 721 MiB.
2026-10-02T13:29:16Z INFO [3657/5769] d323e2a7-04ea-4e06-9cbe-8957cd09027c: attributed to 001697; 0.0 s; peak memory 721 MiB.
2026-10-02T13:29:16Z INFO [3658/5769] d3243672-5f59-41fb-8078-8b97f99661e8: attributed to 001697; 0.3 s; peak memory 721 MiB.
2026-10-02T13:29:16Z INFO [3659/5769] d32b5763-eaae-408f-82e0-80987d316e13: attributed to 001697; 0.0 s; peak memory 721 MiB.
2026-10-02T13:29:16Z INFO [3660/5769] d32fc82a-8013-4b73-acfd-b1c54c872ad0: attributed to 000946; 0.1 s; peak memory 721 MiB.
2026-10-02T13:29:16Z INFO [3661/5769] d3302598-9df2-4ec1-8893-a323fad272d0: attributed to 001697; 0.0 s; peak memory 721 MiB.
2026-10-02T13:29:16Z INFO [3662/5769] d3359861-60ed-46b5-b63f-e662bb777817: attributed to 001449; 0.1 s; peak memory 721 MiB.
2026-10-02T13:29:17Z INFO [3663/5769] d3362339-01b5-4675-8bdc-0b7817163c8e: attributed to 001882; 0.3 s; peak memory 721 MiB.
2026-10-02T13:29:17Z INFO [3664/5769] d337bc5b-6c81-44fa-a14f-1a07da83384f: attributed to 000946; 0.1 s; peak memory 721 MiB.
2026-10-02T13:29:17Z INFO [3665/5769] d33a8ec4-50ab-46fc-b52a-1c867566f0f4: attributed to 000946; 0.1 s; peak memory 721 MiB.
2026-10-02T13:29:17Z INFO [3666/5769] d3405972-0cab-46a5-b8f5-5d90e83b8850: attributed to 000209; 0.0 s; peak memory 721 MiB.
2026-10-02T13:29:17Z INFO [3667/5769] d3441a24-9102-41ec-a3e4-4e69de02eb42: attributed to 001697; 0.0 s; peak memory 721 MiB.
2026-10-02T13:29:17Z INFO [3668/5769] d3462ae0-9462-4441-acf5-0678c0423e5c: attributed to 001697; 0.0 s; peak memory 721 MiB.
2026-10-02T13:29:17Z INFO [3669/5769] d34632da-1213-4fb6-aa0c-a486f86ab41c: attributed to 002017; 0.5 s; peak memory 721 MiB.
2026-10-02T13:29:18Z INFO [3670/5769] d347b5e2-80f2-47b6-b49a-2b74d81127fc: attributed to 000026; 0.1 s; peak memory 721 MiB.
2026-10-02T13:29:18Z INFO [3671/5769] d3486683-2ee8-4f92-8379-3722d894c95c: attributed to 001697; 0.0 s; peak memory 721 MiB.
2026-10-02T13:29:18Z INFO [3672/5769] d3558158-45e3-46bf-aafe-cb5ede319e60: attributed to 000946; 0.1 s; peak memory 721 MiB.
2026-10-02T13:29:18Z INFO [3673/5769] d3629c9b-9509-4383-81f7-6385ddbbd781: attributed to 000209; 0.0 s; peak memory 721 MiB.
2026-10-02T13:29:18Z INFO [3674/5769] d364099b-cfbe-4c68-aa14-5767420cb4da: attributed to 000209; 0.0 s; peak memory 721 MiB.
2026-10-02T13:29:18Z INFO [3675/5769] d37534ac-8bbf-4280-be10-17b4c206d1ae: attributed to 001782; 0.1 s; peak memory 721 MiB.
2026-10-02T13:29:18Z INFO [3676/5769] d375fa38-4b6c-45fa-8536-70529a5c660a: attributed to 001697; 0.3 s; peak memory 721 MiB.
2026-10-02T13:29:18Z INFO [3677/5769] d37680db-ad1c-4892-8fe6-ae3b7107ed78: attributed to 001697; 0.0 s; peak memory 721 MiB.
2026-10-02T13:29:18Z INFO [3678/5769] d3782802-3447-4288-8f97-c533bd4875f3: attributed to 000109; 0.0 s; peak memory 721 MiB.
2026-10-02T13:29:19Z INFO [3679/5769] d37a3d01-1db9-4631-81a9-3ee297d59001: attributed to 001697; 0.6 s; peak memory 721 MiB.
2026-10-02T13:29:19Z INFO [3680/5769] d37c505c-000f-44f9-bcbb-be59d70e026b: attributed to 001697; 0.3 s; peak memory 721 MiB.
2026-10-02T13:29:19Z INFO [3681/5769] d383168a-d8e5-49bc-b0cf-bbc963ad1550: attributed to 000142; 0.0 s; peak memory 721 MiB.
2026-10-02T13:29:19Z INFO [3682/5769] d3874a71-a98b-441c-99f4-7a83cdb41831: attributed to 001697; 0.3 s; peak memory 721 MiB.
2026-10-02T13:29:19Z INFO [3683/5769] d38e4999-61f8-412b-b167-c95b9458e9c9: attributed to 001697; 0.0 s; peak memory 721 MiB.
2026-10-02T13:29:19Z INFO [3684/5769] d38ebd37-1c0e-4876-a3e0-fbea16d10d66: attributed to 000403; 0.0 s; peak memory 721 MiB.
2026-10-02T13:29:19Z INFO [3685/5769] d3906e5f-0f3b-45c9-a7d3-1e45e1223860: attributed to 001697; 0.0 s; peak memory 721 MiB.
2026-10-02T13:29:19Z INFO [3686/5769] d3966682-7350-4ae7-98cc-ab608486b017: attributed to 000403; 0.0 s; peak memory 721 MiB.
2026-10-02T13:29:19Z INFO [3687/5769] d39b5945-fed5-41f9-b84b-644460006bba: attributed to 000026; 0.2 s; peak memory 721 MiB.
2026-10-02T13:29:19Z INFO [3688/5769] d39c7ed2-2d53-44a2-a614-cdf9a3f9fc8b: attributed to 001697; 0.0 s; peak memory 721 MiB.
2026-10-02T13:29:19Z INFO [3689/5769] d3a01596-b2d1-4ede-ada4-77d61651c2ed: attributed to 001697; 0.0 s; peak memory 721 MiB.
2026-10-02T13:29:20Z INFO [3690/5769] d3a0b668-bd1c-4a6b-a1fd-0ac938ea0641: attributed to 001449; 0.1 s; peak memory 721 MiB.
2026-10-02T13:29:20Z INFO [3691/5769] d3a283b4-4559-4123-91c8-efab28cecc20: attributed to 001697; 0.3 s; peak memory 721 MiB.
2026-10-02T13:29:20Z INFO [3692/5769] d3ab6f6c-2a80-48e7-ad87-720e1ded11c2: attributed to 000173; 0.1 s; peak memory 721 MiB.
2026-10-02T13:29:20Z INFO [3693/5769] d3b8a7de-bcb0-466f-929a-2ceccb7cc5cf: attributed to 000946; 0.1 s; peak memory 721 MiB.
2026-10-02T13:29:20Z INFO [3694/5769] d3b8e3b1-c6ff-4e29-ad14-afab3be7659f: attributed to 000026; 0.1 s; peak memory 721 MiB.
2026-10-02T13:29:20Z INFO [3695/5769] d3bc2dc5-4970-4724-b5a5-20ad6f09eea4: attributed to 000026; 0.1 s; peak memory 721 MiB.
2026-10-02T13:29:20Z INFO [3696/5769] d3bd1d17-f07a-4a04-ae0d-fb581109af53: attributed to 001697; 0.0 s; peak memory 721 MiB.
2026-10-02T13:29:20Z INFO [3697/5769] d3c1a14a-dcca-4fe1-bf53-cbdafd1d6569: attributed to 001697; 0.0 s; peak memory 721 MiB.
2026-10-02T13:29:20Z INFO [3698/5769] d3c3a1f8-8d0e-46ac-8528-cdddb45c7d49: attributed to 001697; 0.0 s; peak memory 721 MiB.
2026-10-02T13:29:21Z INFO [3699/5769] d3c4b3f1-b873-449e-aae8-c12cf3a0f442: attributed to 001697; 0.3 s; peak memory 721 MiB.
2026-10-02T13:29:21Z INFO [3700/5769] d3c642cb-6ddc-4c79-84c4-41b6b919769a: attributed to 000026; 0.1 s; peak memory 721 MiB.
2026-10-02T13:29:22Z INFO [3700/5769] d3c642cb-6ddc-4c79-84c4-41b6b919769a: checkpointed 506560 records.
2026-10-02T13:29:22Z INFO [3701/5769] d3d34670-508d-47e9-b7e7-e4b527de6cf8: attributed to 001697; 0.0 s; peak memory 721 MiB.
2026-10-02T13:29:22Z INFO [3702/5769] d3d529ff-80ce-4239-b05c-2466fb860ca8: attributed to 001449; 0.1 s; peak memory 721 MiB.
2026-10-02T13:29:24Z INFO [3703/5769] d3e74e7d-5a4a-4527-a175-4a0f507b7651: attributed to 000026; 1.9 s; peak memory 721 MiB.
2026-10-02T13:29:24Z INFO [3704/5769] d3e85bf6-a430-4afc-acff-547d1f069c19: attributed to 000946; 0.1 s; peak memory 721 MiB.
2026-10-02T13:29:24Z INFO [3705/5769] d3eb9440-b871-4f47-9b5e-bb1046de7e7c: attributed to 001697; 0.3 s; peak memory 721 MiB.
2026-10-02T13:29:24Z INFO [3706/5769] d3f5ae80-5f55-4a06-8a33-de39f9cc9e82: attributed to 000109; 0.0 s; peak memory 721 MiB.
2026-10-02T13:29:24Z INFO [3707/5769] d3f6dcd7-0077-43bc-a1f8-3ae2854c82b2: attributed to 000026; 0.1 s; peak memory 721 MiB.
2026-10-02T13:29:25Z INFO [3708/5769] d3fbafb7-ddec-48e7-93b7-385eb98a09b1: attributed to 001697; 0.6 s; peak memory 721 MiB.
2026-10-02T13:29:25Z INFO [3709/5769] d400639c-22b3-4e34-9578-f34dde1fa9a8: attributed to 000946; 0.1 s; peak memory 721 MiB.
2026-10-02T13:29:25Z INFO [3710/5769] d4027dee-dd33-4d14-a659-24e1a1f723c7: attributed to 001697; 0.3 s; peak memory 721 MiB.
2026-10-02T13:29:25Z INFO [3711/5769] d40a66f0-67b0-4e9a-81ef-240698849fd9: attributed to 001697; 0.0 s; peak memory 721 MiB.
2026-10-02T13:29:25Z INFO [3712/5769] d417f8f9-a089-4946-9a31-e9b8bb7ebd0c: attributed to 001437; 0.1 s; peak memory 721 MiB.
2026-10-02T13:29:25Z INFO [3713/5769] d41e4388-e0a9-47aa-8f74-ba8beb0c539d: attributed to 001858; 0.0 s; peak memory 721 MiB.
2026-10-02T13:29:25Z INFO [3714/5769] d4219ed9-1b47-421a-83d0-19a5e28dc197: attributed to 001697; 0.0 s; peak memory 721 MiB.
2026-10-02T13:29:26Z INFO [3715/5769] d4289d22-7a6f-409d-be79-66b4c2971b6d: attributed to 001697; 0.3 s; peak memory 721 MiB.
2026-10-02T13:29:26Z INFO [3716/5769] d43967e1-7ca3-4149-89d7-48ef9f3fd3da: attributed to 000026; 0.1 s; peak memory 721 MiB.
2026-10-02T13:29:26Z INFO [3717/5769] d43bd788-8f52-4b93-820e-dfefbbdc1d35: attributed to 001697; 0.0 s; peak memory 721 MiB.
2026-10-02T13:29:26Z INFO [3718/5769] d43bde18-87e2-4039-82bd-aaccdcb18ac8: attributed to 001697; 0.0 s; peak memory 721 MiB.
2026-10-02T13:29:26Z INFO [3719/5769] d43cfcbf-0057-4024-8414-57710a756b0e: attributed to 001697; 0.4 s; peak memory 721 MiB.
2026-10-02T13:29:26Z INFO [3720/5769] d43ed64e-eca2-43de-825a-e137b4f06fa3: attributed to 000109; 0.0 s; peak memory 721 MiB.
2026-10-02T13:29:26Z INFO [3721/5769] d44004d6-367d-42a2-b2c4-503f4be1e6e2: attributed to 000946; 0.1 s; peak memory 721 MiB.
2026-10-02T13:29:26Z INFO [3722/5769] d4476b61-15cc-4e33-a31a-4cb1cfc7ea8e: attributed to 001697; 0.0 s; peak memory 721 MiB.
2026-10-02T13:29:26Z INFO [3723/5769] d44adfb7-8cd3-4d65-9ad7-295746fd2d5c: attributed to 001697; 0.0 s; peak memory 721 MiB.
2026-10-02T13:29:26Z INFO [3724/5769] d451b025-c6ba-49f0-a4df-99a6e324d91e: attributed to 001063; 0.1 s; peak memory 721 MiB.
2026-10-02T13:29:27Z INFO [3725/5769] d455a3df-29c3-450e-ac2f-0b130d0a032b: attributed to 001697; 0.5 s; peak memory 721 MiB.
2026-10-02T13:29:27Z INFO [3726/5769] d456de36-3e1a-46ea-bf7a-50b8a7c0e830: attributed to 000568; 0.1 s; peak memory 721 MiB.
2026-10-02T13:29:27Z INFO [3727/5769] d4588c50-b144-41e4-bf95-47edbd81aa51: attributed to 000946; 0.1 s; peak memory 721 MiB.
2026-10-02T13:29:27Z INFO [3728/5769] d45a101b-00cb-43fa-a9b5-7b09f9a46a66: attributed to 001697; 0.0 s; peak memory 721 MiB.
2026-10-02T13:29:27Z INFO [3729/5769] d4602e74-f7a2-43c0-943e-cb11df30fd76: attributed to 001748; 0.0 s; peak memory 721 MiB.
2026-10-02T13:29:28Z INFO [3730/5769] d46ccd88-afdb-4a15-ae2c-397ac78b3a33: attributed to 001697; 0.7 s; peak memory 721 MiB.
2026-10-02T13:29:28Z INFO [3731/5769] d46f1a17-7c2c-47a7-a322-f804b1a3c05e: attributed to 001697; 0.6 s; peak memory 721 MiB.
2026-10-02T13:29:29Z INFO [3732/5769] d47771ab-6caa-4825-8c39-da953dea3ccf: attributed to 000026; 0.4 s; peak memory 721 MiB.
2026-10-02T13:29:29Z INFO [3733/5769] d47d6ab8-f16c-4e25-87c7-d7866e5e24ed: attributed to 001449; 0.1 s; peak memory 721 MiB.
2026-10-02T13:29:29Z INFO [3734/5769] d47f34bb-e1bc-4097-be9b-ed9daa4bc7bd: attributed to 000026; 0.2 s; peak memory 721 MiB.
2026-10-02T13:29:29Z INFO [3735/5769] d48578ed-0983-4cfa-bff9-ce1a7feed761: attributed to 001449; 0.1 s; peak memory 721 MiB.
2026-10-02T13:29:29Z INFO [3736/5769] d4877faf-d4af-4c0a-be25-23bcbc22bd12: attributed to 001697; 0.4 s; peak memory 721 MiB.
2026-10-02T13:29:30Z INFO [3737/5769] d487f962-8b62-42e3-b2fd-0f5fef75d748: attributed to 001697; 0.3 s; peak memory 721 MiB.
2026-10-02T13:29:30Z INFO [3738/5769] d4889601-8e08-4fca-9af2-5347a1099e85: attributed to 001697; 0.3 s; peak memory 721 MiB.
2026-10-02T13:29:30Z INFO [3739/5769] d48b43a2-bb27-47c7-935d-fe1410e305a0: attributed to 000142; 0.0 s; peak memory 721 MiB.
2026-10-02T13:29:30Z INFO [3740/5769] d4967a25-c74d-4cee-86f2-de3e715c218e: attributed to 000946; 0.1 s; peak memory 721 MiB.
2026-10-02T13:29:30Z INFO [3741/5769] d49cb0fd-662f-440e-bd07-542faa685a70: attributed to 000946; 0.1 s; peak memory 721 MiB.
2026-10-02T13:29:30Z INFO [3742/5769] d49f8e65-d314-4446-8a60-0a037dca61b3: attributed to 000026; 0.3 s; peak memory 721 MiB.
2026-10-02T13:29:31Z INFO [3743/5769] d4abe1c1-170c-4b72-bf87-11ae8061c031: attributed to 000026; 0.5 s; peak memory 721 MiB.
2026-10-02T13:29:31Z INFO [3744/5769] d4ae10a9-576d-4494-9dd6-0fccaaf51088: attributed to 001697; 0.0 s; peak memory 721 MiB.
2026-10-02T13:29:31Z INFO [3745/5769] d4ae4e38-85e8-4a8d-a84e-cda275f3ce7f: attributed to 000946; 0.1 s; peak memory 721 MiB.
2026-10-02T13:29:31Z INFO [3746/5769] d4af9bec-9327-4cdb-9760-36e5c465743a: attributed to 000403; 0.0 s; peak memory 721 MiB.
2026-10-02T13:29:31Z INFO [3747/5769] d4b7fc39-bdb0-4ea3-b818-f8f84f67b255: attributed to 001449; 0.1 s; peak memory 721 MiB.
2026-10-02T13:29:31Z INFO [3748/5769] d4bdd580-eb20-454c-b34f-d0bb700eee1e: attributed to 000026; 0.1 s; peak memory 721 MiB.
2026-10-02T13:29:31Z INFO [3749/5769] d4c321a4-3e58-4653-aa38-3d62dff02008: attributed to 001697; 0.0 s; peak memory 721 MiB.
2026-10-02T13:29:31Z INFO [3750/5769] d4c5398f-70e9-46db-a1c1-b2a7372ec739: attributed to 001697; 0.3 s; peak memory 721 MiB.
2026-10-02T13:29:33Z INFO [3750/5769] d4c5398f-70e9-46db-a1c1-b2a7372ec739: checkpointed 506560 records.
2026-10-02T13:29:33Z INFO [3751/5769] d4c64c54-2d36-48bd-a5a0-b87ab6386f9f: attributed to 001697; 0.3 s; peak memory 721 MiB.
2026-10-02T13:29:33Z INFO [3752/5769] d4c7f4f7-944a-49d0-aa46-8a66e6f27146: attributed to 001697; 0.0 s; peak memory 721 MiB.
2026-10-02T13:29:33Z INFO [3753/5769] d4cb5519-4404-4d77-9768-875c6d2242ec: attributed to 000109; 0.0 s; peak memory 721 MiB.
2026-10-02T13:29:33Z INFO [3754/5769] d4cd170d-a822-4da0-a2b8-1c607786f447: attributed to 001697; 0.3 s; peak memory 721 MiB.
2026-10-02T13:29:33Z INFO [3755/5769] d4d02f17-acd9-4fc0-adbd-e02887c02f2a: attributed to 001697; 0.3 s; peak memory 721 MiB.
2026-10-02T13:29:33Z INFO [3756/5769] d4d0ec5f-38f6-4499-a9e3-91209d4c3be6: attributed to 001697; 0.0 s; peak memory 721 MiB.
2026-10-02T13:29:34Z INFO [3757/5769] d4dabecd-41ff-44c5-af91-5dcf8f09b143: attributed to 001449; 0.1 s; peak memory 721 MiB.
2026-10-02T13:29:34Z INFO [3758/5769] d4dc2806-170c-40c9-a349-6b07ab3d4f34: attributed to 001697; 0.0 s; peak memory 721 MiB.
2026-10-02T13:29:34Z INFO [3759/5769] d4ed9291-80e3-485b-927d-9e804d966e55: attributed to 000142; 0.0 s; peak memory 721 MiB.
2026-10-02T13:29:34Z INFO [3760/5769] d4ff7691-6241-47fe-b67a-0a799f6a592c: attributed to 001697; 0.3 s; peak memory 721 MiB.
2026-10-02T13:29:34Z INFO [3761/5769] d500981f-f055-46c0-af64-234caf6261a4: attributed to 000209; 0.0 s; peak memory 721 MiB.
2026-10-02T13:29:34Z INFO [3762/5769] d5010b8f-82dc-4e7b-aa30-9bace56a57d6: attributed to 000109; 0.0 s; peak memory 721 MiB.
2026-10-02T13:29:34Z INFO [3763/5769] d508e550-2d1f-475b-ba7c-5d64e5e18a5c: attributed to 001697; 0.5 s; peak memory 721 MiB.
2026-10-02T13:29:35Z INFO [3764/5769] d5128117-edc1-4e4c-9eee-8d945366161d: attributed to 001697; 0.5 s; peak memory 721 MiB.
2026-10-02T13:29:35Z INFO [3765/5769] d5147c33-5956-422b-b047-ba4cbbfb6196: attributed to 000109; 0.0 s; peak memory 721 MiB.
2026-10-02T13:29:35Z INFO [3766/5769] d514e08e-86a2-4672-b0d2-8aa6dfab4802: attributed to 000109; 0.0 s; peak memory 721 MiB.
2026-10-02T13:29:35Z INFO [3767/5769] d515495b-eea4-4415-a8e9-f088d52678c6: attributed to 001697; 0.0 s; peak memory 721 MiB.
2026-10-02T13:29:35Z INFO [3768/5769] d5236049-9b36-437d-95ac-7c75c5fc4ae4: attributed to 000946; 0.1 s; peak memory 721 MiB.
2026-10-02T13:29:35Z INFO [3769/5769] d5263284-4376-4757-832b-1dffba4f99af: attributed to 000946; 0.1 s; peak memory 721 MiB.
2026-10-02T13:29:35Z INFO [3770/5769] d52ab8be-ad5a-4c3e-92ec-8fdf13ede150: attributed to 001697; 0.0 s; peak memory 721 MiB.
2026-10-02T13:29:35Z INFO [3771/5769] d52ad549-a19f-43dd-82bc-e872c6f75b0d: attributed to 001697; 0.0 s; peak memory 721 MiB.
2026-10-02T13:29:35Z INFO [3772/5769] d52d89b0-ca7d-48d9-a617-e030be6b3abc: attributed to 001697; 0.3 s; peak memory 721 MiB.
2026-10-02T13:29:35Z INFO [3773/5769] d530c35a-78ba-479e-aa57-35740507109b: attributed to 000570; 0.0 s; peak memory 721 MiB.
2026-10-02T13:29:35Z INFO [3774/5769] d534d40c-a0e5-4522-9102-3c638faa0e5b: attributed to 000142; 0.0 s; peak memory 721 MiB.
2026-10-02T13:29:35Z INFO [3775/5769] d53c4364-4afd-436a-86b5-b050d573665e: attributed to 001697; 0.0 s; peak memory 721 MiB.
2026-10-02T13:29:35Z INFO [3776/5769] d54d5674-7a20-4ded-bc0b-c59fa9df0aa2: attributed to 001697; 0.0 s; peak memory 721 MiB.
2026-10-02T13:29:35Z INFO [3777/5769] d54db670-be83-4c59-b483-953c0537b526: attributed to 000108; 0.1 s; peak memory 721 MiB.
2026-10-02T13:29:36Z INFO [3778/5769] d54dd21f-a090-4392-b896-4a958e66bc6b: attributed to 000026; 0.1 s; peak memory 721 MiB.
2026-10-02T13:29:36Z INFO [3779/5769] d5508539-38d4-4ccb-873f-12a332eb5144: attributed to 000026; 0.1 s; peak memory 721 MiB.
2026-10-02T13:29:36Z INFO [3780/5769] d559625d-b078-442a-a2c1-6578b7a2b8dc: attributed to 001697; 0.3 s; peak memory 721 MiB.
2026-10-02T13:29:36Z INFO [3781/5769] d55aeb10-69a5-42ae-976d-f097d23e8e79: attributed to 001697; 0.3 s; peak memory 721 MiB.
2026-10-02T13:29:36Z INFO [3782/5769] d55e3f07-1fcf-4e4a-adad-205ad3aa59e6: attributed to 000109; 0.0 s; peak memory 721 MiB.
2026-10-02T13:29:36Z INFO [3783/5769] d5624175-386c-4da9-8255-287b22a1a189: attributed to 001697; 0.0 s; peak memory 721 MiB.
2026-10-02T13:29:37Z INFO [3784/5769] d563ace6-56a0-4e05-9f5d-16db61e489f8: attributed to 001697; 0.4 s; peak memory 721 MiB.
2026-10-02T13:29:37Z INFO [3785/5769] d564608d-2215-47b9-8b49-86801ba90969: attributed to 000946; 0.1 s; peak memory 721 MiB.
2026-10-02T13:29:37Z INFO [3786/5769] d56e22df-d1de-4c0b-9523-297f7ba70fc2: attributed to 001697; 0.0 s; peak memory 721 MiB.
2026-10-02T13:29:37Z INFO [3787/5769] d573b132-6178-4ad7-a572-1dd30b975790: attributed to 001449; 0.1 s; peak memory 721 MiB.
2026-10-02T13:29:37Z INFO [3788/5769] d5807091-8dbf-47ab-ba9d-91e966825792: attributed to 001697; 0.3 s; peak memory 721 MiB.
2026-10-02T13:29:37Z INFO [3789/5769] d58100a4-96a1-4708-b38c-9f6d9d931704: attributed to 001697; 0.3 s; peak memory 721 MiB.
2026-10-02T13:29:38Z INFO [3790/5769] d5815c0b-4550-4658-8ac2-709253977c8a: attributed to 001697; 0.3 s; peak memory 721 MiB.
2026-10-02T13:29:38Z INFO [3791/5769] d584ab8c-6326-467c-87a2-9c20c7a43b59: attributed to 001697; 0.0 s; peak memory 721 MiB.
2026-10-02T13:29:38Z INFO [3792/5769] d5961451-befc-4b22-97f6-ff4dfd0a9657: attributed to 000946; 0.1 s; peak memory 721 MiB.
2026-10-02T13:29:38Z INFO [3793/5769] d59aa3eb-d838-4a7e-b737-e8a810b2afc6: attributed to 000026; 0.1 s; peak memory 721 MiB.
2026-10-02T13:29:38Z INFO [3794/5769] d5a73af9-2eb3-4183-ac65-8d2f90bb1f09: attributed to 000026; 0.1 s; peak memory 721 MiB.
2026-10-02T13:29:38Z INFO [3795/5769] d5aa07be-9e14-452f-afbf-65d46ebcba4a: attributed to 000142; 0.0 s; peak memory 721 MiB.
2026-10-02T13:29:38Z INFO [3796/5769] d5ad6762-6829-40d0-a67f-52bc3a94b1e2: attributed to 000026; 0.1 s; peak memory 721 MiB.
2026-10-02T13:29:39Z INFO [3797/5769] d5cc0285-8fdf-40a4-ba14-cfaced58188a: attributed to 001697; 0.3 s; peak memory 721 MiB.
2026-10-02T13:29:39Z INFO [3798/5769] d5cfe8af-adcc-4990-bbfd-11985873b4e1: attributed to 001697; 0.0 s; peak memory 721 MiB.
2026-10-02T13:29:39Z INFO [3799/5769] d5e0be6b-459f-4381-ab63-3f85c61835a3: attributed to 000570; 0.0 s; peak memory 721 MiB.
2026-10-02T13:29:39Z INFO [3800/5769] d5e284fa-1b4b-4316-9fd0-912d803e4f1a: attributed to 001697; 0.3 s; peak memory 721 MiB.
2026-10-02T13:29:40Z INFO [3800/5769] d5e284fa-1b4b-4316-9fd0-912d803e4f1a: checkpointed 506560 records.
2026-10-02T13:29:40Z INFO [3801/5769] d5e50a36-f04b-457c-bcbb-03441ac29d69: attributed to 000026; 0.1 s; peak memory 721 MiB.
2026-10-02T13:29:40Z INFO [3802/5769] d5e722dc-c392-4a4a-9336-18fbc0cffb81: attributed to 000142; 0.0 s; peak memory 721 MiB.
2026-10-02T13:29:40Z INFO [3803/5769] d5e9a5ce-6ec4-42d6-a89d-4cdccbbc230c: attributed to 000026; 0.1 s; peak memory 721 MiB.
2026-10-02T13:29:40Z INFO [3804/5769] d5eecbc6-9ede-4590-a8cd-0449a7bf8b31: attributed to 000231; 0.2 s; peak memory 721 MiB.
2026-10-02T13:29:40Z INFO [3805/5769] d5ef9837-fa6b-4093-8eb4-1189b7e7ca90: attributed to 000142; 0.0 s; peak memory 721 MiB.
2026-10-02T13:29:40Z INFO [3806/5769] d5f9266e-89cf-47e8-9b85-91fc9e31ce06: attributed to 000142; 0.0 s; peak memory 721 MiB.
2026-10-02T13:29:40Z INFO [3807/5769] d5fdee89-a238-49c2-9bb3-bdf783416c01: attributed to 000403; 0.0 s; peak memory 721 MiB.
2026-10-02T13:29:40Z INFO [3808/5769] d606796b-88b8-4620-ae35-52c0ef598330: attributed to 000946; 0.1 s; peak memory 721 MiB.
2026-10-02T13:29:40Z INFO [3809/5769] d607cbef-916f-449f-9e36-43507a9e45b0: attributed to 000946; 0.1 s; peak memory 721 MiB.
2026-10-02T13:29:41Z INFO [3810/5769] d607eb1b-726d-45a6-99ae-6e844fe52350: attributed to 001697; 0.3 s; peak memory 721 MiB.
2026-10-02T13:29:41Z INFO [3811/5769] d60d1e4f-7778-440e-8068-f4b7d1df6181: attributed to 000026; 0.1 s; peak memory 721 MiB.
2026-10-02T13:29:41Z INFO [3812/5769] d614ae1c-52e3-4764-bd9b-908db9c8daa7: attributed to 001697; 0.0 s; peak memory 721 MiB.
2026-10-02T13:29:41Z INFO [3813/5769] d617f7ac-1750-465a-86cb-1b5814c3b247: attributed to 001697; 0.0 s; peak memory 721 MiB.
2026-10-02T13:29:41Z INFO [3814/5769] d61acf76-255e-40aa-8096-48fc352b7ccf: attributed to 000026; 0.1 s; peak memory 721 MiB.
2026-10-02T13:29:41Z INFO [3815/5769] d61effc5-fa55-4e1b-85a0-9e73f53783ad: attributed to 001697; 0.0 s; peak memory 721 MiB.
2026-10-02T13:29:41Z INFO [3816/5769] d627af01-b6f1-4cf7-a68e-be1b88a7392c: attributed to 001449; 0.1 s; peak memory 721 MiB.
2026-10-02T13:29:41Z INFO [3817/5769] d62b37ef-e635-4db2-855a-bbd8cf6d166c: attributed to 001697; 0.3 s; peak memory 721 MiB.
2026-10-02T13:29:42Z INFO [3818/5769] d63411b5-3fbf-4579-bc7f-0f95f51bcfb2: attributed to 001697; 0.3 s; peak memory 721 MiB.
2026-10-02T13:29:42Z INFO [3819/5769] d6344887-965b-4946-93fd-8e0f8cbcc5c7: attributed to 000026; 0.1 s; peak memory 721 MiB.
2026-10-02T13:29:42Z INFO [3820/5769] d63487c9-af9f-464f-b462-93287260d692: attributed to 001063; 0.1 s; peak memory 721 MiB.
2026-10-02T13:29:42Z INFO [3821/5769] d636bcec-69b2-4105-8f69-554503ac1a6e: attributed to 000570; 0.0 s; peak memory 721 MiB.
2026-10-02T13:29:42Z INFO [3822/5769] d63930c2-393e-4369-b348-0ef059ab839c: attributed to 001697; 0.3 s; peak memory 721 MiB.
2026-10-02T13:29:42Z INFO [3823/5769] d639a383-801a-4555-89ff-122af1b697ba: attributed to 001697; 0.3 s; peak memory 721 MiB.
2026-10-02T13:29:43Z INFO [3824/5769] d63b3faa-a09b-4580-a993-762beca359a3: attributed to 001697; 0.3 s; peak memory 721 MiB.
2026-10-02T13:29:43Z INFO [3825/5769] d6472923-bb8e-4a5e-a58c-01522e7a2c3f: attributed to 001697; 0.0 s; peak memory 721 MiB.
2026-10-02T13:29:43Z INFO [3826/5769] d64c3cf1-65d4-4713-9eef-c6e606134db3: attributed to 001697; 0.0 s; peak memory 721 MiB.
2026-10-02T13:29:43Z INFO [3827/5769] d655e458-b00c-4b10-9a85-4273d2d34ab1: attributed to 001697; 0.3 s; peak memory 721 MiB.
2026-10-02T13:29:43Z INFO [3828/5769] d656a2af-b852-4ed2-8257-09d5e7461b50: attributed to 001697; 0.3 s; peak memory 721 MiB.
2026-10-02T13:29:44Z INFO [3829/5769] d656c67b-737e-4857-89d1-0274fbee2135: attributed to 001697; 0.3 s; peak memory 721 MiB.
2026-10-02T13:29:44Z INFO [3830/5769] d6592209-c6b8-46b6-bc76-f4b2109a7afe: attributed to 000026; 0.1 s; peak memory 721 MiB.
2026-10-02T13:29:44Z INFO [3831/5769] d65fd18a-346e-46a1-a83b-61536503b4a3: attributed to 001697; 0.0 s; peak memory 721 MiB.
2026-10-02T13:29:44Z INFO [3832/5769] d666308c-5d53-41f7-81a2-b351a8b7868b: attributed to 001697; 0.0 s; peak memory 721 MiB.
2026-10-02T13:29:44Z INFO [3833/5769] d667b679-a223-43fc-a130-5b3570551f58: attributed to 001697; 0.0 s; peak memory 721 MiB.
2026-10-02T13:29:44Z INFO [3834/5769] d66aabf1-08e3-4d6a-ac58-ff29c3488388: attributed to 000571; 0.1 s; peak memory 721 MiB.
2026-10-02T13:29:44Z INFO [3835/5769] d6718fc9-0d6e-4ec0-9f5e-2d2979120167: attributed to 001697; 0.3 s; peak memory 721 MiB.
2026-10-02T13:29:44Z INFO [3836/5769] d67c1dc9-57d0-4498-950a-746981e1d154: attributed to 001697; 0.3 s; peak memory 721 MiB.
2026-10-02T13:29:44Z INFO [3837/5769] d67cae1d-2427-4a89-b968-29e59aaae2ff: attributed to 001697; 0.0 s; peak memory 721 MiB.
2026-10-02T13:29:45Z INFO [3838/5769] d67ccbc5-bb28-4cf5-80e3-cca5170506b3: attributed to 000559; 0.1 s; peak memory 721 MiB.
2026-10-02T13:29:45Z INFO [3839/5769] d67eddbf-52b6-4ba6-ba0d-86a36b348f4a: attributed to 001449; 0.1 s; peak memory 721 MiB.
2026-10-02T13:29:45Z INFO [3840/5769] d6878acb-55d4-49af-b45f-4d0626f35ce3: attributed to 000026; 0.1 s; peak memory 721 MiB.
2026-10-02T13:29:45Z INFO [3841/5769] d6a4c558-d5ca-4fc5-be16-1369fd724407: attributed to 001697; 0.0 s; peak memory 721 MiB.
2026-10-02T13:29:45Z INFO [3842/5769] d6a57d93-7942-400c-b61c-9fd791b4ab19: attributed to 000026; 0.1 s; peak memory 721 MiB.
2026-10-02T13:29:45Z INFO [3843/5769] d6abae91-9971-43db-8dc4-59a681c58148: attributed to 001697; 0.3 s; peak memory 721 MiB.
2026-10-02T13:29:45Z INFO [3844/5769] d6be389f-278c-462b-b0ad-ae2031cbb87c: attributed to 000946; 0.1 s; peak memory 721 MiB.
2026-10-02T13:29:46Z INFO [3845/5769] d6d12c52-5bc7-4df6-8923-43e02cb1e56c: attributed to 001697; 0.4 s; peak memory 721 MiB.
2026-10-02T13:29:46Z INFO [3846/5769] d6d2cf4f-781d-434e-b930-cc00f46cdbb8: attributed to 001697; 0.3 s; peak memory 721 MiB.
2026-10-02T13:29:46Z INFO [3847/5769] d6dffb08-4f8f-41e9-a3c3-a015d7ec01f6: attributed to 001697; 0.0 s; peak memory 721 MiB.
2026-10-02T13:29:46Z INFO [3848/5769] d6e451fa-c80a-4984-a152-87441f1434ee: attributed to 000026; 0.1 s; peak memory 721 MiB.
2026-10-02T13:29:46Z INFO [3849/5769] d6e88fb4-7ace-44ad-8340-1714c886b97d: attributed to 001697; 0.3 s; peak memory 721 MiB.
2026-10-02T13:29:49Z INFO [3850/5769] d6f142a3-bbf8-430a-a571-1a356a4c77ad: attributed to 000403; 2.4 s; peak memory 721 MiB.
2026-10-02T13:29:50Z INFO [3850/5769] d6f142a3-bbf8-430a-a571-1a356a4c77ad: checkpointed 506560 records.
2026-10-02T13:29:50Z INFO [3851/5769] d7042eb8-77fc-44e3-b1db-97840d3d3d6a: attributed to 001697; 0.3 s; peak memory 721 MiB.
2026-10-02T13:29:50Z INFO [3852/5769] d704316c-6834-4e93-99d5-8870f50a14b2: attributed to 001697; 0.3 s; peak memory 721 MiB.
2026-10-02T13:29:51Z INFO [3853/5769] d70cf8cb-298a-4cc3-8cb9-8ac7f87989b7: attributed to 001697; 0.9 s; peak memory 721 MiB.
2026-10-02T13:29:52Z INFO [3854/5769] d7112a8c-b301-4f37-8d6f-d005bfd1185c: attributed to 001697; 0.3 s; peak memory 721 MiB.
2026-10-02T13:29:52Z INFO [3855/5769] d7135c67-5eca-4cd7-a40f-2e708ab1ea17: attributed to 000026; 0.1 s; peak memory 721 MiB.
2026-10-02T13:29:52Z INFO [3856/5769] d717ac30-1b1f-413f-bea7-8b22a510636b: attributed to 001697; 0.0 s; peak memory 721 MiB.
2026-10-02T13:29:52Z INFO [3857/5769] d71c329f-b8a9-41dd-9ff0-da51a035ce98: attributed to 001697; 0.0 s; peak memory 721 MiB.
2026-10-02T13:29:52Z INFO [3858/5769] d72b2992-1f65-4087-b23a-9d98af0c3082: attributed to 001697; 0.5 s; peak memory 721 MiB.
2026-10-02T13:29:52Z INFO [3859/5769] d72c1608-6aeb-4da5-b28a-40392317e470: attributed to 001449; 0.3 s; peak memory 721 MiB.
2026-10-02T13:29:52Z INFO [3860/5769] d738c6e5-583e-4b48-96ff-75b480d907e2: attributed to 001697; 0.0 s; peak memory 721 MiB.
2026-10-02T13:29:52Z INFO [3861/5769] d73cffee-9267-48a9-a568-821c64d7df10: attributed to 000109; 0.0 s; peak memory 721 MiB.
2026-10-02T13:29:53Z INFO [3862/5769] d74afe3c-3d84-4869-a6f6-6c965d90f158: attributed to 000026; 0.1 s; peak memory 721 MiB.
2026-10-02T13:29:53Z INFO [3863/5769] d74caaf9-2d38-41b5-a73f-7a35ff669dfc: attributed to 001449; 0.1 s; peak memory 721 MiB.
2026-10-02T13:29:53Z INFO [3864/5769] d74f2d1d-5adf-4e37-aaca-5cc7925e69bb: attributed to 001697; 0.0 s; peak memory 721 MiB.
2026-10-02T13:29:53Z INFO [3865/5769] d75262d4-6ab5-4dd3-ac00-c1030eb2f0d1: attributed to 001697; 0.4 s; peak memory 721 MiB.
2026-10-02T13:29:53Z INFO [3866/5769] d75309a2-ab16-45de-9d82-c7ed2ffd265b: attributed to 000026; 0.1 s; peak memory 721 MiB.
2026-10-02T13:29:53Z INFO [3867/5769] d755798c-cf1c-4140-8e07-79df79dadc20: attributed to 000946; 0.1 s; peak memory 721 MiB.
2026-10-02T13:29:54Z INFO [3868/5769] d7569b14-7e61-473a-b568-c978e80aa4f9: attributed to 001697; 0.3 s; peak memory 721 MiB.
2026-10-02T13:29:54Z INFO [3869/5769] d75b74df-4895-459b-9a5b-f0ed74a6ead2: attributed to 001449; 0.1 s; peak memory 721 MiB.
2026-10-02T13:29:54Z INFO [3870/5769] d75d507d-aacd-4f6e-8b26-67c6144f20fa: attributed to 000026; 0.1 s; peak memory 721 MiB.
2026-10-02T13:29:54Z INFO [3871/5769] d7604064-6e98-4424-a14c-4405786f77a5: attributed to 001697; 0.6 s; peak memory 721 MiB.
2026-10-02T13:29:54Z INFO [3872/5769] d77258a2-5772-461c-b22f-f3c40937b7f4: attributed to 001372; 0.1 s; peak memory 721 MiB.
2026-10-02T13:29:54Z INFO [3873/5769] d777a894-4b2e-46b7-b71a-090fe7a4a6e5: attributed to 001697; 0.0 s; peak memory 721 MiB.
2026-10-02T13:29:55Z INFO [3874/5769] d77af7e1-4e43-496a-bd83-b58980a77547: attributed to 001697; 0.5 s; peak memory 721 MiB.
2026-10-02T13:29:55Z INFO [3875/5769] d78a9a58-c9f9-4593-bfa0-cae12373a6a2: attributed to 000026; 0.1 s; peak memory 721 MiB.
2026-10-02T13:29:55Z INFO [3876/5769] d790d17d-c91a-400a-aa50-c46fcc93231a: attributed to 001697; 0.0 s; peak memory 721 MiB.
2026-10-02T13:29:55Z INFO [3877/5769] d795bb16-8b34-4920-83a6-7583ee94ac00: attributed to 001697; 0.0 s; peak memory 721 MiB.
2026-10-02T13:29:55Z INFO [3878/5769] d796a15b-d618-4c12-9f71-a5d10afab8eb: attributed to 001697; 0.3 s; peak memory 721 MiB.
2026-10-02T13:29:56Z INFO [3879/5769] d79877d0-67cd-4a6d-8a04-ca4b4ee02c46: attributed to 000026; 0.4 s; peak memory 721 MiB.
2026-10-02T13:29:56Z INFO [3880/5769] d79a51f5-6e53-4a9f-a944-c0ef9d32b04a: attributed to 000026; 0.1 s; peak memory 721 MiB.
2026-10-02T13:29:56Z INFO [3881/5769] d7a223ac-f23c-4b1a-b15a-c1123ed6d9ab: attributed to 001697; 0.0 s; peak memory 721 MiB.
2026-10-02T13:29:56Z INFO [3882/5769] d7a74143-e586-4d23-bd19-8307cecf2216: attributed to 001697; 0.3 s; peak memory 721 MiB.
2026-10-02T13:29:56Z INFO [3883/5769] d7aac6f6-491d-4653-81a3-e5e692d9bb25: attributed to 001697; 0.3 s; peak memory 721 MiB.
2026-10-02T13:29:56Z INFO [3884/5769] d7b38752-71fe-4be1-afcf-f24d043002e1: attributed to 001697; 0.0 s; peak memory 721 MiB.
2026-10-02T13:29:56Z INFO [3885/5769] d7bf2342-bd56-47a3-943b-25ae137bbb9c: attributed to 001697; 0.0 s; peak memory 721 MiB.
2026-10-02T13:29:57Z INFO [3886/5769] d7c32c58-278c-499f-a639-0bf5c1d250a3: attributed to 001697; 0.3 s; peak memory 721 MiB.
2026-10-02T13:29:57Z INFO [3887/5769] d7ca3caf-5046-4cad-aab3-a3d800c05639: attributed to 000946; 0.1 s; peak memory 721 MiB.
2026-10-02T13:29:57Z INFO [3888/5769] d7cab4c7-2bd9-40fc-b6d5-276c6b11d8a1: attributed to 001697; 0.0 s; peak memory 721 MiB.
2026-10-02T13:29:57Z INFO [3889/5769] d7d704c6-534b-4720-9e1b-caf42ec40afb: attributed to 001697; 0.0 s; peak memory 721 MiB.
2026-10-02T13:29:57Z INFO [3890/5769] d7d83846-dff8-4399-952b-07db41086c24: attributed to 000946; 0.1 s; peak memory 721 MiB.
2026-10-02T13:29:58Z INFO [3891/5769] d7d8fed9-86ea-4c1b-90d8-8ea46e030404: attributed to 001697; 1.0 s; peak memory 721 MiB.
2026-10-02T13:29:58Z INFO [3892/5769] d7dc8edb-1888-4c18-b641-216fb217d520: attributed to 001697; 0.0 s; peak memory 721 MiB.
2026-10-02T13:29:58Z INFO [3893/5769] d7dd1046-1e8f-44c6-b88e-a8b86ba197c5: attributed to 001697; 0.3 s; peak memory 721 MiB.
2026-10-02T13:29:58Z INFO [3894/5769] d7ed1ed6-32cb-4a9b-b57b-5caf16f3e5c7: attributed to 001697; 0.0 s; peak memory 721 MiB.
2026-10-02T13:29:59Z INFO [3895/5769] d7f2e4ef-f6a8-4f3d-91b9-e7215b161a58: attributed to 000026; 0.5 s; peak memory 721 MiB.
2026-10-02T13:29:59Z INFO [3896/5769] d7f3b9a6-7f06-4c7b-921c-7fbc6242fdc6: attributed to 000026; 0.1 s; peak memory 721 MiB.
2026-10-02T13:29:59Z INFO [3897/5769] d7f3bdc6-8eb2-498a-8cc5-ddf0dc36ff9c: attributed to 001697; 0.4 s; peak memory 721 MiB.
2026-10-02T13:30:00Z INFO [3898/5769] d7fb7d95-dba7-4d30-a6a4-3a423dc11529: attributed to 001697; 0.3 s; peak memory 721 MiB.
2026-10-02T13:30:00Z INFO [3899/5769] d7fc2b41-a695-4cfb-88fe-7d340bb0b75d: attributed to 001697; 0.0 s; peak memory 721 MiB.
2026-10-02T13:30:00Z INFO [3900/5769] d7ffdae1-d579-4740-8d81-073e2d2e02c5: attributed to 000026; 0.2 s; peak memory 721 MiB.
2026-10-02T13:30:01Z INFO [3900/5769] d7ffdae1-d579-4740-8d81-073e2d2e02c5: checkpointed 506560 records.
2026-10-02T13:30:01Z INFO [3901/5769] d80bac81-bb0e-4627-a9e2-ebef3b268f79: attributed to 001697; 0.3 s; peak memory 721 MiB.
2026-10-02T13:30:02Z INFO [3902/5769] d8107676-e2f4-457f-a358-d5a9cb05fa2d: attributed to 001697; 0.4 s; peak memory 721 MiB.
2026-10-02T13:30:02Z INFO [3903/5769] d8149277-8018-46e1-ac05-ea98affa5c70: attributed to 000026; 0.1 s; peak memory 721 MiB.
2026-10-02T13:30:02Z INFO [3904/5769] d81652f8-5ea5-456c-ad4c-811a21f8251a: attributed to 000209; 0.0 s; peak memory 721 MiB.
2026-10-02T13:30:02Z INFO [3905/5769] d8183453-e68f-40d2-a2c2-be36acd657b4: attributed to 001697; 0.0 s; peak memory 721 MiB.
2026-10-02T13:30:02Z INFO [3906/5769] d81e59bc-392c-455a-b8ab-900fc6328cf6: attributed to 001437; 0.1 s; peak memory 721 MiB.
2026-10-02T13:30:02Z INFO [3907/5769] d8228b90-8da6-4faf-aa39-91b9911ca713: attributed to 001697; 0.0 s; peak memory 721 MiB.
2026-10-02T13:30:02Z INFO [3908/5769] d825ad1e-7a1b-40d3-9d90-b2546b9a80ed: attributed to 000026; 0.1 s; peak memory 721 MiB.
2026-10-02T13:30:02Z INFO [3909/5769] d82c635f-f35f-4272-9650-de018c2695b9: attributed to 000026; 0.2 s; peak memory 721 MiB.
2026-10-02T13:30:02Z INFO [3910/5769] d82e07ce-57a3-4175-869f-fb6af8a683c5: attributed to 001063; 0.1 s; peak memory 721 MiB.
2026-10-02T13:30:02Z INFO [3911/5769] d838c3f6-1861-4a33-aab3-f92b9edae089: attributed to 000026; 0.1 s; peak memory 721 MiB.
2026-10-02T13:30:03Z INFO [3912/5769] d83a6868-66e2-4f61-89b0-9cf5dfc25760: attributed to 001697; 0.5 s; peak memory 721 MiB.
2026-10-02T13:30:03Z INFO [3913/5769] d83c70df-a1e6-4a58-81c5-416bd5d40c72: attributed to 001697; 0.0 s; peak memory 721 MiB.
2026-10-02T13:30:03Z INFO [3914/5769] d8481394-5b3e-4d1b-aedd-0f9e041512b5: attributed to 000026; 0.2 s; peak memory 721 MiB.
2026-10-02T13:30:03Z INFO [3915/5769] d84a094f-ce3c-45b6-a3e4-36d0eb913b62: attributed to 001697; 0.0 s; peak memory 721 MiB.
2026-10-02T13:30:03Z INFO [3916/5769] d84b183f-45b5-42e5-8ba1-309db019934a: attributed to 000293; 0.0 s; peak memory 721 MiB.
2026-10-02T13:30:03Z INFO [3917/5769] d84b298b-998c-4fcf-8809-2c374af7b639: attributed to 000946; 0.1 s; peak memory 721 MiB.
2026-10-02T13:30:03Z INFO [3918/5769] d84bf7e7-c144-4e9b-8749-1a5e5d8a8f8f: attributed to 001697; 0.0 s; peak memory 721 MiB.
2026-10-02T13:30:03Z INFO [3919/5769] d85d2f62-cc89-48b0-aa9c-d8b3894b85a9: attributed to 000173; 0.1 s; peak memory 721 MiB.
2026-10-02T13:30:03Z INFO [3920/5769] d868292a-5136-4cca-8355-976e768d0d87: attributed to 000026; 0.1 s; peak memory 721 MiB.
2026-10-02T13:30:03Z INFO [3921/5769] d86878ec-3106-42b1-b612-0d29dfc66896: attributed to 000026; 0.1 s; peak memory 721 MiB.
2026-10-02T13:30:04Z INFO [3922/5769] d86e8846-431c-40ad-a98b-ae4a4e13de9f: attributed to 000026; 0.2 s; peak memory 721 MiB.
2026-10-02T13:30:04Z INFO [3923/5769] d877b753-f218-4c37-87f7-cc81e4aee973: attributed to 000946; 0.1 s; peak memory 721 MiB.
2026-10-02T13:30:04Z INFO [3924/5769] d890f24e-773c-442a-b0b4-cb624f89eff0: attributed to 001697; 0.3 s; peak memory 721 MiB.
2026-10-02T13:30:04Z INFO [3925/5769] d89d27d3-ec66-4323-a92b-700ed1fb7a9a: attributed to 000026; 0.1 s; peak memory 721 MiB.
2026-10-02T13:30:04Z INFO [3926/5769] d8a34f6c-65a3-4c27-9d2a-c06d1c07ea11: attributed to 001697; 0.0 s; peak memory 721 MiB.
2026-10-02T13:30:04Z INFO [3927/5769] d8b63956-d1a5-43d2-b131-0547076ae931: attributed to 001697; 0.0 s; peak memory 721 MiB.
2026-10-02T13:30:04Z INFO [3928/5769] d8b74430-5f67-4add-b3aa-27dd019f36be: attributed to 000142; 0.0 s; peak memory 721 MiB.
2026-10-02T13:30:04Z INFO [3929/5769] d8bb132f-b299-4715-baa0-d3abbeed21f8: attributed to 000142; 0.0 s; peak memory 721 MiB.
2026-10-02T13:30:04Z INFO [3930/5769] d8bda6ae-fc7c-4246-967a-d7512e2e235b: attributed to 000026; 0.2 s; peak memory 721 MiB.
2026-10-02T13:30:04Z INFO [3931/5769] d8c8f79b-c5f4-478a-bba2-02a1e97b5844: attributed to 001697; 0.0 s; peak memory 721 MiB.
2026-10-02T13:30:04Z INFO [3932/5769] d8cd0412-897d-450b-b648-61f24edd31c9: attributed to 000946; 0.1 s; peak memory 721 MiB.
2026-10-02T13:30:04Z INFO [3933/5769] d8ce437a-9e63-419d-a3ac-4a81775e23d2: attributed to 000570; 0.0 s; peak memory 721 MiB.
2026-10-02T13:30:04Z INFO [3934/5769] d8cfcd4e-0294-4736-8d1a-ea4410ca9954: attributed to 001697; 0.0 s; peak memory 721 MiB.
2026-10-02T13:30:06Z INFO [3935/5769] d8db94b7-2207-4993-bdf5-18b1e074bebd: attributed to 001346; 1.5 s; peak memory 721 MiB.
2026-10-02T13:30:06Z INFO [3936/5769] d8e56a73-2c0c-4ccb-9f94-b5b4398d83ff: attributed to 000946; 0.1 s; peak memory 721 MiB.
2026-10-02T13:30:06Z INFO [3937/5769] d8e86f31-8c84-4c0b-86f6-594f91defcc4: attributed to 001697; 0.0 s; peak memory 721 MiB.
2026-10-02T13:30:06Z INFO [3938/5769] d8e9a75e-bbf7-48ff-bf48-355cf2d59d55: attributed to 001697; 0.0 s; peak memory 721 MiB.
2026-10-02T13:30:06Z INFO [3939/5769] d8f80cab-b404-44ca-8c57-7e6975e3b7f7: attributed to 000026; 0.1 s; peak memory 721 MiB.
2026-10-02T13:30:06Z INFO [3940/5769] d903bf95-7bbe-4f94-88ae-b5a129608061: attributed to 000109; 0.0 s; peak memory 721 MiB.
2026-10-02T13:30:06Z INFO [3941/5769] d9058d70-1d29-4e19-9c9d-0014564c530b: attributed to 001697; 0.0 s; peak memory 721 MiB.
2026-10-02T13:30:06Z INFO [3942/5769] d90abe5f-b915-41bf-9eab-55572640f06f: attributed to 000209; 0.0 s; peak memory 721 MiB.
2026-10-02T13:30:06Z INFO [3943/5769] d90bda4a-c986-423a-90fe-be9219754f7a: attributed to 001510; 0.2 s; peak memory 721 MiB.
2026-10-02T13:30:06Z INFO [3944/5769] d911b918-ae98-41e8-b20c-5b98e671ac23: attributed to 000408; 0.0 s; peak memory 721 MiB.
2026-10-02T13:30:07Z INFO [3945/5769] d91dd10b-7b45-4fa3-8d84-baebe55d3852: attributed to 001697; 0.4 s; peak memory 721 MiB.
2026-10-02T13:30:07Z INFO [3946/5769] d921819f-b9be-4133-9c44-a21780651f5e: attributed to 001697; 0.0 s; peak memory 721 MiB.
2026-10-02T13:30:07Z INFO [3947/5769] d922ef61-8e10-4c7e-ae33-a4dc32e0a51b: attributed to 001697; 0.0 s; peak memory 721 MiB.
2026-10-02T13:30:08Z INFO [3948/5769] d927ba69-b7f3-45b3-8987-fe4dad58db01: attributed to 001697; 1.7 s; peak memory 721 MiB.
2026-10-02T13:30:09Z INFO [3949/5769] d933aa91-aa00-4d09-8460-84c0c07ce111: attributed to 001697; 0.4 s; peak memory 721 MiB.
2026-10-02T13:30:09Z INFO [3950/5769] d9346c7c-e7f8-4e0c-8d25-42f74f546e8c: attributed to 001697; 0.4 s; peak memory 721 MiB.
2026-10-02T13:30:10Z INFO [3950/5769] d9346c7c-e7f8-4e0c-8d25-42f74f546e8c: checkpointed 506560 records.
2026-10-02T13:30:10Z INFO [3951/5769] d9372d99-d322-4591-b6f4-6664a9daed03: attributed to 000570; 0.0 s; peak memory 721 MiB.
2026-10-02T13:30:10Z INFO [3952/5769] d93ea944-9366-4814-a81d-c7c25a286138: attributed to 000026; 0.2 s; peak memory 721 MiB.
2026-10-02T13:30:10Z INFO [3953/5769] d93fa0b3-8a3f-43bd-9fe0-867143a70044: attributed to 001258; 0.0 s; peak memory 721 MiB.
2026-10-02T13:30:11Z INFO [3954/5769] d94be9df-a200-4577-a630-c6f97279fc84: attributed to 001873; 0.4 s; peak memory 721 MiB.
2026-10-02T13:30:11Z INFO [3955/5769] d94dda53-ca59-4856-8ba5-abdd4e925836: attributed to 000026; 0.2 s; peak memory 721 MiB.
2026-10-02T13:30:11Z INFO [3956/5769] d95205d3-a3f2-4834-a6c4-7904c11f6e03: attributed to 001697; 0.0 s; peak memory 721 MiB.
2026-10-02T13:30:12Z INFO [3957/5769] d95c7b8d-4d59-4703-9119-35549cc43692: attributed to 001873; 0.6 s; peak memory 721 MiB.
2026-10-02T13:30:12Z INFO [3958/5769] d96214cc-9526-4b23-ae46-e176481dc8f4: attributed to 000173; 0.1 s; peak memory 721 MiB.
2026-10-02T13:30:12Z INFO [3959/5769] d9664238-2035-45c3-b1a5-7639a877da1b: attributed to 001697; 0.3 s; peak memory 721 MiB.
2026-10-02T13:30:12Z INFO [3960/5769] d967dc9f-fbc0-4f61-aab5-10d33f1fbd2a: attributed to 001697; 0.0 s; peak memory 721 MiB.
2026-10-02T13:30:12Z INFO [3961/5769] d967ff23-8b3a-45cb-a4c6-0dda1c6b33f0: attributed to 001697; 0.3 s; peak memory 721 MiB.
2026-10-02T13:30:13Z INFO [3962/5769] d968f22b-90e1-4bac-84b2-01b11a75f7e9: attributed to 001697; 0.3 s; peak memory 721 MiB.
2026-10-02T13:30:13Z INFO [3963/5769] d9692849-9763-4915-a226-3bdb618fe94a: attributed to 001697; 0.5 s; peak memory 721 MiB.
2026-10-02T13:30:13Z INFO [3964/5769] d9694d45-f988-4241-b56e-828a441e45e9: attributed to 000026; 0.1 s; peak memory 721 MiB.
2026-10-02T13:30:13Z INFO [3965/5769] d96b31b4-5dc0-4b50-91e2-bd2b48c62b03: attributed to 000142; 0.0 s; peak memory 721 MiB.
2026-10-02T13:30:13Z INFO [3966/5769] d97068da-6e8a-4dd1-8342-df58e0190a4c: attributed to 001697; 0.0 s; peak memory 721 MiB.
2026-10-02T13:30:13Z INFO [3967/5769] d971934e-21f9-42d2-8672-61c2fc03b675: attributed to 001697; 0.0 s; peak memory 721 MiB.
2026-10-02T13:30:14Z INFO [3968/5769] d976a250-cb57-4a94-bf29-de586c377ec3: attributed to 000026; 0.3 s; peak memory 721 MiB.
2026-10-02T13:30:14Z INFO [3969/5769] d979cb6e-2ff3-4339-b400-c5586f1ac72a: attributed to 001063; 0.1 s; peak memory 721 MiB.
2026-10-02T13:30:14Z INFO [3970/5769] d979e3b2-6b82-450b-ba4b-5436d0164d0e: attributed to 001697; 0.0 s; peak memory 721 MiB.
2026-10-02T13:30:14Z INFO [3971/5769] d97fbfcd-2ac1-4283-a7da-e86287b68edb: attributed to 001697; 0.0 s; peak memory 721 MiB.
2026-10-02T13:30:14Z INFO [3972/5769] d989bb74-d815-4fe6-af38-f64dd34b7bf7: attributed to 000570; 0.0 s; peak memory 721 MiB.
2026-10-02T13:30:14Z INFO [3973/5769] d99022d9-ab6f-46f8-bd3d-fb6749f15c36: attributed to 001697; 0.0 s; peak memory 721 MiB.
2026-10-02T13:30:14Z INFO [3974/5769] d991401c-37c8-4c98-bbe3-9196ee71356a: attributed to 001697; 0.0 s; peak memory 721 MiB.
2026-10-02T13:30:14Z INFO [3975/5769] d9926a10-a5ca-466e-8e3f-b00b18c00a63: attributed to 000026; 0.2 s; peak memory 721 MiB.
2026-10-02T13:30:14Z INFO [3976/5769] d992b8da-6cb4-4e1e-8c03-f67189accb0d: attributed to 000026; 0.1 s; peak memory 721 MiB.
2026-10-02T13:30:15Z INFO [3977/5769] d994f8e9-08af-4d58-a104-a86fe297a843: attributed to 001697; 0.7 s; peak memory 721 MiB.
2026-10-02T13:30:15Z INFO [3978/5769] d995a2e8-a00f-4996-b3fe-712b0347856c: attributed to 001697; 0.0 s; peak memory 721 MiB.
2026-10-02T13:30:15Z INFO [3979/5769] d9993d36-e9ac-4411-bee3-660ef8b1e042: attributed to 000026; 0.1 s; peak memory 721 MiB.
2026-10-02T13:30:15Z INFO [3980/5769] d99bcc2b-8beb-4ba0-9998-71ae529dcb58: attributed to 000293; 0.0 s; peak memory 721 MiB.
2026-10-02T13:30:15Z INFO [3981/5769] d99c2f61-5e0f-4542-a814-c109b138cba2: attributed to 000293; 0.0 s; peak memory 721 MiB.
2026-10-02T13:30:15Z INFO [3982/5769] d9b13420-b48b-4d15-9804-ca3fc6cd0935: attributed to 001697; 0.5 s; peak memory 721 MiB.
2026-10-02T13:30:15Z INFO [3983/5769] d9b41f2e-ef55-49bc-b5e0-afc3f15cf65f: attributed to 000946; 0.1 s; peak memory 721 MiB.
2026-10-02T13:30:16Z INFO [3984/5769] d9b610af-58e0-4e38-879e-f24a6bb6db90: attributed to 001697; 0.4 s; peak memory 721 MiB.
2026-10-02T13:30:16Z INFO [3985/5769] d9b8ed01-d5a9-48f6-96f7-baa5c0f1e9d3: attributed to 000946; 0.1 s; peak memory 721 MiB.
2026-10-02T13:30:16Z INFO [3986/5769] d9ba24c1-18dd-462d-836d-6cb5f6920b9b: attributed to 000026; 0.1 s; peak memory 721 MiB.
2026-10-02T13:30:16Z INFO [3987/5769] d9c59e0a-9abd-4370-8f5d-6616b5674825: attributed to 001697; 0.0 s; peak memory 721 MiB.
2026-10-02T13:30:16Z INFO [3988/5769] d9c7cd31-99bb-4fb3-9732-fc3de09d2f61: attributed to 001697; 0.5 s; peak memory 721 MiB.
2026-10-02T13:30:17Z INFO [3989/5769] d9c81a24-ab08-49d3-8858-40e338a04922: attributed to 001697; 0.5 s; peak memory 721 MiB.
2026-10-02T13:30:17Z INFO [3990/5769] d9d520e0-6f71-4752-a89e-4d9041340faf: attributed to 001697; 0.0 s; peak memory 721 MiB.
2026-10-02T13:30:17Z INFO [3991/5769] d9d82700-9467-4f96-8418-dee1458f2f64: attributed to 000142; 0.0 s; peak memory 721 MiB.
2026-10-02T13:30:17Z INFO [3992/5769] d9e3b11e-6eca-45a8-a2fb-6a6fc6c2c1a1: attributed to 000403; 0.0 s; peak memory 721 MiB.
2026-10-02T13:30:17Z INFO [3993/5769] d9ef29b3-a52f-42d2-a6f1-17407e35db2b: attributed to 001697; 0.0 s; peak memory 721 MiB.
2026-10-02T13:30:17Z INFO [3994/5769] d9f42972-47f5-4532-af76-8f401f76d273: attributed to 001697; 0.0 s; peak memory 721 MiB.
2026-10-02T13:30:17Z INFO [3995/5769] d9f80f5e-030c-437f-9983-ad256582e876: attributed to 000142; 0.0 s; peak memory 721 MiB.
2026-10-02T13:30:17Z INFO [3996/5769] d9f91da7-ab8a-414e-931d-2e7c0017130c: attributed to 001430; 0.2 s; peak memory 721 MiB.
2026-10-02T13:30:17Z INFO [3997/5769] d9fd2ced-954d-43ac-b915-0e69682e873e: attributed to 001697; 0.0 s; peak memory 721 MiB.
2026-10-02T13:30:17Z INFO [3998/5769] d9febec2-5aec-4924-a81f-301c0103c791: attributed to 000209; 0.0 s; peak memory 721 MiB.
2026-10-02T13:30:18Z INFO [3999/5769] da00e79d-07a2-4f41-9d8c-b7f8a0179a48: attributed to 001697; 0.4 s; peak memory 721 MiB.
2026-10-02T13:30:18Z INFO [4000/5769] da050f23-dd79-4518-8767-616c7939f3f4: attributed to 001697; 0.0 s; peak memory 721 MiB.
2026-10-02T13:30:19Z INFO [4000/5769] da050f23-dd79-4518-8767-616c7939f3f4: checkpointed 506560 records.
2026-10-02T13:30:19Z INFO [4001/5769] da15421e-a931-4eb4-a5e0-9c2f95dfd1df: attributed to 000026; 0.1 s; peak memory 721 MiB.
2026-10-02T13:30:19Z INFO [4002/5769] da1e20f1-42c7-4c27-920c-02b8da745343: attributed to 000946; 0.1 s; peak memory 721 MiB.
2026-10-02T13:30:19Z INFO [4003/5769] da21047e-f47a-4ffa-890b-6bca6a4cc53f: attributed to 000293; 0.0 s; peak memory 721 MiB.
2026-10-02T13:30:19Z INFO [4004/5769] da30d9d9-0132-40bc-b5fd-336de8cb9015: attributed to 001697; 0.0 s; peak memory 721 MiB.
2026-10-02T13:30:19Z INFO [4005/5769] da32b7a6-e5d8-4d4b-86e8-7f7ca7e8c130: attributed to 000026; 0.1 s; peak memory 721 MiB.
2026-10-02T13:30:19Z INFO [4006/5769] da3401c2-efd8-4ded-90bc-150cd1feeefe: attributed to 001697; 0.4 s; peak memory 721 MiB.
2026-10-02T13:30:20Z INFO [4007/5769] da3a0e23-efd0-4333-b1f5-edb7d643d5d2: attributed to 001697; 0.4 s; peak memory 721 MiB.
2026-10-02T13:30:20Z INFO [4008/5769] da3c1fa3-f7a0-49cb-807e-68d92958601e: attributed to 001769; 0.2 s; peak memory 721 MiB.
2026-10-02T13:30:20Z INFO [4009/5769] da3d7688-4a6c-44be-bcbd-c5322544ce07: attributed to 001697; 0.0 s; peak memory 721 MiB.
2026-10-02T13:30:20Z INFO [4010/5769] da40481d-f62f-4dee-a9d6-23341e133d5b: attributed to 001697; 0.0 s; peak memory 721 MiB.
2026-10-02T13:30:20Z INFO [4011/5769] da4d2efa-4ac4-4b50-8cc1-920b20affcb3: attributed to 001697; 0.0 s; peak memory 721 MiB.
2026-10-02T13:30:20Z INFO [4012/5769] da4ee4cb-a0d7-4c4a-b3c3-23f5366c676d: attributed to 001697; 0.3 s; peak memory 721 MiB.
2026-10-02T13:30:20Z INFO [4013/5769] da5655ec-ee05-4df3-9fe0-a9f2ad55ffe8: attributed to 000946; 0.1 s; peak memory 721 MiB.
2026-10-02T13:30:21Z INFO [4014/5769] da5be36c-f8bf-4c1b-972f-91fbe2c3dbcf: attributed to 001697; 0.5 s; peak memory 721 MiB.
2026-10-02T13:30:21Z INFO [4015/5769] da60483e-9e7f-4509-8362-6b399bc605e0: attributed to 001697; 0.5 s; peak memory 721 MiB.
2026-10-02T13:30:21Z INFO [4016/5769] da72638d-1001-4157-820c-40baf4aff9fc: attributed to 001697; 0.0 s; peak memory 721 MiB.
2026-10-02T13:30:22Z INFO [4017/5769] da753651-c32a-4d02-8842-6b7c7d25bde8: attributed to 001697; 0.7 s; peak memory 721 MiB.
2026-10-02T13:30:23Z INFO [4018/5769] da76819d-4344-4073-a7a2-5929e14fbf56: attributed to 001697; 0.6 s; peak memory 721 MiB.
2026-10-02T13:30:23Z INFO [4019/5769] da7c1b30-1717-4223-bb4c-f64e86ab9b5d: attributed to 001063; 0.1 s; peak memory 721 MiB.
2026-10-02T13:30:23Z INFO [4020/5769] da7e4c19-756c-44c9-98aa-53979fb82e46: attributed to 001697; 0.0 s; peak memory 721 MiB.
2026-10-02T13:30:23Z INFO [4021/5769] da854f44-5a61-44eb-8910-00e076548280: attributed to 001697; 0.7 s; peak memory 721 MiB.
2026-10-02T13:30:24Z INFO [4022/5769] da8aec52-bb1f-49db-b16a-912947b70a69: attributed to 001697; 0.3 s; peak memory 721 MiB.
2026-10-02T13:30:24Z INFO [4023/5769] da8de468-bdd8-4f93-9eb3-e9da1e03f98f: attributed to 000026; 0.2 s; peak memory 721 MiB.
2026-10-02T13:30:24Z INFO [4024/5769] da8ede0c-7200-497e-8cc5-a5ecd008ffbb: attributed to 001697; 0.0 s; peak memory 721 MiB.
2026-10-02T13:30:25Z INFO [4025/5769] da9bee0d-27d4-4463-9f26-4fb7b7c11ff7: attributed to 001697; 0.7 s; peak memory 721 MiB.
2026-10-02T13:30:26Z INFO [4026/5769] daa393f7-25f1-49a6-965c-1864ed0d87d4: attributed to 001697; 1.1 s; peak memory 721 MiB.
2026-10-02T13:30:26Z INFO [4027/5769] daa5a823-209c-4569-9b45-80e6e30336a8: attributed to 001697; 0.5 s; peak memory 721 MiB.
2026-10-02T13:30:26Z INFO [4028/5769] daad5691-97f9-418c-aa42-7d4bfaf23fa7: attributed to 001697; 0.3 s; peak memory 721 MiB.
2026-10-02T13:30:26Z INFO [4029/5769] dab0c3e3-2f80-44ca-8f20-2b48d1f759d2: attributed to 000026; 0.1 s; peak memory 721 MiB.
2026-10-02T13:30:27Z INFO [4030/5769] dab40bd9-8f6a-4b57-976c-34afa71663f7: attributed to 000026; 0.1 s; peak memory 721 MiB.
2026-10-02T13:30:27Z INFO [4031/5769] dab87b00-6cc4-4b07-a4bd-4d80505d7372: attributed to 001697; 0.0 s; peak memory 721 MiB.
2026-10-02T13:30:27Z INFO [4032/5769] dac44b06-7053-4991-877d-6bc843b0ed0a: attributed to 001858; 0.0 s; peak memory 721 MiB.
2026-10-02T13:30:27Z INFO [4033/5769] dacb2ffb-d4b6-4b65-8125-3cc55a74e6aa: attributed to 001697; 0.0 s; peak memory 721 MiB.
2026-10-02T13:30:27Z INFO [4034/5769] dad958d7-fa54-44d0-8392-9afc75d30e96: attributed to 000293; 0.0 s; peak memory 721 MiB.
2026-10-02T13:30:27Z INFO [4035/5769] dade768a-763e-4b6f-a7d1-f279aab1bf15: attributed to 000013; 0.0 s; peak memory 721 MiB.
2026-10-02T13:30:27Z INFO [4036/5769] daebf99a-dea5-4fa3-a731-97c68a73edf5: attributed to 001697; 0.0 s; peak memory 721 MiB.
2026-10-02T13:30:27Z INFO [4037/5769] daed57bf-ada3-4124-99c2-97e5e5fe5c87: attributed to 001697; 0.6 s; peak memory 721 MiB.
2026-10-02T13:30:27Z INFO [4038/5769] daf134ac-0a1c-4672-825f-4a3bfe3e8ae5: attributed to 001697; 0.0 s; peak memory 721 MiB.
2026-10-02T13:30:28Z INFO [4039/5769] daf84403-eb9f-428f-b22c-8cef5a0bea56: attributed to 001697; 0.6 s; peak memory 721 MiB.
2026-10-02T13:30:28Z INFO [4040/5769] dafa015c-6abf-4195-8657-63ee8ea0db77: attributed to 000173; 0.1 s; peak memory 721 MiB.
2026-10-02T13:30:31Z INFO [4041/5769] dafd74ea-037f-416a-9c44-dc8e7ac6e064: attributed to 001449; 2.8 s; peak memory 721 MiB.
2026-10-02T13:30:31Z INFO [4042/5769] db0039a7-8311-4299-ae13-7a1a517af6cb: attributed to 000026; 0.2 s; peak memory 721 MiB.
2026-10-02T13:30:31Z INFO [4043/5769] db0fda9d-ba57-464c-bfac-4a467cabb3a4: attributed to 000026; 0.2 s; peak memory 721 MiB.
2026-10-02T13:30:32Z INFO [4044/5769] db103171-61ed-4df9-bf7d-88b8e244e071: attributed to 001697; 0.4 s; peak memory 721 MiB.
2026-10-02T13:30:32Z INFO [4045/5769] db10f18e-041d-4aa4-b2ec-31205da1208b: attributed to 001697; 0.4 s; peak memory 721 MiB.
2026-10-02T13:30:32Z INFO [4046/5769] db1add25-20a3-4bd4-aba2-09776e63cd11: attributed to 001697; 0.0 s; peak memory 721 MiB.
2026-10-02T13:30:32Z INFO [4047/5769] db1deca5-7817-4278-9bc0-28e347212699: attributed to 000026; 0.1 s; peak memory 721 MiB.
2026-10-02T13:30:32Z INFO [4048/5769] db2088c2-5a31-4aac-8db9-b835c0224ca5: attributed to 000946; 0.1 s; peak memory 721 MiB.
2026-10-02T13:30:33Z INFO [4049/5769] db232a1f-fa4b-4342-b2f4-6f51a4fbbda9: attributed to 001697; 0.3 s; peak memory 721 MiB.
2026-10-02T13:30:33Z INFO [4050/5769] db288b4b-5dd6-421e-8cca-b06665fcdc2c: attributed to 001697; 0.4 s; peak memory 721 MiB.
2026-10-02T13:30:34Z INFO [4050/5769] db288b4b-5dd6-421e-8cca-b06665fcdc2c: checkpointed 506560 records.
2026-10-02T13:30:34Z INFO [4051/5769] db2dbbed-0d38-4d7b-8d47-2e2603e15754: attributed to 001697; 0.0 s; peak memory 721 MiB.
2026-10-02T13:30:34Z INFO [4052/5769] db36a457-377b-4992-a7cb-b30a11fc996f: attributed to 001697; 0.3 s; peak memory 721 MiB.
2026-10-02T13:30:34Z INFO [4053/5769] db3f3e1a-d2c7-4928-9bdb-8e150e80040d: attributed to 001697; 0.0 s; peak memory 721 MiB.
2026-10-02T13:30:34Z INFO [4054/5769] db3fe330-0a0f-45c5-9a89-70fce90cbbf6: attributed to 001697; 0.0 s; peak memory 721 MiB.
2026-10-02T13:30:35Z INFO [4055/5769] db410f41-5786-4179-931d-13e23ea00acd: attributed to 001697; 0.4 s; peak memory 721 MiB.
2026-10-02T13:30:35Z INFO [4056/5769] db4da6f0-49b5-41b5-99ee-805d28c801b3: attributed to 001697; 0.0 s; peak memory 721 MiB.
2026-10-02T13:30:35Z INFO [4057/5769] db5443c5-9fa1-43ab-a05d-2bc5aac151fe: attributed to 001697; 0.0 s; peak memory 721 MiB.
2026-10-02T13:30:35Z INFO [4058/5769] db5654a5-6b14-43a7-b86e-c18e280ad813: attributed to 000026; 0.1 s; peak memory 721 MiB.
2026-10-02T13:30:35Z INFO [4059/5769] db56f586-a2b8-4513-9ee3-80d09403fc77: attributed to 001697; 0.3 s; peak memory 721 MiB.
2026-10-02T13:30:35Z INFO [4060/5769] db5725d9-f173-4ee6-9335-09fba5726ab4: attributed to 001697; 0.0 s; peak memory 721 MiB.
2026-10-02T13:30:35Z INFO [4061/5769] db5749a0-04e8-4261-821a-783f1d69bdf6: attributed to 000946; 0.2 s; peak memory 721 MiB.
2026-10-02T13:30:35Z INFO [4062/5769] db5d3ce5-1cd8-4768-a8d7-ce779013b6cf: attributed to 000946; 0.1 s; peak memory 721 MiB.
2026-10-02T13:30:35Z INFO [4063/5769] db600e91-0398-4bfc-912d-0724dbec433e: attributed to 001697; 0.0 s; peak memory 721 MiB.
2026-10-02T13:30:35Z INFO [4064/5769] db64b4ad-2fca-44be-8a46-aa3270b231d7: attributed to 000142; 0.0 s; peak memory 721 MiB.
2026-10-02T13:30:36Z INFO [4065/5769] db73c7c7-b229-4950-b9a0-a7794558b1f3: attributed to 001697; 0.3 s; peak memory 721 MiB.
2026-10-02T13:30:36Z INFO [4066/5769] db74da18-1036-4ca1-b9ef-03f2c1b37693: attributed to 001697; 0.3 s; peak memory 721 MiB.
2026-10-02T13:30:36Z INFO [4067/5769] db868766-dd96-4494-8310-e2c540f2667f: attributed to 000173; 0.1 s; peak memory 721 MiB.
2026-10-02T13:30:37Z INFO [4068/5769] db88d05a-d2a8-4d86-9099-24a27ea21be2: attributed to 001697; 0.3 s; peak memory 721 MiB.
2026-10-02T13:30:37Z INFO [4069/5769] db89a60d-6b3b-439e-9a70-51d3c2388bd9: attributed to 001697; 0.3 s; peak memory 721 MiB.
2026-10-02T13:30:37Z INFO [4070/5769] db9054b9-3adf-4c0f-af6a-2c09f904740b: attributed to 000946; 0.1 s; peak memory 721 MiB.
2026-10-02T13:30:37Z INFO [4071/5769] dba5c56e-12fb-4cf2-a47a-0f943f715bf5: attributed to 000026; 0.1 s; peak memory 721 MiB.
2026-10-02T13:30:37Z INFO [4072/5769] dba7f4b5-77cb-460d-bd20-46a3f372efa7: attributed to 001697; 0.3 s; peak memory 721 MiB.
2026-10-02T13:30:37Z INFO [4073/5769] dbad7d1b-f875-4dba-a539-5f300dc1b028: attributed to 001697; 0.0 s; peak memory 721 MiB.
2026-10-02T13:30:37Z INFO [4074/5769] dbaedc19-1edd-4499-86dc-3cc50be03487: attributed to 000109; 0.0 s; peak memory 721 MiB.
2026-10-02T13:30:37Z INFO [4075/5769] dbb66fd1-cd99-47dc-a494-5f57e611158c: attributed to 000142; 0.0 s; peak memory 721 MiB.
2026-10-02T13:30:37Z INFO [4076/5769] dbbe992a-47ac-4158-988d-11f6079d0e47: attributed to 000026; 0.1 s; peak memory 721 MiB.
2026-10-02T13:30:38Z INFO [4077/5769] dbc11608-a2ec-484b-ac77-521168da62c5: attributed to 001697; 0.3 s; peak memory 721 MiB.
2026-10-02T13:30:38Z INFO [4078/5769] dbc13322-2bcf-498b-a9b4-a0d50473f425: attributed to 000026; 0.1 s; peak memory 721 MiB.
2026-10-02T13:30:38Z INFO [4079/5769] dbc1d9fe-5852-48d9-b7d8-ab76ca82d1df: attributed to 001697; 0.0 s; peak memory 721 MiB.
2026-10-02T13:30:38Z INFO [4080/5769] dbc1f9e3-0da4-41bc-84a3-4382db51559c: attributed to 001697; 0.3 s; peak memory 721 MiB.
2026-10-02T13:30:38Z INFO [4081/5769] dbc31705-8f37-44e2-b6df-05fb084391ae: attributed to 001697; 0.0 s; peak memory 721 MiB.
2026-10-02T13:30:38Z INFO [4082/5769] dbc55b0f-7ae7-47b7-b9a4-3a51daaa0931: attributed to 000946; 0.1 s; peak memory 721 MiB.
2026-10-02T13:30:39Z INFO [4083/5769] dbca5dd2-a98d-454a-aacd-735774467063: attributed to 001697; 0.3 s; peak memory 721 MiB.
2026-10-02T13:30:39Z INFO [4084/5769] dbce3606-fb51-4789-8630-0e2d592574cc: attributed to 001697; 0.4 s; peak memory 721 MiB.
2026-10-02T13:30:39Z INFO [4085/5769] dbd854af-0e80-4fd4-b2de-b242946f5c6c: attributed to 001437; 0.1 s; peak memory 721 MiB.
2026-10-02T13:30:39Z INFO [4086/5769] dbd93267-8e4f-4fb0-b086-1b01f0b0bf9b: attributed to 000026; 0.1 s; peak memory 721 MiB.
2026-10-02T13:30:40Z INFO [4087/5769] dbda080f-705d-4b6d-820b-79cb93bd7dbe: attributed to 001697; 0.3 s; peak memory 721 MiB.
2026-10-02T13:30:40Z INFO [4088/5769] dbe37e8d-5498-49e1-8629-2ee260c6d40d: attributed to 001697; 0.3 s; peak memory 721 MiB.
2026-10-02T13:30:40Z INFO [4089/5769] dbea9aee-5f79-44d1-a878-7132c2427d82: attributed to 001697; 0.3 s; peak memory 721 MiB.
2026-10-02T13:30:40Z INFO [4090/5769] dbfa1a79-1023-43ae-8303-ab193044558e: attributed to 000026; 0.1 s; peak memory 721 MiB.
2026-10-02T13:30:40Z INFO [4091/5769] dbfb25ac-6649-4def-8961-f5e63d7deb13: attributed to 001697; 0.0 s; peak memory 721 MiB.
2026-10-02T13:30:40Z INFO [4092/5769] dbffb440-a2bf-47a7-ab10-627c3dbadc3e: attributed to 000568; 0.1 s; peak memory 721 MiB.
2026-10-02T13:30:41Z INFO [4093/5769] dc039f38-063b-439b-877f-fb22fb8391aa: attributed to 000946; 0.1 s; peak memory 721 MiB.
2026-10-02T13:30:41Z INFO [4094/5769] dc076598-2e1d-40ca-94e2-9b5b8aaf18ec: attributed to 000026; 0.1 s; peak memory 721 MiB.
2026-10-02T13:30:41Z INFO [4095/5769] dc0ca5d8-d011-413f-a407-54ca149be15c: attributed to 000026; 0.1 s; peak memory 721 MiB.
2026-10-02T13:30:41Z INFO [4096/5769] dc132a06-b7e8-426d-9255-6c62c5ea1444: attributed to 001873; 0.4 s; peak memory 721 MiB.
2026-10-02T13:30:42Z INFO [4097/5769] dc152322-cc64-4843-93c9-75442299267c: attributed to 001697; 0.3 s; peak memory 721 MiB.
2026-10-02T13:30:42Z INFO [4098/5769] dc1883e1-2422-4440-848d-d83d50244996: attributed to 001697; 0.5 s; peak memory 721 MiB.
2026-10-02T13:30:43Z INFO [4099/5769] dc1c4abe-50a9-4d53-b87d-f209b772ddf0: attributed to 001697; 1.1 s; peak memory 721 MiB.
2026-10-02T13:30:43Z INFO [4100/5769] dc1e7c78-ca96-4289-b339-000c0b8bd13b: attributed to 000209; 0.0 s; peak memory 721 MiB.
2026-10-02T13:30:44Z INFO [4100/5769] dc1e7c78-ca96-4289-b339-000c0b8bd13b: checkpointed 506560 records.
2026-10-02T13:30:44Z INFO [4101/5769] dc230e61-35a3-47ec-ad2e-269712be6c0c: attributed to 001697; 0.0 s; peak memory 721 MiB.
2026-10-02T13:30:45Z INFO [4102/5769] dc274686-5bc5-456b-b442-6221722d1813: attributed to 001697; 0.9 s; peak memory 721 MiB.
2026-10-02T13:30:45Z INFO [4103/5769] dc28aa42-b90a-42ed-96b6-d7f2235f80d6: attributed to 000026; 0.2 s; peak memory 721 MiB.
2026-10-02T13:30:45Z INFO [4104/5769] dc30ca9a-8717-4438-9590-6c4e209ea58b: attributed to 000142; 0.0 s; peak memory 721 MiB.
2026-10-02T13:30:45Z INFO [4105/5769] dc30e189-9533-4a76-ab93-bab66c537102: attributed to 000946; 0.1 s; peak memory 721 MiB.
2026-10-02T13:30:45Z INFO [4106/5769] dc316767-ab8b-4873-b717-7c04d2312e7e: attributed to 000946; 0.1 s; peak memory 721 MiB.
2026-10-02T13:30:45Z INFO [4107/5769] dc37d181-741a-4791-99f8-8e1a153d4b85: attributed to 001697; 0.0 s; peak memory 721 MiB.
2026-10-02T13:30:46Z INFO [4108/5769] dc43abd8-f306-401d-87e5-15f08ea2e19e: attributed to 001697; 0.1 s; peak memory 721 MiB.
2026-10-02T13:30:46Z INFO [4109/5769] dc633409-a8a0-4dd9-8d3e-6d8f3d46ca11: attributed to 001697; 0.3 s; peak memory 721 MiB.
2026-10-02T13:30:46Z INFO [4110/5769] dc6dd285-800e-4629-8302-bd6cc359283f: attributed to 000026; 0.2 s; peak memory 721 MiB.
2026-10-02T13:30:46Z INFO [4111/5769] dc6e7c9f-89ee-4fe1-a808-43402895830f: attributed to 001697; 0.0 s; peak memory 721 MiB.
2026-10-02T13:30:46Z INFO [4112/5769] dc6f8ad9-20fe-476c-a6b0-923e9c8b1e61: attributed to 001873; 0.4 s; peak memory 721 MiB.
2026-10-02T13:30:47Z INFO [4113/5769] dc704f84-045b-46c5-9db8-508ce6598e1d: attributed to 001697; 0.9 s; peak memory 721 MiB.
2026-10-02T13:30:48Z INFO [4114/5769] dc73ce5e-8941-4af4-b5d0-9db9c46f37fb: attributed to 001697; 0.4 s; peak memory 721 MiB.
2026-10-02T13:30:48Z INFO [4115/5769] dc769556-6074-49ad-992f-e7849b23072a: attributed to 001697; 0.3 s; peak memory 721 MiB.
2026-10-02T13:30:48Z INFO [4116/5769] dc804f15-3d28-4a6e-9103-a1b95afed278: attributed to 001697; 0.0 s; peak memory 721 MiB.
2026-10-02T13:30:48Z INFO [4117/5769] dc87b80f-e8ca-4f1f-99cd-87b2605a7147: attributed to 000946; 0.1 s; peak memory 721 MiB.
2026-10-02T13:30:48Z INFO [4118/5769] dc8a1864-6667-4ad2-9671-0d3bb4f8fb04: attributed to 000946; 0.1 s; peak memory 721 MiB.
2026-10-02T13:30:49Z INFO [4119/5769] dc8a22ab-c2ce-440a-bb53-d15c2534876f: attributed to 000026; 0.3 s; peak memory 721 MiB.
2026-10-02T13:30:49Z INFO [4120/5769] dc8eee43-25f4-4e73-9ac7-8fbae5477c40: attributed to 001697; 0.4 s; peak memory 721 MiB.
2026-10-02T13:30:49Z INFO [4121/5769] dc90ccdc-989d-4e7f-9aaa-bd258f15f12f: attributed to 000109; 0.0 s; peak memory 721 MiB.
2026-10-02T13:30:49Z INFO [4122/5769] dc9cadd5-c48a-4378-98ac-4aca6f4a7417: attributed to 000026; 0.2 s; peak memory 721 MiB.
2026-10-02T13:30:49Z INFO [4123/5769] dca1aed7-84cd-44f3-aa60-cca25249ec83: attributed to 000142; 0.0 s; peak memory 721 MiB.
2026-10-02T13:30:49Z INFO [4124/5769] dca1ed2f-e482-497b-9781-a84b67a40641: attributed to 000026; 0.1 s; peak memory 721 MiB.
2026-10-02T13:30:49Z INFO [4125/5769] dcaa4b8d-1407-41bd-b6da-6b605637c48f: attributed to 000026; 0.1 s; peak memory 721 MiB.
2026-10-02T13:30:49Z INFO [4126/5769] dcb5d82e-c4f5-4cf8-bfe3-cb071461e761: attributed to 001697; 0.0 s; peak memory 721 MiB.
2026-10-02T13:30:50Z INFO [4127/5769] dcc68cdd-3db6-4d6d-9584-93b1f34b4574: attributed to 001697; 0.4 s; peak memory 721 MiB.
2026-10-02T13:30:50Z INFO [4128/5769] dcc874d0-bd0c-46ad-8d30-567fb462b0d7: attributed to 001697; 0.3 s; peak memory 721 MiB.
2026-10-02T13:30:50Z INFO [4129/5769] dccc3386-bf06-4642-ae57-6b6b0470cfe9: attributed to 000109; 0.0 s; peak memory 721 MiB.
2026-10-02T13:30:50Z INFO [4130/5769] dcd5e124-e7a9-4e09-8dd2-91478544da39: attributed to 000946; 0.1 s; peak memory 721 MiB.
2026-10-02T13:30:50Z INFO [4131/5769] dcdb0fa8-58ba-4f79-80e9-e35ab4b2c365: attributed to 001697; 0.0 s; peak memory 721 MiB.
2026-10-02T13:30:50Z INFO [4132/5769] dcdc89eb-37d1-4a7b-9e7c-fb3c26608935: attributed to 000209; 0.0 s; peak memory 721 MiB.
2026-10-02T13:30:50Z INFO [4133/5769] dce59e97-338c-45f1-80b0-f96aeb5f028b: attributed to 000026; 0.1 s; peak memory 721 MiB.
2026-10-02T13:30:51Z INFO [4134/5769] dcf719da-e9be-4a54-8a6e-70d18f6b13a7: attributed to 001697; 0.3 s; peak memory 721 MiB.
2026-10-02T13:30:51Z INFO [4135/5769] dcf7f909-2a74-4b54-9584-c1013c76e248: attributed to 001697; 0.0 s; peak memory 721 MiB.
2026-10-02T13:30:51Z INFO [4136/5769] dd0002b6-ec6a-46a2-a798-c32cb4cb434d: attributed to 000026; 0.1 s; peak memory 721 MiB.
2026-10-02T13:30:51Z INFO [4137/5769] dd0177b6-c11d-437c-aaac-dfbea0168ffc: attributed to 001697; 0.0 s; peak memory 721 MiB.
2026-10-02T13:30:51Z INFO [4138/5769] dd07eb78-04f3-4e6b-95e9-28336a199036: attributed to 001697; 0.0 s; peak memory 721 MiB.
2026-10-02T13:30:52Z INFO [4139/5769] dd19f9f1-8e17-4bb3-8451-6ef465ce5ddd: attributed to 001697; 0.9 s; peak memory 721 MiB.
2026-10-02T13:30:52Z INFO [4140/5769] dd1e84c1-5a76-48f8-80ae-aad2f9550a06: attributed to 001697; 0.0 s; peak memory 721 MiB.
2026-10-02T13:30:52Z INFO [4141/5769] dd2ad621-156a-4ec2-8a4e-7b47e3d0b737: attributed to 000465; 0.0 s; peak memory 721 MiB.
2026-10-02T13:30:52Z INFO [4142/5769] dd2c83be-51ca-49f3-8310-48d5cc98f772: attributed to 000109; 0.0 s; peak memory 721 MiB.
2026-10-02T13:30:52Z INFO [4143/5769] dd32ce0c-5fc8-48cc-ae46-291a4f782a71: attributed to 001697; 0.0 s; peak memory 721 MiB.
2026-10-02T13:30:52Z INFO [4144/5769] dd4214e2-1372-470b-ac32-e3d9edf45c49: attributed to 000026; 0.1 s; peak memory 721 MiB.
2026-10-02T13:30:52Z INFO [4145/5769] dd50c78a-1420-4171-aac9-a9ff1cb12171: attributed to 000026; 0.2 s; peak memory 721 MiB.
2026-10-02T13:30:52Z INFO [4146/5769] dd582de8-62c7-4e3f-9779-e680e899d157: attributed to 001697; 0.3 s; peak memory 721 MiB.
2026-10-02T13:30:52Z INFO [4147/5769] dd59dd0a-b175-49ed-9f18-0d27ad8e4e12: attributed to 000026; 0.1 s; peak memory 721 MiB.
2026-10-02T13:30:53Z INFO [4148/5769] dd59e723-0ce9-49ed-8ae0-542f3a22f5f6: attributed to 001697; 0.5 s; peak memory 721 MiB.
2026-10-02T13:30:53Z INFO [4149/5769] dd5b5cdd-ebbb-4b21-b936-72191690fe37: attributed to 001697; 0.3 s; peak memory 721 MiB.
2026-10-02T13:30:53Z INFO [4150/5769] dd613133-9d6f-44d3-a3c5-bb1156893a39: attributed to 000946; 0.1 s; peak memory 721 MiB.
2026-10-02T13:30:54Z INFO [4150/5769] dd613133-9d6f-44d3-a3c5-bb1156893a39: checkpointed 506560 records.
2026-10-02T13:30:54Z INFO [4151/5769] dd6865fb-1c27-44b9-a1fa-92964b8100aa: attributed to 001697; 0.0 s; peak memory 721 MiB.
2026-10-02T13:30:54Z INFO [4152/5769] dd7ab7a4-5af8-4d56-a0b6-0b09bedefece: attributed to 001697; 0.0 s; peak memory 721 MiB.
2026-10-02T13:30:55Z INFO [4153/5769] dd7d4db6-eee8-4cd3-8299-3009552baa2b: attributed to 000026; 0.1 s; peak memory 721 MiB.
2026-10-02T13:30:55Z INFO [4154/5769] dd82b27c-e76e-4a9f-b61e-fe4013b59969: attributed to 001697; 0.3 s; peak memory 721 MiB.
2026-10-02T13:30:55Z INFO [4155/5769] dd82d847-c476-4ea3-99ec-dd7171a52575: attributed to 000026; 0.1 s; peak memory 721 MiB.
2026-10-02T13:30:55Z INFO [4156/5769] dd862896-8543-4a1d-becc-6237f483bea3: attributed to 000026; 0.1 s; peak memory 721 MiB.
2026-10-02T13:30:55Z INFO [4157/5769] dd8a851d-c410-4966-ac9b-456dc26e05a8: attributed to 001449; 0.1 s; peak memory 721 MiB.
2026-10-02T13:30:55Z INFO [4158/5769] dd947523-8561-4748-a32f-188217966956: attributed to 000026; 0.1 s; peak memory 721 MiB.
2026-10-02T13:30:55Z INFO [4159/5769] dd9602c6-143e-4e81-94d5-ce87a897f597: attributed to 001697; 0.0 s; peak memory 721 MiB.
2026-10-02T13:30:56Z INFO [4160/5769] dd9b00f2-86bf-467b-adff-20c7ae5900a8: attributed to 001697; 0.3 s; peak memory 721 MiB.
2026-10-02T13:30:56Z INFO [4161/5769] dd9c6c44-03bf-4e04-92aa-e67f30436531: attributed to 001697; 0.0 s; peak memory 721 MiB.
2026-10-02T13:30:56Z INFO [4162/5769] dd9c9c9e-78c4-4636-abd8-fd96cb3a1e52: attributed to 001697; 0.0 s; peak memory 721 MiB.
2026-10-02T13:30:56Z INFO [4163/5769] dda8e5e3-b26f-44a0-b0b3-9575d995d9f9: attributed to 001697; 0.3 s; peak memory 721 MiB.
2026-10-02T13:30:56Z INFO [4164/5769] ddad2756-95ec-41c7-825b-d75bceb3d7d5: attributed to 001697; 0.3 s; peak memory 721 MiB.
2026-10-02T13:30:56Z INFO [4165/5769] ddae4da6-a51e-47a4-baca-f7d32c994f33: attributed to 000946; 0.1 s; peak memory 721 MiB.
2026-10-02T13:30:57Z INFO [4166/5769] ddb1da0a-e7e0-4f7a-b077-643cd75f8400: attributed to 001697; 0.8 s; peak memory 721 MiB.
2026-10-02T13:30:57Z INFO [4167/5769] ddbe9774-7cbc-461c-a6ac-3c7a604b95c3: attributed to 000026; 0.1 s; peak memory 721 MiB.
2026-10-02T13:30:58Z INFO [4168/5769] ddc60298-ff5a-40f8-8a77-97354fd7803a: attributed to 001697; 0.4 s; peak memory 721 MiB.
2026-10-02T13:30:58Z INFO [4169/5769] ddd587bc-28a2-458f-8102-e6454666962f: attributed to 000026; 0.1 s; peak memory 721 MiB.
2026-10-02T13:30:58Z INFO [4170/5769] dde228bb-af9e-4aac-a3f6-375126832adb: attributed to 001697; 0.3 s; peak memory 721 MiB.
2026-10-02T13:30:58Z INFO [4171/5769] ddeda88a-4b15-4e38-8802-7cafa84adec9: attributed to 001697; 0.3 s; peak memory 721 MiB.
2026-10-02T13:30:59Z INFO [4172/5769] ddf6ba43-ebd3-4424-8659-ff3362b4dc3e: attributed to 001697; 0.6 s; peak memory 721 MiB.
2026-10-02T13:30:59Z INFO [4173/5769] ddf99ec8-0e7b-4cea-9b2a-0cb247ac00b5: attributed to 001697; 0.0 s; peak memory 721 MiB.
2026-10-02T13:30:59Z INFO [4174/5769] ddfab224-e67d-4a2d-b7c8-f33b4969c96d: attributed to 001697; 0.0 s; peak memory 721 MiB.
2026-10-02T13:30:59Z INFO [4175/5769] de00a5a8-80c5-47c6-9a1f-f77d6dc02621: attributed to 000026; 0.1 s; peak memory 721 MiB.
2026-10-02T13:30:59Z INFO [4176/5769] de082795-c883-44d9-89dd-e764528f0b53: attributed to 000026; 0.1 s; peak memory 721 MiB.
2026-10-02T13:30:59Z INFO [4177/5769] de0bd61f-f3c7-4fa9-b2d2-ff33902b0d33: attributed to 001697; 0.3 s; peak memory 721 MiB.
2026-10-02T13:31:00Z INFO [4178/5769] de10513c-de67-4f79-91c4-15d69b6f13a2: attributed to 001697; 0.3 s; peak memory 721 MiB.
2026-10-02T13:31:00Z INFO [4179/5769] de14d005-8543-4b92-9b05-9c25e4c1157b: attributed to 000026; 0.3 s; peak memory 721 MiB.
2026-10-02T13:31:00Z INFO [4180/5769] de24cd6e-2ff6-4328-8aba-5442ddbe8979: attributed to 000173; 0.1 s; peak memory 721 MiB.
2026-10-02T13:31:00Z INFO [4181/5769] de28d440-d35a-425b-9e46-be76778aa42e: attributed to 001697; 0.3 s; peak memory 721 MiB.
2026-10-02T13:31:01Z INFO [4182/5769] de408f35-afc2-4ed0-833d-ffeeb4e5c112: attributed to 001697; 0.6 s; peak memory 721 MiB.
2026-10-02T13:31:01Z INFO [4183/5769] de447080-ef9f-47e7-bec5-1e7047d3732c: attributed to 000026; 0.1 s; peak memory 721 MiB.
2026-10-02T13:31:01Z INFO [4184/5769] de4760a7-0744-42d3-add4-2b8affcafae2: attributed to 001697; 0.0 s; peak memory 721 MiB.
2026-10-02T13:31:01Z INFO [4185/5769] de4d155f-e339-4293-86d1-bbee6c8b312f: attributed to 000026; 0.1 s; peak memory 721 MiB.
2026-10-02T13:31:01Z INFO [4186/5769] de4dd0ca-c838-450f-a141-a4c424f9a14a: attributed to 001697; 0.3 s; peak memory 721 MiB.
2026-10-02T13:31:02Z INFO [4187/5769] de4f05e6-da86-43fe-8559-90b6d2e0dd3f: attributed to 000026; 0.3 s; peak memory 721 MiB.
2026-10-02T13:31:02Z INFO [4188/5769] de593ec7-42b7-4c2d-9c51-6716e3488f39: attributed to 001873; 0.4 s; peak memory 721 MiB.
2026-10-02T13:31:02Z INFO [4189/5769] de6d894e-4610-4860-a8a2-c664931c5bd9: attributed to 000946; 0.1 s; peak memory 721 MiB.
2026-10-02T13:31:03Z INFO [4190/5769] de7fbc35-2c7a-4883-a68f-6a984b7bd370: attributed to 001697; 0.3 s; peak memory 721 MiB.
2026-10-02T13:31:03Z INFO [4191/5769] de88e432-4798-4b1a-bef1-c45cd0f8d5d2: attributed to 001697; 0.0 s; peak memory 721 MiB.
2026-10-02T13:31:03Z INFO [4192/5769] de89c3a9-7570-4235-9ac7-bb15ee0e746a: attributed to 001372; 0.2 s; peak memory 721 MiB.
2026-10-02T13:31:03Z INFO [4193/5769] de8a77ad-fc9b-4383-964e-b8be8a666a63: attributed to 000946; 0.1 s; peak memory 721 MiB.
2026-10-02T13:31:03Z INFO [4194/5769] de8baaba-1976-48ff-97eb-a4c66e382496: attributed to 001697; 0.3 s; peak memory 721 MiB.
2026-10-02T13:31:03Z INFO [4195/5769] de8eac7b-7167-4bfe-a930-4a23626686fb: attributed to 001697; 0.0 s; peak memory 721 MiB.
2026-10-02T13:31:03Z INFO [4196/5769] de94b77f-40e0-419a-b5bf-1b2107ca27bf: attributed to 000026; 0.2 s; peak memory 721 MiB.
2026-10-02T13:31:03Z INFO [4197/5769] de9d19bd-f898-4793-86b3-35bb956faac5: attributed to 000293; 0.0 s; peak memory 721 MiB.
2026-10-02T13:31:03Z INFO [4198/5769] deb15916-8b1d-442f-93cf-5dac9a6afb56: attributed to 001697; 0.0 s; peak memory 721 MiB.
2026-10-02T13:31:03Z INFO [4199/5769] deb635cc-4716-46fb-856e-c155bfa27bfe: attributed to 000026; 0.1 s; peak memory 721 MiB.
2026-10-02T13:31:03Z INFO [4200/5769] deb71bf9-4af1-40ae-bada-73c7156209ea: attributed to 001697; 0.0 s; peak memory 721 MiB.
2026-10-02T13:31:05Z INFO [4200/5769] deb71bf9-4af1-40ae-bada-73c7156209ea: checkpointed 506560 records.
2026-10-02T13:31:05Z INFO [4201/5769] deb82185-dcfb-4101-840a-1cdb5bbe862d: attributed to 001697; 0.3 s; peak memory 721 MiB.
2026-10-02T13:31:05Z INFO [4202/5769] deb8620e-3bf6-4842-96b8-72daef73a282: attributed to 000946; 0.1 s; peak memory 721 MiB.
2026-10-02T13:31:05Z INFO [4203/5769] dec4bdef-0156-4ff3-b9ac-8de918d92039: attributed to 001697; 0.0 s; peak memory 721 MiB.
2026-10-02T13:31:05Z INFO [4204/5769] dec8d14b-2f59-45b2-b7e1-2b130131a3f1: attributed to 001697; 0.4 s; peak memory 721 MiB.
2026-10-02T13:31:05Z INFO [4205/5769] decb07c7-1a01-4b6a-9fcf-eefd3665f226: attributed to 001697; 0.0 s; peak memory 721 MiB.
2026-10-02T13:31:05Z INFO [4206/5769] decb157a-bf3c-454e-ab24-4d6ddcb7339d: attributed to 001697; 0.0 s; peak memory 721 MiB.
2026-10-02T13:31:05Z INFO [4207/5769] decb31d5-e202-4ae2-864f-618ca199296b: attributed to 001697; 0.0 s; peak memory 721 MiB.
2026-10-02T13:31:05Z INFO [4208/5769] ded03bac-245f-45d4-afed-772c32b7e0cb: attributed to 000142; 0.0 s; peak memory 721 MiB.
2026-10-02T13:31:06Z INFO [4209/5769] ded40d58-5f5c-4261-baa6-cb414a394fa4: attributed to 001697; 0.3 s; peak memory 721 MiB.
2026-10-02T13:31:06Z INFO [4210/5769] ded67913-734d-43ca-9910-410ecc509b1d: attributed to 001697; 0.0 s; peak memory 721 MiB.
2026-10-02T13:31:06Z INFO [4211/5769] dee0ee89-2fbe-46aa-aca7-7421b411cb81: attributed to 001697; 0.0 s; peak memory 721 MiB.
2026-10-02T13:31:06Z INFO [4212/5769] dee5a398-8808-46f4-8760-474887f2ba33: attributed to 000026; 0.1 s; peak memory 721 MiB.
2026-10-02T13:31:06Z INFO [4213/5769] dee5ce17-78a2-4bad-85a6-ecddeff368ab: attributed to 001697; 0.0 s; peak memory 721 MiB.
2026-10-02T13:31:06Z INFO [4214/5769] def27837-a05e-40a4-a93a-562214816b46: attributed to 001748; 0.0 s; peak memory 721 MiB.
2026-10-02T13:31:06Z INFO [4215/5769] def3b554-bc4e-4f5e-9a82-1502034e91e6: attributed to 001697; 0.3 s; peak memory 721 MiB.
2026-10-02T13:31:06Z INFO [4216/5769] defaf890-8003-4a8a-ace4-77151b586031: attributed to 001858; 0.0 s; peak memory 721 MiB.
2026-10-02T13:31:06Z INFO [4217/5769] defafe1a-ac67-4ab5-aaf2-28dd8470d2a1: attributed to 000026; 0.1 s; peak memory 721 MiB.
2026-10-02T13:31:06Z INFO [4218/5769] df02bd50-d6ae-43c9-818a-b2e848732b10: attributed to 000109; 0.0 s; peak memory 721 MiB.
2026-10-02T13:31:06Z INFO [4219/5769] df07da67-2726-4b84-b149-e6b8e163ef99: attributed to 000026; 0.2 s; peak memory 721 MiB.
2026-10-02T13:31:07Z INFO [4220/5769] df127709-75dd-49d0-8433-443ca038c950: attributed to 000946; 0.1 s; peak memory 721 MiB.
2026-10-02T13:31:07Z INFO [4221/5769] df1471e1-68b1-4c3f-b725-2e0990df1e82: attributed to 001697; 0.3 s; peak memory 721 MiB.
2026-10-02T13:31:07Z INFO [4222/5769] df185f44-5646-4995-afd4-da2491959c0c: attributed to 001697; 0.0 s; peak memory 721 MiB.
2026-10-02T13:31:07Z INFO [4223/5769] df1a694a-347a-450c-b063-4354c12ca52e: attributed to 001697; 0.0 s; peak memory 721 MiB.
2026-10-02T13:31:07Z INFO [4224/5769] df1c8f89-fc0b-4f9f-8dfd-365dc04fcba6: attributed to 001697; 0.3 s; peak memory 721 MiB.
2026-10-02T13:31:07Z INFO [4225/5769] df1d67ba-8ded-4284-8c3f-36ecf9d09ad0: attributed to 000568; 0.1 s; peak memory 721 MiB.
2026-10-02T13:31:08Z INFO [4226/5769] df234b53-fcd5-4232-863d-6ddb9e7f2366: attributed to 001697; 0.3 s; peak memory 721 MiB.
2026-10-02T13:31:08Z INFO [4227/5769] df27eb29-7ef3-4407-af47-b7b05b064a35: attributed to 001697; 0.3 s; peak memory 721 MiB.
2026-10-02T13:31:08Z INFO [4228/5769] df289a71-47be-454b-a7f6-ac4473c6e903: attributed to 000026; 0.4 s; peak memory 721 MiB.
2026-10-02T13:31:09Z INFO [4229/5769] df38cac6-d84d-4e14-99d5-f978a7207f15: attributed to 001697; 0.9 s; peak memory 721 MiB.
2026-10-02T13:31:09Z INFO [4230/5769] df3fc992-53a9-4cc7-8821-c9fab6931a73: attributed to 000026; 0.1 s; peak memory 721 MiB.
2026-10-02T13:31:09Z INFO [4231/5769] df3fdfa5-3469-4269-9f88-290b37aeebe2: attributed to 000026; 0.2 s; peak memory 721 MiB.
2026-10-02T13:31:09Z INFO [4232/5769] df441152-0f16-43e3-a6db-2f6415574c85: attributed to 001697; 0.0 s; peak memory 721 MiB.
2026-10-02T13:31:10Z INFO [4233/5769] df4ac0c4-a909-4389-a0da-bc12264b74d1: attributed to 000946; 0.1 s; peak memory 721 MiB.
2026-10-02T13:31:10Z INFO [4234/5769] df573dcc-1a95-4845-b276-6ccc24fb2f49: attributed to 000028; 0.0 s; peak memory 721 MiB.
2026-10-02T13:31:10Z INFO [4235/5769] df585728-d4c5-4186-b280-da8292451099: attributed to 001697; 0.0 s; peak memory 721 MiB.
2026-10-02T13:31:10Z INFO [4236/5769] df5927be-e179-421d-9cf8-29d84abcd1cf: attributed to 001697; 0.0 s; peak memory 721 MiB.
2026-10-02T13:31:10Z INFO [4237/5769] df5963f4-ec27-436e-8fbf-4f0af40e44dc: attributed to 000209; 0.0 s; peak memory 721 MiB.
2026-10-02T13:31:10Z INFO [4238/5769] df66f8cc-4238-48af-ae53-300e807cbb16: attributed to 001697; 0.0 s; peak memory 721 MiB.
2026-10-02T13:31:10Z INFO [4239/5769] df68e1eb-15d8-47ae-9ca7-9375573dd682: attributed to 000026; 0.1 s; peak memory 721 MiB.
2026-10-02T13:31:10Z INFO [4240/5769] df690ad3-0c79-46c2-b625-01f69369f1dc: attributed to 001697; 0.0 s; peak memory 721 MiB.
2026-10-02T13:31:10Z INFO [4241/5769] df835ddc-96cb-4af3-8fc2-235ff0a4d0f4: attributed to 001697; 0.3 s; peak memory 721 MiB.
2026-10-02T13:31:10Z INFO [4242/5769] df84f237-4278-4a4b-b2df-679d62f5c3d9: attributed to 000142; 0.0 s; peak memory 721 MiB.
2026-10-02T13:31:10Z INFO [4243/5769] df9c497a-0467-42b9-9619-de0d9e98fd8c: attributed to 001697; 0.3 s; peak memory 721 MiB.
2026-10-02T13:31:10Z INFO [4244/5769] df9fd266-ec62-4f44-8948-8fc8423898d8: attributed to 000209; 0.0 s; peak memory 721 MiB.
2026-10-02T13:31:10Z INFO [4245/5769] dfa66822-b1ee-4c2c-9691-8d5333b7fd36: attributed to 000946; 0.1 s; peak memory 721 MiB.
2026-10-02T13:31:10Z INFO [4246/5769] dfabecfd-359e-414e-9d35-995b71686944: attributed to 001697; 0.0 s; peak memory 721 MiB.
2026-10-02T13:31:10Z INFO [4247/5769] dfaf87f6-056d-469d-8dc9-27f558f06340: attributed to 000570; 0.0 s; peak memory 721 MiB.
2026-10-02T13:31:10Z INFO [4248/5769] dfb124a6-73be-472e-a8b4-51fd7844813e: attributed to 000026; 0.1 s; peak memory 721 MiB.
2026-10-02T13:31:10Z INFO [4249/5769] dfb13719-561a-468a-82c2-3c6515512c47: attributed to 001697; 0.0 s; peak memory 721 MiB.
2026-10-02T13:31:10Z INFO [4250/5769] dfb2b64c-a0ff-4fdb-aaf0-4567fc7e0413: attributed to 001258; 0.0 s; peak memory 721 MiB.
2026-10-02T13:31:12Z INFO [4250/5769] dfb2b64c-a0ff-4fdb-aaf0-4567fc7e0413: checkpointed 506560 records.
2026-10-02T13:31:13Z INFO [4251/5769] dfb35fb4-57f8-43c5-925c-7e9025917a6e: attributed to 002017; 1.6 s; peak memory 721 MiB.
2026-10-02T13:31:13Z INFO [4252/5769] dfb73b3b-c856-4574-a73c-f107ccff0d43: attributed to 001697; 0.3 s; peak memory 721 MiB.
2026-10-02T13:31:14Z INFO [4253/5769] dfbb1dbe-5a46-41b7-94b1-51517741ed98: attributed to 000946; 0.1 s; peak memory 721 MiB.
2026-10-02T13:31:14Z INFO [4254/5769] dfbc6c5b-6261-467e-9d7e-30ca465431dc: attributed to 001697; 0.0 s; peak memory 721 MiB.
2026-10-02T13:31:14Z INFO [4255/5769] dfc3cacb-5c74-4376-a85d-6709bca01d13: attributed to 000946; 0.1 s; peak memory 721 MiB.
2026-10-02T13:31:14Z INFO [4256/5769] dfc84e16-fbe8-4088-99c9-8f22d0d5a2ad: attributed to 001697; 0.0 s; peak memory 721 MiB.
2026-10-02T13:31:14Z INFO [4257/5769] dfcd8cd7-427c-4dce-a509-5811849821f0: attributed to 001697; 0.3 s; peak memory 721 MiB.
2026-10-02T13:31:14Z INFO [4258/5769] dfd1abc9-1ce1-4b33-a719-162b8f0a57e9: attributed to 001697; 0.4 s; peak memory 721 MiB.
2026-10-02T13:31:14Z INFO [4259/5769] dfd2d1eb-149b-4b14-9f22-da89d3bdd040: attributed to 001748; 0.0 s; peak memory 721 MiB.
2026-10-02T13:31:15Z INFO [4260/5769] dfddd1fc-8a23-4eb6-98ff-42c39fdce678: attributed to 001449; 0.1 s; peak memory 721 MiB.
2026-10-02T13:31:15Z INFO [4261/5769] dfeca96c-0fca-42ed-8d93-25d4ec534762: attributed to 001697; 0.5 s; peak memory 721 MiB.
2026-10-02T13:31:15Z INFO [4262/5769] dff4d07b-b98b-452a-bbfd-584f06840647: attributed to 001873; 0.4 s; peak memory 721 MiB.
2026-10-02T13:31:16Z INFO [4263/5769] dff8c17f-1245-4737-a280-3e6704a822c8: attributed to 001697; 0.5 s; peak memory 721 MiB.
2026-10-02T13:31:16Z INFO [4264/5769] e00180b8-df41-4c0a-b73e-b7dff0a39095: attributed to 001203; 0.1 s; peak memory 721 MiB.
2026-10-02T13:31:16Z INFO [4265/5769] e0021c85-4c89-4e3e-bea4-866710115444: attributed to 000946; 0.1 s; peak memory 721 MiB.
2026-10-02T13:31:16Z INFO [4266/5769] e00282ff-139b-400b-abb6-307c5abaac6b: attributed to 001697; 0.0 s; peak memory 721 MiB.
2026-10-02T13:31:16Z INFO [4267/5769] e00827fb-de13-4432-89f1-02dadaffb893: attributed to 001697; 0.3 s; peak memory 721 MiB.
2026-10-02T13:31:16Z INFO [4268/5769] e0105962-2692-4044-827c-cc80b5f25605: attributed to 001697; 0.0 s; peak memory 721 MiB.
2026-10-02T13:31:20Z INFO [4269/5769] e015b945-b1b9-4409-a88a-eee5448139d4: attributed to 001514; 3.0 s; peak memory 721 MiB.
2026-10-02T13:31:20Z INFO [4270/5769] e019b741-25ef-475c-adc4-978951d27900: attributed to 000465; 0.0 s; peak memory 721 MiB.
2026-10-02T13:31:20Z INFO [4271/5769] e01c2313-4591-4b92-883e-afd06d80967e: attributed to 001697; 0.3 s; peak memory 721 MiB.
2026-10-02T13:31:20Z INFO [4272/5769] e02abde8-4446-4059-b27b-a94e52a1adb9: attributed to 001697; 0.4 s; peak memory 721 MiB.
2026-10-02T13:31:20Z INFO [4273/5769] e02e4340-7d73-4aeb-94d4-bde16c1e0868: attributed to 001697; 0.3 s; peak memory 721 MiB.
2026-10-02T13:31:21Z INFO [4274/5769] e030ab36-cca6-48b4-97a6-b1d5b63cd9a6: attributed to 000946; 0.1 s; peak memory 721 MiB.
2026-10-02T13:31:21Z INFO [4275/5769] e03560b8-ddf0-4203-8d12-07266a37cce4: attributed to 001697; 0.0 s; peak memory 721 MiB.
2026-10-02T13:31:21Z INFO [4276/5769] e036b593-2849-4866-b4b6-9d2fcbbfed27: attributed to 000946; 0.1 s; peak memory 721 MiB.
2026-10-02T13:31:21Z INFO [4277/5769] e03b34e3-3752-4690-a237-188b87af15a6: attributed to 001697; 0.3 s; peak memory 721 MiB.
2026-10-02T13:31:21Z INFO [4278/5769] e0449e28-110d-4cfa-b443-1d675395e220: attributed to 001697; 0.3 s; peak memory 721 MiB.
2026-10-02T13:31:22Z INFO [4279/5769] e04d4d9b-12ad-4142-9621-b7d7451ae9ab: attributed to 001449; 0.5 s; peak memory 721 MiB.
2026-10-02T13:31:22Z INFO [4280/5769] e050d278-1a37-4eae-85f1-bbbf81591550: attributed to 000026; 0.1 s; peak memory 721 MiB.
2026-10-02T13:31:22Z INFO [4281/5769] e0512672-c0c8-4e67-af3e-cfca6c0b93e4: attributed to 001697; 0.3 s; peak memory 721 MiB.
2026-10-02T13:31:22Z INFO [4282/5769] e052392b-9986-4dfa-9eab-852207e674d2: attributed to 001697; 0.3 s; peak memory 721 MiB.
2026-10-02T13:31:22Z INFO [4283/5769] e054d6bf-dca6-427e-895f-224c38c24dd1: attributed to 001697; 0.0 s; peak memory 721 MiB.
2026-10-02T13:31:23Z INFO [4284/5769] e05eaffc-f9b0-40af-b83b-264c13531491: attributed to 000568; 0.1 s; peak memory 721 MiB.
2026-10-02T13:31:23Z INFO [4285/5769] e05fead4-f8a6-4ae1-ad64-48540aa2c7d7: attributed to 000209; 0.0 s; peak memory 721 MiB.
2026-10-02T13:31:23Z INFO [4286/5769] e0700c84-74be-4059-b849-07ec14a44d4f: attributed to 001697; 0.0 s; peak memory 721 MiB.
2026-10-02T13:31:23Z INFO [4287/5769] e0759911-fea2-40c7-9888-e632c45a3ef0: attributed to 001697; 0.0 s; peak memory 721 MiB.
2026-10-02T13:31:23Z INFO [4288/5769] e077ec6f-d6e6-4444-a7ed-2be917fec738: attributed to 000209; 0.0 s; peak memory 721 MiB.
2026-10-02T13:31:23Z INFO [4289/5769] e07947fa-022d-47c3-b043-a4abe64cc8c7: attributed to 001697; 0.0 s; peak memory 721 MiB.
2026-10-02T13:31:23Z INFO [4290/5769] e07de65c-4e91-43b2-ab94-8d4df64bf226: attributed to 001697; 0.4 s; peak memory 721 MiB.
2026-10-02T13:31:23Z INFO [4291/5769] e07e38e7-3a9c-415f-a241-65aef87d6a0a: attributed to 001697; 0.3 s; peak memory 721 MiB.
2026-10-02T13:31:23Z INFO [4292/5769] e09ac034-82eb-4619-a8cb-a817371bfe10: attributed to 000026; 0.2 s; peak memory 721 MiB.
2026-10-02T13:31:24Z INFO [4293/5769] e09c12b4-4544-4ab6-9c84-199cbf3d54f1: attributed to 000026; 0.1 s; peak memory 721 MiB.
2026-10-02T13:31:24Z INFO [4294/5769] e0a60714-97f7-4ce7-8515-5a4c4df5dd5c: attributed to 001697; 0.4 s; peak memory 721 MiB.
2026-10-02T13:31:24Z INFO [4295/5769] e0b4d003-bdba-475d-9ecc-8a056796ec49: attributed to 001697; 0.0 s; peak memory 721 MiB.
2026-10-02T13:31:24Z INFO [4296/5769] e0b77061-aa48-4863-9ad1-4bffc5ef82f5: attributed to 001697; 0.5 s; peak memory 721 MiB.
2026-10-02T13:31:25Z INFO [4297/5769] e0b959c0-4112-4d18-a6c4-2e9fca35036b: attributed to 000231; 0.6 s; peak memory 721 MiB.
2026-10-02T13:31:25Z INFO [4298/5769] e0b9c2de-7940-4e2d-82c9-47b69e00a6c6: attributed to 001697; 0.3 s; peak memory 721 MiB.
2026-10-02T13:31:25Z INFO [4299/5769] e0bd35fd-0fa3-49d9-81d2-b2eeb3fac271: attributed to 000142; 0.0 s; peak memory 721 MiB.
2026-10-02T13:31:26Z INFO [4300/5769] e0c05f40-05d3-49f1-a99c-aea7914cb4b6: attributed to 001697; 0.3 s; peak memory 721 MiB.
2026-10-02T13:31:27Z INFO [4300/5769] e0c05f40-05d3-49f1-a99c-aea7914cb4b6: checkpointed 506561 records.
2026-10-02T13:31:27Z INFO [4301/5769] e0c1a331-78a5-4689-a108-24fba9581074: attributed to 000026; 0.1 s; peak memory 721 MiB.
2026-10-02T13:31:27Z INFO [4302/5769] e0c1c651-662a-41d7-87e0-7004a4b87f37: attributed to 001697; 0.5 s; peak memory 721 MiB.
2026-10-02T13:31:27Z INFO [4303/5769] e0c97a8f-e58c-4025-b078-ad5afd74a962: attributed to 000142; 0.0 s; peak memory 721 MiB.
2026-10-02T13:31:28Z INFO [4304/5769] e0caf555-62d4-4d80-87e1-5e09e5ce4cb9: attributed to 001697; 0.5 s; peak memory 721 MiB.
2026-10-02T13:31:28Z INFO [4305/5769] e0ce7a8b-de07-46dc-ade2-a914ae16e0e4: attributed to 001697; 0.0 s; peak memory 721 MiB.
2026-10-02T13:31:28Z INFO [4306/5769] e0d2723f-418a-4600-83a0-f1743f760aad: attributed to 001697; 0.0 s; peak memory 721 MiB.
2026-10-02T13:31:28Z INFO [4307/5769] e0df20a9-3825-4ca9-ac98-74391068f1ca: attributed to 001697; 0.4 s; peak memory 721 MiB.
2026-10-02T13:31:28Z INFO [4308/5769] e0dfbf00-0757-4276-983f-c14bbd84d043: attributed to 001063; 0.1 s; peak memory 721 MiB.
2026-10-02T13:31:28Z INFO [4309/5769] e0e0841e-6f2c-45f0-98f2-ea11d05a65cb: attributed to 000946; 0.1 s; peak memory 721 MiB.
2026-10-02T13:31:28Z INFO [4310/5769] e0e5e0e4-1c1c-4e4b-b2c5-055ed8883e56: attributed to 001697; 0.0 s; peak memory 721 MiB.
2026-10-02T13:31:29Z INFO [4311/5769] e0ea72b2-6553-4f1e-a51e-17387b4773ea: attributed to 000026; 0.1 s; peak memory 721 MiB.
2026-10-02T13:31:29Z INFO [4312/5769] e0ed440e-a09d-470f-9c3b-cd48d421b9ff: attributed to 001697; 0.3 s; peak memory 721 MiB.
2026-10-02T13:31:29Z INFO [4313/5769] e0ed8b84-520e-4977-bc42-ec9db0f4a960: attributed to 001697; 0.3 s; peak memory 721 MiB.
2026-10-02T13:31:29Z INFO [4314/5769] e0f46bf7-5a10-4fff-9014-028021eab5c2: attributed to 001697; 0.3 s; peak memory 721 MiB.
2026-10-02T13:31:29Z INFO [4315/5769] e109d50d-f421-4c9e-8269-0c584a55cf37: attributed to 001697; 0.0 s; peak memory 721 MiB.
2026-10-02T13:31:30Z INFO [4316/5769] e10abd4b-57ba-4a58-a2c8-14993d486dab: attributed to 000026; 0.2 s; peak memory 721 MiB.
2026-10-02T13:31:30Z INFO [4317/5769] e10b9eb9-df85-48f6-aab9-85f8e417f25c: attributed to 001697; 0.6 s; peak memory 721 MiB.
2026-10-02T13:31:30Z INFO [4318/5769] e10bde00-9370-4a57-a4c8-a19700118d69: attributed to 000946; 0.1 s; peak memory 721 MiB.
2026-10-02T13:31:30Z INFO [4319/5769] e1105ed1-4969-4c9d-95b8-ac74589a0072: attributed to 000026; 0.1 s; peak memory 721 MiB.
2026-10-02T13:31:30Z INFO [4320/5769] e116644e-9e3e-46ca-8fee-28700f163e3f: attributed to 001697; 0.0 s; peak memory 721 MiB.
2026-10-02T13:31:32Z INFO [4321/5769] e11a4f0c-77b8-4292-9b71-a43e79ca126a: attributed to 001697; 1.2 s; peak memory 721 MiB.
2026-10-02T13:31:32Z INFO [4322/5769] e11e7349-6e57-4935-9db9-8a5317a3877d: attributed to 001697; 0.3 s; peak memory 721 MiB.
2026-10-02T13:31:32Z INFO [4323/5769] e1322483-4c36-4bd1-9d6a-a875632c9a09: attributed to 001697; 0.3 s; peak memory 721 MiB.
2026-10-02T13:31:33Z INFO [4324/5769] e135c9cf-0f4f-49e9-8d47-9f4194c2a85f: attributed to 001697; 0.3 s; peak memory 721 MiB.
2026-10-02T13:31:33Z INFO [4325/5769] e137e195-e15d-4ec5-bda0-669383aceb77: attributed to 000026; 0.1 s; peak memory 721 MiB.
2026-10-02T13:31:33Z INFO [4326/5769] e13ce6f7-93e5-4570-8cc9-3536dde31f38: attributed to 000570; 0.0 s; peak memory 721 MiB.
2026-10-02T13:31:33Z INFO [4327/5769] e1424e92-5a51-4c99-a6bd-d473751c061a: attributed to 000026; 0.2 s; peak memory 721 MiB.
2026-10-02T13:31:33Z INFO [4328/5769] e142a4bc-af30-408f-9042-5bcb21a8f344: attributed to 001697; 0.0 s; peak memory 721 MiB.
2026-10-02T13:31:33Z INFO [4329/5769] e1448dd1-93c8-4701-8b41-890c57b20860: attributed to 000142; 0.0 s; peak memory 721 MiB.
2026-10-02T13:31:33Z INFO [4330/5769] e14631cc-ab92-4eac-a291-bc16d9efddb8: attributed to 000142; 0.0 s; peak memory 721 MiB.
2026-10-02T13:31:33Z INFO [4331/5769] e14d4350-2a30-46b9-a04b-dc9b8bac9534: attributed to 001873; 0.4 s; peak memory 721 MiB.
2026-10-02T13:31:33Z INFO [4332/5769] e15272da-8fce-44ea-8a78-8199887b2b3f: attributed to 000026; 0.1 s; peak memory 721 MiB.
2026-10-02T13:31:33Z INFO [4333/5769] e158af7b-2fcb-4aa3-aebf-d94b6262034b: attributed to 001697; 0.0 s; peak memory 721 MiB.
2026-10-02T13:31:33Z INFO [4334/5769] e15c7a6f-d52d-4367-9355-16a0358266a7: attributed to 001697; 0.0 s; peak memory 721 MiB.
2026-10-02T13:31:34Z INFO [4335/5769] e15f3371-d223-4d1a-8e3e-e67e74a0c664: attributed to 001697; 0.3 s; peak memory 721 MiB.
2026-10-02T13:31:34Z INFO [4336/5769] e1631ba1-6a2e-41d3-ae95-a683b8e106e6: attributed to 001697; 0.3 s; peak memory 721 MiB.
2026-10-02T13:31:34Z INFO [4337/5769] e1663685-3a21-4e80-9ae3-366bf9f0d650: attributed to 000946; 0.1 s; peak memory 721 MiB.
2026-10-02T13:31:34Z INFO [4338/5769] e16ae97f-cff4-42d9-8179-34e721b6dc33: attributed to 001697; 0.0 s; peak memory 721 MiB.
2026-10-02T13:31:34Z INFO [4339/5769] e16b650f-b1fe-4014-a8ab-1d3f2ff8b83a: attributed to 001697; 0.3 s; peak memory 721 MiB.
2026-10-02T13:31:35Z INFO [4340/5769] e1718710-b620-45ab-8759-1fc74c3e3960: attributed to 001697; 0.3 s; peak memory 721 MiB.
2026-10-02T13:31:35Z INFO [4341/5769] e171968d-5b3f-4eb2-8f2e-1912bd8e11a7: attributed to 001697; 0.0 s; peak memory 721 MiB.
2026-10-02T13:31:35Z INFO [4342/5769] e1753cb6-28d4-4447-834f-5a3a3240f7a8: attributed to 001697; 0.0 s; peak memory 721 MiB.
2026-10-02T13:31:35Z INFO [4343/5769] e175d540-e135-4a16-8ed1-f4bb83885312: attributed to 001697; 0.3 s; peak memory 721 MiB.
2026-10-02T13:31:35Z INFO [4344/5769] e17aacf1-1431-4bb9-93a6-3d20bbb9d447: attributed to 001063; 0.1 s; peak memory 721 MiB.
2026-10-02T13:31:35Z INFO [4345/5769] e17ef792-ea36-45fb-a26f-521ee7ab734d: attributed to 001697; 0.0 s; peak memory 721 MiB.
2026-10-02T13:31:35Z INFO [4346/5769] e180d56a-f33f-4722-b07a-08383f83308b: attributed to 001697; 0.3 s; peak memory 721 MiB.
2026-10-02T13:31:36Z INFO [4347/5769] e1815cc6-5a55-4489-80fb-506e63742c8d: attributed to 001697; 0.3 s; peak memory 721 MiB.
2026-10-02T13:31:36Z INFO [4348/5769] e183961c-d928-424e-867f-39e6de2db583: attributed to 001697; 0.0 s; peak memory 721 MiB.
2026-10-02T13:31:36Z INFO [4349/5769] e183a5e3-0668-4fa9-aac4-fd1f41092be3: attributed to 000026; 0.1 s; peak memory 721 MiB.
2026-10-02T13:31:36Z INFO [4350/5769] e18744bc-d244-47ef-ba5d-5e8c0ed713a0: attributed to 001697; 0.3 s; peak memory 721 MiB.
2026-10-02T13:31:37Z INFO [4350/5769] e18744bc-d244-47ef-ba5d-5e8c0ed713a0: checkpointed 506561 records.
2026-10-02T13:31:37Z INFO [4351/5769] e1875b62-e5f2-49e9-a4e6-ecec1362dcdf: attributed to 000570; 0.0 s; peak memory 721 MiB.
2026-10-02T13:31:37Z INFO [4352/5769] e18e99ba-7f97-4a18-a353-ca75c3f413f6: attributed to 000173; 0.1 s; peak memory 721 MiB.
2026-10-02T13:31:38Z INFO [4353/5769] e194ac1c-c6bc-4d45-9843-933fb9e3a3ca: attributed to 001697; 0.3 s; peak memory 721 MiB.
2026-10-02T13:31:38Z INFO [4354/5769] e1950729-9c6d-40c4-a032-0b42b42c0b46: attributed to 001697; 0.3 s; peak memory 721 MiB.
2026-10-02T13:31:38Z INFO [4355/5769] e1953ee9-2de6-439c-9a0a-fe87c4be3663: attributed to 000026; 0.2 s; peak memory 721 MiB.
2026-10-02T13:31:38Z INFO [4356/5769] e1996228-0524-4add-9d86-213152f3aac2: attributed to 000142; 0.0 s; peak memory 721 MiB.
2026-10-02T13:31:38Z INFO [4357/5769] e19a8307-069b-4d75-ade4-9d34ebe2559f: attributed to 000142; 0.0 s; peak memory 721 MiB.
2026-10-02T13:31:38Z INFO [4358/5769] e19c053d-0c60-479e-873c-403b3ffc4ccf: attributed to 000026; 0.1 s; peak memory 721 MiB.
2026-10-02T13:31:38Z INFO [4359/5769] e1ad279e-72c3-4e4b-8149-b0af1f420b94: attributed to 001697; 0.0 s; peak memory 721 MiB.
2026-10-02T13:31:39Z INFO [4360/5769] e1b1c902-bab7-4451-ad66-8d765aeadc0a: attributed to 001697; 0.4 s; peak memory 721 MiB.
2026-10-02T13:31:39Z INFO [4361/5769] e1be85bd-e4e5-4bbf-8435-cd0667e25025: attributed to 000209; 0.0 s; peak memory 721 MiB.
2026-10-02T13:31:39Z INFO [4362/5769] e1bf2801-b917-4de2-8b22-0adafa82aa3f: attributed to 000142; 0.0 s; peak memory 721 MiB.
2026-10-02T13:31:39Z INFO [4363/5769] e1bf95a3-2ceb-44c5-8817-39345e4c0604: attributed to 000026; 0.2 s; peak memory 721 MiB.
2026-10-02T13:31:39Z INFO [4364/5769] e1c8c87e-cc30-468d-ad83-58b8f3278be1: attributed to 001748; 0.0 s; peak memory 721 MiB.
2026-10-02T13:31:39Z INFO [4365/5769] e1c9322a-dc64-4618-a455-06e0fcfef478: attributed to 001697; 0.0 s; peak memory 721 MiB.
2026-10-02T13:31:39Z INFO [4366/5769] e1cbd865-e6fd-4890-aaa2-94967148a795: attributed to 001697; 0.0 s; peak memory 721 MiB.
2026-10-02T13:31:39Z INFO [4367/5769] e1d666b4-394f-4b40-9a98-1e7007db65cd: attributed to 001063; 0.1 s; peak memory 721 MiB.
2026-10-02T13:31:40Z INFO [4368/5769] e1d723fb-9cfe-4293-ac26-da9be60d7b03: attributed to 000026; 1.3 s; peak memory 721 MiB.
2026-10-02T13:31:40Z INFO [4369/5769] e1d9710d-5e30-4afb-916c-6565d87268c0: attributed to 000142; 0.0 s; peak memory 721 MiB.
2026-10-02T13:31:41Z INFO [4370/5769] e1e036f1-cb40-4da4-9410-417c4414f250: attributed to 001697; 1.1 s; peak memory 721 MiB.
2026-10-02T13:31:41Z INFO [4371/5769] e1e1f258-40ad-49f7-a54b-91e58fe1f67b: attributed to 001697; 0.0 s; peak memory 721 MiB.
2026-10-02T13:31:42Z INFO [4372/5769] e1e322cc-2110-4e9c-b2b7-08ca2bd09856: attributed to 001697; 0.4 s; peak memory 721 MiB.
2026-10-02T13:31:42Z INFO [4373/5769] e1ec99a8-4fe8-4989-9e7b-4325ef43ee38: attributed to 001697; 0.5 s; peak memory 721 MiB.
2026-10-02T13:31:42Z INFO [4374/5769] e1ee54f1-a12c-4fe5-be9c-a225f9799f92: attributed to 000026; 0.1 s; peak memory 721 MiB.
2026-10-02T13:31:42Z INFO [4375/5769] e1eec6ee-6ead-4ef4-a551-708dbdbc12cb: attributed to 000946; 0.1 s; peak memory 721 MiB.
2026-10-02T13:31:42Z INFO [4376/5769] e1f45d88-5295-4089-a465-4f5c44fd7419: attributed to 000946; 0.1 s; peak memory 721 MiB.
2026-10-02T13:31:42Z INFO [4377/5769] e1f96041-b316-4387-8adc-42e1f1eac9a4: attributed to 001697; 0.0 s; peak memory 721 MiB.
2026-10-02T13:31:43Z INFO [4378/5769] e202f73d-8e23-4cb0-9eb8-38929696ef0a: attributed to 000571; 0.2 s; peak memory 721 MiB.
2026-10-02T13:31:43Z INFO [4379/5769] e207f588-8fc6-47cb-b3c4-5922004d77a4: attributed to 001697; 0.3 s; peak memory 721 MiB.
2026-10-02T13:31:43Z INFO [4380/5769] e209fefe-360a-4c28-92ac-6efd77d2b140: attributed to 001258; 0.0 s; peak memory 721 MiB.
2026-10-02T13:31:44Z INFO [4381/5769] e20ae4cc-e731-40e7-8afc-9a07c5f5b2bc: attributed to 001697; 0.6 s; peak memory 721 MiB.
2026-10-02T13:31:44Z INFO [4382/5769] e20faf5d-85fe-4a03-bb6f-c8987e9a7461: attributed to 001697; 0.3 s; peak memory 721 MiB.
2026-10-02T13:31:44Z INFO [4383/5769] e2105e4e-8dc5-42b6-89db-f2422d1530e2: attributed to 001697; 0.3 s; peak memory 721 MiB.
2026-10-02T13:31:44Z INFO [4384/5769] e210e61f-9b03-464e-b00a-dff5d01f2a3c: attributed to 001697; 0.0 s; peak memory 721 MiB.
2026-10-02T13:31:44Z INFO [4385/5769] e223faae-6efd-4aa0-80f0-f333b9b07e01: attributed to 001697; 0.0 s; peak memory 721 MiB.
2026-10-02T13:31:44Z INFO [4386/5769] e22a21e1-3d37-4fd3-b47f-984ac0a376eb: attributed to 000026; 0.1 s; peak memory 721 MiB.
2026-10-02T13:31:45Z INFO [4387/5769] e22f877d-186d-4e95-a095-4f365cc58c26: attributed to 000026; 0.2 s; peak memory 721 MiB.
2026-10-02T13:31:45Z INFO [4388/5769] e2391c85-af58-4bec-9c6d-e108dce24484: attributed to 001697; 0.0 s; peak memory 721 MiB.
2026-10-02T13:31:45Z INFO [4389/5769] e23e4d74-d00f-4f19-a18b-c4e1558597db: attributed to 000293; 0.0 s; peak memory 721 MiB.
2026-10-02T13:31:45Z INFO [4390/5769] e2404141-d67d-49a1-b6ce-61c4ffe81517: attributed to 000142; 0.0 s; peak memory 721 MiB.
2026-10-02T13:31:45Z INFO [4391/5769] e240b624-eefb-4ab7-a4c0-0bb0e185ce3a: attributed to 001697; 0.0 s; peak memory 721 MiB.
2026-10-02T13:31:45Z INFO [4392/5769] e24b2fc6-5103-4fc0-a63a-3386700ee97a: attributed to 001697; 0.3 s; peak memory 721 MiB.
2026-10-02T13:31:45Z INFO [4393/5769] e257f6b3-b854-49ad-89ac-391c6f03504d: attributed to 000026; 0.1 s; peak memory 721 MiB.
2026-10-02T13:31:45Z INFO [4394/5769] e25e4cf1-cf14-40c8-96a8-a8465549ff32: attributed to 001697; 0.3 s; peak memory 721 MiB.
2026-10-02T13:31:45Z INFO [4395/5769] e2613913-2ea2-4bd3-8144-e24645d6545e: attributed to 000946; 0.1 s; peak memory 721 MiB.
2026-10-02T13:31:46Z INFO [4396/5769] e262c7f1-f1f5-4042-b5ab-8db9a48f6483: attributed to 001697; 0.3 s; peak memory 721 MiB.
2026-10-02T13:31:46Z INFO [4397/5769] e2663914-e710-48fb-a78f-567a00078c97: attributed to 001697; 0.3 s; peak memory 721 MiB.
2026-10-02T13:31:46Z INFO [4398/5769] e26947c5-6947-4b36-99ea-0a24468fde06: attributed to 001697; 0.3 s; peak memory 721 MiB.
2026-10-02T13:31:47Z INFO [4399/5769] e26a88f1-c78a-4947-a862-67208a5505eb: attributed to 001697; 0.3 s; peak memory 721 MiB.
2026-10-02T13:31:47Z INFO [4400/5769] e26dcb92-b1ea-43c2-b396-74a285e29158: attributed to 001873; 0.4 s; peak memory 721 MiB.
2026-10-02T13:31:48Z INFO [4400/5769] e26dcb92-b1ea-43c2-b396-74a285e29158: checkpointed 506561 records.
2026-10-02T13:31:48Z INFO [4401/5769] e26f8c17-dabf-457b-959e-1c517099208a: attributed to 001697; 0.0 s; peak memory 721 MiB.
2026-10-02T13:31:48Z INFO [4402/5769] e2715c92-b6cf-4eae-bf0d-80bb36538730: attributed to 001697; 0.0 s; peak memory 721 MiB.
2026-10-02T13:31:48Z INFO [4403/5769] e272dfd3-bc60-462a-bf2f-a0d419377f38: attributed to 000026; 0.1 s; peak memory 721 MiB.
2026-10-02T13:31:48Z INFO [4404/5769] e273fb83-32e3-4306-9d26-d3a699711481: attributed to 000026; 0.1 s; peak memory 721 MiB.
2026-10-02T13:31:48Z INFO [4405/5769] e278e8f8-9e6a-43b9-a302-bc9d7404d021: attributed to 000026; 0.1 s; peak memory 721 MiB.
2026-10-02T13:31:49Z INFO [4406/5769] e27bbda4-b728-4c9c-b570-61abc7182173: attributed to 001372; 0.2 s; peak memory 721 MiB.
2026-10-02T13:31:49Z INFO [4407/5769] e284288a-489c-41e1-b0b0-430c313a74b1: attributed to 000026; 0.1 s; peak memory 721 MiB.
2026-10-02T13:31:49Z INFO [4408/5769] e28d32f6-c8b8-4f2b-943e-670b6f3b556c: attributed to 000946; 0.1 s; peak memory 721 MiB.
2026-10-02T13:31:49Z INFO [4409/5769] e2961211-6864-4af2-80f1-675d66bb6f77: attributed to 001697; 0.0 s; peak memory 721 MiB.
2026-10-02T13:31:49Z INFO [4410/5769] e2a9bba4-606c-427b-918d-81f3221771a7: attributed to 001697; 0.3 s; peak memory 721 MiB.
2026-10-02T13:31:49Z INFO [4411/5769] e2affd9a-2502-4858-b4b1-6bad9a271da5: attributed to 001697; 0.3 s; peak memory 721 MiB.
2026-10-02T13:31:49Z INFO [4412/5769] e2b1d836-aa75-4408-9107-f1f2fcea1793: attributed to 000403; 0.0 s; peak memory 721 MiB.
2026-10-02T13:31:49Z INFO [4413/5769] e2b3dbb0-4300-48c3-9b00-fe42bd69db23: attributed to 001697; 0.0 s; peak memory 721 MiB.
2026-10-02T13:31:50Z INFO [4414/5769] e2b69fa8-c055-4357-a442-2485785076c3: attributed to 001697; 0.3 s; peak memory 721 MiB.
2026-10-02T13:31:50Z INFO [4415/5769] e2bb8a02-47b0-4ad5-89a9-0b831a6b393f: attributed to 000026; 0.2 s; peak memory 721 MiB.
2026-10-02T13:31:50Z INFO [4416/5769] e2c9b209-7cbe-4eb5-947f-9a8d2db23ee9: attributed to 001697; 0.0 s; peak memory 721 MiB.
2026-10-02T13:31:50Z INFO [4417/5769] e2c9ce3d-5b82-4dd9-9008-c12ff4ed9a52: attributed to 000026; 0.1 s; peak memory 721 MiB.
2026-10-02T13:31:50Z INFO [4418/5769] e2cb18dd-b68e-4500-bef6-5d0bd179a5d8: attributed to 001697; 0.0 s; peak memory 721 MiB.
2026-10-02T13:31:50Z INFO [4419/5769] e2d0fa14-8907-40bc-b71c-9cab57eff4ba: attributed to 001697; 0.0 s; peak memory 721 MiB.
2026-10-02T13:31:50Z INFO [4420/5769] e2d7dfa3-b849-4561-a124-8293cf73658f: attributed to 000293; 0.0 s; peak memory 721 MiB.
2026-10-02T13:31:50Z INFO [4421/5769] e2d83735-7ed1-44aa-8b8f-b8c9a7219397: attributed to 001697; 0.3 s; peak memory 721 MiB.
2026-10-02T13:31:50Z INFO [4422/5769] e2df28fe-5b20-4df2-ac35-89ae3cd4d74b: attributed to 000026; 0.1 s; peak memory 721 MiB.
2026-10-02T13:31:51Z INFO [4423/5769] e2e02789-03ad-4b82-b9b9-54f1f7c3e833: attributed to 001697; 0.4 s; peak memory 721 MiB.
2026-10-02T13:31:51Z INFO [4424/5769] e2e171ed-fed3-40d3-b38e-bbadb7f40eaa: attributed to 001697; 0.4 s; peak memory 721 MiB.
2026-10-02T13:31:51Z INFO [4425/5769] e2e331fc-cf76-48e9-8066-f2246eba869d: attributed to 000026; 0.1 s; peak memory 721 MiB.
2026-10-02T13:31:51Z INFO [4426/5769] e2e541b8-4d4e-405c-86ab-fc51b83233ba: attributed to 000026; 0.1 s; peak memory 721 MiB.
2026-10-02T13:31:52Z INFO [4427/5769] e2e6e3f3-037a-401d-a351-64f09e310565: attributed to 001697; 0.3 s; peak memory 721 MiB.
2026-10-02T13:31:52Z INFO [4428/5769] e2efc8b5-56f5-4250-aaf6-a78694a93ff4: attributed to 001697; 0.3 s; peak memory 721 MiB.
2026-10-02T13:31:52Z INFO [4429/5769] e2f1524a-2584-4a13-b21a-26943025d300: attributed to 001697; 0.0 s; peak memory 721 MiB.
2026-10-02T13:31:52Z INFO [4430/5769] e2f1be41-93d6-4089-96dd-ef1505d2be4c: attributed to 001697; 0.0 s; peak memory 721 MiB.
2026-10-02T13:31:53Z INFO [4431/5769] e2f2fcd7-ac73-4f99-b043-0d0741db6c73: attributed to 000026; 0.4 s; peak memory 721 MiB.
2026-10-02T13:31:54Z INFO [4432/5769] e2f6c5b9-abbe-4212-9110-78bbd1b07bb5: attributed to 001873; 1.0 s; peak memory 721 MiB.
2026-10-02T13:31:54Z INFO [4433/5769] e2f75de2-18a4-4157-81ba-70011bf5e448: attributed to 000026; 0.1 s; peak memory 721 MiB.
2026-10-02T13:31:54Z INFO [4434/5769] e2fbab63-2ba0-45b2-b3be-e327a1432b16: attributed to 001697; 0.0 s; peak memory 721 MiB.
2026-10-02T13:31:54Z INFO [4435/5769] e304bcf5-5837-4f69-a378-e9e4c01e8f65: attributed to 001449; 0.2 s; peak memory 721 MiB.
2026-10-02T13:31:54Z INFO [4436/5769] e309923b-02a5-4734-82f6-ac9703ebae8d: attributed to 001697; 0.0 s; peak memory 721 MiB.
2026-10-02T13:31:54Z INFO [4437/5769] e309e41f-097d-4a40-868b-e8267dcf85e5: attributed to 001873; 0.4 s; peak memory 721 MiB.
2026-10-02T13:31:54Z INFO [4438/5769] e3108ba3-79c5-4bc6-8f1b-3c3f9a50c2d6: attributed to 001697; 0.0 s; peak memory 721 MiB.
2026-10-02T13:31:54Z INFO [4439/5769] e3112877-5bf6-4c47-ba59-2632461fb700: attributed to 001697; 0.0 s; peak memory 721 MiB.
2026-10-02T13:31:55Z INFO [4440/5769] e31c4c42-42ec-4b38-a195-1c7a4a60129c: attributed to 001697; 0.3 s; peak memory 721 MiB.
2026-10-02T13:31:55Z INFO [4441/5769] e31c66a0-83f4-4769-8939-7429bfb85ee5: attributed to 000403; 0.8 s; peak memory 721 MiB.
2026-10-02T13:31:55Z INFO [4442/5769] e31d9ad5-a9bc-4edc-b400-fd82d78cd771: attributed to 001697; 0.0 s; peak memory 721 MiB.
2026-10-02T13:31:55Z INFO [4443/5769] e31e5165-52a1-4e98-88fd-952d61379184: attributed to 000403; 0.0 s; peak memory 721 MiB.
2026-10-02T13:31:55Z INFO [4444/5769] e3241406-926c-4d24-a19f-6b267b163e0e: attributed to 000026; 0.1 s; peak memory 721 MiB.
2026-10-02T13:31:56Z INFO [4445/5769] e32e77e1-bf9b-4f5c-b292-1883466475c8: attributed to 001697; 0.3 s; peak memory 721 MiB.
2026-10-02T13:31:56Z INFO [4446/5769] e3355cc2-ce3a-4ac2-bdb1-91440edec8dc: attributed to 001697; 0.3 s; peak memory 721 MiB.
2026-10-02T13:31:56Z INFO [4447/5769] e33fefb2-bd9a-4c42-b47c-ad189efcd19f: attributed to 001697; 0.0 s; peak memory 721 MiB.
2026-10-02T13:31:56Z INFO [4448/5769] e3450c15-072a-42c9-a6eb-3856aa90d993: attributed to 000946; 0.1 s; peak memory 721 MiB.
2026-10-02T13:31:56Z INFO [4449/5769] e34d918e-4417-4d58-9f73-4a5a38287e7f: attributed to 001697; 0.0 s; peak memory 721 MiB.
2026-10-02T13:31:56Z INFO [4450/5769] e3548bf8-a84e-4dc0-9bbf-d8679c5ff1f2: attributed to 000209; 0.0 s; peak memory 721 MiB.
2026-10-02T13:31:57Z INFO [4450/5769] e3548bf8-a84e-4dc0-9bbf-d8679c5ff1f2: checkpointed 506561 records.
2026-10-02T13:31:58Z INFO [4451/5769] e3586a75-7a6f-4e42-92e4-2806e67c49ef: attributed to 001697; 0.3 s; peak memory 721 MiB.
2026-10-02T13:31:58Z INFO [4452/5769] e35c7b72-08f9-4806-8aeb-45a5c181ce03: attributed to 001697; 0.3 s; peak memory 721 MiB.
2026-10-02T13:31:58Z INFO [4453/5769] e35da68f-8c38-405d-87cc-73182ccb5a65: attributed to 001697; 0.3 s; peak memory 721 MiB.
2026-10-02T13:31:58Z INFO [4454/5769] e362e265-9f8a-4b3c-bb10-ea8dbb6b88a6: attributed to 000026; 0.2 s; peak memory 721 MiB.
2026-10-02T13:31:59Z INFO [4455/5769] e366232e-6110-4b95-b67b-dd8a55332093: attributed to 001697; 0.3 s; peak memory 721 MiB.
2026-10-02T13:31:59Z INFO [4456/5769] e3752c7e-e8ac-4daa-9973-3c6770a4c48f: attributed to 000946; 0.1 s; peak memory 721 MiB.
2026-10-02T13:31:59Z INFO [4457/5769] e375bd6b-ea1c-4f7b-bebf-67da87690db6: attributed to 001697; 0.0 s; peak memory 721 MiB.
2026-10-02T13:31:59Z INFO [4458/5769] e377defe-4623-40e8-9e80-109fb9fab471: attributed to 000946; 0.1 s; peak memory 721 MiB.
2026-10-02T13:31:59Z INFO [4459/5769] e37b16ef-909d-481b-ab3c-05fbb6070fb2: attributed to 000026; 0.1 s; peak memory 721 MiB.
2026-10-02T13:31:59Z INFO [4460/5769] e37c509d-7c3b-45dd-9e60-5c8eee442015: attributed to 001697; 0.3 s; peak memory 721 MiB.
2026-10-02T13:31:59Z INFO [4461/5769] e3832b32-9a74-4430-80c4-3787556fabfa: attributed to 001858; 0.0 s; peak memory 721 MiB.
2026-10-02T13:32:00Z INFO [4462/5769] e392f46a-d5aa-4ac1-ad9d-4f016ec7ee94: attributed to 001697; 0.3 s; peak memory 721 MiB.
2026-10-02T13:32:00Z INFO [4463/5769] e396c4f7-f49f-4590-9357-d08085a06904: attributed to 000142; 0.0 s; peak memory 721 MiB.
2026-10-02T13:32:00Z INFO [4464/5769] e3977085-7aa9-4f5b-8a30-8451822933cf: attributed to 001697; 0.0 s; peak memory 721 MiB.
2026-10-02T13:32:00Z INFO [4465/5769] e398ab88-0053-4f39-9849-7a9a22ac3107: attributed to 001697; 0.0 s; peak memory 721 MiB.
2026-10-02T13:32:00Z INFO [4466/5769] e3995c9c-1e5f-45cb-ab71-8a2d606d7cbd: attributed to 001697; 0.0 s; peak memory 721 MiB.
2026-10-02T13:32:00Z INFO [4467/5769] e39d4b55-8544-4746-b8f2-c1ba1c78dc03: attributed to 001697; 0.0 s; peak memory 721 MiB.
2026-10-02T13:32:00Z INFO [4468/5769] e39f3228-2814-4b75-b676-bed35053a7b3: attributed to 001697; 0.3 s; peak memory 721 MiB.
2026-10-02T13:32:00Z INFO [4469/5769] e3a10aaa-0364-4b34-a961-5176fbdb8d7c: attributed to 000293; 0.0 s; peak memory 721 MiB.
2026-10-02T13:32:00Z INFO [4470/5769] e3a23329-8ca5-4ddc-8074-474cb1f3a2e5: attributed to 001697; 0.0 s; peak memory 721 MiB.
2026-10-02T13:32:00Z INFO [4471/5769] e3a5b252-6c46-4b7c-97ec-c6ed40a157fb: attributed to 001697; 0.0 s; peak memory 721 MiB.
2026-10-02T13:32:00Z INFO [4472/5769] e3aeeca1-0929-4211-ba5d-0f54a8ffc1a0: attributed to 001697; 0.0 s; peak memory 721 MiB.
2026-10-02T13:32:00Z INFO [4473/5769] e3b92caa-ca80-4370-a1fc-bc50b8fd1920: attributed to 000026; 0.2 s; peak memory 721 MiB.
2026-10-02T13:32:00Z INFO [4474/5769] e3bc90a5-8889-42e3-a0d8-cf1fc66fc2c4: attributed to 001697; 0.3 s; peak memory 721 MiB.
2026-10-02T13:32:01Z INFO [4475/5769] e3bedb18-5836-494e-802a-0a95356daca1: attributed to 001697; 0.3 s; peak memory 721 MiB.
2026-10-02T13:32:01Z INFO [4476/5769] e3c1b937-ca5c-4af5-983d-93c449a4dd28: attributed to 001697; 0.0 s; peak memory 721 MiB.
2026-10-02T13:32:01Z INFO [4477/5769] e3c33268-d067-46d8-802c-e0e81c9fe38a: attributed to 001697; 0.3 s; peak memory 721 MiB.
2026-10-02T13:32:01Z INFO [4478/5769] e3c7959a-2fe0-42f9-b8dd-873b82bece1d: attributed to 001697; 0.0 s; peak memory 721 MiB.
2026-10-02T13:32:01Z INFO [4479/5769] e3db9ff0-9339-428a-af46-e82130a2617e: attributed to 000946; 0.1 s; peak memory 721 MiB.
2026-10-02T13:32:01Z INFO [4480/5769] e3dd6362-9f0a-425c-8242-f51489f3bd2d: attributed to 001697; 0.3 s; peak memory 721 MiB.
2026-10-02T13:32:01Z INFO [4481/5769] e3f55933-f15a-4392-b682-091a8f607f76: attributed to 001697; 0.0 s; peak memory 721 MiB.
2026-10-02T13:32:01Z INFO [4482/5769] e3f5e425-e640-4327-b3fb-52298e3a4b11: attributed to 000173; 0.1 s; peak memory 721 MiB.
2026-10-02T13:32:01Z INFO [4483/5769] e3fd2d59-7f5c-4de2-88e9-6a291a7d685d: attributed to 001697; 0.0 s; peak memory 721 MiB.
2026-10-02T13:32:02Z INFO [4484/5769] e3fdbbb1-066b-4b52-8b77-1602f9658300: attributed to 000026; 0.1 s; peak memory 721 MiB.
2026-10-02T13:32:02Z INFO [4485/5769] e4027416-b015-45a0-89b4-1ab06d0db7a5: attributed to 001697; 0.0 s; peak memory 721 MiB.
2026-10-02T13:32:02Z INFO [4486/5769] e403d6f9-d5e0-4c91-84b8-d60d2c5a3814: attributed to 001697; 0.0 s; peak memory 721 MiB.
2026-10-02T13:32:02Z INFO [4487/5769] e408b6dd-af59-436f-935a-8ab3f9690c2a: attributed to 000570; 0.0 s; peak memory 721 MiB.
2026-10-02T13:32:02Z INFO [4488/5769] e412c5d4-2219-42ce-8051-1475bdd76d5f: attributed to 000946; 0.1 s; peak memory 721 MiB.
2026-10-02T13:32:02Z INFO [4489/5769] e41cf9e9-cafc-4d5e-ac1d-4c3a71e04237: attributed to 000293; 0.0 s; peak memory 721 MiB.
2026-10-02T13:32:02Z INFO [4490/5769] e42a7f1a-2d08-4723-adec-eb4d986b45bb: attributed to 001697; 0.3 s; peak memory 721 MiB.
2026-10-02T13:32:02Z INFO [4491/5769] e42cf459-17c0-4c90-8272-6c0bd282b32a: attributed to 000026; 0.1 s; peak memory 721 MiB.
2026-10-02T13:32:02Z INFO [4492/5769] e436a2ce-4469-4872-ad11-12535aa685e1: attributed to 001697; 0.0 s; peak memory 721 MiB.
2026-10-02T13:32:02Z INFO [4493/5769] e43fb712-a7b3-4d61-91db-c88119e1166b: attributed to 000570; 0.0 s; peak memory 721 MiB.
2026-10-02T13:32:02Z INFO [4494/5769] e45005cc-3644-4feb-8ee5-46294d059060: attributed to 001697; 0.0 s; peak memory 721 MiB.
2026-10-02T13:32:02Z INFO [4495/5769] e4519273-b6d9-42bc-96ed-cc914789c78c: attributed to 001697; 0.0 s; peak memory 721 MiB.
2026-10-02T13:32:02Z INFO [4496/5769] e45c167d-461b-4eb3-9c1e-67c0f41a64fb: attributed to 001697; 0.0 s; peak memory 721 MiB.
2026-10-02T13:32:02Z INFO [4497/5769] e45f4402-3807-46d4-a43b-ceca95a32c61: attributed to 001697; 0.3 s; peak memory 721 MiB.
2026-10-02T13:32:03Z INFO [4498/5769] e4624a6c-893e-451c-8ffe-9bd6d43a6a1f: attributed to 001697; 0.3 s; peak memory 721 MiB.
2026-10-02T13:32:03Z INFO [4499/5769] e469c402-5cf0-434f-bc81-8a5ce75952b9: attributed to 001697; 0.3 s; peak memory 721 MiB.
2026-10-02T13:32:03Z INFO [4500/5769] e472880d-1862-4e12-9f50-0ecfbe582a6b: attributed to 000026; 0.1 s; peak memory 721 MiB.
2026-10-02T13:32:04Z INFO [4500/5769] e472880d-1862-4e12-9f50-0ecfbe582a6b: checkpointed 506561 records.
2026-10-02T13:32:04Z INFO [4501/5769] e478f6e0-2e39-4ae1-9484-311bf956f789: attributed to 001697; 0.0 s; peak memory 721 MiB.
2026-10-02T13:32:04Z INFO [4502/5769] e47b8bc5-2fac-4691-b939-5e9ebb405456: attributed to 000026; 0.1 s; peak memory 721 MiB.
2026-10-02T13:32:04Z INFO [4503/5769] e482c66f-5b68-42d1-b783-ec3ddfbffc13: attributed to 001697; 0.0 s; peak memory 721 MiB.
2026-10-02T13:32:05Z INFO [4504/5769] e4835c2a-1b54-46e8-a5b2-b0c83dc8fd97: attributed to 000026; 0.1 s; peak memory 721 MiB.
2026-10-02T13:32:05Z INFO [4505/5769] e48e2d47-365a-4395-ab23-4a156ee8bf69: attributed to 001697; 0.0 s; peak memory 721 MiB.
2026-10-02T13:32:05Z INFO [4506/5769] e48f4a07-2bab-41c5-a73c-2c4af9ccb8c9: attributed to 001697; 0.3 s; peak memory 721 MiB.
2026-10-02T13:32:05Z INFO [4507/5769] e4921af9-d6d5-42aa-98d0-5975e62c4b29: attributed to 001697; 0.3 s; peak memory 721 MiB.
2026-10-02T13:32:05Z INFO [4508/5769] e49bed78-9576-4201-b5cd-12bb724be79f: attributed to 000559; 0.2 s; peak memory 721 MiB.
2026-10-02T13:32:05Z INFO [4509/5769] e49c5265-eddb-4b6b-a00a-3cee365df1a2: attributed to 000026; 0.1 s; peak memory 721 MiB.
2026-10-02T13:32:06Z INFO [4510/5769] e49d9d72-ed62-4b91-ab82-a8c65b831863: attributed to 000026; 0.1 s; peak memory 721 MiB.
2026-10-02T13:32:06Z INFO [4511/5769] e4a17418-5da9-4f15-b229-8272ba3d7cde: attributed to 000109; 0.0 s; peak memory 721 MiB.
2026-10-02T13:32:06Z INFO [4512/5769] e4aebe45-c1ba-4093-9987-c201db8dc6bb: attributed to 001858; 0.0 s; peak memory 721 MiB.
2026-10-02T13:32:06Z INFO [4513/5769] e4b6c01d-0adc-4bdd-806c-4d2a13a8212d: attributed to 001697; 0.3 s; peak memory 721 MiB.
2026-10-02T13:32:07Z INFO [4514/5769] e4bcba1c-7670-47fa-bc29-a8f589fc64ef: attributed to 001873; 1.3 s; peak memory 721 MiB.
2026-10-02T13:32:07Z INFO [4515/5769] e4c184b2-dd5e-4f51-ab4e-f990ce7e4d5b: attributed to 000173; 0.1 s; peak memory 721 MiB.
2026-10-02T13:32:07Z INFO [4516/5769] e4c733e1-6132-45ae-812b-8337e895c042: attributed to 001697; 0.0 s; peak memory 721 MiB.
2026-10-02T13:32:07Z INFO [4517/5769] e4cdc6a6-7ee9-458c-8f1b-a0e40c679265: attributed to 000142; 0.0 s; peak memory 721 MiB.
2026-10-02T13:32:08Z INFO [4518/5769] e4ce6af1-cd1b-40ab-b8d0-0da5d9b50346: attributed to 000026; 0.4 s; peak memory 721 MiB.
2026-10-02T13:32:08Z INFO [4519/5769] e4d98a71-9674-404f-8166-7862a9fa2a0e: attributed to 001697; 0.3 s; peak memory 721 MiB.
2026-10-02T13:32:08Z INFO [4520/5769] e4dfc848-fb8e-4091-aec2-7a3bec917908: attributed to 000026; 0.5 s; peak memory 721 MiB.
2026-10-02T13:32:08Z INFO [4521/5769] e4e08b33-8f68-47d2-a68a-ebc4cce1d3cc: attributed to 001697; 0.0 s; peak memory 721 MiB.
2026-10-02T13:32:09Z INFO [4522/5769] e4e15023-53f4-41d2-9779-08e71f50f050: attributed to 000026; 0.1 s; peak memory 721 MiB.
2026-10-02T13:32:09Z INFO [4523/5769] e4e2c152-52b0-437e-916b-cd92cf555f0a: attributed to 001697; 0.0 s; peak memory 721 MiB.
2026-10-02T13:32:09Z INFO [4524/5769] e4e30b8f-2cee-4df9-9061-f3b71c160a18: attributed to 001258; 0.0 s; peak memory 721 MiB.
2026-10-02T13:32:09Z INFO [4525/5769] e4e3e63b-5e7b-43d8-b454-29ae5357724a: attributed to 001697; 0.4 s; peak memory 721 MiB.
2026-10-02T13:32:09Z INFO [4526/5769] e4e48e54-035f-4ed6-80cf-7b9329d03c2a: attributed to 001449; 0.1 s; peak memory 721 MiB.
2026-10-02T13:32:09Z INFO [4527/5769] e4e5c1d9-fa89-4ad0-a877-a15fdf0dc764: attributed to 001697; 0.0 s; peak memory 721 MiB.
2026-10-02T13:32:10Z INFO [4528/5769] e4f9816b-6980-4542-b7be-00158e5a0cf0: attributed to 001697; 0.4 s; peak memory 721 MiB.
2026-10-02T13:32:10Z INFO [4529/5769] e4fa2152-9c01-44f4-8cfd-3e91935ad799: attributed to 001697; 0.5 s; peak memory 721 MiB.
2026-10-02T13:32:10Z INFO [4530/5769] e4fdf3db-40be-4110-9ff7-4b477319ee7e: attributed to 001697; 0.0 s; peak memory 721 MiB.
2026-10-02T13:32:10Z INFO [4531/5769] e4fea3d2-c3c2-40be-ad42-9cb8e58d1745: attributed to 000946; 0.1 s; peak memory 721 MiB.
2026-10-02T13:32:10Z INFO [4532/5769] e4feac90-add4-41db-aaf1-f96a2675d649: attributed to 001697; 0.0 s; peak memory 721 MiB.
2026-10-02T13:32:11Z INFO [4533/5769] e5075486-838b-4df3-84ee-0feabb8af9d6: attributed to 001697; 0.4 s; peak memory 721 MiB.
2026-10-02T13:32:11Z INFO [4534/5769] e50b8052-de3e-40c7-8480-a07d8e1d1d5f: attributed to 001697; 0.3 s; peak memory 721 MiB.
2026-10-02T13:32:11Z INFO [4535/5769] e50c14db-bdbe-4a0d-8bb5-657b9a723f8e: attributed to 001697; 0.4 s; peak memory 721 MiB.
2026-10-02T13:32:11Z INFO [4536/5769] e50c93c4-7475-478f-95a6-bf64e424ac9a: attributed to 000109; 0.0 s; peak memory 721 MiB.
2026-10-02T13:32:11Z INFO [4537/5769] e511f9ee-b727-4ca1-8867-137f08254c1a: attributed to 000026; 0.1 s; peak memory 721 MiB.
2026-10-02T13:32:12Z INFO [4538/5769] e51c9c0f-8db4-4aa0-aa49-ada5ae158c23: attributed to 000026; 0.2 s; peak memory 721 MiB.
2026-10-02T13:32:12Z INFO [4539/5769] e51f13c4-e4ce-45ff-bd98-f9b8e1e65f4b: attributed to 000109; 0.0 s; peak memory 721 MiB.
2026-10-02T13:32:12Z INFO [4540/5769] e51fa765-442a-4f3c-b3a3-c8dc3b939eed: attributed to 000209; 0.0 s; peak memory 721 MiB.
2026-10-02T13:32:12Z INFO [4541/5769] e5215845-84f0-406f-9f13-abf8e515329e: attributed to 000026; 0.1 s; peak memory 721 MiB.
2026-10-02T13:32:12Z INFO [4542/5769] e52cbd1d-c110-4814-af6c-704d79f50875: attributed to 001697; 0.0 s; peak memory 721 MiB.
2026-10-02T13:32:12Z INFO [4543/5769] e52db143-ef5d-4837-8769-6d9111671a62: attributed to 000026; 0.1 s; peak memory 721 MiB.
2026-10-02T13:32:12Z INFO [4544/5769] e52f3432-0dc6-4d6e-8ba8-41cd9d9aaf1d: attributed to 001697; 0.5 s; peak memory 721 MiB.
2026-10-02T13:32:12Z INFO [4545/5769] e5371495-5859-4ee3-bfec-849349cb0bc4: attributed to 001697; 0.0 s; peak memory 721 MiB.
2026-10-02T13:32:12Z INFO [4546/5769] e53f64cc-3cc6-4224-9bce-c65beef97216: attributed to 001697; 0.0 s; peak memory 721 MiB.
2026-10-02T13:32:12Z INFO [4547/5769] e540cd71-a261-46f4-8018-07c7bcdedf03: attributed to 000293; 0.0 s; peak memory 721 MiB.
2026-10-02T13:32:12Z INFO [4548/5769] e546cda1-a5a0-42ae-b841-2e888d5ed710: attributed to 000173; 0.1 s; peak memory 721 MiB.
2026-10-02T13:32:13Z INFO [4549/5769] e54fd4aa-82e8-459a-bed3-acdfa3d6cfe3: attributed to 001697; 0.3 s; peak memory 721 MiB.
2026-10-02T13:32:13Z INFO [4550/5769] e555e57b-807b-4765-abda-518477eb6a87: attributed to 001697; 0.0 s; peak memory 721 MiB.
2026-10-02T13:32:14Z INFO [4550/5769] e555e57b-807b-4765-abda-518477eb6a87: checkpointed 506561 records.
2026-10-02T13:32:14Z INFO [4551/5769] e55a2727-7c61-453b-8ac6-7e300b91be57: attributed to 000026; 0.1 s; peak memory 721 MiB.
2026-10-02T13:32:14Z INFO [4552/5769] e55fa0b3-fa3e-4aa0-a02f-e4e93f670f6d: attributed to 001697; 0.0 s; peak memory 721 MiB.
2026-10-02T13:32:14Z INFO [4553/5769] e5616b3c-6288-4287-9d06-0e1bdaab88b2: attributed to 000026; 0.1 s; peak memory 721 MiB.
2026-10-02T13:32:14Z INFO [4554/5769] e5620621-a916-4371-a8a3-a1d88364e908: attributed to 001697; 0.3 s; peak memory 721 MiB.
2026-10-02T13:32:14Z INFO [4555/5769] e5671de0-9b95-4a3a-a694-3adec9bcd3e9: attributed to 001749; 0.1 s; peak memory 721 MiB.
2026-10-02T13:32:14Z INFO [4556/5769] e57799af-a06d-494b-b402-25d73ad8a762: attributed to 000142; 0.0 s; peak memory 721 MiB.
2026-10-02T13:32:15Z INFO [4557/5769] e57801fb-cee1-4eb1-a63e-267ee71c2e00: attributed to 001697; 0.3 s; peak memory 721 MiB.
2026-10-02T13:32:15Z INFO [4558/5769] e57ac902-9b59-4bd8-bb36-93b8464ea63f: attributed to 000026; 0.2 s; peak memory 721 MiB.
2026-10-02T13:32:16Z INFO [4559/5769] e5813084-30d0-447f-9cd8-5dda7ba7f592: attributed to 000571; 0.9 s; peak memory 721 MiB.
2026-10-02T13:32:16Z INFO [4560/5769] e58233c3-7802-4884-81ec-03938a5aad2d: attributed to 001697; 0.3 s; peak memory 721 MiB.
2026-10-02T13:32:16Z INFO [4561/5769] e5850361-6c7b-4961-8b0e-10eaeca7ceef: attributed to 000026; 0.1 s; peak memory 721 MiB.
2026-10-02T13:32:17Z INFO [4562/5769] e58574c9-a9d1-48ff-afd4-0d8599c64c34: attributed to 001697; 0.3 s; peak memory 721 MiB.
2026-10-02T13:32:17Z INFO [4563/5769] e5880e66-0209-4c84-adce-13641e12c7cb: attributed to 001697; 0.0 s; peak memory 721 MiB.
2026-10-02T13:32:17Z INFO [4564/5769] e58dcad4-6b4c-4cc5-8f1e-07f87e4ad2d9: attributed to 000026; 0.2 s; peak memory 721 MiB.
2026-10-02T13:32:17Z INFO [4565/5769] e592a3dd-8c46-48e9-8952-83f5e56a98dd: attributed to 000026; 0.1 s; peak memory 721 MiB.
2026-10-02T13:32:17Z INFO [4566/5769] e59c3bbb-89ce-4c24-b7ab-30f3a6cf5a7f: attributed to 001873; 0.4 s; peak memory 721 MiB.
2026-10-02T13:32:17Z INFO [4567/5769] e5a6f36f-e15f-47c7-abf1-63505f5f5bdd: attributed to 001697; 0.0 s; peak memory 721 MiB.
2026-10-02T13:32:17Z INFO [4568/5769] e5b1e26e-41a4-4e12-8e13-5232b95c7856: attributed to 001697; 0.0 s; peak memory 721 MiB.
2026-10-02T13:32:18Z INFO [4569/5769] e5b74765-0db3-4ab2-a7f5-074fedfe6582: attributed to 001697; 0.4 s; peak memory 721 MiB.
2026-10-02T13:32:18Z INFO [4570/5769] e5bfbd74-2d84-4613-b43c-1c5c3b9771cd: attributed to 001697; 0.0 s; peak memory 721 MiB.
2026-10-02T13:32:18Z INFO [4571/5769] e5c00f73-15ed-4701-9c0b-ccb6d06fc8dd: attributed to 001697; 0.5 s; peak memory 721 MiB.
2026-10-02T13:32:19Z INFO [4572/5769] e5c5976d-ab73-4934-bce0-838e0364a1dc: attributed to 001697; 0.3 s; peak memory 721 MiB.
2026-10-02T13:32:19Z INFO [4573/5769] e5c74770-3395-4d27-970b-57bb6b19e317: attributed to 000026; 0.1 s; peak memory 721 MiB.
2026-10-02T13:32:19Z INFO [4574/5769] e5c9bb65-80c9-4fab-a7da-44afd3b60127: attributed to 001697; 0.0 s; peak memory 721 MiB.
2026-10-02T13:32:19Z INFO [4575/5769] e5d10edd-e0a8-4dd0-b199-db7c889c506c: attributed to 001697; 0.3 s; peak memory 721 MiB.
2026-10-02T13:32:19Z INFO [4576/5769] e5d7b9e6-435d-4f06-a2d8-4701d3dc30a6: attributed to 001697; 0.0 s; peak memory 721 MiB.
2026-10-02T13:32:19Z INFO [4577/5769] e5e57226-8aa9-488d-8edd-e82151646edb: attributed to 000142; 0.0 s; peak memory 721 MiB.
2026-10-02T13:32:19Z INFO [4578/5769] e5e73bd1-83e0-479f-b492-711ffeb69607: attributed to 001346; 0.1 s; peak memory 721 MiB.
2026-10-02T13:32:19Z INFO [4579/5769] e5f1884c-893e-4cb7-bc1f-83aa925c1d9c: attributed to 001858; 0.0 s; peak memory 721 MiB.
2026-10-02T13:32:19Z INFO [4580/5769] e5f2a38d-aa32-4698-b9c2-728100942f6d: attributed to 001449; 0.1 s; peak memory 721 MiB.
2026-10-02T13:32:19Z INFO [4581/5769] e5f605d0-f399-4ca5-9b7d-b1ef3a4fefb0: attributed to 000026; 0.1 s; peak memory 721 MiB.
2026-10-02T13:32:19Z INFO [4582/5769] e5fad392-f21c-4aba-a1e0-f05ecbe3a881: attributed to 001697; 0.0 s; peak memory 721 MiB.
2026-10-02T13:32:19Z INFO [4583/5769] e60048bc-ecdb-4d58-9d44-8701b7d4dd45: attributed to 001697; 0.0 s; peak memory 721 MiB.
2026-10-02T13:32:19Z INFO [4584/5769] e609b702-e78c-4573-ae00-d26dfa18726a: attributed to 001697; 0.0 s; peak memory 721 MiB.
2026-10-02T13:32:19Z INFO [4585/5769] e6112d03-012e-4f15-b432-f70bbc242942: attributed to 000946; 0.1 s; peak memory 721 MiB.
2026-10-02T13:32:20Z INFO [4586/5769] e620195e-2e0b-4c1b-9089-091c04d05438: attributed to 001697; 0.3 s; peak memory 721 MiB.
2026-10-02T13:32:20Z INFO [4587/5769] e6202259-2bb3-4efc-a61e-17e42f4589a5: attributed to 001697; 0.3 s; peak memory 721 MiB.
2026-10-02T13:32:20Z INFO [4588/5769] e62077dd-8a2f-4f2d-a313-56edbdfe5637: attributed to 000026; 0.1 s; peak memory 721 MiB.
2026-10-02T13:32:21Z INFO [4589/5769] e621f006-becc-4bb5-a93e-126c48959a68: attributed to 001873; 0.4 s; peak memory 721 MiB.
2026-10-02T13:32:21Z INFO [4590/5769] e62202ce-959a-4a7c-8503-135153d78e09: attributed to 001063; 0.1 s; peak memory 721 MiB.
2026-10-02T13:32:22Z INFO [4591/5769] e622d812-7456-462e-8a90-46665af46c82: attributed to 000026; 1.0 s; peak memory 721 MiB.
2026-10-02T13:32:22Z INFO [4592/5769] e62a1c77-8cb9-488e-8df4-80e136ff7a64: attributed to 000946; 0.1 s; peak memory 721 MiB.
2026-10-02T13:32:22Z INFO [4593/5769] e62ec1a8-753e-4310-abfa-42876b1a3b30: attributed to 001697; 0.3 s; peak memory 721 MiB.
2026-10-02T13:32:22Z INFO [4594/5769] e63bd313-46d1-4b94-955c-abdb79220514: attributed to 001697; 0.0 s; peak memory 721 MiB.
2026-10-02T13:32:22Z INFO [4595/5769] e652ebfd-f217-4ba2-a346-49993a5d6208: attributed to 001697; 0.3 s; peak memory 721 MiB.
2026-10-02T13:32:23Z INFO [4596/5769] e65450a8-e1d0-410e-903a-c42e68cf6f90: attributed to 001449; 0.2 s; peak memory 721 MiB.
2026-10-02T13:32:23Z INFO [4597/5769] e6632d92-8a88-4c7d-bf2e-78ffc3a6f8e3: attributed to 001697; 0.4 s; peak memory 721 MiB.
2026-10-02T13:32:23Z INFO [4598/5769] e668432a-1e31-4218-b668-5dc9288aab7e: attributed to 001697; 0.0 s; peak memory 721 MiB.
2026-10-02T13:32:23Z INFO [4599/5769] e6751262-aa5e-4ba5-b3de-1b470f8b10da: attributed to 000026; 0.1 s; peak memory 721 MiB.
2026-10-02T13:32:23Z INFO [4600/5769] e67a179c-fec6-45d8-bb6c-5102b660e778: attributed to 001697; 0.0 s; peak memory 721 MiB.
2026-10-02T13:32:24Z INFO [4600/5769] e67a179c-fec6-45d8-bb6c-5102b660e778: checkpointed 506562 records.
2026-10-02T13:32:24Z INFO [4601/5769] e682baf3-d948-417f-8246-c5521b039a69: attributed to 001697; 0.3 s; peak memory 721 MiB.
2026-10-02T13:32:25Z INFO [4602/5769] e685b612-71bd-4fab-afac-8e20a0e1cc90: attributed to 000026; 0.1 s; peak memory 721 MiB.
2026-10-02T13:32:25Z INFO [4603/5769] e69226a6-3985-49e3-a501-99adfadcaf5c: attributed to 001697; 0.6 s; peak memory 721 MiB.
2026-10-02T13:32:26Z INFO [4604/5769] e697c950-9d21-4614-9d08-f644db46f0f9: attributed to 001697; 1.2 s; peak memory 721 MiB.
2026-10-02T13:32:26Z INFO [4605/5769] e6985b5a-d8dd-4b13-b084-be5b63253e3f: attributed to 000026; 0.1 s; peak memory 721 MiB.
2026-10-02T13:32:27Z INFO [4606/5769] e6a3c149-39dd-4cd6-a9db-4f185052560b: attributed to 001697; 0.4 s; peak memory 721 MiB.
2026-10-02T13:32:27Z INFO [4607/5769] e6a8203c-38c1-4c9c-a550-1bc1917d32d8: attributed to 001697; 0.6 s; peak memory 721 MiB.
2026-10-02T13:32:27Z INFO [4608/5769] e6abd617-2db6-497b-a7f3-76cd04447bea: attributed to 000026; 0.1 s; peak memory 721 MiB.
2026-10-02T13:32:28Z INFO [4609/5769] e6ac4479-eb97-4157-a1a0-f1b8a501638d: attributed to 000026; 0.3 s; peak memory 721 MiB.
2026-10-02T13:32:28Z INFO [4610/5769] e6ac46d5-c8b7-403b-a8e6-75d8bba38d3c: attributed to 001697; 0.0 s; peak memory 721 MiB.
2026-10-02T13:32:28Z INFO [4611/5769] e6b3c21a-89c4-4e80-a7c8-3af7dfcc7145: attributed to 001697; 0.0 s; peak memory 721 MiB.
2026-10-02T13:32:28Z INFO [4612/5769] e6b500f0-e848-404c-a312-fe5908ede169: attributed to 001697; 0.0 s; peak memory 721 MiB.
2026-10-02T13:32:28Z INFO [4613/5769] e6bf448f-9173-450c-a257-c121ede465db: attributed to 000026; 0.1 s; peak memory 721 MiB.
2026-10-02T13:32:28Z INFO [4614/5769] e6cb7399-112d-42b6-a0b6-56ce23afa669: attributed to 000403; 0.0 s; peak memory 721 MiB.
2026-10-02T13:32:28Z INFO [4615/5769] e6cc0f94-8fcf-4b8f-b46f-39ef239200a3: attributed to 000173; 0.1 s; peak memory 721 MiB.
2026-10-02T13:32:28Z INFO [4616/5769] e6d27d62-4a6b-41a3-9580-3f4273176a9e: attributed to 001697; 0.0 s; peak memory 721 MiB.
2026-10-02T13:32:28Z INFO [4617/5769] e6eaa4d8-74da-41f4-b8c8-c8b028c0d501: attributed to 000026; 0.2 s; peak memory 721 MiB.
2026-10-02T13:32:29Z INFO [4618/5769] e6f45eb3-f14a-4208-a354-b6a10be32538: attributed to 001697; 0.3 s; peak memory 721 MiB.
2026-10-02T13:32:29Z INFO [4619/5769] e6f52ff4-a14e-4a86-83b5-21e3d9f1b82a: attributed to 001697; 0.0 s; peak memory 721 MiB.
2026-10-02T13:32:29Z INFO [4620/5769] e7059db5-ccad-47a9-9270-8cbee8997dbb: attributed to 000946; 0.1 s; peak memory 721 MiB.
2026-10-02T13:32:29Z INFO [4621/5769] e70a9d43-54e1-4fd9-9784-aa37201aae46: attributed to 001697; 0.0 s; peak memory 721 MiB.
2026-10-02T13:32:29Z INFO [4622/5769] e71a4509-acd9-42d5-8e21-a4ea86aac4e2: attributed to 001697; 0.0 s; peak memory 721 MiB.
2026-10-02T13:32:29Z INFO [4623/5769] e71cd8b5-3ebc-4556-92aa-c86e45c73a36: attributed to 000946; 0.1 s; peak memory 721 MiB.
2026-10-02T13:32:29Z INFO [4624/5769] e71f16a9-8cac-4889-8c94-46b85eab28bf: attributed to 001697; 0.0 s; peak memory 721 MiB.
2026-10-02T13:32:30Z INFO [4625/5769] e71f3cf7-4ff0-4c60-b422-f21613e6d3ce: attributed to 001697; 1.3 s; peak memory 721 MiB.
2026-10-02T13:32:30Z INFO [4626/5769] e7226e56-4ba9-460b-ac16-33e9ab8afb9b: attributed to 001697; 0.0 s; peak memory 721 MiB.
2026-10-02T13:32:30Z INFO [4627/5769] e7288a2c-444c-42c5-b7bb-9a58c728992b: attributed to 000006; 0.0 s; peak memory 721 MiB.
2026-10-02T13:32:33Z INFO [4628/5769] e72b40b1-ab6e-4cdf-b48d-8159f2f298e5: attributed to 001697; 2.4 s; peak memory 721 MiB.
2026-10-02T13:32:33Z INFO [4629/5769] e730c3a3-39d1-4c08-903a-9992a9e61fd0: attributed to 001782; 0.1 s; peak memory 721 MiB.
2026-10-02T13:32:33Z INFO [4630/5769] e7311cca-9d46-47ea-9c3f-9f154c5fd93d: attributed to 001697; 0.0 s; peak memory 721 MiB.
2026-10-02T13:32:33Z INFO [4631/5769] e732c669-0f76-46a7-860a-f5320c5a1263: attributed to 001697; 0.0 s; peak memory 721 MiB.
2026-10-02T13:32:33Z INFO [4632/5769] e7411500-5601-4c7e-a3b3-d6c1bbeac08a: attributed to 001697; 0.0 s; peak memory 721 MiB.
2026-10-02T13:32:33Z INFO [4633/5769] e746715f-a3ae-4e29-8266-4448c5a56b75: attributed to 001697; 0.0 s; peak memory 721 MiB.
2026-10-02T13:32:33Z INFO [4634/5769] e7498796-d287-40d7-a43c-3eaa9b825fcc: attributed to 001697; 0.0 s; peak memory 721 MiB.
2026-10-02T13:32:33Z INFO [4635/5769] e74f3f64-a93c-4f49-b370-65154b690cef: attributed to 001697; 0.3 s; peak memory 721 MiB.
2026-10-02T13:32:33Z INFO [4636/5769] e75933df-c16e-46bb-9f62-768107ad14ff: attributed to 000026; 0.1 s; peak memory 721 MiB.
2026-10-02T13:32:33Z INFO [4637/5769] e760ecf5-91f7-46aa-878d-abdae38f4555: attributed to 001697; 0.0 s; peak memory 721 MiB.
2026-10-02T13:32:33Z INFO [4638/5769] e7678271-721c-4988-8aee-c1f831bafbf8: attributed to 001697; 0.3 s; peak memory 721 MiB.
2026-10-02T13:32:33Z INFO [4639/5769] e76fb5ef-5255-4b80-8e9b-ee30a266cc30: attributed to 000946; 0.1 s; peak memory 721 MiB.
2026-10-02T13:32:34Z INFO [4640/5769] e77340b4-8d76-4f93-87d5-86e8186cd61d: attributed to 000026; 0.7 s; peak memory 721 MiB.
2026-10-02T13:32:34Z INFO [4641/5769] e774d111-f2d9-4b2f-9827-4d559bc1487f: attributed to 000946; 0.1 s; peak memory 721 MiB.
2026-10-02T13:32:35Z INFO [4642/5769] e77c4473-e452-49f2-9a01-3e6572678015: attributed to 001873; 0.4 s; peak memory 721 MiB.
2026-10-02T13:32:35Z INFO [4643/5769] e78d22d5-1a45-4ab3-b393-2f5659d7ec1d: attributed to 001697; 0.3 s; peak memory 721 MiB.
2026-10-02T13:32:35Z INFO [4644/5769] e790cd59-6501-4ffe-96f1-fd3499bdd6b4: attributed to 001449; 0.1 s; peak memory 721 MiB.
2026-10-02T13:32:35Z INFO [4645/5769] e7958362-126d-46c0-aa95-66e559d354bd: attributed to 001697; 0.0 s; peak memory 721 MiB.
2026-10-02T13:32:35Z INFO [4646/5769] e79c42c1-40db-4d54-afba-669ea8df5c2a: attributed to 001697; 0.0 s; peak memory 721 MiB.
2026-10-02T13:32:35Z INFO [4647/5769] e7a35322-c633-43fa-ae44-bb71256b479e: attributed to 001697; 0.0 s; peak memory 721 MiB.
2026-10-02T13:32:35Z INFO [4648/5769] e7a4b888-cbe2-4587-a8f4-32918940fed8: attributed to 001697; 0.0 s; peak memory 721 MiB.
2026-10-02T13:32:35Z INFO [4649/5769] e7a68d45-8909-417d-bbdb-72a831983a8b: attributed to 000026; 0.1 s; peak memory 721 MiB.
2026-10-02T13:32:35Z INFO [4650/5769] e7c27899-a5b5-4c9b-b9f1-f77a16cdadfd: attributed to 001697; 0.3 s; peak memory 721 MiB.
2026-10-02T13:32:37Z INFO [4650/5769] e7c27899-a5b5-4c9b-b9f1-f77a16cdadfd: checkpointed 506562 records.
2026-10-02T13:32:37Z INFO [4651/5769] e7d17ca0-5759-47e8-a48c-ffc12ce35a9b: attributed to 000026; 0.1 s; peak memory 721 MiB.
2026-10-02T13:32:37Z INFO [4652/5769] e7d27a78-04e7-451b-8837-57d8996f8f8d: attributed to 000026; 0.1 s; peak memory 721 MiB.
2026-10-02T13:32:37Z INFO [4653/5769] e7d40822-49d8-49f1-a983-b66aad505c3b: attributed to 000026; 0.1 s; peak memory 721 MiB.
2026-10-02T13:32:37Z INFO [4654/5769] e7d6c9bb-4de1-463c-bc27-9edb5a69d925: attributed to 000946; 0.1 s; peak memory 721 MiB.
2026-10-02T13:32:37Z INFO [4655/5769] e7d93f40-3885-4708-a552-d20698ecd04c: attributed to 001697; 0.0 s; peak memory 721 MiB.
2026-10-02T13:32:37Z INFO [4656/5769] e7da6a0c-683f-453d-a1c4-169fe121cd50: attributed to 001697; 0.3 s; peak memory 721 MiB.
2026-10-02T13:32:38Z INFO [4657/5769] e7dffa8b-21c6-4fcf-89ae-291785bb12ff: attributed to 000026; 0.2 s; peak memory 721 MiB.
2026-10-02T13:32:38Z INFO [4658/5769] e7e44bd7-c101-452c-8b18-ec4526e8db3e: attributed to 001697; 0.4 s; peak memory 721 MiB.
2026-10-02T13:32:38Z INFO [4659/5769] e7e54657-5c5c-48ee-9a30-115ff29573ed: attributed to 000026; 0.1 s; peak memory 721 MiB.
2026-10-02T13:32:38Z INFO [4660/5769] e7e722f9-3fe5-47c6-8447-4d57656b9d0f: attributed to 000026; 0.2 s; peak memory 721 MiB.
2026-10-02T13:32:38Z INFO [4661/5769] e7eb5765-148f-4229-b138-491d6ebe010e: attributed to 000026; 0.1 s; peak memory 721 MiB.
2026-10-02T13:32:39Z INFO [4662/5769] e7ec54c8-b662-47b6-896d-dadfde5f6c61: attributed to 001697; 0.4 s; peak memory 721 MiB.
2026-10-02T13:32:39Z INFO [4663/5769] e7eca990-564b-4299-a487-2af42afaa7f0: attributed to 000026; 0.2 s; peak memory 721 MiB.
2026-10-02T13:32:39Z INFO [4664/5769] e7ecff1b-090d-4665-a6bb-5d3f7a2035eb: attributed to 001697; 0.3 s; peak memory 721 MiB.
2026-10-02T13:32:39Z INFO [4665/5769] e7eed9b3-1409-4027-a583-cb649411aede: attributed to 000026; 0.1 s; peak memory 721 MiB.
2026-10-02T13:32:39Z INFO [4666/5769] e7f48254-6209-4eaa-8135-95d67382b8d2: attributed to 000465; 0.0 s; peak memory 721 MiB.
2026-10-02T13:32:39Z INFO [4667/5769] e7fa5ddd-4f92-4f47-960e-c55f0a8d53ac: attributed to 000026; 0.1 s; peak memory 721 MiB.
2026-10-02T13:32:40Z INFO [4668/5769] e7fbd276-9c45-4dcf-9495-f1c37ea69ea1: attributed to 001697; 0.3 s; peak memory 721 MiB.
2026-10-02T13:32:40Z INFO [4669/5769] e808b6b2-aebc-4a2b-b761-dfdc38bc9684: attributed to 001697; 0.5 s; peak memory 721 MiB.
2026-10-02T13:32:40Z INFO [4670/5769] e81ee2af-7a11-4eb6-b8da-68074a45f698: attributed to 001791; 0.1 s; peak memory 721 MiB.
2026-10-02T13:32:40Z INFO [4671/5769] e8207ca6-5a8b-4d5e-a8cb-7a5649319791: attributed to 000946; 0.1 s; peak memory 721 MiB.
2026-10-02T13:32:40Z INFO [4672/5769] e825af23-035e-4178-a0e2-7f7ed7b50e54: attributed to 001258; 0.0 s; peak memory 721 MiB.
2026-10-02T13:32:40Z INFO [4673/5769] e8295f52-eb5e-459d-ba24-27e19621b209: attributed to 001697; 0.0 s; peak memory 721 MiB.
2026-10-02T13:32:41Z INFO [4674/5769] e830bcae-58d5-49fb-ac7b-ce3e2ffd8df5: attributed to 001697; 0.4 s; peak memory 721 MiB.
2026-10-02T13:32:41Z INFO [4675/5769] e834beaf-c5f4-4f33-b32b-a9929b3324bb: attributed to 001697; 0.3 s; peak memory 721 MiB.
2026-10-02T13:32:41Z INFO [4676/5769] e839f572-7b49-4632-be25-28c89dc34149: attributed to 000026; 0.2 s; peak memory 721 MiB.
2026-10-02T13:32:41Z INFO [4677/5769] e84deffc-2350-4991-af8d-2b37f65d21d9: attributed to 001063; 0.2 s; peak memory 721 MiB.
2026-10-02T13:32:42Z INFO [4678/5769] e8548656-e1b5-4ca0-b6a9-87d156db1cc4: attributed to 001697; 0.3 s; peak memory 721 MiB.
2026-10-02T13:32:43Z INFO [4679/5769] e85a0125-5fa7-42b5-a5a9-c6d0fece68f0: attributed to 001697; 1.1 s; peak memory 721 MiB.
2026-10-02T13:32:43Z INFO [4680/5769] e85db4bf-158e-4ab8-b404-1945e049a36d: attributed to 000026; 0.3 s; peak memory 721 MiB.
2026-10-02T13:32:43Z INFO [4681/5769] e85ef461-75d3-4714-aa1e-103f1d88f32f: attributed to 000403; 0.0 s; peak memory 721 MiB.
2026-10-02T13:32:43Z INFO [4682/5769] e8648ddd-2e03-49ed-8483-f30507b2a11b: attributed to 001449; 0.1 s; peak memory 721 MiB.
2026-10-02T13:32:44Z INFO [4683/5769] e865e427-821f-4323-9c1c-579a10fc7709: attributed to 001697; 0.3 s; peak memory 721 MiB.
2026-10-02T13:32:44Z INFO [4684/5769] e869e0e9-4756-42ea-9793-7a34dd3c37c7: attributed to 000026; 0.1 s; peak memory 721 MiB.
2026-10-02T13:32:44Z INFO [4685/5769] e870be5e-a2a3-426c-9de0-1bf19b110000: attributed to 001697; 0.3 s; peak memory 721 MiB.
2026-10-02T13:32:44Z INFO [4686/5769] e874b116-5af1-446f-bb30-0964352f39a7: attributed to 001697; 0.0 s; peak memory 721 MiB.
2026-10-02T13:32:44Z INFO [4687/5769] e8767b11-6459-4b7c-9840-4d62194b0f32: attributed to 000293; 0.0 s; peak memory 721 MiB.
2026-10-02T13:32:44Z INFO [4688/5769] e88a3d74-d827-40e4-a460-e24f4edace63: attributed to 001697; 0.4 s; peak memory 721 MiB.
2026-10-02T13:32:44Z INFO [4689/5769] e8906628-e855-40c2-8b00-ce6e0c2d4490: attributed to 001449; 0.1 s; peak memory 721 MiB.
2026-10-02T13:32:45Z INFO [4690/5769] e893f7aa-943b-4049-9b65-b7c89c7f6e8b: attributed to 000026; 0.7 s; peak memory 721 MiB.
2026-10-02T13:32:46Z INFO [4691/5769] e899278d-6b9a-442a-a6fa-bd3f09de0d72: attributed to 001697; 0.5 s; peak memory 721 MiB.
2026-10-02T13:32:46Z INFO [4692/5769] e89e750c-e7c8-4120-bcd6-8dda8b5d6616: attributed to 001697; 0.3 s; peak memory 721 MiB.
2026-10-02T13:32:46Z INFO [4693/5769] e8ae89fb-93c8-4e30-94c3-7128e7d96525: attributed to 001697; 0.3 s; peak memory 721 MiB.
2026-10-02T13:32:46Z INFO [4694/5769] e8b30b46-d4f8-40e8-a7bf-7a7c43453a6a: attributed to 001697; 0.0 s; peak memory 721 MiB.
2026-10-02T13:32:46Z INFO [4695/5769] e8bcbbe3-a2c0-4a4f-b049-5b3d2d9f169c: attributed to 000946; 0.1 s; peak memory 721 MiB.
2026-10-02T13:32:46Z INFO [4696/5769] e8c17023-b766-4dd3-80ad-d32b56ec3284: attributed to 000946; 0.1 s; peak memory 721 MiB.
2026-10-02T13:32:47Z INFO [4697/5769] e8c697a9-ca8a-4d7f-8689-f253e2c4f8d9: attributed to 000946; 0.1 s; peak memory 721 MiB.
2026-10-02T13:32:47Z INFO [4698/5769] e8c80cb8-5379-4dcb-82fa-c7f19c948b36: attributed to 001873; 0.4 s; peak memory 721 MiB.
2026-10-02T13:32:47Z INFO [4699/5769] e8d0edf1-126f-48ac-8863-26fbe1d4375f: attributed to 000026; 0.2 s; peak memory 721 MiB.
2026-10-02T13:32:47Z INFO [4700/5769] e8d62d5f-5faa-44f5-ba4b-d0ecd9bbedb0: attributed to 000026; 0.1 s; peak memory 721 MiB.
2026-10-02T13:32:48Z INFO [4700/5769] e8d62d5f-5faa-44f5-ba4b-d0ecd9bbedb0: checkpointed 506562 records.
2026-10-02T13:32:48Z INFO [4701/5769] e8d79647-657c-40e1-8add-e5b02bc6002f: attributed to 001697; 0.0 s; peak memory 721 MiB.
2026-10-02T13:32:49Z INFO [4702/5769] e8da46ae-ceb2-4b8f-a683-2a25a51b8d40: attributed to 000026; 0.1 s; peak memory 721 MiB.
2026-10-02T13:32:49Z INFO [4703/5769] e8db568d-b7fc-4760-8ca0-e6ef0421fc1d: attributed to 000026; 0.1 s; peak memory 721 MiB.
2026-10-02T13:32:49Z INFO [4704/5769] e8de6b17-b3c7-437e-82ab-7c5c7e5cb50a: attributed to 000142; 0.0 s; peak memory 721 MiB.
2026-10-02T13:32:49Z INFO [4705/5769] e8e639ce-d244-4653-9489-8d60fa7d4d8d: attributed to 001697; 0.0 s; peak memory 721 MiB.
2026-10-02T13:32:49Z INFO [4706/5769] e8ef56de-fd82-4579-ab95-6532c6f83b88: attributed to 001697; 0.3 s; peak memory 721 MiB.
2026-10-02T13:32:49Z INFO [4707/5769] e8fcf996-70e4-4cd3-b098-a2992eab16e0: attributed to 000026; 0.1 s; peak memory 721 MiB.
2026-10-02T13:32:49Z INFO [4708/5769] e903aa4c-c081-4127-8f5e-a3143b8d13b1: attributed to 000026; 0.1 s; peak memory 721 MiB.
2026-10-02T13:32:49Z INFO [4709/5769] e903b13d-3821-4e87-96b8-20f08f7a619d: attributed to 001873; 0.3 s; peak memory 721 MiB.
2026-10-02T13:32:49Z INFO [4710/5769] e90945a1-a45d-48fa-91ea-34b6c71db787: attributed to 001697; 0.0 s; peak memory 721 MiB.
2026-10-02T13:32:50Z INFO [4711/5769] e90ddae4-39ed-4a8d-bc5f-563248f08b0e: attributed to 000026; 0.3 s; peak memory 721 MiB.
2026-10-02T13:32:50Z INFO [4712/5769] e9106b7f-8d27-4a4b-93a9-0463474c0afe: attributed to 001873; 0.4 s; peak memory 721 MiB.
2026-10-02T13:32:50Z INFO [4713/5769] e9144979-24ef-42cb-b4b7-5a924b5a9622: attributed to 001697; 0.0 s; peak memory 721 MiB.
2026-10-02T13:32:50Z INFO [4714/5769] e9168bcf-8ab7-445e-be6e-77b5684d9e13: attributed to 001697; 0.0 s; peak memory 721 MiB.
2026-10-02T13:32:50Z INFO [4715/5769] e9176c7a-b7d9-4bf7-a341-961aa51889b6: attributed to 001697; 0.0 s; peak memory 721 MiB.
2026-10-02T13:32:50Z INFO [4716/5769] e91bd76f-be45-436b-8b05-d9108dcd30c8: attributed to 000026; 0.1 s; peak memory 721 MiB.
2026-10-02T13:32:50Z INFO [4717/5769] e92703e8-bd8d-4bfc-80e3-d3ba499956b6: attributed to 001697; 0.0 s; peak memory 721 MiB.
2026-10-02T13:32:51Z INFO [4718/5769] e92d278d-5ff8-400e-bf93-6df7d199ad7e: attributed to 001697; 0.3 s; peak memory 721 MiB.
2026-10-02T13:32:51Z INFO [4719/5769] e9342880-224d-4d24-ac5d-d484fc9b828d: attributed to 000026; 0.1 s; peak memory 721 MiB.
2026-10-02T13:32:51Z INFO [4720/5769] e9385eb4-11f3-4a93-b2e9-caa8f4e213ee: attributed to 000109; 0.0 s; peak memory 721 MiB.
2026-10-02T13:32:51Z INFO [4721/5769] e943ca24-930c-44d4-8d2b-55ef8a279c2f: attributed to 001697; 0.3 s; peak memory 721 MiB.
2026-10-02T13:32:51Z INFO [4722/5769] e948c8be-2aca-49b5-a979-3e07b0d94b7d: attributed to 001697; 0.0 s; peak memory 721 MiB.
2026-10-02T13:32:51Z INFO [4723/5769] e95ccbda-b256-4181-ae13-e24f34cf2705: attributed to 001697; 0.3 s; peak memory 721 MiB.
2026-10-02T13:32:51Z INFO [4724/5769] e9659cb9-62f7-433a-abb8-d2ce6a7a3cca: attributed to 001697; 0.0 s; peak memory 721 MiB.
2026-10-02T13:32:51Z INFO [4725/5769] e965a239-97da-4ea2-acb7-2979a1efb700: attributed to 000026; 0.1 s; peak memory 721 MiB.
2026-10-02T13:32:52Z INFO [4726/5769] e96767da-4b57-4c38-8aab-3ae5cdc3cac0: attributed to 001697; 0.4 s; peak memory 721 MiB.
2026-10-02T13:32:52Z INFO [4727/5769] e96b821e-e71f-463e-b220-12dba158b3f8: attributed to 001697; 0.0 s; peak memory 721 MiB.
2026-10-02T13:32:52Z INFO [4728/5769] e97e69af-8b50-41fa-8846-7fdfdb6dc6f4: attributed to 000570; 0.0 s; peak memory 721 MiB.
2026-10-02T13:32:52Z INFO [4729/5769] e98ccfb8-0b7c-4837-929a-d9e46dfba66c: attributed to 001697; 0.0 s; peak memory 721 MiB.
2026-10-02T13:32:52Z INFO [4730/5769] e98f5ccc-0992-4903-9c4f-e9c7dfbce9cd: attributed to 001697; 0.3 s; peak memory 721 MiB.
2026-10-02T13:32:52Z INFO [4731/5769] e98ff6a4-6d05-4d4c-93ca-a454ec2d4095: attributed to 001697; 0.0 s; peak memory 721 MiB.
2026-10-02T13:32:52Z INFO [4732/5769] e9b34da5-2e41-40bb-9f68-719bb5402620: attributed to 001046; 0.0 s; peak memory 721 MiB.
2026-10-02T13:32:52Z INFO [4733/5769] e9b5e7e0-28c3-4dcb-9303-75b185a11d7a: attributed to 001697; 0.0 s; peak memory 721 MiB.
2026-10-02T13:32:52Z INFO [4734/5769] e9bc867b-b4d9-4bfe-a7d3-c88e5321cb49: attributed to 001697; 0.3 s; peak memory 721 MiB.
2026-10-02T13:32:54Z INFO [4735/5769] e9c43ce4-1605-4a94-8232-f11358631c33: attributed to 000571; 1.7 s; peak memory 721 MiB.
2026-10-02T13:32:54Z INFO [4736/5769] e9c6d840-a597-4e59-aeeb-e46fb850c993: attributed to 001697; 0.0 s; peak memory 721 MiB.
2026-10-02T13:32:54Z INFO [4737/5769] e9c76dbb-d649-49e5-a02c-b69235d6891c: attributed to 000109; 0.0 s; peak memory 721 MiB.
2026-10-02T13:32:54Z INFO [4738/5769] e9cae7ec-015a-44a4-955b-17e7fce60153: attributed to 001697; 0.0 s; peak memory 721 MiB.
2026-10-02T13:32:54Z INFO [4739/5769] e9d18ef8-c544-4df7-8929-193a6464b26c: attributed to 001697; 0.0 s; peak memory 721 MiB.
2026-10-02T13:32:54Z INFO [4740/5769] e9d35d2f-f005-4173-9fa6-645c60dc9f8c: attributed to 001697; 0.0 s; peak memory 721 MiB.
2026-10-02T13:32:54Z INFO [4741/5769] e9d665c0-5681-4e34-80ef-edc640b53416: attributed to 001697; 0.3 s; peak memory 721 MiB.
2026-10-02T13:32:55Z INFO [4742/5769] e9da44b4-eb5f-4732-8a9e-477e237bf33a: attributed to 001063; 0.1 s; peak memory 721 MiB.
2026-10-02T13:32:55Z INFO [4743/5769] e9dc75e5-c219-455a-9799-8aef139816c2: attributed to 000026; 0.1 s; peak memory 721 MiB.
2026-10-02T13:32:55Z INFO [4744/5769] e9df27b4-fd46-41cc-9779-68e57364d00f: attributed to 001697; 0.3 s; peak memory 721 MiB.
2026-10-02T13:32:55Z INFO [4745/5769] e9e1466c-1c91-4a23-8cc0-9f602d023e27: attributed to 000026; 0.1 s; peak memory 721 MiB.
2026-10-02T13:32:55Z INFO [4746/5769] e9e3bb0a-1e72-4d02-905f-685b9574ad8f: attributed to 000946; 0.1 s; peak memory 721 MiB.
2026-10-02T13:32:55Z INFO [4747/5769] e9e6fd64-999c-4996-ba99-a79e96fc543d: attributed to 001697; 0.3 s; peak memory 721 MiB.
2026-10-02T13:32:55Z INFO [4748/5769] e9ed3e5a-dc9e-4ab6-82f0-81023d054e67: attributed to 001697; 0.0 s; peak memory 721 MiB.
2026-10-02T13:32:55Z INFO [4749/5769] e9f1ca5c-9a29-49ee-b53b-3c540a002f92: attributed to 000142; 0.0 s; peak memory 721 MiB.
2026-10-02T13:32:56Z INFO [4750/5769] e9f1d6cc-9a41-42cd-9b7c-d0760d28cd12: attributed to 000026; 0.6 s; peak memory 721 MiB.
2026-10-02T13:32:57Z INFO [4750/5769] e9f1d6cc-9a41-42cd-9b7c-d0760d28cd12: checkpointed 506563 records.
2026-10-02T13:32:58Z INFO [4751/5769] e9f3b02a-e5d6-4ca8-8d4f-ae1363b963fb: attributed to 000571; 0.9 s; peak memory 721 MiB.
2026-10-02T13:32:58Z INFO [4752/5769] ea07d9f9-e941-4f15-b399-500718e98882: attributed to 001697; 0.0 s; peak memory 721 MiB.
2026-10-02T13:32:58Z INFO [4753/5769] ea0a1126-fa10-4d68-a2b0-0e54fa95e184: attributed to 001697; 0.0 s; peak memory 721 MiB.
2026-10-02T13:32:59Z INFO [4754/5769] ea0d4d0a-84d9-41ed-9aa5-2a86f412c08c: attributed to 001873; 0.4 s; peak memory 721 MiB.
2026-10-02T13:32:59Z INFO [4755/5769] ea0f8f39-02b8-4ad9-b7d2-cc7f9286becd: attributed to 001697; 0.0 s; peak memory 721 MiB.
2026-10-02T13:32:59Z INFO [4756/5769] ea150a3a-7c93-4a8e-8a99-c63c07a7652d: attributed to 000026; 0.1 s; peak memory 721 MiB.
2026-10-02T13:32:59Z INFO [4757/5769] ea1533a0-c35b-4929-81b4-21b5dc2d0783: attributed to 001697; 0.0 s; peak memory 721 MiB.
2026-10-02T13:32:59Z INFO [4758/5769] ea278178-339c-4036-a6d2-26f3da197900: attributed to 000109; 0.0 s; peak memory 721 MiB.
2026-10-02T13:32:59Z INFO [4759/5769] ea309f83-413c-4ac1-8a99-6f68e914d59a: attributed to 001697; 0.0 s; peak memory 721 MiB.
2026-10-02T13:32:59Z INFO [4760/5769] ea30eebf-5709-40fb-85a9-e013eb5c578d: attributed to 001697; 0.3 s; peak memory 721 MiB.
2026-10-02T13:33:00Z INFO [4761/5769] ea35a483-0783-4522-b882-7231c54072e8: attributed to 001873; 0.6 s; peak memory 721 MiB.
2026-10-02T13:33:00Z INFO [4762/5769] ea390323-8a55-43df-a76e-90eac2da5de1: attributed to 001697; 0.0 s; peak memory 721 MiB.
2026-10-02T13:33:00Z INFO [4763/5769] ea3ed961-d92e-463b-8c83-a10113b166d5: attributed to 001697; 0.0 s; peak memory 721 MiB.
2026-10-02T13:33:00Z INFO [4764/5769] ea472797-793e-4cc9-a204-1d649f540785: attributed to 001697; 0.0 s; peak memory 721 MiB.
2026-10-02T13:33:00Z INFO [4765/5769] ea48c20d-bb19-40e9-9527-178a42b2e6fa: attributed to 001697; 0.0 s; peak memory 721 MiB.
2026-10-02T13:33:00Z INFO [4766/5769] ea4b9891-3b20-4fbf-a217-99bd460dc869: attributed to 001697; 0.0 s; peak memory 721 MiB.
2026-10-02T13:33:00Z INFO [4767/5769] ea599126-9bf1-4489-ac78-e6bea5be7bbf: attributed to 000403; 0.0 s; peak memory 721 MiB.
2026-10-02T13:33:00Z INFO [4768/5769] ea5d1b3f-fa6b-4d70-bbbd-5d2a9609bc89: attributed to 000403; 0.0 s; peak memory 721 MiB.
2026-10-02T13:33:00Z INFO [4769/5769] ea61c6b2-9480-40ef-a5f5-d10abafce918: attributed to 000293; 0.0 s; peak memory 721 MiB.
2026-10-02T13:33:00Z INFO [4770/5769] ea6868f3-82bb-4893-a0f2-453c5885a1ff: attributed to 000026; 0.1 s; peak memory 721 MiB.
2026-10-02T13:33:00Z INFO [4771/5769] ea6c10f9-011b-4254-a202-2869d290d3b7: attributed to 000026; 0.1 s; peak memory 721 MiB.
2026-10-02T13:33:00Z INFO [4772/5769] ea7ac3cb-256f-4626-8055-8101af499c19: attributed to 001697; 0.0 s; peak memory 721 MiB.
2026-10-02T13:33:00Z INFO [4773/5769] ea7d9d98-8a71-4e01-b078-d68d2b5b7ddc: attributed to 001697; 0.3 s; peak memory 721 MiB.
2026-10-02T13:33:00Z INFO [4774/5769] ea7e6233-55d7-48d1-9b51-2a3450dffca7: attributed to 000026; 0.2 s; peak memory 721 MiB.
2026-10-02T13:33:00Z INFO [4775/5769] ea81f3be-348d-4e52-b13a-ea01ed5ce7ea: attributed to 000946; 0.1 s; peak memory 721 MiB.
2026-10-02T13:33:00Z INFO [4776/5769] ea8550b9-7b83-4f52-a291-307b3837b92e: attributed to 001697; 0.0 s; peak memory 721 MiB.
2026-10-02T13:33:01Z INFO [4777/5769] ea92916a-b6b4-4f54-a0dd-a4b5ae1c8f54: attributed to 001697; 0.5 s; peak memory 721 MiB.
2026-10-02T13:33:01Z INFO [4778/5769] ea97e17f-3a81-429d-8ac5-1c8a4d8ff985: attributed to 001697; 0.4 s; peak memory 721 MiB.
2026-10-02T13:33:02Z INFO [4779/5769] ea995705-3d32-42fd-909a-0c08f9dce8c3: attributed to 001697; 0.3 s; peak memory 721 MiB.
2026-10-02T13:33:02Z INFO [4780/5769] ea99684a-aa6c-4d94-b570-46839d6209e6: attributed to 001697; 0.0 s; peak memory 721 MiB.
2026-10-02T13:33:02Z INFO [4781/5769] ea9bc848-475c-4834-8662-260084288a81: attributed to 000142; 0.0 s; peak memory 721 MiB.
2026-10-02T13:33:02Z INFO [4782/5769] ea9dc10f-9920-46f4-9061-c1649d2d788f: attributed to 000142; 0.0 s; peak memory 721 MiB.
2026-10-02T13:33:02Z INFO [4783/5769] eaacd62c-ef46-4821-869a-d3af79521003: attributed to 000026; 0.1 s; peak memory 721 MiB.
2026-10-02T13:33:02Z INFO [4784/5769] eab24097-07c7-4311-91e6-2d98f2a296ba: attributed to 001697; 0.3 s; peak memory 721 MiB.
2026-10-02T13:33:02Z INFO [4785/5769] eab88013-85e7-4010-b35f-f65936644462: attributed to 000570; 0.0 s; peak memory 721 MiB.
2026-10-02T13:33:02Z INFO [4786/5769] eab8b541-a6e1-4983-b8c4-a0dd32fd735f: attributed to 001697; 0.0 s; peak memory 721 MiB.
2026-10-02T13:33:02Z INFO [4787/5769] eac494d7-994c-4e64-81f0-616a675c8f12: attributed to 000293; 0.0 s; peak memory 721 MiB.
2026-10-02T13:33:02Z INFO [4788/5769] eaca997b-a03a-4f68-8572-8e75b7dc201f: attributed to 001697; 0.3 s; peak memory 721 MiB.
2026-10-02T13:33:02Z INFO [4789/5769] eacc6877-f0c4-4158-8ecb-09517ce6d51e: attributed to 001697; 0.0 s; peak memory 721 MiB.
2026-10-02T13:33:02Z INFO [4790/5769] eacd9ab9-0d02-43ee-8b4a-8f980b06f186: attributed to 000946; 0.1 s; peak memory 721 MiB.
2026-10-02T13:33:03Z INFO [4791/5769] ead0595f-b861-45b7-b01b-15715f20ffe9: attributed to 000026; 0.1 s; peak memory 721 MiB.
2026-10-02T13:33:03Z INFO [4792/5769] ead2b13d-5051-4224-abfd-35de4fb88c8c: attributed to 001873; 0.7 s; peak memory 721 MiB.
2026-10-02T13:33:03Z INFO [4793/5769] eaf1e3c1-310e-41ae-9edd-d1cf3c6bf305: attributed to 000026; 0.1 s; peak memory 721 MiB.
2026-10-02T13:33:04Z INFO [4794/5769] eafa31fb-6982-49b5-b12f-7cae487e616c: attributed to 001697; 0.3 s; peak memory 721 MiB.
2026-10-02T13:33:04Z INFO [4795/5769] eafd2fdf-cc22-4563-9958-e0d4ab2e0ed6: attributed to 001697; 0.3 s; peak memory 721 MiB.
2026-10-02T13:33:04Z INFO [4796/5769] eb0f104d-ded4-4a64-bd02-782b6ad83452: attributed to 001697; 0.3 s; peak memory 721 MiB.
2026-10-02T13:33:05Z INFO [4797/5769] eb125c9e-c074-4efd-aa2f-29b5cf7ff1e5: attributed to 001697; 0.4 s; peak memory 721 MiB.
2026-10-02T13:33:05Z INFO [4798/5769] eb133675-2b1e-49bd-9a00-4d362a738b62: attributed to 001452; 0.1 s; peak memory 721 MiB.
2026-10-02T13:33:05Z INFO [4799/5769] eb239d54-5e83-4599-b6d3-60e46fde8b70: attributed to 001437; 0.7 s; peak memory 721 MiB.
2026-10-02T13:33:06Z INFO [4800/5769] eb2717c6-2381-4d8a-bd8a-24999b40fefb: attributed to 001697; 0.3 s; peak memory 721 MiB.
2026-10-02T13:33:07Z INFO [4800/5769] eb2717c6-2381-4d8a-bd8a-24999b40fefb: checkpointed 506564 records.
2026-10-02T13:33:07Z INFO [4801/5769] eb2996f3-c467-4191-9c11-f8a75e48267e: attributed to 001258; 0.0 s; peak memory 721 MiB.
2026-10-02T13:33:07Z INFO [4802/5769] eb2d9f29-4357-4441-90d2-1c6467278a83: attributed to 001697; 0.5 s; peak memory 721 MiB.
2026-10-02T13:33:07Z INFO [4803/5769] eb30016f-05fc-4219-b930-8af22067e5a9: attributed to 001697; 0.0 s; peak memory 721 MiB.
2026-10-02T13:33:07Z INFO [4804/5769] eb300be8-fb53-4da9-a528-4b2d09234a71: attributed to 001697; 0.0 s; peak memory 721 MiB.
2026-10-02T13:33:07Z INFO [4805/5769] eb3d93fa-394a-4565-8865-bb674f5cd029: attributed to 000026; 0.1 s; peak memory 721 MiB.
2026-10-02T13:33:08Z INFO [4806/5769] eb3fc25e-ecaf-475d-8186-e82d3f37d36b: attributed to 001449; 0.1 s; peak memory 721 MiB.
2026-10-02T13:33:08Z INFO [4807/5769] eb40b13d-eb3f-4570-aab4-2562218b3843: attributed to 001697; 0.3 s; peak memory 721 MiB.
2026-10-02T13:33:08Z INFO [4808/5769] eb43bc11-fa13-437c-bd9c-fb7f52104ffe: attributed to 000026; 0.1 s; peak memory 721 MiB.
2026-10-02T13:33:08Z INFO [4809/5769] eb4441ed-b344-4171-9204-03574a73c179: attributed to 001046; 0.0 s; peak memory 721 MiB.
2026-10-02T13:33:08Z INFO [4810/5769] eb4b31cb-06ec-4c54-87be-e231dc34a0a5: attributed to 000026; 0.3 s; peak memory 721 MiB.
2026-10-02T13:33:09Z INFO [4811/5769] eb4c3b2d-39f8-4157-ba06-6d25a7c19029: attributed to 001697; 0.3 s; peak memory 721 MiB.
2026-10-02T13:33:09Z INFO [4812/5769] eb507892-1d10-44f2-9858-2586ef0b8f74: attributed to 000570; 0.0 s; peak memory 721 MiB.
2026-10-02T13:33:09Z INFO [4813/5769] eb534a6f-b88c-46df-972d-d9dfac8dc9d3: attributed to 000946; 0.1 s; peak memory 721 MiB.
2026-10-02T13:33:09Z INFO [4814/5769] eb5dd349-567f-4aca-8d60-28b53e1df0b1: attributed to 000403; 0.0 s; peak memory 721 MiB.
2026-10-02T13:33:09Z INFO [4815/5769] eb5e8102-a629-4797-a5ab-594c317c7b11: attributed to 000946; 0.1 s; peak memory 721 MiB.
2026-10-02T13:33:09Z INFO [4816/5769] eb63f1b7-9bb4-4081-b7b1-3d0ec9018da9: attributed to 001697; 0.0 s; peak memory 721 MiB.
2026-10-02T13:33:09Z INFO [4817/5769] eb6d9148-b66c-4998-95fb-6db9ef8e28a0: attributed to 000876; 0.1 s; peak memory 721 MiB.
2026-10-02T13:33:09Z INFO [4818/5769] eb6f6bd4-feb3-4f14-9f81-ce697f809179: attributed to 000026; 0.1 s; peak memory 721 MiB.
2026-10-02T13:33:09Z INFO [4819/5769] eb72f932-62b0-4f89-a1a4-2e9ce9e4810c: attributed to 001697; 0.0 s; peak memory 721 MiB.
2026-10-02T13:33:09Z INFO [4820/5769] eb744636-966b-4da1-9339-967081fff98f: attributed to 001697; 0.0 s; peak memory 721 MiB.
2026-10-02T13:33:09Z INFO [4821/5769] eb807da0-1cd1-453b-bef3-5b3ce6db1324: attributed to 000026; 0.1 s; peak memory 721 MiB.
2026-10-02T13:33:09Z INFO [4822/5769] eb815518-c0c2-4842-9157-16f23fffbd03: attributed to 001697; 0.0 s; peak memory 721 MiB.
2026-10-02T13:33:09Z INFO [4823/5769] eb8c3326-511c-4863-b8ac-e50b4c0f2c40: attributed to 001697; 0.3 s; peak memory 721 MiB.
2026-10-02T13:33:09Z INFO [4824/5769] eb8d0394-7279-43e8-9307-4f057a3018fb: attributed to 001697; 0.0 s; peak memory 721 MiB.
2026-10-02T13:33:10Z INFO [4825/5769] eb8e54e5-285a-4f38-9cb5-f0d5c9151e72: attributed to 000026; 0.1 s; peak memory 721 MiB.
2026-10-02T13:33:10Z INFO [4826/5769] eb9823a9-e6f9-4c6c-a07d-86dd89e6df73: attributed to 000026; 0.1 s; peak memory 721 MiB.
2026-10-02T13:33:10Z INFO [4827/5769] eb994bad-fbfc-42d3-9249-b82582e1f12d: attributed to 001697; 0.0 s; peak memory 721 MiB.
2026-10-02T13:33:10Z INFO [4828/5769] eb9d4c8e-472f-4e68-92a0-8e38b2cbca49: attributed to 001697; 0.0 s; peak memory 721 MiB.
2026-10-02T13:33:12Z INFO [4829/5769] eb9ed329-2aa5-40d6-96d7-c3677fcac502: attributed to 001697; 2.0 s; peak memory 721 MiB.
2026-10-02T13:33:12Z INFO [4830/5769] eba799f7-131a-4415-be70-bf2a371d0ae1: attributed to 000109; 0.0 s; peak memory 721 MiB.
2026-10-02T13:33:12Z INFO [4831/5769] ebb42baf-49a0-48ae-b98b-e43bb4938c34: attributed to 000209; 0.0 s; peak memory 721 MiB.
2026-10-02T13:33:12Z INFO [4832/5769] ebb5fa1a-a9b7-45c2-9b62-aae87c172347: attributed to 000946; 0.1 s; peak memory 721 MiB.
2026-10-02T13:33:12Z INFO [4833/5769] ebb63290-e937-4dce-b855-e4db4a718423: attributed to 001063; 0.1 s; peak memory 721 MiB.
2026-10-02T13:33:12Z INFO [4834/5769] ebb7e0b8-ad94-4aa7-8151-6883d48429f2: attributed to 000946; 0.1 s; peak memory 721 MiB.
2026-10-02T13:33:12Z INFO [4835/5769] ebc333a7-5a1d-434d-96f8-d5e287cead10: attributed to 000946; 0.1 s; peak memory 721 MiB.
2026-10-02T13:33:12Z INFO [4836/5769] ebca3fea-b66e-417d-91eb-27c0213f0866: attributed to 001449; 0.1 s; peak memory 721 MiB.
2026-10-02T13:33:13Z INFO [4837/5769] ebd20ee6-7798-44b0-87bc-50c0230a3973: attributed to 001697; 0.4 s; peak memory 721 MiB.
2026-10-02T13:33:13Z INFO [4838/5769] ebd39c6a-f732-4666-9458-8629c1fff96a: attributed to 001873; 0.6 s; peak memory 721 MiB.
2026-10-02T13:33:13Z INFO [4839/5769] ebdbd688-6fd4-41ce-92d2-428cf69d1403: attributed to 000026; 0.1 s; peak memory 721 MiB.
2026-10-02T13:33:13Z INFO [4840/5769] ebe367e1-92d2-46ee-a629-bf7e30aaf63b: attributed to 000026; 0.2 s; peak memory 721 MiB.
2026-10-02T13:33:14Z INFO [4841/5769] ebf0822b-4631-4499-a0ff-a60be35e3a77: attributed to 000026; 0.2 s; peak memory 721 MiB.
2026-10-02T13:33:14Z INFO [4842/5769] ebf4bf82-6442-4674-8280-65834a88124c: attributed to 001697; 0.3 s; peak memory 721 MiB.
2026-10-02T13:33:14Z INFO [4843/5769] ec008d04-5c64-4255-8b00-d85e596d542c: attributed to 001697; 0.0 s; peak memory 721 MiB.
2026-10-02T13:33:14Z INFO [4844/5769] ec144a74-cc25-41ec-a143-7229629a9d91: attributed to 000142; 0.0 s; peak memory 721 MiB.
2026-10-02T13:33:14Z INFO [4845/5769] ec1e6df8-b00b-4976-9277-dafc97d01ef7: attributed to 001697; 0.0 s; peak memory 721 MiB.
2026-10-02T13:33:14Z INFO [4846/5769] ec1f6958-15d9-40ba-b6a4-0d344ba9f565: attributed to 001697; 0.0 s; peak memory 721 MiB.
2026-10-02T13:33:14Z INFO [4847/5769] ec219e96-d223-46c4-a490-b0b911c0b777: attributed to 001697; 0.0 s; peak memory 721 MiB.
2026-10-02T13:33:14Z INFO [4848/5769] ec2f85ba-a017-496c-a1ca-f3d1e05e2ded: attributed to 001697; 0.3 s; peak memory 721 MiB.
2026-10-02T13:33:15Z INFO [4849/5769] ec315d93-af82-4bfc-957c-ac1010898097: attributed to 001697; 0.3 s; peak memory 721 MiB.
2026-10-02T13:33:15Z INFO [4850/5769] ec3843a6-6dd2-4633-bc8b-599043e209df: attributed to 000026; 0.2 s; peak memory 721 MiB.
2026-10-02T13:33:16Z INFO [4850/5769] ec3843a6-6dd2-4633-bc8b-599043e209df: checkpointed 506564 records.
2026-10-02T13:33:16Z INFO [4851/5769] ec3d831f-9eab-412f-8000-602b9bfa997f: attributed to 000026; 0.2 s; peak memory 721 MiB.
2026-10-02T13:33:16Z INFO [4852/5769] ec3db839-5968-4d99-8361-f27dae7166b0: attributed to 000026; 0.1 s; peak memory 721 MiB.
2026-10-02T13:33:16Z INFO [4853/5769] ec3fe3cc-ba93-4172-8efd-9d0f87baa4ce: attributed to 000026; 0.2 s; peak memory 721 MiB.
2026-10-02T13:33:17Z INFO [4854/5769] ec400c56-d6cf-4181-84d7-d0e3961d5c1f: attributed to 001697; 0.3 s; peak memory 721 MiB.
2026-10-02T13:33:17Z INFO [4855/5769] ec41d854-d424-4672-b97f-c71c88663709: attributed to 001063; 0.1 s; peak memory 721 MiB.
2026-10-02T13:33:19Z INFO [4856/5769] ec486009-8362-4157-a4ae-5b1abbc423b6: attributed to 000231; 2.2 s; peak memory 721 MiB.
2026-10-02T13:33:19Z INFO [4857/5769] ec4abb28-428c-430c-b6f9-da4ed7b3a485: attributed to 001697; 0.0 s; peak memory 721 MiB.
2026-10-02T13:33:19Z INFO [4858/5769] ec5826a9-6c9a-4d1f-890d-c3849fdea040: attributed to 001697; 0.3 s; peak memory 721 MiB.
2026-10-02T13:33:19Z INFO [4859/5769] ec5d3b18-20f9-4a77-b007-81206e4f9f90: attributed to 001697; 0.0 s; peak memory 721 MiB.
2026-10-02T13:33:19Z INFO [4860/5769] ec5f10b7-2d54-4e40-9415-45245d620639: attributed to 000570; 0.0 s; peak memory 721 MiB.
2026-10-02T13:33:19Z INFO [4861/5769] ec615e1b-0c71-483a-a829-4ee201c6df3b: attributed to 001697; 0.3 s; peak memory 721 MiB.
2026-10-02T13:33:20Z INFO [4862/5769] ec61e7ac-f980-4cf6-8696-d6d3a3f25ec5: attributed to 000571; 0.2 s; peak memory 721 MiB.
2026-10-02T13:33:20Z INFO [4863/5769] ec67b4f7-99d2-4400-9d00-e97a813e9220: attributed to 001697; 0.4 s; peak memory 721 MiB.
2026-10-02T13:33:20Z INFO [4864/5769] ec68d630-bc86-4953-bfe5-3dff02498386: attributed to 000026; 0.1 s; peak memory 721 MiB.
2026-10-02T13:33:20Z INFO [4865/5769] ec6e5c5d-7df3-4b26-a3a5-51cd2ef23e09: attributed to 001697; 0.0 s; peak memory 721 MiB.
2026-10-02T13:33:20Z INFO [4866/5769] ec7beeb5-85fe-4225-a8c8-a6cf87d5ff39: attributed to 000109; 0.0 s; peak memory 721 MiB.
2026-10-02T13:33:20Z INFO [4867/5769] ec82ff36-c902-458a-a509-0b3701c61828: attributed to 001697; 0.0 s; peak memory 721 MiB.
2026-10-02T13:33:21Z INFO [4868/5769] ec8efbca-aba8-4ac4-830f-bf271aaf9aca: attributed to 000026; 0.4 s; peak memory 721 MiB.
2026-10-02T13:33:21Z INFO [4869/5769] ec8fdb1a-e9fe-4ea7-9ccb-05e629f928af: attributed to 000142; 0.0 s; peak memory 721 MiB.
2026-10-02T13:33:21Z INFO [4870/5769] ec90e351-b7d4-43aa-9880-54b3f4e3284b: attributed to 000293; 0.0 s; peak memory 721 MiB.
2026-10-02T13:33:21Z INFO [4871/5769] ec916ff0-a311-4814-be8f-0a447eadd6ca: attributed to 001063; 0.1 s; peak memory 721 MiB.
2026-10-02T13:33:21Z INFO [4872/5769] ec9412bd-a4e3-4061-82b4-014347da88bb: attributed to 001697; 0.3 s; peak memory 721 MiB.
2026-10-02T13:33:21Z INFO [4873/5769] ec9703b5-1300-4f8d-836d-6c71254789d8: attributed to 000293; 0.0 s; peak memory 721 MiB.
2026-10-02T13:33:21Z INFO [4874/5769] ec9b615d-5646-4e20-9a5d-bc29cf2d137c: attributed to 000026; 0.1 s; peak memory 721 MiB.
2026-10-02T13:33:21Z INFO [4875/5769] ec9da9aa-ebc5-4707-b8f9-95a21a48a764: attributed to 001697; 0.0 s; peak memory 721 MiB.
2026-10-02T13:33:21Z INFO [4876/5769] eca13d2c-89ea-40d8-add3-ef3a8fbed87a: attributed to 001697; 0.3 s; peak memory 721 MiB.
2026-10-02T13:33:21Z INFO [4877/5769] eca34d7d-6352-41de-b34b-3c37a12f4dbf: attributed to 001697; 0.0 s; peak memory 721 MiB.
2026-10-02T13:33:22Z INFO [4878/5769] ecb72e17-eeb2-4c75-956a-51f41235785c: attributed to 001697; 0.4 s; peak memory 721 MiB.
2026-10-02T13:33:22Z INFO [4879/5769] ecb831a9-2027-439c-a800-248a6f074f63: attributed to 001697; 0.0 s; peak memory 721 MiB.
2026-10-02T13:33:22Z INFO [4880/5769] ecbf41b0-b6d9-4a62-a457-8a9330bfdc63: attributed to 000408; 0.0 s; peak memory 721 MiB.
2026-10-02T13:33:22Z INFO [4881/5769] ecc630ab-4eb5-457f-976d-8a058c204177: attributed to 000026; 0.3 s; peak memory 721 MiB.
2026-10-02T13:33:22Z INFO [4882/5769] ecc802b2-35a2-4fca-bb1d-c71ef6021d3d: attributed to 000570; 0.0 s; peak memory 721 MiB.
2026-10-02T13:33:22Z INFO [4883/5769] ecc865df-fd28-47d4-aaac-466e8dc86365: attributed to 001697; 0.0 s; peak memory 721 MiB.
2026-10-02T13:33:22Z INFO [4884/5769] eccd0dcd-837a-41b4-af77-9956348da9d2: attributed to 000026; 0.1 s; peak memory 721 MiB.
2026-10-02T13:33:22Z INFO [4885/5769] ecd9cf2a-d361-42f1-8bc7-f4d5cdf20eb4: attributed to 001697; 0.3 s; peak memory 721 MiB.
2026-10-02T13:33:22Z INFO [4886/5769] ece3f19f-cff8-4d7b-8480-f04c8ccbdc8b: attributed to 001697; 0.0 s; peak memory 721 MiB.
2026-10-02T13:33:23Z INFO [4887/5769] ecf3fd47-4af8-4cd4-80ae-f2dff63a4910: attributed to 000026; 0.1 s; peak memory 721 MiB.
2026-10-02T13:33:23Z INFO [4888/5769] ed0087eb-2d5d-4a99-8f14-f77a9d5ff4d7: attributed to 000026; 0.2 s; peak memory 721 MiB.
2026-10-02T13:33:23Z INFO [4889/5769] ed0848c3-beb6-4239-b24d-383415a0b162: attributed to 001697; 0.0 s; peak memory 721 MiB.
2026-10-02T13:33:23Z INFO [4890/5769] ed08723e-8d36-4bdf-97bf-4d3289168fcd: attributed to 000026; 0.1 s; peak memory 721 MiB.
2026-10-02T13:33:23Z INFO [4891/5769] ed0c6ec4-530b-4803-aa3f-0e2c7ea5b6d1: attributed to 000142; 0.0 s; peak memory 721 MiB.
2026-10-02T13:33:23Z INFO [4892/5769] ed0f0f23-d81c-4e31-b49c-1fa632b6307b: attributed to 001697; 0.0 s; peak memory 721 MiB.
2026-10-02T13:33:23Z INFO [4893/5769] ed0fd201-ed47-4550-be13-cc8fd528c391: attributed to 001697; 0.0 s; peak memory 721 MiB.
2026-10-02T13:33:23Z INFO [4894/5769] ed111917-3784-49af-b82c-1ee1aea24168: attributed to 001697; 0.3 s; peak memory 721 MiB.
2026-10-02T13:33:23Z INFO [4895/5769] ed1c0873-b742-4836-ac6a-2e99d4d18e6b: attributed to 001697; 0.0 s; peak memory 721 MiB.
2026-10-02T13:33:23Z INFO [4896/5769] ed1cdaab-29eb-4249-a8b8-ef0dc71260c5: attributed to 000026; 0.1 s; peak memory 721 MiB.
2026-10-02T13:33:24Z INFO [4897/5769] ed1ce3fb-569f-40b2-b02e-25d6ef76b85f: attributed to 000571; 0.8 s; peak memory 721 MiB.
2026-10-02T13:33:24Z INFO [4898/5769] ed1d147a-76e6-4a17-9349-050054081bed: attributed to 001278; 0.0 s; peak memory 721 MiB.
2026-10-02T13:33:24Z INFO [4899/5769] ed274469-c016-4c9c-9f99-3dd623d56117: attributed to 001697; 0.3 s; peak memory 721 MiB.
2026-10-02T13:33:25Z INFO [4900/5769] ed2dc52e-0949-4374-9f32-1f2d6af21cc6: attributed to 001697; 0.3 s; peak memory 721 MiB.
2026-10-02T13:33:26Z INFO [4900/5769] ed2dc52e-0949-4374-9f32-1f2d6af21cc6: checkpointed 506565 records.
2026-10-02T13:33:26Z INFO [4901/5769] ed344908-7ead-497b-8c7f-0ff99ab34ec0: attributed to 001873; 0.6 s; peak memory 721 MiB.
2026-10-02T13:33:27Z INFO [4902/5769] ed35964a-4142-47f1-9f48-c4390364343b: attributed to 001697; 0.5 s; peak memory 721 MiB.
2026-10-02T13:33:27Z INFO [4903/5769] ed41d4f3-eb36-4c77-8740-8a13b2b15534: attributed to 000026; 0.1 s; peak memory 721 MiB.
2026-10-02T13:33:27Z INFO [4904/5769] ed43be10-d10f-40de-b1ec-d91d4ce99464: attributed to 001697; 0.0 s; peak memory 721 MiB.
2026-10-02T13:33:27Z INFO [4905/5769] ed4abca8-cde1-4f14-8c31-1661532dcdce: attributed to 001697; 0.0 s; peak memory 721 MiB.
2026-10-02T13:33:27Z INFO [4906/5769] ed5204e1-7545-4460-9bd8-0b56d0693bac: attributed to 000026; 0.3 s; peak memory 721 MiB.
2026-10-02T13:33:27Z INFO [4907/5769] ed538ef2-4fb8-4127-8d21-b2ce6fd306a2: attributed to 000026; 0.1 s; peak memory 721 MiB.
2026-10-02T13:33:28Z INFO [4908/5769] ed55e947-bec7-4cb7-8864-631ad2d07983: attributed to 000026; 0.1 s; peak memory 721 MiB.
2026-10-02T13:33:28Z INFO [4909/5769] ed5a3680-64f8-4840-bbf3-6ed5128babd2: attributed to 001697; 0.0 s; peak memory 721 MiB.
2026-10-02T13:33:28Z INFO [4910/5769] ed5a3fe0-140f-4cb7-ab54-804cd7dc87a5: attributed to 001697; 0.4 s; peak memory 721 MiB.
2026-10-02T13:33:28Z INFO [4911/5769] ed5c6f13-4620-4741-acfd-0ba1c33a9767: attributed to 001697; 0.4 s; peak memory 721 MiB.
2026-10-02T13:33:30Z INFO [4912/5769] ed5cebcc-d205-4500-a46a-eab605677a27: attributed to 000403; 1.6 s; peak memory 721 MiB.
2026-10-02T13:33:30Z INFO [4913/5769] ed5fd5c5-88d6-40fe-a28b-0450fe5f8fcb: attributed to 000142; 0.0 s; peak memory 721 MiB.
2026-10-02T13:33:30Z INFO [4914/5769] ed60a6c3-e16b-4ccf-98e2-57d6cfa283a7: attributed to 001697; 0.0 s; peak memory 721 MiB.
2026-10-02T13:33:31Z INFO [4915/5769] ed6247d2-fe57-48c0-94f5-5af475e117d7: attributed to 001697; 0.6 s; peak memory 721 MiB.
2026-10-02T13:33:31Z INFO [4916/5769] ed654bba-a84c-488e-83e2-359083d1750a: attributed to 000293; 0.0 s; peak memory 721 MiB.
2026-10-02T13:35:35Z INFO [4917/5769] ed65a2ee-ba20-464a-bd21-463345516e46: attributed to 001697; 124.0 s; peak memory 721 MiB.
2026-10-02T13:35:35Z INFO [4918/5769] ed6d7350-3f8c-4493-b410-68180f3c302e: attributed to 001697; 0.3 s; peak memory 721 MiB.
2026-10-02T13:35:35Z INFO [4919/5769] ed915279-5e7b-4493-8202-f10709bb83a7: attributed to 001697; 0.3 s; peak memory 721 MiB.
2026-10-02T13:35:35Z INFO [4920/5769] ed9e4c56-aec6-436c-b734-616cc2d5968f: attributed to 000946; 0.1 s; peak memory 721 MiB.
2026-10-02T13:35:35Z INFO [4921/5769] eda247a4-545b-4eb6-8815-cacd49eeb9ad: attributed to 001697; 0.0 s; peak memory 721 MiB.
2026-10-02T13:35:36Z INFO [4922/5769] eda2a2e0-8ebf-48d1-b719-97fd7be29dec: attributed to 000571; 0.9 s; peak memory 721 MiB.
2026-10-02T13:35:36Z INFO [4923/5769] edb71072-f29b-4741-b508-427adff3bc25: attributed to 001697; 0.0 s; peak memory 721 MiB.
2026-10-02T13:35:37Z INFO [4924/5769] edb9aeeb-4ab7-484a-a3f9-d17c6bd2d795: attributed to 001697; 0.3 s; peak memory 721 MiB.
2026-10-02T13:35:37Z INFO [4925/5769] edca9051-7da5-43fe-bb1f-6f88fde40795: attributed to 001697; 0.3 s; peak memory 721 MiB.
2026-10-02T13:35:37Z INFO [4926/5769] edd2c212-a34a-4cb2-8e25-033aa6cab5ab: attributed to 000109; 0.0 s; peak memory 721 MiB.
2026-10-02T13:35:37Z INFO [4927/5769] edd8f0d5-a13f-42f1-af26-4ed098730ca8: attributed to 001697; 0.0 s; peak memory 721 MiB.
2026-10-02T13:35:37Z INFO [4928/5769] ede4afac-0ab4-40cf-8ee4-8838eb5b17f4: attributed to 001697; 0.3 s; peak memory 721 MiB.
2026-10-02T13:35:37Z INFO [4929/5769] ede608b4-a779-4091-9fad-f3af3a6c00c1: attributed to 000109; 0.0 s; peak memory 721 MiB.
2026-10-02T13:35:38Z INFO [4930/5769] ede85776-42aa-4f43-98e2-b37a7296aebf: attributed to 001697; 0.3 s; peak memory 721 MiB.
2026-10-02T13:35:38Z INFO [4931/5769] edf36d3b-41e7-447b-992a-ea24f1393eec: attributed to 001697; 0.3 s; peak memory 721 MiB.
2026-10-02T13:35:38Z INFO [4932/5769] edf99a94-13d7-42b4-b954-2a6698241b84: attributed to 001449; 0.1 s; peak memory 721 MiB.
2026-10-02T13:35:38Z INFO [4933/5769] edff758b-50c0-4923-82fe-01ddc7c9d3a4: attributed to 001697; 0.3 s; peak memory 721 MiB.
2026-10-02T13:35:39Z INFO [4934/5769] ee097ee8-a322-4165-9d6e-6998f9d1ee8b: attributed to 001697; 0.3 s; peak memory 721 MiB.
2026-10-02T13:35:39Z INFO [4935/5769] ee120366-6909-471d-92aa-a340866c1d02: attributed to 001697; 0.3 s; peak memory 721 MiB.
2026-10-02T13:35:39Z INFO [4936/5769] ee1df2b1-2722-47c2-b699-a17e18f8cdd7: attributed to 001697; 0.3 s; peak memory 721 MiB.
2026-10-02T13:35:39Z INFO [4937/5769] ee23950b-e586-4507-b7bd-abcbf0ea8e08: attributed to 000026; 0.1 s; peak memory 721 MiB.
2026-10-02T13:35:39Z INFO [4938/5769] ee2a13b6-5365-4780-8d4f-b626fd0d83ae: attributed to 001697; 0.0 s; peak memory 721 MiB.
2026-10-02T13:35:39Z INFO [4939/5769] ee2c3695-6ddf-4d51-838c-1688b92d6e66: attributed to 000408; 0.0 s; peak memory 721 MiB.
2026-10-02T13:35:39Z INFO [4940/5769] ee304861-02dc-4a2d-9732-f72f7bf387c2: attributed to 000293; 0.0 s; peak memory 721 MiB.
2026-10-02T13:35:40Z INFO [4941/5769] ee3e6661-b9ca-4de3-95ed-268ac508e13c: attributed to 001697; 0.3 s; peak memory 721 MiB.
2026-10-02T13:35:40Z INFO [4942/5769] ee438a3f-58d9-4446-8e4a-d81e86d2bb5a: attributed to 001697; 0.0 s; peak memory 721 MiB.
2026-10-02T13:35:40Z INFO [4943/5769] ee4d05a9-43f2-4381-bd77-bf7c81ca19bc: attributed to 001697; 0.3 s; peak memory 721 MiB.
2026-10-02T13:35:40Z INFO [4944/5769] ee4e4588-1351-44f3-8fc3-d1c1abb1ad33: attributed to 000026; 0.2 s; peak memory 721 MiB.
2026-10-02T13:35:40Z INFO [4945/5769] ee51b48a-a63a-4de2-bdad-cec180bfefbf: attributed to 000026; 0.1 s; peak memory 721 MiB.
2026-10-02T13:35:40Z INFO [4946/5769] ee5c1b1b-f4d1-442c-83d0-4cd54b6880a8: attributed to 001748; 0.0 s; peak memory 721 MiB.
2026-10-02T13:35:40Z INFO [4947/5769] ee5f69d3-b539-479f-bb5d-d324a96b861d: attributed to 001697; 0.0 s; peak memory 721 MiB.
2026-10-02T13:35:41Z INFO [4948/5769] ee7463a4-5754-4333-b3eb-88f1b48aed32: attributed to 001697; 0.3 s; peak memory 721 MiB.
2026-10-02T13:35:41Z INFO [4949/5769] ee7b402c-ee10-4b57-9584-7e568ab0939c: attributed to 001697; 0.3 s; peak memory 721 MiB.
2026-10-02T13:35:41Z INFO [4950/5769] ee8ab575-7199-4bd8-8393-4e9530430351: attributed to 000026; 0.1 s; peak memory 721 MiB.
2026-10-02T13:35:42Z INFO [4950/5769] ee8ab575-7199-4bd8-8393-4e9530430351: checkpointed 506566 records.
2026-10-02T13:35:42Z INFO [4951/5769] ee8c7117-5fbd-4456-8e64-c70864360739: attributed to 001697; 0.0 s; peak memory 721 MiB.
2026-10-02T13:35:42Z INFO [4952/5769] ee8e2eed-5ce7-4eb1-980b-df1d2d9f8196: attributed to 000142; 0.0 s; peak memory 721 MiB.
2026-10-02T13:35:42Z INFO [4953/5769] ee92edc1-e704-48d0-96c1-26e01679566a: attributed to 001697; 0.4 s; peak memory 721 MiB.
2026-10-02T13:35:42Z INFO [4954/5769] ee93cae1-426d-4cd9-a4ad-548473c04009: attributed to 001697; 0.0 s; peak memory 721 MiB.
2026-10-02T13:35:43Z INFO [4955/5769] ee9ce6a1-be70-4c43-8303-7cc80dddd477: attributed to 000026; 0.1 s; peak memory 721 MiB.
2026-10-02T13:35:43Z INFO [4956/5769] eea3dbaf-f3a8-48da-a352-ada1c5f53e54: attributed to 000142; 0.0 s; peak memory 721 MiB.
2026-10-02T13:35:43Z INFO [4957/5769] eeaf0c4c-e9ff-4acd-b8fd-26e1eff610b4: attributed to 001697; 0.8 s; peak memory 721 MiB.
2026-10-02T13:35:43Z INFO [4958/5769] eeb74389-ce85-4fe1-8930-22454bb6531e: attributed to 001697; 0.0 s; peak memory 721 MiB.
2026-10-02T13:35:43Z INFO [4959/5769] eeb84798-2b8f-48c9-9df2-44409e29e2f4: attributed to 000026; 0.1 s; peak memory 721 MiB.
2026-10-02T13:35:44Z INFO [4960/5769] eebd5923-dbcc-4ac8-ab82-9d2b3e67167c: attributed to 000026; 0.1 s; peak memory 721 MiB.
2026-10-02T13:35:44Z INFO [4961/5769] eebe54a4-8563-42fc-92dd-4b792dc9f0f5: attributed to 000026; 0.2 s; peak memory 721 MiB.
2026-10-02T13:35:44Z INFO [4962/5769] eec88462-e640-4164-b04f-2ba05df49d44: attributed to 001791; 0.1 s; peak memory 721 MiB.
2026-10-02T13:35:44Z INFO [4963/5769] eed0a080-8ea6-4dee-9f7a-6bde58e61faa: attributed to 001697; 0.0 s; peak memory 721 MiB.
2026-10-02T13:35:44Z INFO [4964/5769] eedea9ac-51fd-4aa7-8632-6c36d3dc3ade: attributed to 001697; 0.3 s; peak memory 721 MiB.
2026-10-02T13:35:44Z INFO [4965/5769] eee22bf5-c32f-4ea3-8980-40be2bd8343e: attributed to 000946; 0.1 s; peak memory 721 MiB.
2026-10-02T13:35:44Z INFO [4966/5769] eeea99d6-11c0-4ce3-9ace-f0dcef84b011: attributed to 001697; 0.0 s; peak memory 721 MiB.
2026-10-02T13:35:44Z INFO [4967/5769] eef1602f-3ecf-4ce6-9c49-c7a908cacd72: attributed to 000026; 0.1 s; peak memory 721 MiB.
2026-10-02T13:35:45Z INFO [4968/5769] ef09977c-a84e-43a4-8946-f03ce2db632a: attributed to 000026; 0.3 s; peak memory 721 MiB.
2026-10-02T13:35:45Z INFO [4969/5769] ef0b2ab3-3545-41d6-b70a-b987213b6bc0: attributed to 000026; 0.1 s; peak memory 721 MiB.
2026-10-02T13:35:45Z INFO [4970/5769] ef0e7774-089d-4039-9692-59f82660720f: attributed to 001697; 0.4 s; peak memory 721 MiB.
2026-10-02T13:35:45Z INFO [4971/5769] ef121cb9-3c93-4da7-8600-69e10a8e5d4d: attributed to 000026; 0.1 s; peak memory 721 MiB.
2026-10-02T13:35:45Z INFO [4972/5769] ef1ad46f-3e24-4a77-9ba7-e91fc43b0b7a: attributed to 000026; 0.1 s; peak memory 721 MiB.
2026-10-02T13:35:46Z INFO [4973/5769] ef1d584a-1239-4f4b-b22d-be182ae40684: attributed to 000026; 0.5 s; peak memory 721 MiB.
2026-10-02T13:35:46Z INFO [4974/5769] ef20692f-5225-4ef8-8726-bfd3c1369ee6: attributed to 001697; 0.3 s; peak memory 721 MiB.
2026-10-02T13:35:47Z INFO [4975/5769] ef228e4c-9eb2-49ff-9f63-f05b0e201d31: attributed to 001697; 0.3 s; peak memory 721 MiB.
2026-10-02T13:35:47Z INFO [4976/5769] ef258a88-b069-4f9d-a778-ff91b78927d9: attributed to 001697; 0.0 s; peak memory 721 MiB.
2026-10-02T13:35:47Z INFO [4977/5769] ef270e28-0922-4b79-8dbb-14ae4451571f: attributed to 000209; 0.0 s; peak memory 721 MiB.
2026-10-02T13:37:49Z INFO [4978/5769] ef27589c-12e3-44b2-8d29-8bbdbc2bffae: attributed to 001697; 122.1 s; peak memory 721 MiB.
2026-10-02T13:37:49Z INFO [4979/5769] ef2b2297-f061-4ade-a5e4-f171c9f9dea3: attributed to 001697; 0.3 s; peak memory 721 MiB.
2026-10-02T13:37:49Z INFO [4980/5769] ef2bae3f-af76-407a-aff2-cb520f38cfa3: attributed to 001697; 0.0 s; peak memory 721 MiB.
2026-10-02T13:37:49Z INFO [4981/5769] ef2cec27-8d05-40b0-944b-e1e29decd5d6: attributed to 001697; 0.3 s; peak memory 721 MiB.
2026-10-02T13:37:50Z INFO [4982/5769] ef4331ea-6c8d-43c5-9d13-588d0b37c52b: attributed to 001697; 0.3 s; peak memory 721 MiB.
2026-10-02T13:37:50Z INFO [4983/5769] ef481df4-7c73-4dd0-a1e7-e4f384043a35: attributed to 000570; 0.0 s; peak memory 721 MiB.
2026-10-02T13:37:50Z INFO [4984/5769] ef4af149-a511-47fe-ab49-df2cb6d85d44: attributed to 000946; 0.1 s; peak memory 721 MiB.
2026-10-02T13:37:50Z INFO [4985/5769] ef4df5ec-7f47-478e-8912-33c84081f7a0: attributed to 001697; 0.0 s; peak memory 721 MiB.
2026-10-02T13:37:50Z INFO [4986/5769] ef59306f-18b1-48af-bdcb-508116fc773e: attributed to 001697; 0.0 s; peak memory 721 MiB.
2026-10-02T13:37:50Z INFO [4987/5769] ef611b3e-9a6c-462c-b8ec-be9efc37f8f0: attributed to 000026; 0.1 s; peak memory 721 MiB.
2026-10-02T13:37:50Z INFO [4988/5769] ef640f2f-77d8-44b2-abd1-7a38d4da3791: attributed to 001697; 0.3 s; peak memory 721 MiB.
2026-10-02T13:37:50Z INFO [4989/5769] ef659a8e-064a-4280-9c18-f7f2dd61689b: attributed to 000293; 0.0 s; peak memory 721 MiB.
2026-10-02T13:37:50Z INFO [4990/5769] ef6ade38-cd72-4e6d-b6f2-d70941d52df3: attributed to 001697; 0.3 s; peak memory 721 MiB.
2026-10-02T13:37:50Z INFO [4991/5769] ef6b3e08-3ba1-432b-a29d-e9b5f3961f92: attributed to 000403; 0.0 s; peak memory 721 MiB.
2026-10-02T13:37:50Z INFO [4992/5769] ef74b476-ebeb-44ff-b73d-00346dfb9c51: attributed to 000026; 0.1 s; peak memory 721 MiB.
2026-10-02T13:37:51Z INFO [4993/5769] ef77d548-b5c9-46b1-b4b1-a8e9b52ed237: attributed to 001697; 0.3 s; peak memory 721 MiB.
2026-10-02T13:37:51Z INFO [4994/5769] ef7881ad-5dfd-45aa-be64-e35ee01067ee: attributed to 000142; 0.0 s; peak memory 721 MiB.
2026-10-02T13:37:51Z INFO [4995/5769] ef7ab228-a053-49f5-9974-cd637d4eb732: attributed to 000946; 0.1 s; peak memory 721 MiB.
2026-10-02T13:37:51Z INFO [4996/5769] ef7ac06f-f44d-4edb-816b-7e1322781cbf: attributed to 001697; 0.0 s; peak memory 721 MiB.
2026-10-02T13:37:51Z INFO [4997/5769] ef89c955-c83c-4979-ab46-b433ea352c97: attributed to 001697; 0.0 s; peak memory 721 MiB.
2026-10-02T13:37:51Z INFO [4998/5769] ef94469c-1240-4fc7-af44-20a61b50bb4f: attributed to 001697; 0.3 s; peak memory 721 MiB.
2026-10-02T13:37:51Z INFO [4999/5769] ef988aa8-f1cf-4552-867a-0423f8163fdb: attributed to 001697; 0.0 s; peak memory 721 MiB.
2026-10-02T13:37:51Z INFO [5000/5769] ef9cd7aa-941a-4ce6-b1ec-3322df08614b: attributed to 000026; 0.1 s; peak memory 721 MiB.
2026-10-02T13:37:52Z INFO [5000/5769] ef9cd7aa-941a-4ce6-b1ec-3322df08614b: checkpointed 506566 records.
2026-10-02T13:37:52Z INFO [5001/5769] efa78770-af9c-489f-b5f2-f6cc2cc83840: attributed to 001697; 0.0 s; peak memory 721 MiB.
2026-10-02T13:37:52Z INFO [5002/5769] efaa71e9-5ca1-4ebc-8f61-8f7ba1e44e75: attributed to 001697; 0.0 s; peak memory 721 MiB.
2026-10-02T13:37:52Z INFO [5003/5769] efabeed7-41f7-4ceb-9502-5298c5a39454: attributed to 000465; 0.0 s; peak memory 721 MiB.
2026-10-02T13:37:52Z INFO [5004/5769] efac15fb-4849-498a-8dcc-b63e461f0874: attributed to 000570; 0.0 s; peak memory 721 MiB.
2026-10-02T13:37:53Z INFO [5005/5769] efad875a-245f-44a6-9431-cdf0ca2ee5bd: attributed to 001697; 0.3 s; peak memory 721 MiB.
2026-10-02T13:37:53Z INFO [5006/5769] efbe29f6-01fb-4990-88da-e39607581cb8: attributed to 000946; 0.1 s; peak memory 721 MiB.
2026-10-02T13:37:53Z INFO [5007/5769] efc1b3b9-6d3f-429e-9ce2-9a083e6183f3: attributed to 000544; 0.0 s; peak memory 721 MiB.
2026-10-02T13:37:53Z INFO [5008/5769] efc4d1cb-e32a-4705-aae7-d34442c4a036: attributed to 001697; 0.0 s; peak memory 721 MiB.
2026-10-02T13:37:53Z INFO [5009/5769] efc7f072-63d9-4580-bc7a-85e440caf29a: attributed to 001697; 0.0 s; peak memory 721 MiB.
2026-10-02T13:37:53Z INFO [5010/5769] efcae955-64f3-49ec-9f15-c42c3f85e8c2: attributed to 001697; 0.0 s; peak memory 721 MiB.
2026-10-02T13:37:53Z INFO [5011/5769] efd15feb-2ff4-49f4-9c2b-4bd2b88c48e1: attributed to 001697; 0.0 s; peak memory 721 MiB.
2026-10-02T13:37:53Z INFO [5012/5769] efd42122-4de8-46d4-9f41-0c805713a1f5: attributed to 001697; 0.3 s; peak memory 721 MiB.
2026-10-02T13:37:53Z INFO [5013/5769] efd6a723-f8a7-4bf6-abcc-3cf6167d0006: attributed to 001697; 0.0 s; peak memory 721 MiB.
2026-10-02T13:37:53Z INFO [5014/5769] efda30a1-230f-47cf-8000-3ee0346480a1: attributed to 001697; 0.0 s; peak memory 721 MiB.
2026-10-02T13:37:53Z INFO [5015/5769] efdeb377-3a7c-49ab-b269-9676fe54bd1a: attributed to 001697; 0.3 s; peak memory 721 MiB.
2026-10-02T13:37:53Z INFO [5016/5769] efe418c6-a204-4178-8af2-a2e5ac0ad695: attributed to 000026; 0.1 s; peak memory 721 MiB.
2026-10-02T13:37:54Z INFO [5017/5769] efe7968c-5578-486c-9738-13d2a448a04b: attributed to 000026; 0.1 s; peak memory 721 MiB.
2026-10-02T13:37:54Z INFO [5018/5769] efed6667-0208-4c89-9dfe-c8d7feacb742: attributed to 000026; 0.2 s; peak memory 721 MiB.
2026-10-02T13:37:54Z INFO [5019/5769] efee0872-c230-4cec-a5d9-5ad40aa60bec: attributed to 000026; 0.1 s; peak memory 721 MiB.
2026-10-02T13:37:54Z INFO [5020/5769] efee6f05-ddd0-40c0-b430-f8f50ad72f88: attributed to 001697; 0.0 s; peak memory 721 MiB.
2026-10-02T13:37:54Z INFO [5021/5769] eff6ee9c-1238-4119-88a5-11dbe1038961: attributed to 001697; 0.3 s; peak memory 721 MiB.
2026-10-02T13:37:54Z INFO [5022/5769] eff76d82-bdbf-4ae4-9e51-349b526d5d11: attributed to 001697; 0.0 s; peak memory 721 MiB.
2026-10-02T13:37:54Z INFO [5023/5769] eff9fd6e-0699-466e-b3e7-e4dfc9b2bd10: attributed to 000026; 0.1 s; peak memory 721 MiB.
2026-10-02T13:37:55Z INFO [5024/5769] f005aeab-790c-4700-b9e7-986350a2db09: attributed to 001873; 0.4 s; peak memory 721 MiB.
2026-10-02T13:37:55Z INFO [5025/5769] f00ed526-d924-494f-8186-d1ffd5549402: attributed to 001697; 0.0 s; peak memory 721 MiB.
2026-10-02T13:37:55Z INFO [5026/5769] f00f3611-74be-4313-80d1-7aa5fb65e6da: attributed to 001873; 0.4 s; peak memory 721 MiB.
2026-10-02T13:37:55Z INFO [5027/5769] f01e7e0d-81a0-47d5-98c8-f3895717a93c: attributed to 001697; 0.3 s; peak memory 721 MiB.
2026-10-02T13:37:56Z INFO [5028/5769] f02370f6-ad31-4086-aecd-f589c8a96886: attributed to 001697; 0.9 s; peak memory 721 MiB.
2026-10-02T13:37:56Z INFO [5029/5769] f037ae8f-dc34-4613-bbc8-bc20494ead0e: attributed to 000026; 0.1 s; peak memory 721 MiB.
2026-10-02T13:37:56Z INFO [5030/5769] f0443c5f-7087-4872-ba49-bdf0ff5af4f7: attributed to 000026; 0.1 s; peak memory 721 MiB.
2026-10-02T13:37:56Z INFO [5031/5769] f048ba5e-dffd-47e0-b301-3a06d1beb656: attributed to 001697; 0.1 s; peak memory 721 MiB.
2026-10-02T13:37:57Z INFO [5032/5769] f052e77f-0ef8-404f-bc22-b6818657a06a: attributed to 000571; 0.2 s; peak memory 721 MiB.
2026-10-02T13:38:15Z INFO [5033/5769] f0578766-b127-4e24-91af-6f01b642dc09: attributed to 000571; 18.4 s; peak memory 721 MiB.
2026-10-02T13:38:15Z INFO [5034/5769] f059190e-c27e-4cfb-93e6-9bf6d230a23d: attributed to 000209; 0.0 s; peak memory 721 MiB.
2026-10-02T13:38:15Z INFO [5035/5769] f05b83fa-804d-4b13-915d-358c00f0ad07: attributed to 001697; 0.0 s; peak memory 721 MiB.
2026-10-02T13:38:15Z INFO [5036/5769] f0669d6c-d3d6-43cb-ac3f-58db62c58dc0: attributed to 000026; 0.1 s; peak memory 721 MiB.
2026-10-02T13:38:15Z INFO [5037/5769] f06ae0c1-7ea9-4f0b-87f1-6004be0dd97a: attributed to 000026; 0.4 s; peak memory 721 MiB.
2026-10-02T13:38:15Z INFO [5038/5769] f0739aa0-5ea5-41e0-b56c-d9afc4b8affd: attributed to 001697; 0.0 s; peak memory 721 MiB.
2026-10-02T13:38:15Z INFO [5039/5769] f07618e2-1c3d-4d5a-8af6-78b7a79dfc4e: attributed to 000570; 0.0 s; peak memory 721 MiB.
2026-10-02T13:38:15Z INFO [5040/5769] f07c4093-de6f-4d74-a49f-fd34253019d0: attributed to 000109; 0.0 s; peak memory 721 MiB.
2026-10-02T13:38:16Z INFO [5041/5769] f080946e-bd5a-48cd-ac40-bf160039bde2: attributed to 001697; 0.3 s; peak memory 721 MiB.
2026-10-02T13:38:16Z INFO [5042/5769] f08d035e-fbe5-4269-9857-44e318f03bc2: attributed to 001697; 0.3 s; peak memory 721 MiB.
2026-10-02T13:38:16Z INFO [5043/5769] f08e2cb2-3421-4c22-a606-4990d50b39dc: attributed to 000026; 0.1 s; peak memory 721 MiB.
2026-10-02T13:38:16Z INFO [5044/5769] f08f0dd2-f81f-4eac-8c1d-2cf8827d1b2c: attributed to 001697; 0.0 s; peak memory 721 MiB.
2026-10-02T13:38:16Z INFO [5045/5769] f0913c8c-6b9b-4fe3-8438-da8f675ab187: attributed to 001697; 0.3 s; peak memory 721 MiB.
2026-10-02T13:38:16Z INFO [5046/5769] f092fa3b-de9f-41d4-985b-0f35e29d8e63: attributed to 001748; 0.0 s; peak memory 721 MiB.
2026-10-02T13:38:17Z INFO [5047/5769] f093e12a-2f22-43a3-a7f9-f1ec2bdbe429: attributed to 001697; 0.3 s; peak memory 721 MiB.
2026-10-02T13:38:17Z INFO [5048/5769] f096cf82-dcc0-4204-a2c6-c495670f788d: attributed to 000026; 0.1 s; peak memory 721 MiB.
2026-10-02T13:38:17Z INFO [5049/5769] f097c7e7-5eae-4b50-bec9-472ab161d646: attributed to 000209; 0.0 s; peak memory 721 MiB.
2026-10-02T13:38:17Z INFO [5050/5769] f098e98a-8186-4aef-aa7d-984c26619893: attributed to 001697; 0.3 s; peak memory 721 MiB.
2026-10-02T13:38:18Z INFO [5050/5769] f098e98a-8186-4aef-aa7d-984c26619893: checkpointed 506566 records.
2026-10-02T13:38:18Z INFO [5051/5769] f09a0773-cb54-4aa1-8ae3-d7a39d2e7b2f: attributed to 001697; 0.0 s; peak memory 721 MiB.
2026-10-02T13:38:19Z INFO [5052/5769] f09da645-63da-4be8-ae1f-7519cce15b00: attributed to 001697; 0.3 s; peak memory 721 MiB.
2026-10-02T13:38:19Z INFO [5053/5769] f09e2c9d-f154-4cbd-a017-37c112075622: attributed to 001697; 0.0 s; peak memory 721 MiB.
2026-10-02T13:38:19Z INFO [5054/5769] f0a0c5d5-924f-46d5-b4b4-cf1ae366c13d: attributed to 001697; 0.3 s; peak memory 721 MiB.
2026-10-02T13:38:19Z INFO [5055/5769] f0a89325-4f39-4a3a-801c-97d89ccf4f59: attributed to 001697; 0.0 s; peak memory 721 MiB.
2026-10-02T13:38:19Z INFO [5056/5769] f0ab6400-a1df-4e9a-bc1a-4b466e5bd97e: attributed to 001697; 0.3 s; peak memory 721 MiB.
2026-10-02T13:38:19Z INFO [5057/5769] f0b12285-ca95-4529-83ae-4122e04ad878: attributed to 000946; 0.1 s; peak memory 721 MiB.
2026-10-02T13:38:19Z INFO [5058/5769] f0b3063b-9023-45ce-b88c-0ccdc57b1bf9: attributed to 001449; 0.1 s; peak memory 721 MiB.
2026-10-02T13:38:19Z INFO [5059/5769] f0b4599f-2b80-473a-8124-2caf5f3c8ae7: attributed to 001697; 0.0 s; peak memory 721 MiB.
2026-10-02T13:38:20Z INFO [5060/5769] f0b669f8-b451-41d4-9e93-5c478e44aaa2: attributed to 001697; 0.3 s; peak memory 721 MiB.
2026-10-02T13:38:20Z INFO [5061/5769] f0b7ce3d-9112-4702-aab4-86ceeb8dc000: attributed to 001697; 0.0 s; peak memory 721 MiB.
2026-10-02T13:38:20Z INFO [5062/5769] f0b9b511-e5e0-4c64-9e96-f7dbb1dbe574: attributed to 001449; 0.1 s; peak memory 721 MiB.
2026-10-02T13:38:20Z INFO [5063/5769] f0c57533-1772-4422-a249-bf3e7a0ed267: attributed to 001697; 0.0 s; peak memory 721 MiB.
2026-10-02T13:38:20Z INFO [5064/5769] f0d7a90f-b745-4a07-be30-5f742c9d8693: attributed to 000142; 0.0 s; peak memory 721 MiB.
2026-10-02T13:38:20Z INFO [5065/5769] f0d900a7-55a4-4126-b747-4cfef7446044: attributed to 001697; 0.0 s; peak memory 721 MiB.
2026-10-02T13:38:20Z INFO [5066/5769] f0d9c044-d1b5-4ec4-a029-fdda5a5a9595: attributed to 001697; 0.0 s; peak memory 721 MiB.
2026-10-02T13:38:20Z INFO [5067/5769] f0dcf546-4fe5-4ec2-8544-fa6ff1498f5d: attributed to 001697; 0.0 s; peak memory 721 MiB.
2026-10-02T13:38:20Z INFO [5068/5769] f0e0ad09-e892-4f3f-95af-4388b9171cbd: attributed to 001697; 0.3 s; peak memory 721 MiB.
2026-10-02T13:38:20Z INFO [5069/5769] f0e516cc-8899-4320-b063-55e264a1d8fb: attributed to 001697; 0.3 s; peak memory 721 MiB.
2026-10-02T13:38:21Z INFO [5070/5769] f0fb7c64-8d7b-4711-a432-b42f99a45e5e: attributed to 001449; 0.6 s; peak memory 721 MiB.
2026-10-02T13:38:21Z INFO [5071/5769] f0fdb2d6-505c-406a-be18-90f571eee935: attributed to 000293; 0.0 s; peak memory 721 MiB.
2026-10-02T13:38:21Z INFO [5072/5769] f1018aaf-e3ae-4e2d-a096-8f88f949f0bc: attributed to 000109; 0.0 s; peak memory 721 MiB.
2026-10-02T13:38:21Z INFO [5073/5769] f101b3f1-9ca7-4ead-b923-41af49c8995b: attributed to 001697; 0.0 s; peak memory 721 MiB.
2026-10-02T13:38:21Z INFO [5074/5769] f105d2d5-feb5-41ba-b358-2d18cce49606: attributed to 000293; 0.0 s; peak memory 721 MiB.
2026-10-02T13:38:21Z INFO [5075/5769] f10f4239-f81f-4be4-b8cd-c7f52a698e26: attributed to 001697; 0.3 s; peak memory 721 MiB.
2026-10-02T13:38:21Z INFO [5076/5769] f10f5899-d4aa-4ecb-9ad2-519c54743825: attributed to 001449; 0.1 s; peak memory 721 MiB.
2026-10-02T13:38:21Z INFO [5077/5769] f10ffa59-ef65-4281-ad57-8e8e7e2ad248: attributed to 001697; 0.0 s; peak memory 721 MiB.
2026-10-02T13:38:22Z INFO [5078/5769] f112fc00-1474-449f-bfd0-e33139aca75d: attributed to 001697; 0.3 s; peak memory 721 MiB.
2026-10-02T13:38:22Z INFO [5079/5769] f119e098-6d1b-4d45-95be-42afb947b129: attributed to 001449; 0.1 s; peak memory 721 MiB.
2026-10-02T13:38:22Z INFO [5080/5769] f11fbd8a-0cad-4c7a-ad45-428bdd6499ac: attributed to 001697; 0.0 s; peak memory 721 MiB.
2026-10-02T13:38:22Z INFO [5081/5769] f130181d-1295-4b49-bcc0-381a371a1873: attributed to 001697; 0.0 s; peak memory 721 MiB.
2026-10-02T13:38:22Z INFO [5082/5769] f131dd5d-ce7d-4ecb-bf5f-1c083c9729fb: attributed to 000026; 0.4 s; peak memory 721 MiB.
2026-10-02T13:38:22Z INFO [5083/5769] f13e92f4-f0cf-4e9d-8ae2-6a6c169e75bd: attributed to 001697; 0.0 s; peak memory 721 MiB.
2026-10-02T13:38:22Z INFO [5084/5769] f141ac66-6934-48ac-b9b6-935755ea28cf: attributed to 000293; 0.0 s; peak memory 721 MiB.
2026-10-02T13:38:22Z INFO [5085/5769] f148b86a-15f4-4112-b9fa-24cf5df07da2: attributed to 001697; 0.0 s; peak memory 721 MiB.
2026-10-02T13:38:22Z INFO [5086/5769] f14c1b70-f800-4ca1-8a11-e780b7ef38da: attributed to 000026; 0.1 s; peak memory 721 MiB.
2026-10-02T13:38:22Z INFO [5087/5769] f157e1e6-593b-4651-b017-37e17003e3f0: attributed to 000026; 0.1 s; peak memory 721 MiB.
2026-10-02T13:38:23Z INFO [5088/5769] f1654da7-6d0e-405c-99f8-ed884aace82e: attributed to 001697; 0.7 s; peak memory 721 MiB.
2026-10-02T13:38:24Z INFO [5089/5769] f165751f-2bae-4412-b1d4-ef84f20191f8: attributed to 001697; 0.4 s; peak memory 721 MiB.
2026-10-02T13:38:24Z INFO [5090/5769] f16ae61b-a9c4-4a9a-a35f-148fa4a60c9d: attributed to 001697; 0.0 s; peak memory 721 MiB.
2026-10-02T13:38:24Z INFO [5091/5769] f16f0334-0576-4a7c-800f-db18da6326ff: attributed to 001697; 0.3 s; peak memory 721 MiB.
2026-10-02T13:38:24Z INFO [5092/5769] f1713b53-8031-4458-b70d-6f4bddf45abc: attributed to 001449; 0.1 s; peak memory 721 MiB.
2026-10-02T13:38:24Z INFO [5093/5769] f178679d-c65c-46dd-b170-77d0765c6c20: attributed to 001748; 0.0 s; peak memory 721 MiB.
2026-10-02T13:38:24Z INFO [5094/5769] f17903bf-50df-42c4-b510-307ef9ec3fd4: attributed to 001697; 0.3 s; peak memory 721 MiB.
2026-10-02T13:38:24Z INFO [5095/5769] f17acdd1-ba3e-4d16-bedc-42692bedc479: attributed to 001697; 0.3 s; peak memory 721 MiB.
2026-10-02T13:38:25Z INFO [5096/5769] f17baacd-b1ea-402c-a22c-b342ab3eb74f: attributed to 000946; 0.1 s; peak memory 721 MiB.
2026-10-02T13:38:25Z INFO [5097/5769] f1878d0d-9d6f-43e6-a4b5-5efe21b6c689: attributed to 000026; 0.4 s; peak memory 721 MiB.
2026-10-02T13:38:25Z INFO [5098/5769] f18a3bfa-c371-4959-8304-42e5576d8b47: attributed to 001697; 0.0 s; peak memory 721 MiB.
2026-10-02T13:38:25Z INFO [5099/5769] f18b6a23-9a63-4df4-9aab-cf3dfef28701: attributed to 001873; 0.3 s; peak memory 721 MiB.
2026-10-02T13:38:25Z INFO [5100/5769] f18bcecc-7be4-41a5-a49e-4df670850a44: attributed to 000209; 0.0 s; peak memory 721 MiB.
2026-10-02T13:38:26Z INFO [5100/5769] f18bcecc-7be4-41a5-a49e-4df670850a44: checkpointed 506566 records.
2026-10-02T13:38:27Z INFO [5101/5769] f190de46-9408-4bf8-89f2-0e2996b5c710: attributed to 000026; 0.3 s; peak memory 721 MiB.
2026-10-02T13:38:28Z INFO [5102/5769] f1958e5c-067d-4ce5-a3b8-889d6050cc0b: attributed to 001697; 1.8 s; peak memory 721 MiB.
2026-10-02T13:38:28Z INFO [5103/5769] f195c10b-9759-4f16-9ee0-2b928757cfb0: attributed to 001697; 0.0 s; peak memory 721 MiB.
2026-10-02T13:38:28Z INFO [5104/5769] f197bc7b-2899-49f4-89fd-beb5dc30f840: attributed to 001697; 0.0 s; peak memory 721 MiB.
2026-10-02T13:38:28Z INFO [5105/5769] f198a421-f24d-4852-8059-a760314825dd: attributed to 000209; 0.0 s; peak memory 721 MiB.
2026-10-02T13:38:28Z INFO [5106/5769] f19cbcb5-97d8-41a5-999f-56128b5d06df: attributed to 001697; 0.0 s; peak memory 721 MiB.
2026-10-02T13:38:29Z INFO [5107/5769] f19d496a-1324-4e40-b51f-6e6450211b93: attributed to 001449; 0.3 s; peak memory 721 MiB.
2026-10-02T13:38:29Z INFO [5108/5769] f1a056ff-06a5-46ae-b79c-a8eddeadcedf: attributed to 001697; 0.0 s; peak memory 721 MiB.
2026-10-02T13:38:29Z INFO [5109/5769] f1a17840-cd25-4cdb-977b-b54c4d30fa9e: attributed to 000026; 0.1 s; peak memory 721 MiB.
2026-10-02T13:38:29Z INFO [5110/5769] f1b20df7-a469-4d97-ae18-d174dabfa8a5: attributed to 001697; 0.0 s; peak memory 721 MiB.
2026-10-02T13:38:29Z INFO [5111/5769] f1b5a6da-9d8e-4587-bf61-7b1cc60c417f: attributed to 001697; 0.0 s; peak memory 721 MiB.
2026-10-02T13:38:29Z INFO [5112/5769] f1b90d35-e3ef-406a-8407-a4530806af72: attributed to 001697; 0.0 s; peak memory 721 MiB.
2026-10-02T13:38:29Z INFO [5113/5769] f1bf38ce-1222-4cba-85e1-1595138a0871: attributed to 001697; 0.0 s; peak memory 721 MiB.
2026-10-02T13:38:29Z INFO [5114/5769] f1bfe18f-758f-46ea-bf63-cde9c9cc4397: attributed to 000026; 0.1 s; peak memory 721 MiB.
2026-10-02T13:38:29Z INFO [5115/5769] f1c293e2-572a-4c60-a671-2af5ef3933fd: attributed to 001697; 0.4 s; peak memory 721 MiB.
2026-10-02T13:38:30Z INFO [5116/5769] f1c9448b-d1f9-469b-9c41-cab2782d19e0: attributed to 001697; 0.3 s; peak memory 721 MiB.
2026-10-02T13:38:30Z INFO [5117/5769] f1d09856-4205-4cdf-bda0-1d2ec97fcfba: attributed to 001046; 0.0 s; peak memory 721 MiB.
2026-10-02T13:38:30Z INFO [5118/5769] f1dff9fa-67e5-4210-abc3-c4224910c55a: attributed to 001697; 0.0 s; peak memory 721 MiB.
2026-10-02T13:38:30Z INFO [5119/5769] f1e7b153-65aa-4471-be96-2e534be2818e: attributed to 001697; 0.0 s; peak memory 721 MiB.
2026-10-02T13:38:30Z INFO [5120/5769] f1ee3854-4431-44a7-aeaa-63758a174c23: attributed to 001697; 0.0 s; peak memory 721 MiB.
2026-10-02T13:38:30Z INFO [5121/5769] f1f5b4ea-fd05-4cc5-8c96-7d7060af3eba: attributed to 001449; 0.3 s; peak memory 721 MiB.
2026-10-02T13:38:30Z INFO [5122/5769] f1f88eed-58fe-46fc-a83c-e9bb1e88a94f: attributed to 000026; 0.1 s; peak memory 721 MiB.
2026-10-02T13:38:30Z INFO [5123/5769] f1fdb807-e03b-4736-bd14-364e1192ae5f: attributed to 001697; 0.3 s; peak memory 721 MiB.
2026-10-02T13:38:30Z INFO [5124/5769] f1fe8c51-2ec1-4f25-8e91-b19c38f21326: attributed to 000109; 0.0 s; peak memory 721 MiB.
2026-10-02T13:38:30Z INFO [5125/5769] f20c2109-c4f6-4895-ac0b-fe8c286c7bd4: attributed to 001697; 0.0 s; peak memory 721 MiB.
2026-10-02T13:38:30Z INFO [5126/5769] f20c9a3a-064c-45d4-a2f3-09f6713fdfdc: attributed to 001697; 0.0 s; peak memory 721 MiB.
2026-10-02T13:38:30Z INFO [5127/5769] f2107ff9-ef33-4499-872a-51bef6554b0b: attributed to 001697; 0.0 s; peak memory 721 MiB.
2026-10-02T13:38:30Z INFO [5128/5769] f215e75f-01ca-42ad-bd2c-a97f7318a281: attributed to 001697; 0.0 s; peak memory 721 MiB.
2026-10-02T13:38:31Z INFO [5129/5769] f2195fc7-fc76-49fb-b0b7-0b87c3451a44: attributed to 000568; 0.1 s; peak memory 721 MiB.
2026-10-02T13:38:31Z INFO [5130/5769] f219b396-4df0-4ada-a580-cda0c108d6d6: attributed to 000026; 0.1 s; peak memory 721 MiB.
2026-10-02T13:38:31Z INFO [5131/5769] f21fa8a9-2f8b-46e6-b81c-d49f7882b9b3: attributed to 001697; 0.0 s; peak memory 721 MiB.
2026-10-02T13:38:31Z INFO [5132/5769] f2252bd2-a939-4021-aa1c-8658f1abac22: attributed to 001697; 0.0 s; peak memory 721 MiB.
2026-10-02T13:38:31Z INFO [5133/5769] f22ad9a5-b04b-43b3-975b-4df0676dfb24: attributed to 000403; 0.0 s; peak memory 721 MiB.
2026-10-02T13:38:31Z INFO [5134/5769] f22cf4c0-c536-4d65-b319-f3cc9e042ce4: attributed to 001697; 0.3 s; peak memory 721 MiB.
2026-10-02T13:38:31Z INFO [5135/5769] f22ffa8a-7c88-4b09-a787-206cccf5b3c2: attributed to 001697; 0.0 s; peak memory 721 MiB.
2026-10-02T13:38:31Z INFO [5136/5769] f235cf99-62eb-44c7-8a27-cb1b236c5748: attributed to 001697; 0.3 s; peak memory 721 MiB.
2026-10-02T13:38:31Z INFO [5137/5769] f238b08e-c859-4df7-93eb-0b7715d61590: attributed to 000142; 0.0 s; peak memory 721 MiB.
2026-10-02T13:38:31Z INFO [5138/5769] f238be0d-2d49-478f-b664-879bd5530c3d: attributed to 000026; 0.1 s; peak memory 721 MiB.
2026-10-02T13:38:32Z INFO [5139/5769] f23e5392-c86e-4fe1-9914-7e36f5b03e03: attributed to 001697; 0.3 s; peak memory 721 MiB.
2026-10-02T13:38:43Z INFO [5140/5769] f24137d0-0766-48a7-a948-3fdd16892892: attributed to 001449; 11.0 s; peak memory 721 MiB.
2026-10-02T13:38:43Z INFO [5141/5769] f243faf0-b48a-4013-b077-581e03e7b052: attributed to 001697; 0.0 s; peak memory 721 MiB.
2026-10-02T13:38:43Z INFO [5142/5769] f248c8fe-eeb5-4ad2-901a-fce7234ff85e: attributed to 001697; 0.3 s; peak memory 721 MiB.
2026-10-02T13:38:43Z INFO [5143/5769] f24ef707-f493-4dec-9946-828636498e7a: attributed to 001858; 0.0 s; peak memory 721 MiB.
2026-10-02T13:38:43Z INFO [5144/5769] f255959b-0c0e-4143-b5fa-0de3f90a2a52: attributed to 001697; 0.0 s; peak memory 721 MiB.
2026-10-02T13:38:43Z INFO [5145/5769] f259ac07-ef85-4a12-b17e-eddc6acceef7: attributed to 001697; 0.5 s; peak memory 721 MiB.
2026-10-02T13:38:43Z INFO [5146/5769] f25cdbf5-a94a-4e40-8393-e4582eb9e42e: attributed to 000109; 0.0 s; peak memory 721 MiB.
2026-10-02T13:38:44Z INFO [5147/5769] f262c590-4b9b-495c-9e30-959be1042850: attributed to 000946; 0.1 s; peak memory 721 MiB.
2026-10-02T13:38:44Z INFO [5148/5769] f26466ea-9e43-4b9a-ba87-ef2fbf471ece: attributed to 001697; 0.0 s; peak memory 721 MiB.
2026-10-02T13:38:44Z INFO [5149/5769] f2659392-8eb8-4e7f-94a5-316c399d22d8: attributed to 001697; 0.0 s; peak memory 721 MiB.
2026-10-02T13:38:44Z INFO [5150/5769] f26cbd64-9fda-44bf-907f-925668f195f3: attributed to 000026; 0.1 s; peak memory 721 MiB.
2026-10-02T13:38:45Z INFO [5150/5769] f26cbd64-9fda-44bf-907f-925668f195f3: checkpointed 506566 records.
2026-10-02T13:38:45Z INFO [5151/5769] f27624cf-0c87-4ae2-a777-a67e3e9cb59f: attributed to 000142; 0.0 s; peak memory 721 MiB.
2026-10-02T13:38:45Z INFO [5152/5769] f277ff48-fe2b-44e5-8c2a-a416c32d0f6a: attributed to 000026; 0.3 s; peak memory 721 MiB.
2026-10-02T13:38:45Z INFO [5153/5769] f27c346e-3032-459f-911d-e508280e326d: attributed to 001697; 0.0 s; peak memory 721 MiB.
2026-10-02T13:38:45Z INFO [5154/5769] f28528d9-c875-4bb0-8563-f8ce386f519c: attributed to 000026; 0.1 s; peak memory 721 MiB.
2026-10-02T13:38:45Z INFO [5155/5769] f285b280-b9e2-4592-95eb-650f8397031e: attributed to 001697; 0.0 s; peak memory 721 MiB.
2026-10-02T13:38:45Z INFO [5156/5769] f287e8a9-90be-4cd4-90a1-59b9df4fed0c: attributed to 001697; 0.0 s; peak memory 721 MiB.
2026-10-02T13:38:45Z INFO [5157/5769] f28d2cf4-ed56-4dde-a641-4dbbcc062195: attributed to 000946; 0.1 s; peak memory 721 MiB.
2026-10-02T13:38:46Z INFO [5158/5769] f295a4c0-7514-4ab4-9849-d528d7e8b625: attributed to 001697; 0.3 s; peak memory 721 MiB.
2026-10-02T13:38:46Z INFO [5159/5769] f296a01d-04e2-42eb-a181-ef0a70704920: attributed to 000142; 0.0 s; peak memory 721 MiB.
2026-10-02T13:38:46Z INFO [5160/5769] f29f5dcf-12a6-4a1f-9b2e-7d1ca607296c: attributed to 001416; 0.0 s; peak memory 721 MiB.
2026-10-02T13:38:46Z INFO [5161/5769] f2a1dd3a-5273-4bd8-882d-9bc82e9b1c1a: attributed to 001697; 0.3 s; peak memory 721 MiB.
2026-10-02T13:38:46Z INFO [5162/5769] f2a9d03e-cef7-4df8-81dc-9c627206baae: attributed to 000026; 0.1 s; peak memory 721 MiB.
2026-10-02T13:38:46Z INFO [5163/5769] f2aad0b4-8080-4b5f-a4a2-c25d60802af5: attributed to 001697; 0.0 s; peak memory 721 MiB.
2026-10-02T13:38:46Z INFO [5164/5769] f2b08fe9-16a9-4a73-8d5b-d0c8be0f5cc1: attributed to 001697; 0.0 s; peak memory 721 MiB.
2026-10-02T13:38:46Z INFO [5165/5769] f2b9ea19-f785-4591-9b2a-112434cf2271: attributed to 001697; 0.3 s; peak memory 721 MiB.
2026-10-02T13:38:46Z INFO [5166/5769] f2ba6979-84f2-48fc-bd84-a89d5f838ab8: attributed to 001697; 0.0 s; peak memory 721 MiB.
2026-10-02T13:38:46Z INFO [5167/5769] f2bc150d-5c83-4289-ab6f-5e29dd277055: attributed to 001697; 0.0 s; peak memory 721 MiB.
2026-10-02T13:38:47Z INFO [5168/5769] f2c5eac5-2cc1-433a-809e-5646845c501a: attributed to 001697; 0.3 s; peak memory 721 MiB.
2026-10-02T13:38:47Z INFO [5169/5769] f2cdca18-3848-43f1-b103-d6502ce63b6a: attributed to 001697; 0.0 s; peak memory 721 MiB.
2026-10-02T13:38:47Z INFO [5170/5769] f2cf5368-ccd8-4809-a12f-3d3763b4d51c: attributed to 000142; 0.0 s; peak memory 721 MiB.
2026-10-02T13:38:47Z INFO [5171/5769] f2dbfb4f-0bcb-42ec-a0bf-62882173ba89: attributed to 001697; 0.3 s; peak memory 721 MiB.
2026-10-02T13:38:47Z INFO [5172/5769] f2e27790-48cd-410b-b38a-2a91d182e3ed: attributed to 001697; 0.3 s; peak memory 721 MiB.
2026-10-02T13:38:47Z INFO [5173/5769] f2e2e7bf-75ee-41aa-8c87-a573a06564bc: attributed to 000946; 0.1 s; peak memory 721 MiB.
2026-10-02T13:38:47Z INFO [5174/5769] f2e94dd9-a02f-4b27-ab68-cedb49ec490d: attributed to 000946; 0.1 s; peak memory 721 MiB.
2026-10-02T13:38:47Z INFO [5175/5769] f2ea1455-77f9-4b3d-88d7-c38ad3f08550: attributed to 000026; 0.1 s; peak memory 721 MiB.
2026-10-02T13:38:47Z INFO [5176/5769] f2f5e648-e24a-44b9-bede-56f2b9766ab7: attributed to 000026; 0.1 s; peak memory 721 MiB.
2026-10-02T13:38:47Z INFO [5177/5769] f2fd825b-1095-4cdc-9f69-28daf55be071: attributed to 001697; 0.0 s; peak memory 721 MiB.
2026-10-02T13:38:48Z INFO [5178/5769] f303cfb2-4a74-438f-b44f-9bc1b017bb10: attributed to 001697; 0.3 s; peak memory 721 MiB.
2026-10-02T13:38:48Z INFO [5179/5769] f306e2ba-a0cc-424a-8f40-50b6f820f883: attributed to 000209; 0.0 s; peak memory 721 MiB.
2026-10-02T13:38:48Z INFO [5180/5769] f30edc9d-c87d-439f-85c2-649d587bcfb6: attributed to 000209; 0.0 s; peak memory 721 MiB.
2026-10-02T13:38:48Z INFO [5181/5769] f311fc5c-0aaa-4bc6-8408-2e860bbb381a: attributed to 001449; 0.1 s; peak memory 721 MiB.
2026-10-02T13:38:48Z INFO [5182/5769] f3127afc-410c-411d-810b-90f66880786b: attributed to 001697; 0.0 s; peak memory 721 MiB.
2026-10-02T13:38:48Z INFO [5183/5769] f3137f9b-2413-44a2-893b-ddb8f86bd0db: attributed to 001697; 0.0 s; peak memory 721 MiB.
2026-10-02T13:38:48Z INFO [5184/5769] f3168f2d-44cb-4427-98c1-acdf4f803dd0: attributed to 000026; 0.1 s; peak memory 721 MiB.
2026-10-02T13:38:48Z INFO [5185/5769] f3189bcf-dab7-4553-9bd0-a15c767dbca4: attributed to 001697; 0.0 s; peak memory 721 MiB.
2026-10-02T13:38:48Z INFO [5186/5769] f31d2b5f-e2b4-489d-afb3-d350504dca68: attributed to 001697; 0.0 s; peak memory 721 MiB.
2026-10-02T13:38:49Z INFO [5187/5769] f3343b2d-b9fd-4451-bd9b-763e54486eb5: attributed to 001697; 0.5 s; peak memory 721 MiB.
2026-10-02T13:38:49Z INFO [5188/5769] f33912c2-b870-4d6a-9b87-c56107430aa2: attributed to 001697; 0.3 s; peak memory 721 MiB.
2026-10-02T13:38:49Z INFO [5189/5769] f33ac0e3-f227-4f28-9795-1749e184dca5: attributed to 001873; 0.3 s; peak memory 721 MiB.
2026-10-02T13:38:49Z INFO [5190/5769] f342c0da-7b15-4f33-8267-a9099788faa0: attributed to 000946; 0.1 s; peak memory 721 MiB.
2026-10-02T13:38:49Z INFO [5191/5769] f3440824-51e8-48b0-b273-ad82aecb1f7b: attributed to 000946; 0.1 s; peak memory 721 MiB.
2026-10-02T13:38:49Z INFO [5192/5769] f34657ef-2c68-49ae-afea-01efd1149685: attributed to 001697; 0.0 s; peak memory 721 MiB.
2026-10-02T13:38:49Z INFO [5193/5769] f34bdca1-517b-4baa-b702-b097f76e70d1: attributed to 001697; 0.0 s; peak memory 721 MiB.
2026-10-02T13:38:50Z INFO [5194/5769] f3519716-90f3-4bb2-950f-eb5009db6468: attributed to 001697; 0.3 s; peak memory 721 MiB.
2026-10-02T13:38:50Z INFO [5195/5769] f35ebf55-51ef-4b4f-8af4-3de013fbcc6d: attributed to 000293; 0.0 s; peak memory 721 MiB.
2026-10-02T13:38:50Z INFO [5196/5769] f36489b9-4dbf-4f17-bdd9-d0ab1b6d57a2: attributed to 001697; 0.3 s; peak memory 721 MiB.
2026-10-02T13:38:50Z INFO [5197/5769] f36c3b21-010c-465f-b33d-0a01c1731fa6: attributed to 000570; 0.0 s; peak memory 721 MiB.
2026-10-02T13:38:50Z INFO [5198/5769] f36ed3df-41d1-4e97-bd29-ad366ff28cd7: attributed to 001697; 0.0 s; peak memory 721 MiB.
2026-10-02T13:38:50Z INFO [5199/5769] f3739dec-dafa-4bf9-8b2b-b57f8edb060e: attributed to 001437; 0.2 s; peak memory 721 MiB.
2026-10-02T13:38:50Z INFO [5200/5769] f3743b8f-60a5-4ead-992b-cb5c5ba8a3c8: attributed to 000946; 0.1 s; peak memory 721 MiB.
2026-10-02T13:38:51Z INFO [5200/5769] f3743b8f-60a5-4ead-992b-cb5c5ba8a3c8: checkpointed 506566 records.
2026-10-02T13:38:54Z INFO [5201/5769] f378c754-f71c-4a6f-bf7b-befbe28aa04f: attributed to 000571; 2.7 s; peak memory 721 MiB.
2026-10-02T13:38:54Z INFO [5202/5769] f379886c-b7c6-4787-8e35-71a3df68deed: attributed to 000026; 0.1 s; peak memory 721 MiB.
2026-10-02T13:38:54Z INFO [5203/5769] f3922400-d03e-419d-bef6-8ff4a6237f6f: attributed to 001697; 0.0 s; peak memory 721 MiB.
2026-10-02T13:38:54Z INFO [5204/5769] f3958e8a-4d05-4a80-a8dd-372e99081d74: attributed to 001697; 0.0 s; peak memory 721 MiB.
2026-10-02T13:38:54Z INFO [5205/5769] f3a639f1-831b-48fe-be21-3f9bf533bc7e: attributed to 001697; 0.3 s; peak memory 721 MiB.
2026-10-02T13:38:55Z INFO [5206/5769] f3c9a545-50ca-46ac-a5e3-04bd050b82f4: attributed to 001697; 0.4 s; peak memory 721 MiB.
2026-10-02T13:38:55Z INFO [5207/5769] f3cd47d0-27c8-45cd-ab5a-b5c206566e7c: attributed to 000026; 0.2 s; peak memory 721 MiB.
2026-10-02T13:38:55Z INFO [5208/5769] f3cf2384-aa6e-4df6-9930-bad3695068ba: attributed to 001697; 0.4 s; peak memory 721 MiB.
2026-10-02T13:38:56Z INFO [5209/5769] f3d49890-c419-4970-a402-8a8f92b9ca14: attributed to 000026; 0.1 s; peak memory 721 MiB.
2026-10-02T13:38:56Z INFO [5210/5769] f3d68f14-1819-436a-8d4f-f7a3e4effb11: attributed to 001697; 0.0 s; peak memory 721 MiB.
2026-10-02T13:38:56Z INFO [5211/5769] f3e64448-1ea1-4da4-8a70-b1c1ed34a76c: attributed to 001697; 0.0 s; peak memory 721 MiB.
2026-10-02T13:38:56Z INFO [5212/5769] f3ed0b02-2b92-40db-b00e-291e442aaf25: attributed to 001697; 0.0 s; peak memory 721 MiB.
2026-10-02T13:38:56Z INFO [5213/5769] f3efb5cf-6429-4f7e-9bbb-18fa549f9b47: attributed to 000026; 0.2 s; peak memory 721 MiB.
2026-10-02T13:38:56Z INFO [5214/5769] f3f03f23-aa54-474a-8376-4091d70beac1: attributed to 000570; 0.0 s; peak memory 721 MiB.
2026-10-02T13:38:56Z INFO [5215/5769] f3f2cd03-b3d8-4627-bf93-3e30ed5ea4c0: attributed to 001697; 0.0 s; peak memory 721 MiB.
2026-10-02T13:38:56Z INFO [5216/5769] f3f3be17-6f2f-4a2a-966f-748151fa66fe: attributed to 000026; 0.5 s; peak memory 721 MiB.
2026-10-02T13:38:56Z INFO [5217/5769] f3f3f725-9af0-4d75-8e30-900a6d173321: attributed to 001697; 0.0 s; peak memory 721 MiB.
2026-10-02T13:38:57Z INFO [5218/5769] f4001ead-de62-4a42-9688-fe1081570e0c: attributed to 001697; 0.3 s; peak memory 721 MiB.
2026-10-02T13:38:57Z INFO [5219/5769] f4073d51-6d21-4fd1-8e1a-80364b3170ef: attributed to 001697; 0.4 s; peak memory 721 MiB.
2026-10-02T13:38:57Z INFO [5220/5769] f409502d-6c9a-4c37-8c04-48d93fa41e89: attributed to 001697; 0.3 s; peak memory 721 MiB.
2026-10-02T13:38:57Z INFO [5221/5769] f40c5e2b-e2eb-4d55-8f9d-ee52a89a1334: attributed to 000026; 0.1 s; peak memory 721 MiB.
2026-10-02T13:38:58Z INFO [5222/5769] f41281fd-e39c-4fed-bf14-3994ef66b4d1: attributed to 001697; 0.3 s; peak memory 721 MiB.
2026-10-02T13:38:58Z INFO [5223/5769] f412f218-505a-44c1-9f5b-585d0d261f5c: attributed to 001697; 0.3 s; peak memory 721 MiB.
2026-10-02T13:38:58Z INFO [5224/5769] f4180ef8-a5e9-4826-b9a7-b0bbed64507b: attributed to 001873; 0.4 s; peak memory 721 MiB.
2026-10-02T13:38:58Z INFO [5225/5769] f419b42e-73e2-47ae-95d5-9449f51b92f2: attributed to 001697; 0.0 s; peak memory 721 MiB.
2026-10-02T13:38:58Z INFO [5226/5769] f41ac2c4-af36-4db6-b5e0-97076d2c8fad: attributed to 001697; 0.0 s; peak memory 721 MiB.
2026-10-02T13:38:58Z INFO [5227/5769] f42422ac-fa5a-4c51-8904-e92a4fe91e52: attributed to 001697; 0.0 s; peak memory 721 MiB.
2026-10-02T13:38:59Z INFO [5228/5769] f42acc0d-1a81-427a-895a-d7a60f657acb: attributed to 001697; 0.3 s; peak memory 721 MiB.
2026-10-02T13:38:59Z INFO [5229/5769] f43391a9-67d7-425a-9729-a23a25479628: attributed to 001697; 0.3 s; peak memory 721 MiB.
2026-10-02T13:38:59Z INFO [5230/5769] f44a9dbb-8dec-4392-9abc-b722e4b3e473: attributed to 001697; 0.0 s; peak memory 721 MiB.
2026-10-02T13:38:59Z INFO [5231/5769] f44e779b-e157-4ede-b0df-11697665b225: attributed to 000026; 0.1 s; peak memory 721 MiB.
2026-10-02T13:38:59Z INFO [5232/5769] f463b649-e591-4d8c-8308-c427d9ab4497: attributed to 000946; 0.1 s; peak memory 721 MiB.
2026-10-02T13:38:59Z INFO [5233/5769] f4683ac8-2875-4458-aa2a-679e7c24167c: attributed to 000026; 0.1 s; peak memory 721 MiB.
2026-10-02T13:39:00Z INFO [5234/5769] f475df16-c5db-40e8-b0ac-50253f347fd3: attributed to 001697; 0.3 s; peak memory 721 MiB.
2026-10-02T13:39:00Z INFO [5235/5769] f4763839-7e32-4d3a-8bc8-0fb7fc1f218f: attributed to 000026; 0.1 s; peak memory 721 MiB.
2026-10-02T13:39:00Z INFO [5236/5769] f476f606-241b-4c62-bf8c-d9dda91a3df6: attributed to 000403; 0.0 s; peak memory 721 MiB.
2026-10-02T13:39:00Z INFO [5237/5769] f47d17aa-5d39-4d8b-942a-c1c7d26a5acd: attributed to 001697; 0.3 s; peak memory 721 MiB.
2026-10-02T13:39:00Z INFO [5238/5769] f47eda3e-67ad-4726-a83f-e80f5ca01a6f: attributed to 000026; 0.2 s; peak memory 721 MiB.
2026-10-02T13:39:00Z INFO [5239/5769] f47fde88-da2b-4b56-8c9a-08bc008245dc: attributed to 001697; 0.3 s; peak memory 721 MiB.
2026-10-02T13:39:01Z INFO [5240/5769] f480fc7c-e2e0-4a56-89d2-1a503588e162: attributed to 000026; 0.1 s; peak memory 721 MiB.
2026-10-02T13:39:01Z INFO [5241/5769] f4813064-c07e-41e8-bd29-8f9d340932da: attributed to 001697; 0.0 s; peak memory 721 MiB.
2026-10-02T13:39:01Z INFO [5242/5769] f481d872-c935-4322-89ba-1ae285522eee: attributed to 001697; 0.3 s; peak memory 721 MiB.
2026-10-02T13:39:01Z INFO [5243/5769] f48f3b81-266e-4285-8729-3e19015efa9f: attributed to 001063; 0.1 s; peak memory 721 MiB.
2026-10-02T13:39:01Z INFO [5244/5769] f4922e95-d16c-4212-9b78-80ec5ad680ad: attributed to 000026; 0.1 s; peak memory 721 MiB.
2026-10-02T13:39:01Z INFO [5245/5769] f49b7d9b-a43c-4bb5-a9c5-264891944020: attributed to 001697; 0.0 s; peak memory 721 MiB.
2026-10-02T13:39:01Z INFO [5246/5769] f49f8f4f-9a6b-4213-8d1e-458e461d94da: attributed to 001697; 0.0 s; peak memory 721 MiB.
2026-10-02T13:39:01Z INFO [5247/5769] f4a11724-579d-449f-8426-9c4ca4d33c1f: attributed to 000026; 0.2 s; peak memory 721 MiB.
2026-10-02T13:39:01Z INFO [5248/5769] f4a74b63-3c11-4d07-9d6d-646e71ed9bdc: attributed to 001697; 0.0 s; peak memory 721 MiB.
2026-10-02T13:39:01Z INFO [5249/5769] f4b6ee23-5c83-4118-a0ef-f450e208ffe6: attributed to 001697; 0.0 s; peak memory 721 MiB.
2026-10-02T13:39:01Z INFO [5250/5769] f4c3125f-b91b-4ae0-a756-0d014d69b5dc: attributed to 001697; 0.0 s; peak memory 721 MiB.
2026-10-02T13:39:02Z INFO [5250/5769] f4c3125f-b91b-4ae0-a756-0d014d69b5dc: checkpointed 506567 records.
2026-10-02T13:39:03Z INFO [5251/5769] f4cadd16-41fb-4626-914a-23ff02241d23: attributed to 001697; 0.3 s; peak memory 721 MiB.
2026-10-02T13:39:03Z INFO [5252/5769] f4cc2386-be37-4f72-91ba-0ceb7661ae27: attributed to 001697; 0.3 s; peak memory 721 MiB.
2026-10-02T13:39:03Z INFO [5253/5769] f4ced70a-b33c-415b-89ae-4142a651bfa6: attributed to 000026; 0.2 s; peak memory 721 MiB.
2026-10-02T13:39:04Z INFO [5254/5769] f4d01761-1fd5-4535-b742-4ecb78d8132d: attributed to 001697; 0.3 s; peak memory 721 MiB.
2026-10-02T13:39:04Z INFO [5255/5769] f4d3afc0-442e-4810-8f71-00fdd28845b4: attributed to 001697; 0.3 s; peak memory 721 MiB.
2026-10-02T13:39:04Z INFO [5256/5769] f4d7fb52-bb8f-4013-8b75-0e805eacd014: attributed to 000026; 0.1 s; peak memory 721 MiB.
2026-10-02T13:39:04Z INFO [5257/5769] f4dabba7-aae2-40ae-b10d-3e9e675ca057: attributed to 001697; 0.3 s; peak memory 721 MiB.
2026-10-02T13:39:04Z INFO [5258/5769] f4de689a-af25-4a9a-a551-a1c0a3e7973e: attributed to 000026; 0.1 s; peak memory 721 MiB.
2026-10-02T13:39:04Z INFO [5259/5769] f4dfd420-27ec-4032-8f10-fddb541c377d: attributed to 000026; 0.1 s; peak memory 721 MiB.
2026-10-02T13:39:04Z INFO [5260/5769] f4e30bee-3d66-4b95-9bc6-1957158ae940: attributed to 001697; 0.0 s; peak memory 721 MiB.
2026-10-02T13:39:05Z INFO [5261/5769] f4e9c427-3925-404a-876c-269477c53bc8: attributed to 000026; 0.1 s; peak memory 721 MiB.
2026-10-02T13:39:05Z INFO [5262/5769] f4ede001-4f09-4f31-a330-56a024e16a9c: attributed to 001697; 0.6 s; peak memory 721 MiB.
2026-10-02T13:39:06Z INFO [5263/5769] f4ee2bab-f0b8-4e0d-9eaa-760861e437b5: attributed to 001873; 0.4 s; peak memory 721 MiB.
2026-10-02T13:39:07Z INFO [5264/5769] f4f33e49-9159-4475-a166-ad393b3b0029: attributed to 000026; 1.3 s; peak memory 721 MiB.
2026-10-02T13:39:07Z INFO [5265/5769] f4f8a2ff-4826-42e5-b664-4c7d28db3d8e: attributed to 001697; 0.4 s; peak memory 721 MiB.
2026-10-02T13:39:07Z INFO [5266/5769] f4fa739d-1d05-4c89-8910-2ed95412e389: attributed to 001449; 0.1 s; peak memory 721 MiB.
2026-10-02T13:39:07Z INFO [5267/5769] f4fada97-47f8-497c-b5c2-9afe39339544: attributed to 001858; 0.0 s; peak memory 721 MiB.
2026-10-02T13:39:07Z INFO [5268/5769] f500a504-2b74-4f46-8f18-c0abe924aa65: attributed to 000209; 0.0 s; peak memory 721 MiB.
2026-10-02T13:39:08Z INFO [5269/5769] f50ec9fd-d6be-4776-85ca-8247d00a448d: attributed to 000026; 0.1 s; peak memory 721 MiB.
2026-10-02T13:39:08Z INFO [5270/5769] f51155ad-c962-40c7-b8e3-7e5b0ec9e927: attributed to 000946; 0.1 s; peak memory 721 MiB.
2026-10-02T13:39:08Z INFO [5271/5769] f51fb4e5-0feb-4483-b887-60f1da5787e8: attributed to 000109; 0.0 s; peak memory 721 MiB.
2026-10-02T13:39:08Z INFO [5272/5769] f5257155-1f28-43c7-ba05-ac31c90287f4: attributed to 000026; 0.1 s; peak memory 721 MiB.
2026-10-02T13:39:08Z INFO [5273/5769] f52a9c3a-19b4-460b-af9e-5ee2321943f3: attributed to 001858; 0.0 s; peak memory 721 MiB.
2026-10-02T13:39:08Z INFO [5274/5769] f5378025-506d-4da1-ab2b-6ab10f8ced89: attributed to 001449; 0.1 s; peak memory 721 MiB.
2026-10-02T13:39:08Z INFO [5275/5769] f53a2c59-6aee-41c4-9793-276090cf8d30: attributed to 001697; 0.0 s; peak memory 721 MiB.
2026-10-02T13:39:08Z INFO [5276/5769] f53fcccf-0405-4b7b-90e0-9f4ff224f3bf: attributed to 001697; 0.3 s; peak memory 721 MiB.
2026-10-02T13:39:08Z INFO [5277/5769] f5485919-79e8-4357-91a7-30cd56a6935e: attributed to 001697; 0.0 s; peak memory 721 MiB.
2026-10-02T13:39:10Z INFO [5278/5769] f5557d87-7434-46e0-a438-7b8c86adade9: attributed to 001697; 1.3 s; peak memory 721 MiB.
2026-10-02T13:39:10Z INFO [5279/5769] f558a63a-af9f-4c28-91d6-8fb5f11dd566: attributed to 000946; 0.1 s; peak memory 721 MiB.
2026-10-02T13:39:10Z INFO [5280/5769] f567fea3-7170-4d25-8011-93af88aa7da5: attributed to 000026; 0.1 s; peak memory 721 MiB.
2026-10-02T13:39:10Z INFO [5281/5769] f5738f8f-7c9b-4569-a41a-25717385f049: attributed to 000026; 0.1 s; peak memory 721 MiB.
2026-10-02T13:39:10Z INFO [5282/5769] f57392ae-c468-4327-9212-b3d99e3ca00a: attributed to 000142; 0.0 s; peak memory 721 MiB.
2026-10-02T13:39:10Z INFO [5283/5769] f5759dfd-3228-4fe6-8877-d0bb8040c818: attributed to 001697; 0.3 s; peak memory 721 MiB.
2026-10-02T13:39:10Z INFO [5284/5769] f57aa4cc-108e-4a25-94df-97e097590c81: attributed to 000026; 0.1 s; peak memory 721 MiB.
2026-10-02T13:39:10Z INFO [5285/5769] f581f5b4-25f4-42c5-be30-831f41b0da06: attributed to 000209; 0.0 s; peak memory 721 MiB.
2026-10-02T13:39:11Z INFO [5286/5769] f5823f8a-5aa1-4d19-ae1d-2f10b4518b29: attributed to 001697; 0.3 s; peak memory 721 MiB.
2026-10-02T13:39:11Z INFO [5287/5769] f59478ef-0a76-4469-a412-c8376129ff97: attributed to 001697; 0.0 s; peak memory 721 MiB.
2026-10-02T13:39:11Z INFO [5288/5769] f595a7fc-bacc-4fe5-a707-e8723dee0f37: attributed to 001697; 0.3 s; peak memory 721 MiB.
2026-10-02T13:39:11Z INFO [5289/5769] f597ca2c-22de-451d-b3b5-aa086a1c4d0a: attributed to 000026; 0.1 s; peak memory 721 MiB.
2026-10-02T13:39:11Z INFO [5290/5769] f59d80cb-51c7-43d1-823a-eb9c7a687b7f: attributed to 001697; 0.3 s; peak memory 721 MiB.
2026-10-02T13:39:11Z INFO [5291/5769] f59ed38e-f7db-47d3-8ba8-88b030567b5a: attributed to 000142; 0.0 s; peak memory 721 MiB.
2026-10-02T13:39:11Z INFO [5292/5769] f59f7a9a-81c5-4b63-8923-48133e4e5226: attributed to 000026; 0.1 s; peak memory 721 MiB.
2026-10-02T13:39:12Z INFO [5293/5769] f5a0359e-3f47-45dd-8d06-1afe1f9e94a8: attributed to 001697; 0.3 s; peak memory 721 MiB.
2026-10-02T13:39:12Z INFO [5294/5769] f5aaff1f-de61-4068-adb1-2e7f9d2827c5: attributed to 000109; 0.0 s; peak memory 721 MiB.
2026-10-02T13:39:12Z INFO [5295/5769] f5ab13a1-f37b-45f8-95fa-0d5d637057ef: attributed to 001697; 0.3 s; peak memory 721 MiB.
2026-10-02T13:39:12Z INFO [5296/5769] f5b21066-3ada-4606-8e3d-69e46998dc85: attributed to 001697; 0.3 s; peak memory 721 MiB.
2026-10-02T13:39:12Z INFO [5297/5769] f5b66085-841a-46a0-80b0-1c759317bc82: attributed to 000026; 0.1 s; peak memory 721 MiB.
2026-10-02T13:39:13Z INFO [5298/5769] f5ba214d-d6e8-4067-a869-327bf98be834: attributed to 001697; 0.3 s; peak memory 721 MiB.
2026-10-02T13:39:13Z INFO [5299/5769] f5ba607b-8947-4a22-b81b-694d6827985c: attributed to 000026; 0.1 s; peak memory 721 MiB.
2026-10-02T13:39:13Z INFO [5300/5769] f5d7edfc-2508-4996-beb1-b42f88dc3e5c: attributed to 001697; 0.3 s; peak memory 721 MiB.
2026-10-02T13:39:14Z INFO [5300/5769] f5d7edfc-2508-4996-beb1-b42f88dc3e5c: checkpointed 506567 records.
2026-10-02T13:39:14Z INFO [5301/5769] f5f1b96b-e5ef-4b16-bc9a-64cbd1c4054c: attributed to 001697; 0.3 s; peak memory 721 MiB.
2026-10-02T13:39:14Z INFO [5302/5769] f5f5ec77-34d3-4b80-b7db-c2a86d000cb3: attributed to 001858; 0.0 s; peak memory 721 MiB.
2026-10-02T13:39:15Z INFO [5303/5769] f5fcb687-c890-42b4-8e68-ac52c25ccfc4: attributed to 001697; 0.3 s; peak memory 721 MiB.
2026-10-02T13:39:15Z INFO [5304/5769] f5fe6c56-bd1d-41f1-a6bb-d78b502268f0: attributed to 001449; 0.1 s; peak memory 721 MiB.
2026-10-02T13:39:15Z INFO [5305/5769] f6119b86-f65d-469a-8879-fb182f8a67dc: attributed to 000026; 0.1 s; peak memory 721 MiB.
2026-10-02T13:39:15Z INFO [5306/5769] f6130646-fd55-405a-8020-30a28a05214a: attributed to 001697; 0.0 s; peak memory 721 MiB.
2026-10-02T13:39:15Z INFO [5307/5769] f615999e-0fa6-46d5-8bab-700d32ddba01: attributed to 000026; 0.1 s; peak memory 721 MiB.
2026-10-02T13:39:15Z INFO [5308/5769] f6195fd1-23ba-4558-a185-a826f9abf9a7: attributed to 001697; 0.3 s; peak memory 721 MiB.
2026-10-02T13:39:15Z INFO [5309/5769] f61d22d6-acdd-4307-9822-add2d0f33821: attributed to 000026; 0.1 s; peak memory 721 MiB.
2026-10-02T13:39:16Z INFO [5310/5769] f61dffdd-e86e-49bc-b3d5-141db2e1ed20: attributed to 001697; 0.3 s; peak memory 721 MiB.
2026-10-02T13:39:16Z INFO [5311/5769] f61ea075-896f-4e28-b9a9-be2d35f74e26: attributed to 000026; 0.1 s; peak memory 721 MiB.
2026-10-02T13:39:16Z INFO [5312/5769] f61f559d-315b-404e-b503-0b8e16c14294: attributed to 000142; 0.0 s; peak memory 721 MiB.
2026-10-02T13:39:16Z INFO [5313/5769] f620b198-2279-4c8e-b195-b351c00bbe88: attributed to 001697; 0.0 s; peak memory 721 MiB.
2026-10-02T13:39:16Z INFO [5314/5769] f6227d3b-7166-4b27-8b5e-f5f45a34ae06: attributed to 000946; 0.1 s; peak memory 721 MiB.
2026-10-02T13:39:16Z INFO [5315/5769] f628c99c-087c-4473-81ff-9783d757432d: attributed to 000109; 0.0 s; peak memory 721 MiB.
2026-10-02T13:39:16Z INFO [5316/5769] f62bacb7-b6c7-4b5c-9ac9-f8dd4ccada08: attributed to 001697; 0.3 s; peak memory 721 MiB.
2026-10-02T13:39:16Z INFO [5317/5769] f6309175-72ce-4781-b35a-33f08be9361e: attributed to 001697; 0.3 s; peak memory 721 MiB.
2026-10-02T13:39:16Z INFO [5318/5769] f63272f3-982f-4e07-bc59-676b8767f9f8: attributed to 001697; 0.0 s; peak memory 721 MiB.
2026-10-02T13:39:17Z INFO [5319/5769] f633b65d-9fbc-4e45-ad8a-33faa999c35f: attributed to 000946; 0.1 s; peak memory 721 MiB.
2026-10-02T13:39:17Z INFO [5320/5769] f639eee5-694e-413a-bf16-b64abd46bf42: attributed to 000026; 0.1 s; peak memory 721 MiB.
2026-10-02T13:39:17Z INFO [5321/5769] f644baf7-49ac-412d-b3ab-2c95501921d9: attributed to 001873; 0.4 s; peak memory 721 MiB.
2026-10-02T13:39:17Z INFO [5322/5769] f6481619-6bdd-4dcd-8880-ff907f9d32bd: attributed to 001697; 0.3 s; peak memory 721 MiB.
2026-10-02T13:39:17Z INFO [5323/5769] f6528964-1fb0-4723-b3be-68ed4760e42d: attributed to 001697; 0.0 s; peak memory 721 MiB.
2026-10-02T13:39:17Z INFO [5324/5769] f65bd871-2794-4c79-9f46-e7e51b072204: attributed to 001697; 0.0 s; peak memory 721 MiB.
2026-10-02T13:39:17Z INFO [5325/5769] f65eec64-afdb-4e5a-8340-7fb3ee7b6357: attributed to 001697; 0.0 s; peak memory 721 MiB.
2026-10-02T13:39:18Z INFO [5326/5769] f661b562-9442-4f73-9476-b7a8f83445fc: attributed to 000026; 0.1 s; peak memory 721 MiB.
2026-10-02T13:39:18Z INFO [5327/5769] f6701bfe-620b-4a20-874c-9122fdb0fe30: attributed to 001697; 0.0 s; peak memory 721 MiB.
2026-10-02T13:39:18Z INFO [5328/5769] f671a83f-118b-4dc2-bbb8-5eede79d0383: attributed to 001697; 0.0 s; peak memory 721 MiB.
2026-10-02T13:39:18Z INFO [5329/5769] f672e016-88b5-4afd-9c57-43426242645a: attributed to 001697; 0.3 s; peak memory 721 MiB.
2026-10-02T13:39:18Z INFO [5330/5769] f67411e4-c754-4b3f-bed5-2ec469064db1: attributed to 001697; 0.0 s; peak memory 721 MiB.
2026-10-02T13:39:18Z INFO [5331/5769] f68401ca-bf5c-4557-8957-011ef1150f4f: attributed to 001697; 0.0 s; peak memory 721 MiB.
2026-10-02T13:39:18Z INFO [5332/5769] f68e4884-2d8e-4862-9b01-3f6ec11f77fe: attributed to 001697; 0.3 s; peak memory 721 MiB.
2026-10-02T13:39:18Z INFO [5333/5769] f699105d-b588-4fd5-b2ba-fd7814ee5777: attributed to 000142; 0.0 s; peak memory 721 MiB.
2026-10-02T13:39:18Z INFO [5334/5769] f69a3c83-3710-4de1-be13-b94206f404d5: attributed to 000026; 0.2 s; peak memory 721 MiB.
2026-10-02T13:39:18Z INFO [5335/5769] f69f3203-d8ae-4bd3-8f52-a8e9949c9a98: attributed to 000026; 0.1 s; peak memory 721 MiB.
2026-10-02T13:39:18Z INFO [5336/5769] f6a7c3fd-794c-4aff-b8be-6b036afd2f72: attributed to 001697; 0.0 s; peak memory 721 MiB.
2026-10-02T13:39:18Z INFO [5337/5769] f6ada21c-30a0-4348-ad23-69ddd3bca0ef: attributed to 000403; 0.0 s; peak memory 721 MiB.
2026-10-02T13:39:18Z INFO [5338/5769] f6ae9e02-6cbf-4b66-9b8d-24fc62dce0f6: attributed to 001858; 0.0 s; peak memory 721 MiB.
2026-10-02T13:39:18Z INFO [5339/5769] f6af531e-f5e0-4bc7-a53b-7da3ec53623d: attributed to 000465; 0.0 s; peak memory 721 MiB.
2026-10-02T13:39:19Z INFO [5340/5769] f6b39c66-6d2b-4c3a-a5dc-de687c14a49e: attributed to 001697; 0.3 s; peak memory 721 MiB.
2026-10-02T13:39:19Z INFO [5341/5769] f6b3f1cf-1d28-48a2-aefe-97c78cb55f5c: attributed to 001697; 0.0 s; peak memory 721 MiB.
2026-10-02T13:39:19Z INFO [5342/5769] f6b4666e-2b96-4aaa-8160-777334b76aa4: attributed to 000946; 0.1 s; peak memory 721 MiB.
2026-10-02T13:39:19Z INFO [5343/5769] f6b93cfa-5b9c-4fd8-82b5-cfe41952db24: attributed to 001697; 0.1 s; peak memory 721 MiB.
2026-10-02T13:39:19Z INFO [5344/5769] f6bbdfc6-b8b0-43be-b251-134d7e7c55eb: attributed to 000026; 0.1 s; peak memory 721 MiB.
2026-10-02T13:39:19Z INFO [5345/5769] f6bdf23c-dbd6-44a0-a092-70c1813d4278: attributed to 000946; 0.1 s; peak memory 721 MiB.
2026-10-02T13:39:19Z INFO [5346/5769] f6cc4afd-03f9-4b35-870d-77394fabb57e: attributed to 000570; 0.0 s; peak memory 721 MiB.
2026-10-02T13:39:19Z INFO [5347/5769] f6d1af37-48a8-405b-979e-21fed71753ff: attributed to 001697; 0.3 s; peak memory 721 MiB.
2026-10-02T13:39:20Z INFO [5348/5769] f6e1311b-e1e0-4591-a687-5f4e105af024: attributed to 000026; 0.4 s; peak memory 721 MiB.
2026-10-02T13:39:20Z INFO [5349/5769] f6e17434-e6a3-4d5e-a2a1-43c0840fd135: attributed to 000108; 0.1 s; peak memory 721 MiB.
2026-10-02T13:39:20Z INFO [5350/5769] f6f54200-e02f-47b6-a59e-452aa09597f7: attributed to 001697; 0.0 s; peak memory 721 MiB.
2026-10-02T13:39:21Z INFO [5350/5769] f6f54200-e02f-47b6-a59e-452aa09597f7: checkpointed 506567 records.
2026-10-02T13:39:21Z INFO [5351/5769] f6f64960-1c1f-4f57-a4e0-26b026fdb5de: attributed to 000026; 0.1 s; peak memory 721 MiB.
2026-10-02T13:39:21Z INFO [5352/5769] f6f6fc9a-dca4-445b-8458-9a75fd8f14b6: attributed to 001697; 0.0 s; peak memory 721 MiB.
2026-10-02T13:39:21Z INFO [5353/5769] f6fbe682-c48f-4144-b0ae-467124172773: attributed to 001697; 0.4 s; peak memory 721 MiB.
2026-10-02T13:39:21Z INFO [5354/5769] f6fcccf6-542f-406c-8da1-703d2eac87de: attributed to 001697; 0.0 s; peak memory 721 MiB.
2026-10-02T13:39:22Z INFO [5355/5769] f6fff5d6-b9b8-4e7f-81ca-9c930fd67e5a: attributed to 000026; 0.3 s; peak memory 721 MiB.
2026-10-02T13:39:22Z INFO [5356/5769] f70883b7-7bb0-4383-b1f3-c19d96cb2b35: attributed to 001452; 0.1 s; peak memory 721 MiB.
2026-10-02T13:39:22Z INFO [5357/5769] f709c4bc-fa67-464a-9693-9f56bbc8975b: attributed to 000946; 0.1 s; peak memory 721 MiB.
2026-10-02T13:39:22Z INFO [5358/5769] f70adbae-07d3-41f5-8102-7f97cb62ff8a: attributed to 001697; 0.3 s; peak memory 721 MiB.
2026-10-02T13:39:23Z INFO [5359/5769] f70c534f-33ee-4094-9e81-579825d2350d: attributed to 000026; 0.3 s; peak memory 721 MiB.
2026-10-02T13:39:23Z INFO [5360/5769] f710d899-3c16-431c-9565-2817737e3daa: attributed to 000026; 0.1 s; peak memory 721 MiB.
2026-10-02T13:39:23Z INFO [5361/5769] f7117e23-5c6a-4a49-be53-75dd1d92bbe3: attributed to 001697; 0.5 s; peak memory 721 MiB.
2026-10-02T13:39:23Z INFO [5362/5769] f715da8c-9347-48ee-b711-fd3a63746e87: attributed to 000026; 0.1 s; peak memory 721 MiB.
2026-10-02T13:39:23Z INFO [5363/5769] f7183bf0-4da8-4627-bf89-9c74a93df0c7: attributed to 001449; 0.1 s; peak memory 721 MiB.
2026-10-02T13:39:23Z INFO [5364/5769] f720b8ac-bb40-440b-a990-4e3ff641e5b8: attributed to 000946; 0.1 s; peak memory 721 MiB.
2026-10-02T13:39:24Z INFO [5365/5769] f72193f8-ec60-4458-9949-9d46958249c6: attributed to 001697; 0.3 s; peak memory 721 MiB.
2026-10-02T13:39:24Z INFO [5366/5769] f725078c-e74a-4e8c-8543-1ccfd66f3f5d: attributed to 001697; 0.3 s; peak memory 721 MiB.
2026-10-02T13:39:24Z INFO [5367/5769] f726cda6-470b-4901-b0ae-6d8e23ff55aa: attributed to 000026; 0.1 s; peak memory 721 MiB.
2026-10-02T13:39:24Z INFO [5368/5769] f7313d21-ccb7-4761-a1fc-42a29e848fde: attributed to 001697; 0.0 s; peak memory 721 MiB.
2026-10-02T13:39:24Z INFO [5369/5769] f7347b27-dcad-40db-982b-f7914a4e1b5c: attributed to 000109; 0.0 s; peak memory 721 MiB.
2026-10-02T13:39:24Z INFO [5370/5769] f73492da-da7c-464d-a8ef-5ff4e29a6f81: attributed to 001858; 0.0 s; peak memory 721 MiB.
2026-10-02T13:39:24Z INFO [5371/5769] f7355304-b2ca-4adc-bf1c-906673517ed9: attributed to 001437; 0.1 s; peak memory 721 MiB.
2026-10-02T13:39:24Z INFO [5372/5769] f735ad5c-6276-4996-aa4b-9cbea1c8a2ce: attributed to 001697; 0.0 s; peak memory 721 MiB.
2026-10-02T13:39:24Z INFO [5373/5769] f7452322-7230-4c31-adb4-468a539c05a3: attributed to 000109; 0.0 s; peak memory 721 MiB.
2026-10-02T13:39:26Z INFO [5374/5769] f7457807-e840-4f02-b4bb-716f0c112fc2: attributed to 001697; 1.5 s; peak memory 721 MiB.
2026-10-02T13:39:26Z INFO [5375/5769] f749ef5d-ec17-437a-9aae-8097227b5dfd: attributed to 001697; 0.4 s; peak memory 721 MiB.
2026-10-02T13:39:26Z INFO [5376/5769] f74acc2f-498f-4ca6-9665-8d7f64616027: attributed to 000026; 0.1 s; peak memory 721 MiB.
2026-10-02T13:39:26Z INFO [5377/5769] f75babf2-3173-48bb-9604-33de8f344cb7: attributed to 000026; 0.1 s; peak memory 721 MiB.
2026-10-02T13:39:27Z INFO [5378/5769] f768cc4e-242c-4ceb-904d-fee3d39e0d05: attributed to 001697; 0.3 s; peak memory 721 MiB.
2026-10-02T13:39:27Z INFO [5379/5769] f770616e-a800-45c0-89f7-3e5dfe0d2676: attributed to 000026; 0.1 s; peak memory 721 MiB.
2026-10-02T13:39:27Z INFO [5380/5769] f771c152-7a16-4651-9505-0e67083a770e: attributed to 001697; 0.0 s; peak memory 721 MiB.
2026-10-02T13:39:27Z INFO [5381/5769] f7720a4d-f7c8-491b-ad06-870bd8c0c5c5: attributed to 001697; 0.5 s; peak memory 721 MiB.
2026-10-02T13:39:28Z INFO [5382/5769] f772b03f-9101-4014-b735-8625f31a93f4: attributed to 001697; 0.4 s; peak memory 721 MiB.
2026-10-02T13:39:28Z INFO [5383/5769] f774dfd5-0381-4485-af0f-13551ee76ca3: attributed to 001697; 0.0 s; peak memory 721 MiB.
2026-10-02T13:39:28Z INFO [5384/5769] f779a9d9-73cd-47c6-9956-1fcc16d59624: attributed to 001697; 0.0 s; peak memory 721 MiB.
2026-10-02T13:39:28Z INFO [5385/5769] f78113a4-a0be-47a1-b6a2-f832d16810e9: attributed to 001697; 0.4 s; peak memory 721 MiB.
2026-10-02T13:39:29Z INFO [5386/5769] f781eae2-68c0-4845-b0fc-72cf4556798d: attributed to 001697; 0.4 s; peak memory 721 MiB.
2026-10-02T13:39:29Z INFO [5387/5769] f782baa0-2fae-4acd-8fc9-e0b658b28810: attributed to 001697; 0.3 s; peak memory 721 MiB.
2026-10-02T13:39:29Z INFO [5388/5769] f7861914-2f2f-49f7-8b05-e93259507329: attributed to 000026; 0.1 s; peak memory 721 MiB.
2026-10-02T13:39:29Z INFO [5389/5769] f78980d2-9f9e-429d-bbc8-19483720f308: attributed to 001697; 0.0 s; peak memory 721 MiB.
2026-10-02T13:39:29Z INFO [5390/5769] f78bd8c7-dd07-4a25-aeb9-32107d34db4a: attributed to 001697; 0.0 s; peak memory 721 MiB.
2026-10-02T13:39:29Z INFO [5391/5769] f78dfd0d-6416-4686-a820-5e11ecf73b39: attributed to 001697; 0.3 s; peak memory 721 MiB.
2026-10-02T13:39:29Z INFO [5392/5769] f79228f6-6d31-4d6e-868e-be7867e54ab7: attributed to 000026; 0.1 s; peak memory 721 MiB.
2026-10-02T13:39:29Z INFO [5393/5769] f793f4a8-6404-4ba0-9b97-599599aa2f9c: attributed to 001697; 0.0 s; peak memory 721 MiB.
2026-10-02T13:39:30Z INFO [5394/5769] f79904b5-0e0e-442f-ae12-8d6557ee900e: attributed to 001697; 0.3 s; peak memory 721 MiB.
2026-10-02T13:39:30Z INFO [5395/5769] f7a38728-b8ee-4ad4-af12-fff24fc7de4e: attributed to 001791; 0.1 s; peak memory 721 MiB.
2026-10-02T13:39:30Z INFO [5396/5769] f7aad3d2-5d2f-482d-93f5-8f1064560a7d: attributed to 000946; 0.1 s; peak memory 721 MiB.
2026-10-02T13:39:30Z INFO [5397/5769] f7aaf1cb-694d-4ffe-938c-856db5827de3: attributed to 000026; 0.1 s; peak memory 721 MiB.
2026-10-02T13:39:30Z INFO [5398/5769] f7af5ed0-909f-4a3d-a88e-363d4314091d: attributed to 000142; 0.0 s; peak memory 721 MiB.
2026-10-02T13:39:30Z INFO [5399/5769] f7b4be85-5182-44e3-8856-db2e80dae4d8: attributed to 000026; 0.1 s; peak memory 721 MiB.
2026-10-02T13:39:30Z INFO [5400/5769] f7b565f1-9ab8-43c8-a6f7-931c9b95c9f8: attributed to 001697; 0.0 s; peak memory 721 MiB.
2026-10-02T13:39:31Z INFO [5400/5769] f7b565f1-9ab8-43c8-a6f7-931c9b95c9f8: checkpointed 506567 records.
2026-10-02T13:39:31Z INFO [5401/5769] f7b6e2e7-4350-443a-978f-bfdf16a627e2: attributed to 001697; 0.0 s; peak memory 721 MiB.
2026-10-02T13:39:31Z INFO [5402/5769] f7ba1e90-7ba4-4ceb-ace3-1b67dc368b15: attributed to 000946; 0.1 s; peak memory 721 MiB.
2026-10-02T13:39:31Z INFO [5403/5769] f7bef5a8-240f-47af-b78f-d082d1c8b4f3: attributed to 000026; 0.1 s; peak memory 721 MiB.
2026-10-02T13:39:31Z INFO [5404/5769] f7bf143d-ade1-4d44-958e-1129e938a402: attributed to 000946; 0.1 s; peak memory 721 MiB.
2026-10-02T13:39:32Z INFO [5405/5769] f7c22e16-33f5-4f81-8892-aed6ac455d3a: attributed to 000026; 0.1 s; peak memory 721 MiB.
2026-10-02T13:39:32Z INFO [5406/5769] f7c43cd0-e575-489a-9c14-6d7a45dfd7cf: attributed to 000946; 0.1 s; peak memory 721 MiB.
2026-10-02T13:39:32Z INFO [5407/5769] f7c75cde-b7ae-4e45-9eb0-44942a590a6d: attributed to 001697; 0.0 s; peak memory 721 MiB.
2026-10-02T13:39:32Z INFO [5408/5769] f7ca641f-b0b3-4510-af09-275bd25bdd9d: attributed to 001697; 0.5 s; peak memory 721 MiB.
2026-10-02T13:39:32Z INFO [5409/5769] f7ce8cfc-73f9-473b-b57b-9a2b743fc9e0: attributed to 001697; 0.0 s; peak memory 721 MiB.
2026-10-02T13:39:32Z INFO [5410/5769] f7db0d34-ac74-4c2a-a06c-e74bdeac7932: attributed to 001697; 0.4 s; peak memory 721 MiB.
2026-10-02T13:39:33Z INFO [5411/5769] f7dc8f86-6685-443a-b848-894bdf7ef1bd: attributed to 000559; 0.1 s; peak memory 721 MiB.
2026-10-02T13:39:33Z INFO [5412/5769] f7f06291-84cc-4e1e-9391-f0ab02dac91f: attributed to 001697; 0.3 s; peak memory 721 MiB.
2026-10-02T13:39:33Z INFO [5413/5769] f7f5bb3f-108c-4740-a992-d0e5ae9b2f2c: attributed to 000026; 0.3 s; peak memory 721 MiB.
2026-10-02T13:39:33Z INFO [5414/5769] f7f7cfde-beb2-424e-abd6-e8f4ed1b2555: attributed to 001697; 0.0 s; peak memory 721 MiB.
2026-10-02T13:39:34Z INFO [5415/5769] f7fd0fdf-cb57-4151-b5ab-322c8ce546f6: attributed to 001346; 1.1 s; peak memory 721 MiB.
2026-10-02T13:39:35Z INFO [5416/5769] f7fd5d75-4139-4bd7-bbce-07fb95b1f690: attributed to 001697; 0.9 s; peak memory 721 MiB.
2026-10-02T13:39:35Z INFO [5417/5769] f80b7039-fed6-4a4f-817f-122bc9d62d01: attributed to 001697; 0.0 s; peak memory 721 MiB.
2026-10-02T13:39:35Z INFO [5418/5769] f81678f2-8d79-49f6-812b-c9102dd0bb0d: attributed to 001697; 0.0 s; peak memory 721 MiB.
2026-10-02T13:39:35Z INFO [5419/5769] f81db691-769a-4053-8365-378a33a9ba6b: attributed to 000026; 0.1 s; peak memory 721 MiB.
2026-10-02T13:39:35Z INFO [5420/5769] f8256e9c-7c16-4be1-a768-c4a8b2fd94af: attributed to 000142; 0.0 s; peak memory 721 MiB.
2026-10-02T13:39:35Z INFO [5421/5769] f82b9b80-35e6-4822-b377-69c5ccfd4499: attributed to 001697; 0.0 s; peak memory 721 MiB.
2026-10-02T13:39:35Z INFO [5422/5769] f8305aad-b291-49f7-ac94-030d99ba4c9a: attributed to 001697; 0.0 s; peak memory 721 MiB.
2026-10-02T13:39:35Z INFO [5423/5769] f83a8dd1-3950-47b9-b046-3b233eb446ad: attributed to 000946; 0.1 s; peak memory 721 MiB.
2026-10-02T13:39:35Z INFO [5424/5769] f83ea2a2-5d7c-4f30-a91c-bf02481e3c69: attributed to 000026; 0.1 s; peak memory 721 MiB.
2026-10-02T13:39:36Z INFO [5425/5769] f8495ae7-4188-4d4b-819c-c75de606d748: attributed to 000026; 0.2 s; peak memory 721 MiB.
2026-10-02T13:39:36Z INFO [5426/5769] f86104ef-110e-4497-8189-ec56a4f94d55: attributed to 000946; 0.1 s; peak memory 721 MiB.
2026-10-02T13:39:36Z INFO [5427/5769] f86585a4-25b7-4726-bbe5-894de68f4829: attributed to 001697; 0.3 s; peak memory 721 MiB.
2026-10-02T13:39:36Z INFO [5428/5769] f86934f3-010d-49ec-8fbb-011cce50a71e: attributed to 001697; 0.3 s; peak memory 721 MiB.
2026-10-02T13:39:37Z INFO [5429/5769] f871ee04-2b76-46a1-a866-3c0824c87b55: attributed to 001697; 0.6 s; peak memory 721 MiB.
2026-10-02T13:39:37Z INFO [5430/5769] f8789a04-2dfd-467b-ab54-06efce97393d: attributed to 000946; 0.1 s; peak memory 721 MiB.
2026-10-02T13:39:37Z INFO [5431/5769] f87a77c0-2d6a-4543-a503-e6ba071e0640: attributed to 001449; 0.1 s; peak memory 721 MiB.
2026-10-02T13:39:37Z INFO [5432/5769] f87c8938-cdfd-4ad1-bbc1-d738ce2d6394: attributed to 000026; 0.1 s; peak memory 721 MiB.
2026-10-02T13:39:38Z INFO [5433/5769] f88095a8-2e09-4ff4-9197-0d048556a473: attributed to 001697; 0.3 s; peak memory 721 MiB.
2026-10-02T13:39:38Z INFO [5434/5769] f88c2e1c-2310-4e20-8ec2-d0cbdbdc78e7: attributed to 000026; 0.3 s; peak memory 721 MiB.
2026-10-02T13:39:38Z INFO [5435/5769] f8906b17-228e-4414-b3ef-fb5a7825ccf8: attributed to 000109; 0.0 s; peak memory 721 MiB.
2026-10-02T13:39:38Z INFO [5436/5769] f890df73-c35e-4c9b-8cc1-f944051c2d16: attributed to 001697; 0.3 s; peak memory 721 MiB.
2026-10-02T13:39:38Z INFO [5437/5769] f8b52fc4-1caf-4a37-8bb3-15f76bb04d91: attributed to 000026; 0.1 s; peak memory 721 MiB.
2026-10-02T13:39:39Z INFO [5438/5769] f8be7cb4-ff2a-49cb-8e09-dec24547e63d: attributed to 001697; 0.3 s; peak memory 721 MiB.
2026-10-02T13:39:39Z INFO [5439/5769] f8bfab92-132a-495a-bca5-740e9fab0305: attributed to 000026; 0.1 s; peak memory 721 MiB.
2026-10-02T13:39:39Z INFO [5440/5769] f8c12e1f-8930-4e20-b86a-09b1c6004518: attributed to 000026; 0.1 s; peak memory 721 MiB.
2026-10-02T13:39:39Z INFO [5441/5769] f8c6ecc8-e827-48fd-a026-1a949e317f32: attributed to 001697; 0.3 s; peak memory 721 MiB.
2026-10-02T13:39:39Z INFO [5442/5769] f8d0aea9-bab0-4613-8bed-ab108af2481d: attributed to 001697; 0.3 s; peak memory 721 MiB.
2026-10-02T13:39:40Z INFO [5443/5769] f8d47385-0253-46db-96a2-36efcb7bef0d: attributed to 001697; 0.3 s; peak memory 721 MiB.
2026-10-02T13:39:40Z INFO [5444/5769] f8dd87b3-ec34-4c24-9df8-77cfa9d8293a: attributed to 001697; 0.3 s; peak memory 721 MiB.
2026-10-02T13:39:40Z INFO [5445/5769] f8e81b93-c412-4f0d-8474-125f2f33f804: attributed to 001748; 0.0 s; peak memory 721 MiB.
2026-10-02T13:39:40Z INFO [5446/5769] f8f4455e-c24f-4e88-a802-2ebb300f56db: attributed to 001697; 0.3 s; peak memory 721 MiB.
2026-10-02T13:39:41Z INFO [5447/5769] f8f5a44d-7d4e-41e9-8c6c-9cdf9972f2bc: attributed to 001697; 0.6 s; peak memory 721 MiB.
2026-10-02T13:39:41Z INFO [5448/5769] f8fbcfcf-eeef-4f07-a39d-9e616252f560: attributed to 000946; 0.1 s; peak memory 721 MiB.
2026-10-02T13:39:41Z INFO [5449/5769] f903f294-eb9a-42fa-bf5e-329691113828: attributed to 000026; 0.1 s; peak memory 721 MiB.
2026-10-02T13:39:42Z INFO [5450/5769] f90b7534-a540-438b-85df-10a0581b9e3a: attributed to 001697; 1.2 s; peak memory 721 MiB.
2026-10-02T13:39:43Z INFO [5450/5769] f90b7534-a540-438b-85df-10a0581b9e3a: checkpointed 506567 records.
2026-10-02T13:39:44Z INFO [5451/5769] f90c8f62-bfcd-4df9-a1d8-c6653223740a: attributed to 000946; 0.1 s; peak memory 721 MiB.
2026-10-02T13:39:44Z INFO [5452/5769] f90eeb5f-c1d2-4ede-b07e-4249b7113d5f: attributed to 001697; 0.0 s; peak memory 721 MiB.
2026-10-02T13:39:44Z INFO [5453/5769] f91245d7-0323-436b-8159-b0ef33ad7d5e: attributed to 001697; 0.3 s; peak memory 721 MiB.
2026-10-02T13:39:44Z INFO [5454/5769] f912a224-1c12-42d6-a4cc-ffb72ca456e8: attributed to 000026; 0.1 s; peak memory 721 MiB.
2026-10-02T13:39:44Z INFO [5455/5769] f9147cb9-7622-4b96-95de-762f14ac0aa9: attributed to 000026; 0.1 s; peak memory 721 MiB.
2026-10-02T13:39:44Z INFO [5456/5769] f9163c74-99e7-4b8f-b226-ffe51d708277: attributed to 001697; 0.3 s; peak memory 721 MiB.
2026-10-02T13:39:45Z INFO [5457/5769] f919e0bc-0897-41be-97a0-a7d3160169fb: attributed to 001697; 0.3 s; peak memory 721 MiB.
2026-10-02T13:39:45Z INFO [5458/5769] f926a449-2487-4657-8e49-dfd0c447bc32: attributed to 001697; 0.3 s; peak memory 721 MiB.
2026-10-02T13:39:45Z INFO [5459/5769] f92c8923-5275-4b58-9ee8-a8522d22a643: attributed to 000403; 0.0 s; peak memory 721 MiB.
2026-10-02T13:39:45Z INFO [5460/5769] f93f9b13-47ca-48e8-bed9-ff37eab4447d: attributed to 001697; 0.3 s; peak memory 721 MiB.
2026-10-02T13:39:45Z INFO [5461/5769] f943a6a2-d577-49f1-b3db-c796d9d2662d: attributed to 001697; 0.0 s; peak memory 721 MiB.
2026-10-02T13:39:45Z INFO [5462/5769] f944906d-872e-48ad-9b99-1e2a44c2a7cd: attributed to 001697; 0.3 s; peak memory 721 MiB.
2026-10-02T13:39:46Z INFO [5463/5769] f9471b0a-8b1d-4c34-bc44-6bb6de7d64a9: attributed to 000026; 0.1 s; peak memory 721 MiB.
2026-10-02T13:39:46Z INFO [5464/5769] f94b232d-908d-4efd-a9bb-80555057483a: attributed to 000026; 0.1 s; peak memory 721 MiB.
2026-10-02T13:39:46Z INFO [5465/5769] f9527204-399b-446a-8e2b-227d0884c9bb: attributed to 000026; 0.1 s; peak memory 721 MiB.
2026-10-02T13:39:46Z INFO [5466/5769] f959b2e8-7217-4d40-8b7e-fd7187f12c62: attributed to 000109; 0.0 s; peak memory 721 MiB.
2026-10-02T13:39:46Z INFO [5467/5769] f960207e-2ca9-4d61-bcb6-6523e46bf821: attributed to 000403; 0.0 s; peak memory 721 MiB.
2026-10-02T13:39:46Z INFO [5468/5769] f96219fd-9a4c-4541-94f9-0e72a6ee4904: attributed to 000946; 0.1 s; peak memory 721 MiB.
2026-10-02T13:39:46Z INFO [5469/5769] f9778cc4-1ebb-4f05-b6e8-106e6e306b47: attributed to 000026; 0.3 s; peak memory 721 MiB.
2026-10-02T13:39:46Z INFO [5470/5769] f97c91e2-7ac2-4258-9462-c8d7ae46f690: attributed to 001697; 0.0 s; peak memory 721 MiB.
2026-10-02T13:39:46Z INFO [5471/5769] f9803061-724b-48be-ac5d-e70491f159e4: attributed to 001697; 0.3 s; peak memory 721 MiB.
2026-10-02T13:39:47Z INFO [5472/5769] f9827eef-1d74-4f60-bab3-8e83d623853c: attributed to 001449; 0.1 s; peak memory 721 MiB.
2026-10-02T13:39:47Z INFO [5473/5769] f983f407-53c2-42cf-8849-35c098c8517b: attributed to 001697; 0.9 s; peak memory 721 MiB.
2026-10-02T13:39:48Z INFO [5474/5769] f984cff6-43ac-4268-b4b6-c7591ed82ed5: attributed to 000026; 0.1 s; peak memory 721 MiB.
2026-10-02T13:39:48Z INFO [5475/5769] f98ab8c5-b35e-4506-b5d4-1348560ccc2a: attributed to 000026; 0.3 s; peak memory 721 MiB.
2026-10-02T13:39:48Z INFO [5476/5769] f98f4cb3-8b1b-42d5-b557-2109c5c21f71: attributed to 000403; 0.0 s; peak memory 721 MiB.
2026-10-02T13:39:48Z INFO [5477/5769] f9963ec3-ab7b-4120-bd32-bab811bab0a3: attributed to 001697; 0.3 s; peak memory 721 MiB.
2026-10-02T13:39:48Z INFO [5478/5769] f99e81a6-a0dd-43f6-963e-d54045b0c619: attributed to 001697; 0.0 s; peak memory 721 MiB.
2026-10-02T13:39:48Z INFO [5479/5769] f9a37c1d-dbc2-4222-8640-9c50d9bc75f6: attributed to 001697; 0.0 s; peak memory 721 MiB.
2026-10-02T13:39:48Z INFO [5480/5769] f9a8cef5-fd5f-4b80-bc18-d9a10e76a1ad: attributed to 001697; 0.3 s; peak memory 721 MiB.
2026-10-02T13:39:48Z INFO [5481/5769] f9adf8b0-f923-43c2-85c9-b6982f345432: attributed to 001697; 0.0 s; peak memory 721 MiB.
2026-10-02T13:39:48Z INFO [5482/5769] f9aff688-fb25-483e-b7a5-d620863a51c7: attributed to 001697; 0.0 s; peak memory 721 MiB.
2026-10-02T13:39:52Z INFO [5483/5769] f9b5120c-a49a-47d2-ab21-d7fd00b676ec: attributed to 001697; 3.5 s; peak memory 721 MiB.
2026-10-02T13:39:52Z INFO [5484/5769] f9ba0b27-89ad-4a8e-90fd-0dbe375dd3a5: attributed to 000026; 0.1 s; peak memory 721 MiB.
2026-10-02T13:39:52Z INFO [5485/5769] f9bbb741-0f40-4d49-8997-471a5334370a: attributed to 001697; 0.0 s; peak memory 721 MiB.
2026-10-02T13:39:52Z INFO [5486/5769] f9bcb471-cf7f-4501-8829-8021f06d1c9f: attributed to 001697; 0.3 s; peak memory 721 MiB.
2026-10-02T13:39:52Z INFO [5487/5769] f9bd5dbb-150e-457f-89b9-ec2ac193a183: attributed to 000026; 0.1 s; peak memory 721 MiB.
2026-10-02T13:39:53Z INFO [5488/5769] f9c5bcb6-e71d-43ec-b75f-871ae0ebed21: attributed to 000026; 0.1 s; peak memory 721 MiB.
2026-10-02T13:39:53Z INFO [5489/5769] f9e4926d-002b-4e27-afdc-c1b9759c48e2: attributed to 001697; 0.0 s; peak memory 721 MiB.
2026-10-02T13:39:53Z INFO [5490/5769] f9e63eef-0ef0-4472-88f0-0f0f372dde2f: attributed to 001697; 0.0 s; peak memory 721 MiB.
2026-10-02T13:39:53Z INFO [5491/5769] f9e79ae6-daf3-4c75-b5fb-74542b361454: attributed to 001697; 0.3 s; peak memory 721 MiB.
2026-10-02T13:39:53Z INFO [5492/5769] f9f25b5f-21ba-486b-bccf-7d990bedae8e: attributed to 001697; 0.0 s; peak memory 721 MiB.
2026-10-02T13:39:53Z INFO [5493/5769] f9f4753b-ea3c-41fd-bb87-92f6845e9d39: attributed to 001697; 0.3 s; peak memory 721 MiB.
2026-10-02T13:39:53Z INFO [5494/5769] f9f77ddb-9f9c-45f3-b89f-3f8f9735849a: attributed to 001697; 0.3 s; peak memory 721 MiB.
2026-10-02T13:39:53Z INFO [5495/5769] fa0009cd-970d-4ebf-8001-49cd33ff8f89: attributed to 000559; 0.1 s; peak memory 721 MiB.
2026-10-02T13:39:54Z INFO [5496/5769] fa0532e5-7bb8-4e56-91f4-4fcd8a26c6d3: attributed to 000946; 0.1 s; peak memory 721 MiB.
2026-10-02T13:39:54Z INFO [5497/5769] fa06c029-5e50-480c-9be6-a8ac205d350e: attributed to 000570; 0.0 s; peak memory 721 MiB.
2026-10-02T13:39:54Z INFO [5498/5769] fa0c72b2-a010-450c-b938-690fa2eba1c2: attributed to 001697; 0.0 s; peak memory 721 MiB.
2026-10-02T13:39:54Z INFO [5499/5769] fa189f0b-4e23-439c-98a1-e4311e671006: attributed to 000209; 0.0 s; peak memory 721 MiB.
2026-10-02T13:39:54Z INFO [5500/5769] fa21314e-3718-4e0a-bd91-dbe0f668d077: attributed to 000946; 0.1 s; peak memory 721 MiB.
2026-10-02T13:39:55Z INFO [5500/5769] fa21314e-3718-4e0a-bd91-dbe0f668d077: checkpointed 506567 records.
2026-10-02T13:39:55Z INFO [5501/5769] fa2284d8-ddce-4151-84bd-a1d81096ac7a: attributed to 001697; 0.3 s; peak memory 721 MiB.
2026-10-02T13:39:55Z INFO [5502/5769] fa329ac7-7f81-4d0a-9690-0a7a72fadba9: attributed to 000026; 0.4 s; peak memory 721 MiB.
2026-10-02T13:39:56Z INFO [5503/5769] fa33cf29-cd1c-4479-85cc-68c3d6663167: attributed to 000946; 0.1 s; peak memory 721 MiB.
2026-10-02T13:40:10Z INFO [5504/5769] fa3573e2-610b-44ab-9488-9884069cb64e: attributed to 000571; 14.2 s; peak memory 721 MiB.
2026-10-02T13:40:10Z INFO [5505/5769] fa4397f4-31f8-4a14-bc6c-9973299e7671: attributed to 001697; 0.3 s; peak memory 721 MiB.
2026-10-02T13:40:10Z INFO [5506/5769] fa4f0939-8ee6-485b-a66b-d7936c195bbb: attributed to 001697; 0.3 s; peak memory 721 MiB.
2026-10-02T13:40:11Z INFO [5507/5769] fa54fb23-3bd5-4fbf-b5b8-aef924a3bdfb: attributed to 001697; 0.3 s; peak memory 721 MiB.
2026-10-02T13:40:11Z INFO [5508/5769] fa6968f8-adc6-4634-afbc-599a9a1cf55e: attributed to 001697; 0.0 s; peak memory 721 MiB.
2026-10-02T13:40:11Z INFO [5509/5769] fa6ba401-ebb3-4518-a3cc-5a3bc1f40ef4: attributed to 000946; 0.1 s; peak memory 721 MiB.
2026-10-02T13:40:22Z INFO [5510/5769] fa6bafd0-e70e-4ce2-9111-2ed79ecb3cf4: attributed to 000571; 11.1 s; peak memory 721 MiB.
2026-10-02T13:40:22Z INFO [5511/5769] fa6e1be6-bb11-496a-9a4b-282a3748c45c: attributed to 001765; 0.4 s; peak memory 721 MiB.
2026-10-02T13:40:23Z INFO [5512/5769] fa731f8b-a027-465e-b8a7-38979b55c616: attributed to 001697; 0.4 s; peak memory 721 MiB.
2026-10-02T13:40:23Z INFO [5513/5769] fa74fd01-e731-45de-8c6a-6a69bf570efb: attributed to 001697; 0.0 s; peak memory 721 MiB.
2026-10-02T13:40:23Z INFO [5514/5769] fa7bab12-39d0-4d84-9417-189b903e982b: attributed to 000026; 0.1 s; peak memory 721 MiB.
2026-10-02T13:40:23Z INFO [5515/5769] fa81ae2e-0370-4109-8f13-26c5010f9d4a: attributed to 000209; 0.0 s; peak memory 721 MiB.
2026-10-02T13:40:23Z INFO [5516/5769] fa827216-05ed-4ed8-9a67-06f05df8cf57: attributed to 000946; 0.1 s; peak memory 721 MiB.
2026-10-02T13:40:23Z INFO [5517/5769] fa87c060-b656-41a3-ac7c-8c5859eae850: attributed to 000946; 0.1 s; peak memory 721 MiB.
2026-10-02T13:40:23Z INFO [5518/5769] fa91a3e8-c4fd-403d-8ec0-bc69da347f3a: attributed to 001697; 0.0 s; peak memory 721 MiB.
2026-10-02T13:40:23Z INFO [5519/5769] faa748cd-8793-4d83-9300-4f354c7e1cb9: attributed to 000026; 0.1 s; peak memory 721 MiB.
2026-10-02T13:40:24Z INFO [5520/5769] faaa62e2-e4e5-4bce-854e-e6acb2d25915: attributed to 001697; 0.4 s; peak memory 721 MiB.
2026-10-02T13:40:24Z INFO [5521/5769] fab0a205-58e8-4a45-8a36-2eae5290f769: attributed to 000173; 0.1 s; peak memory 721 MiB.
2026-10-02T13:40:24Z INFO [5522/5769] fab4c86c-4f54-4284-81aa-6b3a59139211: attributed to 000109; 0.0 s; peak memory 721 MiB.
2026-10-02T13:40:24Z INFO [5523/5769] fab56f17-358a-4362-a816-90358d82ea50: attributed to 000142; 0.0 s; peak memory 721 MiB.
2026-10-02T13:40:24Z INFO [5524/5769] fab67a6e-ea6c-467a-af6a-069348617c3d: attributed to 001697; 0.0 s; peak memory 721 MiB.
2026-10-02T13:40:24Z INFO [5525/5769] fac1ef7a-e483-4b3f-8825-fdefff93b985: attributed to 000026; 0.1 s; peak memory 721 MiB.
2026-10-02T13:40:24Z INFO [5526/5769] fac398b5-5954-4dd1-8e5d-03c1413863f1: attributed to 001697; 0.0 s; peak memory 721 MiB.
2026-10-02T13:40:24Z INFO [5527/5769] fac549a3-6dde-4358-95e4-d133125362dc: attributed to 001697; 0.3 s; peak memory 721 MiB.
2026-10-02T13:40:24Z INFO [5528/5769] fac7b717-6c40-44f5-9d9a-ce7f4efca1fe: attributed to 001697; 0.0 s; peak memory 721 MiB.
2026-10-02T13:40:24Z INFO [5529/5769] facf1cee-8841-4791-abb8-27d5a4267256: attributed to 001063; 0.1 s; peak memory 721 MiB.
2026-10-02T13:40:25Z INFO [5530/5769] fad1ca05-daa1-4ced-8311-770b4e785158: attributed to 001697; 0.3 s; peak memory 721 MiB.
2026-10-02T13:40:25Z INFO [5531/5769] fad9a44d-8467-40ca-99d8-e4a3d20d48c7: attributed to 001449; 0.1 s; peak memory 721 MiB.
2026-10-02T13:40:25Z INFO [5532/5769] fae82264-bcf1-4725-bbdb-d81c80c01e3c: attributed to 001697; 0.3 s; peak memory 721 MiB.
2026-10-02T13:40:25Z INFO [5533/5769] fae923ea-3509-471d-97d8-5cd488c8329b: attributed to 001697; 0.3 s; peak memory 721 MiB.
2026-10-02T13:40:25Z INFO [5534/5769] faea0b8c-4301-49ba-b282-a94ee31ef40c: attributed to 000026; 0.1 s; peak memory 721 MiB.
2026-10-02T13:40:25Z INFO [5535/5769] faeef62e-aacc-4fd4-b085-236805c9dda6: attributed to 001449; 0.1 s; peak memory 721 MiB.
2026-10-02T13:40:26Z INFO [5536/5769] faf0f8b5-10dc-430a-881d-20bb066f90c1: attributed to 001697; 0.9 s; peak memory 721 MiB.
2026-10-02T13:40:27Z INFO [5537/5769] faf11a9f-8264-4c5c-84b5-61a45ad1e3fb: attributed to 001697; 0.5 s; peak memory 721 MiB.
2026-10-02T13:40:27Z INFO [5538/5769] faf3cd89-93ca-4ed5-ae73-671ca57f5221: attributed to 001697; 0.5 s; peak memory 721 MiB.
2026-10-02T13:40:27Z INFO [5539/5769] faf70f9f-e80d-4d17-bdb2-a1253a5a991b: attributed to 000026; 0.1 s; peak memory 721 MiB.
2026-10-02T13:40:28Z INFO [5540/5769] fafc71e5-c6c1-4f06-b428-d9bfa1fda386: attributed to 000576; 0.5 s; peak memory 721 MiB.
2026-10-02T13:40:28Z INFO [5541/5769] faff7430-0f2a-4d93-b253-5f220cd56415: attributed to 001697; 0.4 s; peak memory 721 MiB.
2026-10-02T13:40:28Z INFO [5542/5769] fb023726-a5f9-4404-be8a-a82a3a2fda7c: attributed to 001697; 0.0 s; peak memory 721 MiB.
2026-10-02T13:40:29Z INFO [5543/5769] fb09939c-347f-4f70-98c5-3397ce3eab93: attributed to 001697; 0.3 s; peak memory 721 MiB.
2026-10-02T13:40:29Z INFO [5544/5769] fb13ed42-6067-4b44-947e-8419551e1616: attributed to 001449; 0.1 s; peak memory 721 MiB.
2026-10-02T13:40:29Z INFO [5545/5769] fb17ab11-7110-449a-a668-1424627ce7ed: attributed to 001697; 0.4 s; peak memory 721 MiB.
2026-10-02T13:40:29Z INFO [5546/5769] fb190152-90dc-4f4b-81b0-348df14a54b0: attributed to 000026; 0.1 s; peak memory 721 MiB.
2026-10-02T13:40:29Z INFO [5547/5769] fb29d3c1-240d-4e7d-9e99-6368b0008d1b: attributed to 001697; 0.0 s; peak memory 721 MiB.
2026-10-02T13:40:31Z INFO [5548/5769] fb2b4b93-76a2-44da-b2b3-d3b68838bfbc: attributed to 000571; 1.5 s; peak memory 721 MiB.
2026-10-02T13:40:31Z INFO [5549/5769] fb371bc8-1ed0-488b-89e9-c8fc1092cf9c: attributed to 001697; 0.0 s; peak memory 721 MiB.
2026-10-02T13:40:31Z INFO [5550/5769] fb37557e-2192-44ad-b999-dc01a9732ef0: attributed to 001697; 0.0 s; peak memory 721 MiB.
2026-10-02T13:40:32Z INFO [5550/5769] fb37557e-2192-44ad-b999-dc01a9732ef0: checkpointed 506570 records.
2026-10-02T13:40:32Z INFO [5551/5769] fb3ae114-5ccb-4950-8d41-5684d3a09202: attributed to 001697; 0.3 s; peak memory 721 MiB.
2026-10-02T13:40:32Z INFO [5552/5769] fb3c0baf-c51a-41a1-a387-713c6eb534a9: attributed to 001697; 0.0 s; peak memory 721 MiB.
2026-10-02T13:40:32Z INFO [5553/5769] fb4aa97e-f0c4-4e76-aadd-54bfd746f4f2: attributed to 000109; 0.0 s; peak memory 721 MiB.
2026-10-02T13:40:32Z INFO [5554/5769] fb573824-9cd1-45cf-b417-8eaf9b08a071: attributed to 001697; 0.0 s; peak memory 721 MiB.
2026-10-02T13:40:32Z INFO [5555/5769] fb618ec8-054b-4fd1-b1f7-aac06bcf08f5: attributed to 000026; 0.1 s; peak memory 721 MiB.
2026-10-02T13:40:32Z INFO [5556/5769] fb629422-0a79-4ae6-a158-5e75208f5985: attributed to 000946; 0.1 s; peak memory 721 MiB.
2026-10-02T13:40:32Z INFO [5557/5769] fb6f15a3-ec33-4a5b-995a-9eee15b63ef0: attributed to 000293; 0.0 s; peak memory 721 MiB.
2026-10-02T13:40:33Z INFO [5558/5769] fb6ffbcc-8f26-4a1b-bc4e-e7e81185fa43: attributed to 001697; 0.3 s; peak memory 721 MiB.
2026-10-02T13:40:33Z INFO [5559/5769] fb700271-aeb8-4850-ac12-4935f0a5b2eb: attributed to 001697; 0.3 s; peak memory 721 MiB.
2026-10-02T13:40:33Z INFO [5560/5769] fb719a3c-ed3d-41ea-a921-2729c1023ffd: attributed to 001697; 0.0 s; peak memory 721 MiB.
2026-10-02T13:40:33Z INFO [5561/5769] fb7ff504-04d9-41ff-a0af-c1fa13d764cb: attributed to 001697; 0.0 s; peak memory 721 MiB.
2026-10-02T13:40:33Z INFO [5562/5769] fb803614-889f-47b4-ac47-520fa9d90c58: attributed to 000026; 0.1 s; peak memory 721 MiB.
2026-10-02T13:40:34Z INFO [5563/5769] fb874661-15fd-4005-963d-8fd7360838c4: attributed to 001697; 0.3 s; peak memory 721 MiB.
2026-10-02T13:40:34Z INFO [5564/5769] fb9dfda2-49bc-4d8e-85d3-7c5d62deb493: attributed to 000026; 0.1 s; peak memory 721 MiB.
2026-10-02T13:40:34Z INFO [5565/5769] fba587cf-8321-49c9-983b-d4058c18a396: attributed to 000209; 0.0 s; peak memory 721 MiB.
2026-10-02T13:40:34Z INFO [5566/5769] fbab94e8-cd68-4e3f-bcec-1b4ce7b71b0e: attributed to 001278; 0.5 s; peak memory 721 MiB.
2026-10-02T13:40:34Z INFO [5567/5769] fbb1dfb4-b40f-43e7-b6bf-1d8d1ca8a0be: attributed to 001697; 0.3 s; peak memory 721 MiB.
2026-10-02T13:40:35Z INFO [5568/5769] fbb70f6f-7e82-4761-b503-fa7e26a93ed1: attributed to 000026; 0.1 s; peak memory 721 MiB.
2026-10-02T13:40:35Z INFO [5569/5769] fbbc5808-e49d-4414-b5fd-2530f246a7e1: attributed to 001697; 0.0 s; peak memory 721 MiB.
2026-10-02T13:40:35Z INFO [5570/5769] fbbe5e8d-6ed2-4ff1-bfc4-95091a230e5f: attributed to 000026; 0.1 s; peak memory 721 MiB.
2026-10-02T13:40:35Z INFO [5571/5769] fbc6e1fe-eee6-43a7-a31e-64185c732fab: attributed to 001697; 0.0 s; peak memory 721 MiB.
2026-10-02T13:40:35Z INFO [5572/5769] fbda0959-a377-4277-8c7b-ee87fb2291bf: attributed to 000026; 0.1 s; peak memory 721 MiB.
2026-10-02T13:40:35Z INFO [5573/5769] fbdce515-00ba-4c73-a0e0-ede758ad6126: attributed to 000026; 0.1 s; peak memory 721 MiB.
2026-10-02T13:40:35Z INFO [5574/5769] fbde5336-a403-47f8-85f6-3249599a9ee8: attributed to 000026; 0.1 s; peak memory 721 MiB.
2026-10-02T13:40:35Z INFO [5575/5769] fbe0d956-7e12-417f-b9eb-3b05407ee335: attributed to 001697; 0.0 s; peak memory 721 MiB.
2026-10-02T13:40:35Z INFO [5576/5769] fbf07762-5a42-4518-8de2-226e66d96401: attributed to 000026; 0.2 s; peak memory 721 MiB.
2026-10-02T13:40:35Z INFO [5577/5769] fbf1db95-2d60-4c1b-b985-8d84c528d55f: attributed to 001697; 0.0 s; peak memory 721 MiB.
2026-10-02T13:40:35Z INFO [5578/5769] fbf5d48e-6e02-4681-bc5f-f38118a43f06: attributed to 001697; 0.3 s; peak memory 721 MiB.
2026-10-02T13:40:36Z INFO [5579/5769] fc0372aa-fa89-4acf-8ff4-dca9e93032f0: attributed to 001697; 0.3 s; peak memory 721 MiB.
2026-10-02T13:40:36Z INFO [5580/5769] fc08b99b-4d4a-4bc5-9592-8a08a6e776ee: attributed to 000026; 0.1 s; peak memory 721 MiB.
2026-10-02T13:40:36Z INFO [5581/5769] fc16898e-c032-419c-8adf-f8857f572041: attributed to 001697; 0.0 s; peak memory 721 MiB.
2026-10-02T13:40:36Z INFO [5582/5769] fc209bf4-8051-4c2c-9a79-e8bc1388cca3: attributed to 001697; 0.0 s; peak memory 721 MiB.
2026-10-02T13:40:36Z INFO [5583/5769] fc2417cc-6733-4d04-a116-012a08d93ccd: attributed to 001449; 0.1 s; peak memory 721 MiB.
2026-10-02T13:40:36Z INFO [5584/5769] fc2757cb-2e26-48d0-930e-b56d10f81d7b: attributed to 001449; 0.1 s; peak memory 721 MiB.
2026-10-02T13:40:36Z INFO [5585/5769] fc2815e0-d416-491b-bbfb-1cf493c2f127: attributed to 001697; 0.3 s; peak memory 721 MiB.
2026-10-02T13:40:36Z INFO [5586/5769] fc2dc346-aad6-4d69-bc5d-fe72bfe83a51: attributed to 001697; 0.0 s; peak memory 721 MiB.
2026-10-02T13:40:36Z INFO [5587/5769] fc3c6f46-0a4c-4aaa-9a3d-9f6295f07dc3: attributed to 000142; 0.0 s; peak memory 721 MiB.
2026-10-02T13:40:36Z INFO [5588/5769] fc3f4e68-8b2d-4ad2-b991-f23eb6af5d35: attributed to 000026; 0.1 s; peak memory 721 MiB.
2026-10-02T13:40:37Z INFO [5589/5769] fc446550-c805-467a-941e-7686e0a06dd8: attributed to 001697; 0.3 s; peak memory 721 MiB.
2026-10-02T13:40:37Z INFO [5590/5769] fc4b7f05-5a3a-4c88-b4be-1899f528a4f4: attributed to 001697; 0.3 s; peak memory 721 MiB.
2026-10-02T13:40:37Z INFO [5591/5769] fc4d0f6f-f3d0-48b5-850b-82d47d0991d9: attributed to 001449; 0.2 s; peak memory 721 MiB.
2026-10-02T13:40:38Z INFO [5592/5769] fc4ffe96-9179-4727-a866-3bc4f2914372: attributed to 001697; 0.4 s; peak memory 721 MiB.
2026-10-02T13:40:38Z INFO [5593/5769] fc522d5f-b93a-457e-b27c-bb5a0924d21d: attributed to 000946; 0.1 s; peak memory 721 MiB.
2026-10-02T13:40:38Z INFO [5594/5769] fc546fea-7416-42e7-b047-4ca8d5e66976: attributed to 001791; 0.1 s; peak memory 721 MiB.
2026-10-02T13:40:38Z INFO [5595/5769] fc55cf53-95cb-4665-9757-db881115a8cc: attributed to 001697; 0.3 s; peak memory 721 MiB.
2026-10-02T13:40:38Z INFO [5596/5769] fc593455-096b-4253-a6e5-afadd9ca736b: attributed to 000026; 0.3 s; peak memory 721 MiB.
2026-10-02T13:40:39Z INFO [5597/5769] fc5a0075-6d0a-4d7b-9808-44c2f917df1c: attributed to 001697; 0.3 s; peak memory 721 MiB.
2026-10-02T13:40:39Z INFO [5598/5769] fc5b575f-16b5-485e-9cc4-f449a01d98c5: attributed to 001697; 0.3 s; peak memory 721 MiB.
2026-10-02T13:40:39Z INFO [5599/5769] fc5ecf69-ecdc-4957-8b7e-50fed7245e11: attributed to 000403; 0.0 s; peak memory 721 MiB.
2026-10-02T13:40:39Z INFO [5600/5769] fc653806-2972-4365-9798-eebe5b247fe2: attributed to 001697; 0.3 s; peak memory 721 MiB.
2026-10-02T13:40:40Z INFO [5600/5769] fc653806-2972-4365-9798-eebe5b247fe2: checkpointed 506570 records.
2026-10-02T13:40:41Z INFO [5601/5769] fc699e03-81af-47cf-9faf-3bd5bc05d7b9: attributed to 001697; 0.3 s; peak memory 721 MiB.
2026-10-02T13:40:41Z INFO [5602/5769] fc6c7189-295d-4cfe-9c2a-0d39af6d064e: attributed to 001697; 0.0 s; peak memory 721 MiB.
2026-10-02T13:40:41Z INFO [5603/5769] fc7ac5b8-4035-47a1-9bea-220c4697b425: attributed to 000946; 0.1 s; peak memory 721 MiB.
2026-10-02T13:40:41Z INFO [5604/5769] fc872b38-1075-42e8-b501-882a47eef21b: attributed to 001697; 0.0 s; peak memory 721 MiB.
2026-10-02T13:40:41Z INFO [5605/5769] fc877dcb-cf9a-4424-b13a-3249350712a6: attributed to 001697; 0.3 s; peak memory 721 MiB.
2026-10-02T13:40:41Z INFO [5606/5769] fc8e00e0-5229-4669-aa0a-272aab01ccc4: attributed to 001697; 0.3 s; peak memory 721 MiB.
2026-10-02T13:40:41Z INFO [5607/5769] fc8ff33b-03f8-467a-abd4-a839619f67af: attributed to 001858; 0.0 s; peak memory 721 MiB.
2026-10-02T13:40:41Z INFO [5608/5769] fc925f41-a8bc-44ac-94e0-81e70590c825: attributed to 000142; 0.0 s; peak memory 721 MiB.
2026-10-02T13:40:41Z INFO [5609/5769] fca0225e-ed7d-4d41-8c6b-9f8ff0dbef02: attributed to 000209; 0.0 s; peak memory 721 MiB.
2026-10-02T13:40:41Z INFO [5610/5769] fcaffe48-ba97-4811-aca4-634af21d474d: attributed to 001697; 0.0 s; peak memory 721 MiB.
2026-10-02T13:40:42Z INFO [5611/5769] fcb0a9ea-2393-4457-8913-a4b508fff94b: attributed to 000946; 0.1 s; peak memory 721 MiB.
2026-10-02T13:40:42Z INFO [5612/5769] fcb2b4b7-88fa-4b03-94b5-59c373101999: attributed to 001697; 0.3 s; peak memory 721 MiB.
2026-10-02T13:40:42Z INFO [5613/5769] fcb9cc1e-e7a5-48d7-88f8-bf3bac9f5943: attributed to 001697; 0.0 s; peak memory 721 MiB.
2026-10-02T13:40:42Z INFO [5614/5769] fcbac164-3d27-449d-9e60-4b9f30dd970b: attributed to 000946; 0.1 s; peak memory 721 MiB.
2026-10-02T13:40:42Z INFO [5615/5769] fcbcad80-4ea1-4a6b-ac5b-75a60e4a20cd: attributed to 000142; 0.0 s; peak memory 721 MiB.
2026-10-02T13:40:42Z INFO [5616/5769] fcbcc9e0-fc48-42bc-9916-d7b258275415: attributed to 000026; 0.1 s; peak memory 721 MiB.
2026-10-02T13:40:42Z INFO [5617/5769] fcbfabaa-1922-4deb-b41a-1508fa431339: attributed to 000946; 0.1 s; peak memory 721 MiB.
2026-10-02T13:40:42Z INFO [5618/5769] fcc164f4-3fe7-47d9-8cc6-138b3f4dc853: attributed to 000403; 0.0 s; peak memory 721 MiB.
2026-10-02T13:40:42Z INFO [5619/5769] fcc39c67-c8fd-4ff1-ae5f-ba0beab274a7: attributed to 000026; 0.1 s; peak memory 721 MiB.
2026-10-02T13:40:43Z INFO [5620/5769] fcc99966-4b20-4d7c-911b-5cf0ab3c896f: attributed to 001697; 0.5 s; peak memory 721 MiB.
2026-10-02T13:40:43Z INFO [5621/5769] fccc68d3-fc01-46f0-b20e-235eb4c31237: attributed to 000026; 0.1 s; peak memory 721 MiB.
2026-10-02T13:40:43Z INFO [5622/5769] fccf0f6b-ac93-4d4a-aa9a-592e7cd6f923: attributed to 000026; 0.2 s; peak memory 721 MiB.
2026-10-02T13:40:43Z INFO [5623/5769] fcd05ed5-1e20-45b5-92df-71f404eef62c: attributed to 001697; 0.3 s; peak memory 721 MiB.
2026-10-02T13:40:43Z INFO [5624/5769] fcd6a73e-5c2c-4a08-8f56-e85dcdf666fe: attributed to 001697; 0.0 s; peak memory 721 MiB.
2026-10-02T13:40:44Z INFO [5625/5769] fcdfde97-e1ce-4f89-b7e5-b512a6fe433b: attributed to 000946; 0.1 s; peak memory 721 MiB.
2026-10-02T13:40:44Z INFO [5626/5769] fce0ab5f-3e1f-42eb-8294-f64677085ae2: attributed to 000142; 0.0 s; peak memory 721 MiB.
2026-10-02T13:40:44Z INFO [5627/5769] fce70899-55a7-4992-90f3-b237efd324e3: attributed to 001697; 0.0 s; peak memory 721 MiB.
2026-10-02T13:40:44Z INFO [5628/5769] fcf5c471-8304-4ae4-b5dc-4b23c53b80d1: attributed to 001697; 0.0 s; peak memory 721 MiB.
2026-10-02T13:40:44Z INFO [5629/5769] fcf9780a-2d92-4ddc-9b1c-bbf25f32057c: attributed to 001697; 0.4 s; peak memory 721 MiB.
2026-10-02T13:40:44Z INFO [5630/5769] fcfb8f0a-ec5d-47d9-b337-ae0a0fc394bc: attributed to 000142; 0.0 s; peak memory 721 MiB.
2026-10-02T13:40:44Z INFO [5631/5769] fd0690d8-043b-417a-812d-f57e72277508: attributed to 001697; 0.5 s; peak memory 721 MiB.
2026-10-02T13:40:45Z INFO [5632/5769] fd071ac5-4ced-4958-9555-25869a458405: attributed to 001873; 0.5 s; peak memory 721 MiB.
2026-10-02T13:40:45Z INFO [5633/5769] fd13a4ba-ec25-4429-8b9a-c09f3bf431e0: attributed to 001697; 0.4 s; peak memory 721 MiB.
2026-10-02T13:40:45Z INFO [5634/5769] fd1595d5-64ec-450c-a1ca-41d5661a0d74: attributed to 000568; 0.1 s; peak memory 721 MiB.
2026-10-02T13:40:46Z INFO [5635/5769] fd20c175-2dea-4522-8629-94356af1d390: attributed to 000026; 0.2 s; peak memory 721 MiB.
2026-10-02T13:40:46Z INFO [5636/5769] fd27da96-4886-40b6-8584-1f4f78ba160f: attributed to 001697; 0.4 s; peak memory 721 MiB.
2026-10-02T13:40:46Z INFO [5637/5769] fd293b11-a9b6-4bfa-bc6e-c047c7c64347: attributed to 001697; 0.3 s; peak memory 721 MiB.
2026-10-02T13:40:47Z INFO [5638/5769] fd2a04e7-dcc9-4ba8-a049-1a2324ef676d: attributed to 001697; 0.3 s; peak memory 721 MiB.
2026-10-02T13:40:47Z INFO [5639/5769] fd34b07b-6f29-48b2-b2f9-506848cf1d7b: attributed to 000946; 0.1 s; peak memory 721 MiB.
2026-10-02T13:40:47Z INFO [5640/5769] fd38c73a-869d-4fa3-b43c-fcd720b4d7a0: attributed to 001697; 0.0 s; peak memory 721 MiB.
2026-10-02T13:40:47Z INFO [5641/5769] fd3a2888-a873-4ec6-b9db-d296dc968ae8: attributed to 001697; 0.0 s; peak memory 721 MiB.
2026-10-02T13:40:47Z INFO [5642/5769] fd3f99c6-23fb-4bd1-8679-71e9b62a116a: attributed to 000026; 0.1 s; peak memory 721 MiB.
2026-10-02T13:40:47Z INFO [5643/5769] fd41c401-2c3a-402a-8549-555649c68ece: attributed to 000570; 0.0 s; peak memory 721 MiB.
2026-10-02T13:40:47Z INFO [5644/5769] fd421910-0b62-4783-b99e-bc7d990f6a1f: attributed to 001697; 0.3 s; peak memory 721 MiB.
2026-10-02T13:40:47Z INFO [5645/5769] fd43ebae-4ac7-4abb-bdf1-cc96cbd37885: attributed to 000026; 0.2 s; peak memory 721 MiB.
2026-10-02T13:40:47Z INFO [5646/5769] fd45593d-0fe3-44ab-ab7e-e07a49ecf012: attributed to 001697; 0.0 s; peak memory 721 MiB.
2026-10-02T13:40:47Z INFO [5647/5769] fd6e6706-a79e-4bc1-a843-f8af534ce9f2: attributed to 001697; 0.0 s; peak memory 721 MiB.
2026-10-02T13:40:47Z INFO [5648/5769] fd80eb1b-1f18-4faa-9697-cebb2fb5b5c8: attributed to 000403; 0.0 s; peak memory 721 MiB.
2026-10-02T13:40:47Z INFO [5649/5769] fd80eca4-a6fd-408c-a0a0-373acef41e2c: attributed to 000946; 0.1 s; peak memory 721 MiB.
2026-10-02T13:40:47Z INFO [5650/5769] fd8b838d-4760-4a81-8337-788ca078a66f: attributed to 001697; 0.0 s; peak memory 721 MiB.
2026-10-02T13:40:49Z INFO [5650/5769] fd8b838d-4760-4a81-8337-788ca078a66f: checkpointed 506570 records.
2026-10-02T13:40:49Z INFO [5651/5769] fd8b9454-43b5-4870-a432-6efc9822ffea: attributed to 000109; 0.0 s; peak memory 721 MiB.
2026-10-02T13:40:49Z INFO [5652/5769] fd8be2fe-4125-49e5-938c-b44433567b51: attributed to 001697; 0.4 s; peak memory 721 MiB.
2026-10-02T13:40:49Z INFO [5653/5769] fd8eab33-d36e-4bca-b451-7160cffba13b: attributed to 001697; 0.0 s; peak memory 721 MiB.
2026-10-02T13:40:49Z INFO [5654/5769] fd962ad1-c706-4a92-a5d0-661a9d4024da: attributed to 000946; 0.1 s; peak memory 721 MiB.
2026-10-02T13:40:49Z INFO [5655/5769] fd9c6dbd-cdfa-4e53-83ea-f01db07ca469: attributed to 000026; 0.1 s; peak memory 721 MiB.
2026-10-02T13:40:49Z INFO [5656/5769] fda1f878-c6aa-4646-8080-60c166b4515e: attributed to 001697; 0.0 s; peak memory 721 MiB.
2026-10-02T13:40:49Z INFO [5657/5769] fda741e0-2418-42e5-9bc5-c46ce53bdc5d: attributed to 001697; 0.3 s; peak memory 721 MiB.
2026-10-02T13:40:50Z INFO [5658/5769] fda8317f-ac0a-4455-a30a-3db158b46ddd: attributed to 001697; 0.3 s; peak memory 721 MiB.
2026-10-02T13:40:50Z INFO [5659/5769] fdad986e-f080-41f7-90cd-efd0de22ccd4: attributed to 000142; 0.0 s; peak memory 721 MiB.
2026-10-02T13:40:50Z INFO [5660/5769] fdb02582-da33-4c79-bd4b-0424535c1606: attributed to 000026; 0.3 s; peak memory 721 MiB.
2026-10-02T13:40:50Z INFO [5661/5769] fdb3b2b2-4cd0-4103-95ef-2442828b04a7: attributed to 001697; 0.3 s; peak memory 721 MiB.
2026-10-02T13:40:50Z INFO [5662/5769] fdb759cf-937e-4fbb-85fa-44d55387ef71: attributed to 000026; 0.1 s; peak memory 721 MiB.
2026-10-02T13:40:51Z INFO [5663/5769] fdbe8a6d-a53a-48a8-b45e-b9eb756b95b9: attributed to 001697; 0.3 s; peak memory 721 MiB.
2026-10-02T13:40:51Z INFO [5664/5769] fdc0a470-979a-42bc-beeb-bb7ad9c73afc: attributed to 001697; 0.0 s; peak memory 721 MiB.
2026-10-02T13:40:51Z INFO [5665/5769] fdcc0613-8633-4ea7-ab32-6fae45eaf9b2: attributed to 000209; 0.0 s; peak memory 721 MiB.
2026-10-02T13:40:51Z INFO [5666/5769] fdcdd25a-f5e5-4f4b-bcc4-625de8e64b19: attributed to 001697; 0.3 s; peak memory 721 MiB.
2026-10-02T13:40:51Z INFO [5667/5769] fdd31bd3-2620-42b3-bc8d-60fba871c6bb: attributed to 001697; 0.3 s; peak memory 721 MiB.
2026-10-02T13:40:51Z INFO [5668/5769] fdd7b7cf-078c-4fdc-bee8-677467d75d18: attributed to 000293; 0.0 s; peak memory 721 MiB.
2026-10-02T13:40:51Z INFO [5669/5769] fdda4247-e935-4d2e-9a6e-ac4eafd6057f: attributed to 001697; 0.0 s; peak memory 721 MiB.
2026-10-02T13:40:52Z INFO [5670/5769] fddd4caf-8726-4022-ac78-3f36d573b16d: attributed to 001697; 0.3 s; peak memory 721 MiB.
2026-10-02T13:40:52Z INFO [5671/5769] fddddffe-de9b-4a6d-a574-100b0b591c9d: attributed to 001697; 0.3 s; peak memory 721 MiB.
2026-10-02T13:40:52Z INFO [5672/5769] fde27a23-14cd-4c72-9910-861e08cea83e: attributed to 001697; 0.0 s; peak memory 721 MiB.
2026-10-02T13:40:52Z INFO [5673/5769] fde4cf15-0ca4-443d-ae67-8005dc765130: attributed to 000026; 0.1 s; peak memory 721 MiB.
2026-10-02T13:40:52Z INFO [5674/5769] fde90c71-66e6-46a9-96bb-c4182d2db67c: attributed to 001697; 0.0 s; peak memory 721 MiB.
2026-10-02T13:40:52Z INFO [5675/5769] fdf18716-bf00-47e5-baa0-bd62ed3dc50f: attributed to 000026; 0.2 s; peak memory 721 MiB.
2026-10-02T13:40:52Z INFO [5676/5769] fdf597fa-b059-418d-b967-c7af50782b9b: attributed to 000568; 0.1 s; peak memory 721 MiB.
2026-10-02T13:40:52Z INFO [5677/5769] fdf74f9b-d41a-4888-9b12-c3914d7664ae: attributed to 001697; 0.0 s; peak memory 721 MiB.
2026-10-02T13:40:53Z INFO [5678/5769] fdf77a27-008a-4bca-8a0e-a9af99b42cef: attributed to 000026; 0.1 s; peak memory 721 MiB.
2026-10-02T13:40:53Z INFO [5679/5769] fdfdb5d0-5c07-4bc2-acca-ae835b0ecbce: attributed to 000142; 0.0 s; peak memory 721 MiB.
2026-10-02T13:40:53Z INFO [5680/5769] fe0068a9-9e1f-4707-9445-c0d523cf1cd7: attributed to 001858; 0.0 s; peak memory 721 MiB.
2026-10-02T13:40:53Z INFO [5681/5769] fe01ebc8-b95c-4be1-b4f8-4ad27bc52ab6: attributed to 001258; 0.0 s; peak memory 721 MiB.
2026-10-02T13:40:53Z INFO [5682/5769] fe025e40-3d31-42ea-9b99-59a1744c07b5: attributed to 000026; 0.1 s; peak memory 721 MiB.
2026-10-02T13:40:53Z INFO [5683/5769] fe059123-f8d4-412a-bc1e-b650ab5ff7c9: attributed to 001697; 0.3 s; peak memory 721 MiB.
2026-10-02T13:40:53Z INFO [5684/5769] fe07d048-3f0f-4201-a9a8-139891c770c8: attributed to 000026; 0.1 s; peak memory 721 MiB.
2026-10-02T13:40:53Z INFO [5685/5769] fe08a41b-7b7f-4d7a-a246-fb0ce72eeb24: attributed to 001697; 0.3 s; peak memory 721 MiB.
2026-10-02T13:40:54Z INFO [5686/5769] fe14b738-8e5b-44ce-a5ed-3eb936a70419: attributed to 001697; 0.3 s; peak memory 721 MiB.
2026-10-02T13:40:54Z INFO [5687/5769] fe160a3c-4aa7-4420-be96-85c215085de7: attributed to 000026; 0.1 s; peak memory 721 MiB.
2026-10-02T13:40:54Z INFO [5688/5769] fe19ec0e-9ae3-4fdb-9131-8c2aa80fb070: attributed to 001697; 0.0 s; peak memory 721 MiB.
2026-10-02T13:40:54Z INFO [5689/5769] fe231072-15bd-42a1-a52e-40649a63d7d6: attributed to 001697; 0.0 s; peak memory 721 MiB.
2026-10-02T13:40:54Z INFO [5690/5769] fe28ccb3-e5c4-423c-b4c8-97de597af30a: attributed to 001697; 0.3 s; peak memory 721 MiB.
2026-10-02T13:40:54Z INFO [5691/5769] fe29d8f8-5aac-4717-babd-699c9f553200: attributed to 001697; 0.0 s; peak memory 721 MiB.
2026-10-02T13:40:54Z INFO [5692/5769] fe2b2e69-be81-496a-9df2-c4076f0037ad: attributed to 000026; 0.2 s; peak memory 721 MiB.
2026-10-02T13:40:54Z INFO [5693/5769] fe2e4abf-d6eb-4695-a460-abd9ff8a9739: attributed to 000026; 0.1 s; peak memory 721 MiB.
2026-10-02T13:40:55Z INFO [5694/5769] fe32ac12-96e8-450d-84f9-e76c4f18760e: attributed to 000946; 0.1 s; peak memory 721 MiB.
2026-10-02T13:40:55Z INFO [5695/5769] fe33100b-c594-4bdf-aff3-49fd6869daf0: attributed to 001697; 0.3 s; peak memory 721 MiB.
2026-10-02T13:40:55Z INFO [5696/5769] fe3d7069-625d-4e07-b93b-420cbb924efc: attributed to 001697; 0.0 s; peak memory 721 MiB.
2026-10-02T13:40:55Z INFO [5697/5769] fe3ece89-bf90-4eab-ac4d-81721e271976: attributed to 000142; 0.0 s; peak memory 721 MiB.
2026-10-02T13:40:55Z INFO [5698/5769] fe3f1b65-f1de-453b-bb2d-75079c3c8d7b: attributed to 000209; 0.0 s; peak memory 721 MiB.
2026-10-02T13:40:55Z INFO [5699/5769] fe417cc3-a674-4bbc-a5c3-9299b7c64752: attributed to 000109; 0.0 s; peak memory 721 MiB.
2026-10-02T13:40:55Z INFO [5700/5769] fe44bff8-95ae-4e42-b315-c5a457013901: attributed to 000142; 0.0 s; peak memory 721 MiB.
2026-10-02T13:40:56Z INFO [5700/5769] fe44bff8-95ae-4e42-b315-c5a457013901: checkpointed 506570 records.
2026-10-02T13:40:56Z INFO [5701/5769] fe4535a5-9afc-4bde-96f5-5a44b4bbd6b1: attributed to 001697; 0.0 s; peak memory 721 MiB.
2026-10-02T13:40:56Z INFO [5702/5769] fe5022be-2d3b-4ea1-b3a5-9cf5c9491025: attributed to 001697; 0.0 s; peak memory 721 MiB.
2026-10-02T13:40:56Z INFO [5703/5769] fe514470-af3d-46d1-aa0c-2978e5e833bb: attributed to 001697; 0.0 s; peak memory 721 MiB.
2026-10-02T13:40:56Z INFO [5704/5769] fe52c8c7-9cbb-46a6-bbc6-e36f1f031594: attributed to 001873; 0.4 s; peak memory 721 MiB.
2026-10-02T13:40:56Z INFO [5705/5769] fe7c4e19-7b9c-4dba-81e9-64c1e9df4689: attributed to 001858; 0.0 s; peak memory 721 MiB.
2026-10-02T13:40:56Z INFO [5706/5769] fe7fd2fc-9844-4c6a-8c53-1dfe2db3243b: attributed to 001697; 0.0 s; peak memory 721 MiB.
2026-10-02T13:40:56Z INFO [5707/5769] fe840abb-2f8b-4bc4-a572-9a8c640238af: attributed to 000026; 0.1 s; peak memory 721 MiB.
2026-10-02T13:40:57Z INFO [5708/5769] fe8aefc2-5b3d-4943-99b6-e2825084b0ef: attributed to 000571; 0.1 s; peak memory 721 MiB.
2026-10-02T13:40:57Z INFO [5709/5769] fe8c1d78-ce8a-4a45-919c-37bbf7578c25: attributed to 000109; 0.0 s; peak memory 721 MiB.
2026-10-02T13:40:57Z INFO [5710/5769] fe98b47d-4c45-46c0-a05f-2840b8dbe92a: attributed to 000026; 0.1 s; peak memory 721 MiB.
2026-10-02T13:40:57Z INFO [5711/5769] fe9ad663-8295-4d09-9c53-fcdf8ff14321: attributed to 000142; 0.0 s; peak memory 721 MiB.
2026-10-02T13:40:57Z INFO [5712/5769] fe9c9ab7-4464-4742-afb5-28f5ecd0bd5d: attributed to 001697; 0.3 s; peak memory 721 MiB.
2026-10-02T13:40:57Z INFO [5713/5769] fe9da23d-77b9-4f6e-9106-3b3dd65944eb: attributed to 000026; 0.1 s; peak memory 721 MiB.
2026-10-02T13:40:57Z INFO [5714/5769] fea7a042-956b-43e7-9843-13402ccba24c: attributed to 000142; 0.0 s; peak memory 721 MiB.
2026-10-02T13:40:57Z INFO [5715/5769] fea8c31f-5057-459a-8a6d-2d32f0b8c89b: attributed to 001697; 0.3 s; peak memory 721 MiB.
2026-10-02T13:40:57Z INFO [5716/5769] feaeb424-03e8-4a26-a1cc-fef49b073392: attributed to 000209; 0.0 s; peak memory 721 MiB.
2026-10-02T13:40:58Z INFO [5717/5769] feb24da1-c0bd-4cae-96b6-ff3d2e02cb0f: attributed to 000026; 0.2 s; peak memory 721 MiB.
2026-10-02T13:40:58Z INFO [5718/5769] feb502ce-394f-4ea4-a751-272b4abe37ae: attributed to 001697; 0.3 s; peak memory 721 MiB.
2026-10-02T13:40:58Z INFO [5719/5769] feba3ca5-145f-4847-ba1e-77be692d8eee: attributed to 001697; 0.4 s; peak memory 721 MiB.
2026-10-02T13:40:58Z INFO [5720/5769] fec20b71-d8fb-4e17-ae03-990724378d71: attributed to 001697; 0.0 s; peak memory 721 MiB.
2026-10-02T13:40:58Z INFO [5721/5769] fecdb40e-81ee-4a04-a076-e994d8edec12: attributed to 000109; 0.0 s; peak memory 721 MiB.
2026-10-02T13:40:58Z INFO [5722/5769] fece7fea-e223-4b6f-bc15-b1559e21c0f5: attributed to 000142; 0.0 s; peak memory 721 MiB.
2026-10-02T13:40:58Z INFO [5723/5769] fee78811-e28e-488c-9b58-dc1ed30424c1: attributed to 000946; 0.1 s; peak memory 721 MiB.
2026-10-02T13:40:58Z INFO [5724/5769] feeaee88-8cb3-4686-a29e-1d525b905e96: attributed to 001697; 0.0 s; peak memory 721 MiB.
2026-10-02T13:40:58Z INFO [5725/5769] feed4d93-2d1e-4fe1-84b6-40ed7d2fb653: attributed to 001697; 0.0 s; peak memory 721 MiB.
2026-10-02T13:40:58Z INFO [5726/5769] ff0dad65-80aa-4921-a82f-46becdcfd593: attributed to 000026; 0.1 s; peak memory 721 MiB.
2026-10-02T13:40:59Z INFO [5727/5769] ff0e1856-9ea8-4efd-acd7-5f9358d7806d: attributed to 001362; 0.2 s; peak memory 721 MiB.
2026-10-02T13:40:59Z INFO [5728/5769] ff1ae7e0-0cbd-47b2-b17e-bf8d56c60b9e: attributed to 001697; 0.0 s; peak memory 721 MiB.
2026-10-02T13:40:59Z INFO [5729/5769] ff27dcd6-2960-4a76-a9a1-d44e5a78db75: attributed to 001697; 0.0 s; peak memory 721 MiB.
2026-10-02T13:40:59Z INFO [5730/5769] ff27f5f3-d0de-449e-9bc6-c00010d241cd: attributed to 000946; 0.1 s; peak memory 721 MiB.
2026-10-02T13:40:59Z INFO [5731/5769] ff2ff764-a50e-47bd-a217-4bf583332f3c: attributed to 000946; 0.1 s; peak memory 721 MiB.
2026-10-02T13:40:59Z INFO [5732/5769] ff3e27d4-f3b8-4a6b-ae5f-dfec9d636ce9: attributed to 001697; 0.3 s; peak memory 721 MiB.
2026-10-02T13:40:59Z INFO [5733/5769] ff401812-0a31-4bfc-a006-9f25eca9ada7: attributed to 000173; 0.1 s; peak memory 721 MiB.
2026-10-02T13:40:59Z INFO [5734/5769] ff40475a-f9ee-41fb-9a3c-9dda5ce641cf: attributed to 000026; 0.2 s; peak memory 721 MiB.
2026-10-02T13:41:00Z INFO [5735/5769] ff40e34f-3ea6-4da6-aea6-45657163f6eb: attributed to 001697; 0.3 s; peak memory 721 MiB.
2026-10-02T13:41:00Z INFO [5736/5769] ff482535-70f8-40b0-86c0-883d5cbcf8ce: attributed to 001697; 0.3 s; peak memory 721 MiB.
2026-10-02T13:41:00Z INFO [5737/5769] ff4946b7-4905-43dd-b8b2-78ca1437929b: attributed to 001697; 0.0 s; peak memory 721 MiB.
2026-10-02T13:41:00Z INFO [5738/5769] ff4a3d0f-6195-4abd-8543-039cd462b3fa: attributed to 000946; 0.1 s; peak memory 721 MiB.
2026-10-02T13:41:00Z INFO [5739/5769] ff4b2bca-7c86-4796-a3b8-fe8bb53fa168: attributed to 001063; 0.1 s; peak memory 721 MiB.
2026-10-02T13:41:00Z INFO [5740/5769] ff4b88c2-0146-4401-a3ac-b18f5e73a1cb: attributed to 000026; 0.1 s; peak memory 721 MiB.
2026-10-02T13:41:01Z INFO [5741/5769] ff4f0021-8fba-4eae-b5e2-3d350d314c44: attributed to 001449; 0.3 s; peak memory 721 MiB.
2026-10-02T13:41:01Z INFO [5742/5769] ff58c7ec-29e6-4437-bd6a-dc57782907bb: attributed to 001697; 0.3 s; peak memory 721 MiB.
2026-10-02T13:41:01Z INFO [5743/5769] ff679b31-97cd-482b-b36a-eb4b8316b54c: attributed to 001697; 0.0 s; peak memory 721 MiB.
2026-10-02T13:41:02Z INFO [5744/5769] ff67fc64-0d79-4dc5-824a-1c5c5163a451: attributed to 001697; 0.9 s; peak memory 721 MiB.
2026-10-02T13:41:02Z INFO [5745/5769] ff6cc1c8-7e44-4096-9a86-59e2cb463d27: attributed to 000142; 0.0 s; peak memory 721 MiB.
2026-10-02T13:41:02Z INFO [5746/5769] ff6e74a1-c45f-40e7-967d-2223c05890a8: attributed to 001697; 0.0 s; peak memory 721 MiB.
2026-10-02T13:41:02Z INFO [5747/5769] ff722b2e-ff66-4035-b4cb-9cb6e9b9d5a9: attributed to 000026; 0.2 s; peak memory 721 MiB.
2026-10-02T13:41:02Z INFO [5748/5769] ff79b7d4-8fa4-4913-9869-dea4db3d55e5: attributed to 001873; 0.4 s; peak memory 721 MiB.
2026-10-02T13:41:03Z INFO [5749/5769] ff81c8e4-7a98-458d-a92e-b5dbb3e6ffbe: attributed to 000026; 0.1 s; peak memory 721 MiB.
2026-10-02T13:41:03Z INFO [5750/5769] ff8244e1-487f-4862-b5fa-016a2630d4cb: attributed to 001697; 0.0 s; peak memory 721 MiB.
2026-10-02T13:41:04Z INFO [5750/5769] ff8244e1-487f-4862-b5fa-016a2630d4cb: checkpointed 506570 records.
2026-10-02T13:41:04Z INFO [5751/5769] ff888fff-45c0-4fcb-a4a1-836d32b4fa93: attributed to 001697; 0.0 s; peak memory 721 MiB.
2026-10-02T13:41:04Z INFO [5752/5769] ff96d562-f3be-4694-9cb8-74120df6d6d5: attributed to 000026; 0.2 s; peak memory 721 MiB.
2026-10-02T13:41:04Z INFO [5753/5769] ff9a6692-f670-400a-9da6-dc8bbffde09a: attributed to 000293; 0.0 s; peak memory 721 MiB.
2026-10-02T13:41:04Z INFO [5754/5769] ff9f51a8-1ad0-4627-ae15-2c7bf59dc4cf: attributed to 000946; 0.1 s; peak memory 721 MiB.
2026-10-02T13:41:04Z INFO [5755/5769] ffa93f76-f20b-40c3-bea3-98a927dba499: attributed to 001697; 0.0 s; peak memory 721 MiB.
2026-10-02T13:41:04Z INFO [5756/5769] ffab6445-49dc-49ab-aa49-5983044a5d70: attributed to 000026; 0.1 s; peak memory 721 MiB.
2026-10-02T13:41:04Z INFO [5757/5769] ffaeb22d-405d-4ac7-ad28-dd0d254d8440: attributed to 001697; 0.3 s; peak memory 721 MiB.
2026-10-02T13:41:04Z INFO [5758/5769] ffb09706-6622-4492-ab7e-27f3bab0e328: attributed to 001258; 0.0 s; peak memory 721 MiB.
2026-10-02T13:41:05Z INFO [5759/5769] ffb38394-c6d9-4329-af57-37534fc6c326: attributed to 001697; 0.3 s; peak memory 721 MiB.
2026-10-02T13:41:05Z INFO [5760/5769] ffb9e1c5-45a1-4973-a1ff-a0a20a7132b0: attributed to 001697; 0.0 s; peak memory 721 MiB.
2026-10-02T13:41:05Z INFO [5761/5769] ffbcf05b-1a78-4a14-82cf-5f349a5c81b8: attributed to 001449; 0.1 s; peak memory 721 MiB.
2026-10-02T13:41:05Z INFO [5762/5769] ffc857ec-27e2-4bff-ac87-468eb0d93920: attributed to 000109; 0.0 s; peak memory 721 MiB.
2026-10-02T13:41:05Z INFO [5763/5769] ffda33a1-277a-4e05-81c6-ae3d5175f9da: attributed to 000026; 0.1 s; peak memory 721 MiB.
2026-10-02T13:41:05Z INFO [5764/5769] ffddac21-d72e-415e-bf22-1883ff6921aa: attributed to 001697; 0.3 s; peak memory 721 MiB.
2026-10-02T13:41:05Z INFO [5765/5769] ffdf5939-43e7-49a1-9e0d-577c0830527a: attributed to 001697; 0.3 s; peak memory 721 MiB.
2026-10-02T13:41:05Z INFO [5766/5769] ffe27f3a-41c9-4e20-8614-fef2bb07dedf: attributed to 000109; 0.0 s; peak memory 721 MiB.
2026-10-02T13:41:05Z INFO [5767/5769] ffed7e9f-1824-4cb6-8c93-5612b9a4d3e4: attributed to 001697; 0.0 s; peak memory 721 MiB.
2026-10-02T13:41:05Z INFO [5768/5769] fffbb886-3a41-49be-b377-ec37b77b0fa8: attributed to 001697; 0.0 s; peak memory 721 MiB.
2026-10-02T13:41:06Z INFO [5769/5769] fffc03ed-7292-443f-827f-32f124631035: attributed to 001873; 0.4 s; peak memory 721 MiB.
2026-10-02T13:41:07Z INFO Wrote 506570 records to /tmp/derivatives/content_id_to_usage_dandiset_path.jsonl (5769 new, 0 failed) in 33.7 min (peak memory 721 MiB).
2026-10-02T13:41:07Z INFO Resolved 5769 ambiguous content IDs; 11756 of 11756 are now current, leaving 0 for later runs.
