2026-09-30T10:03:38Z INFO Logging to /tmp/logs/update_2026-09-30T10-03-38Z.log.
2026-09-30T10:03:38Z INFO Update content-id-to-usage-dandiset-path (base directory /tmp).
2026-09-30T10:03:40Z INFO 463132 content IDs are already unique; 11728 need a heuristic.
2026-09-30T10:03:41Z INFO Fetching creation times for 63 dandisets from S3.
2026-09-30T10:03:41Z INFO Resolved 63 dandiset creation times.
2026-09-30T10:03:42Z INFO Processing 2000 items (474823 already recorded).
2026-09-30T10:03:49Z INFO [1/2000] 030b0a5d-adb1-4444-bb96-f1776118611d: attributed to 001697; 6.5 s; peak memory 662 MiB.
2026-09-30T10:03:49Z INFO [2/2000] 2de03128-6981-4a0d-b806-296cff0d3bcd: attributed to 001697; 0.4 s; peak memory 662 MiB.
2026-09-30T10:03:49Z INFO [3/2000] 2dea5149-9257-469b-a9c9-09bd3b8f29fa: attributed to 001697; 0.3 s; peak memory 662 MiB.
2026-09-30T10:03:50Z INFO [4/2000] 2e0fa154-1673-4ff8-a525-f0314b3f2d14: attributed to 001697; 0.2 s; peak memory 662 MiB.
2026-09-30T10:03:50Z INFO [5/2000] 2e1b1a6a-e79e-4486-ba2d-fc061ee8ac17: attributed to 001697; 0.2 s; peak memory 662 MiB.
2026-09-30T10:03:50Z INFO [6/2000] 2e1c3ad4-eb99-4488-bcf3-bd384580a674: attributed to 000403; 0.0 s; peak memory 662 MiB.
2026-09-30T10:03:50Z INFO [7/2000] 2e2043f8-d1c0-4517-97b7-f8b724ea6c64: attributed to 001697; 0.4 s; peak memory 662 MiB.
2026-09-30T10:03:50Z INFO [8/2000] 2e21bb89-7c01-4ac3-a903-9aa6ffeb2bab: attributed to 000209; 0.0 s; peak memory 662 MiB.
2026-09-30T10:03:50Z INFO [9/2000] 2e2f1d57-7f27-48b5-a6b4-542f291c3397: attributed to 000142; 0.0 s; peak memory 662 MiB.
2026-09-30T10:03:50Z INFO [10/2000] 2e317453-c719-4e47-a5c0-fd00a36d224b: attributed to 001697; 0.0 s; peak memory 662 MiB.
2026-09-30T10:03:51Z INFO [11/2000] 2e31f73e-52c0-4188-be9d-38bd02a4ea6e: attributed to 000026; 1.1 s; peak memory 662 MiB.
2026-09-30T10:03:51Z INFO [12/2000] 2e33f52c-0652-4dbd-b95e-e17011c579cc: attributed to 000109; 0.0 s; peak memory 662 MiB.
2026-09-30T10:03:51Z INFO [13/2000] 2e3c502a-7b67-43cf-9f47-dcef7dfb27d3: attributed to 000026; 0.1 s; peak memory 662 MiB.
2026-09-30T10:03:51Z INFO [14/2000] 2e3e4f9d-2c6f-442c-ab6d-ff3d817203b3: attributed to 000026; 0.1 s; peak memory 662 MiB.
2026-09-30T10:03:51Z INFO [15/2000] 2e3fd4a3-7144-4e80-9b58-b7cf86561ae3: attributed to 001697; 0.0 s; peak memory 662 MiB.
2026-09-30T10:03:51Z INFO [16/2000] 2e47b888-e8db-49f0-8cba-c22041a5995e: attributed to 001697; 0.0 s; peak memory 662 MiB.
2026-09-30T10:03:51Z INFO [17/2000] 2e560e81-d1c2-4400-ad9b-532fae8ba889: attributed to 001697; 0.0 s; peak memory 662 MiB.
2026-09-30T10:03:51Z INFO [18/2000] 2e57a337-a683-49ed-833c-e1b0e4286390: attributed to 000142; 0.0 s; peak memory 662 MiB.
2026-09-30T10:03:52Z INFO [19/2000] 2e5c7cad-b7ba-4528-9d6c-5e2afc633405: attributed to 001697; 0.5 s; peak memory 662 MiB.
2026-09-30T10:03:52Z INFO [20/2000] 2e641dd9-c0c8-47ba-9a4e-4d075d86648a: attributed to 001697; 0.0 s; peak memory 662 MiB.
2026-09-30T10:03:52Z INFO [21/2000] 2e6977f4-9bef-44b0-90ed-debe7065eade: attributed to 001697; 0.5 s; peak memory 662 MiB.
2026-09-30T10:03:52Z INFO [22/2000] 2e709733-96a1-4b7e-977d-d2c5f55ffd6f: attributed to 000109; 0.0 s; peak memory 662 MiB.
2026-09-30T10:03:53Z INFO [23/2000] 2e7857da-2138-4d69-a9d1-77ae1ac2629a: attributed to 001697; 0.3 s; peak memory 662 MiB.
2026-09-30T10:03:53Z INFO [24/2000] 2e820d08-8788-4c20-9343-6db1a8047d67: attributed to 000026; 0.1 s; peak memory 662 MiB.
2026-09-30T10:03:53Z INFO [25/2000] 2e827a76-56bc-4d3c-9968-4ad5f2197f3d: attributed to 001697; 0.0 s; peak memory 662 MiB.
2026-09-30T10:03:53Z INFO [26/2000] 2e85e037-5381-4793-9f56-01d59a06d78b: attributed to 001697; 0.0 s; peak memory 662 MiB.
2026-09-30T10:03:53Z INFO [27/2000] 2e90f74e-b108-462f-8abb-1c171abd1702: attributed to 001697; 0.2 s; peak memory 662 MiB.
2026-09-30T10:03:53Z INFO [28/2000] 2e98377c-e739-4729-8bb2-761a167e1b79: attributed to 000142; 0.0 s; peak memory 662 MiB.
2026-09-30T10:03:53Z INFO [29/2000] 2eaa029b-1d16-40d7-be66-9df05d58829e: attributed to 000026; 0.1 s; peak memory 662 MiB.
2026-09-30T10:03:53Z INFO [30/2000] 2eaf6fc2-54f5-4a30-9567-7df0d1d5434a: attributed to 001697; 0.3 s; peak memory 662 MiB.
2026-09-30T10:03:54Z INFO [31/2000] 2ebb03f7-2994-4f6c-b70d-9c8d53f711c2: attributed to 000946; 0.1 s; peak memory 662 MiB.
2026-09-30T10:03:54Z INFO [32/2000] 2ebf5fa1-8f93-40b8-9118-930bdcdd6a22: attributed to 000572; 0.1 s; peak memory 662 MiB.
2026-09-30T10:03:54Z INFO [33/2000] 2ec2741c-fced-4ac8-a44f-55625fd2fbea: attributed to 000026; 0.0 s; peak memory 662 MiB.
2026-09-30T10:03:54Z INFO [34/2000] 2ec5f4f1-b61c-486a-9bb1-ead02c180c8a: attributed to 001697; 0.4 s; peak memory 662 MiB.
2026-09-30T10:03:54Z INFO [35/2000] 2ec81f40-98f5-4b08-ae6a-b8b2ce650e2f: attributed to 000026; 0.1 s; peak memory 662 MiB.
2026-09-30T10:03:54Z INFO [36/2000] 2ed366c9-d409-413b-b375-8d5572329cd7: attributed to 001697; 0.3 s; peak memory 662 MiB.
2026-09-30T10:03:55Z INFO [37/2000] 2ed4638f-dfbd-440e-909a-368cec20927f: attributed to 001697; 0.2 s; peak memory 662 MiB.
2026-09-30T10:03:55Z INFO [38/2000] 2edb07b6-9693-4bed-b913-1ec7ff15df0c: attributed to 000026; 0.1 s; peak memory 662 MiB.
2026-09-30T10:03:55Z INFO [39/2000] 2ede5eed-f62b-44bb-884f-9e278ee81cd9: attributed to 001697; 0.0 s; peak memory 662 MiB.
2026-09-30T10:03:55Z INFO [40/2000] 2eec515b-56ea-42a2-9de2-784f1a03daab: attributed to 001697; 0.0 s; peak memory 662 MiB.
2026-09-30T10:03:55Z INFO [41/2000] 2eed9470-d42a-4cb0-a0b6-033ebd019230: attributed to 001697; 0.0 s; peak memory 662 MiB.
2026-09-30T10:03:55Z INFO [42/2000] 2ef4c33c-a379-4c32-b94d-f0289b828705: attributed to 000026; 0.0 s; peak memory 662 MiB.
2026-09-30T10:03:55Z INFO [43/2000] 2ef8ee4d-ab2e-4a78-a95e-1bdfc79577fd: attributed to 001697; 0.0 s; peak memory 662 MiB.
2026-09-30T10:03:55Z INFO [44/2000] 2efba28c-9e30-4361-9a1e-dedeacd1db37: attributed to 001697; 0.2 s; peak memory 662 MiB.
2026-09-30T10:03:55Z INFO [45/2000] 2f029752-c9ac-471b-a78a-ac6aef53cea2: attributed to 000570; 0.0 s; peak memory 662 MiB.
2026-09-30T10:03:55Z INFO [46/2000] 2f04f1ca-7ff8-49a4-ab0f-22adfe710583: attributed to 001697; 0.0 s; peak memory 662 MiB.
2026-09-30T10:03:55Z INFO [47/2000] 2f073ed6-d84d-4937-a115-0a4f4c47fd90: attributed to 000142; 0.0 s; peak memory 662 MiB.
2026-09-30T10:03:55Z INFO [48/2000] 2f14b58d-80be-44c3-9a24-8644a57756f9: attributed to 000231; 0.1 s; peak memory 662 MiB.
2026-09-30T10:03:55Z INFO [49/2000] 2f153b55-63a7-40ee-9431-144b8c1817d9: attributed to 001449; 0.1 s; peak memory 662 MiB.
2026-09-30T10:03:55Z INFO [50/2000] 2f20cc29-426d-45ed-9318-9f378f07852b: attributed to 001697; 0.0 s; peak memory 662 MiB.
2026-09-30T10:03:57Z INFO [50/2000] 2f20cc29-426d-45ed-9318-9f378f07852b: checkpointed 474823 records.
2026-09-30T10:03:57Z INFO [51/2000] 2f2462e2-6a3f-4768-b07d-38a29469a259: attributed to 000173; 0.1 s; peak memory 666 MiB.
2026-09-30T10:03:57Z INFO [52/2000] 2f325e86-8180-4048-9803-56b02baa121c: attributed to 001697; 0.0 s; peak memory 666 MiB.
2026-09-30T10:03:57Z INFO [53/2000] 2f3625c9-8936-45bf-9930-468df8a0db16: attributed to 001697; 0.2 s; peak memory 666 MiB.
2026-09-30T10:03:57Z INFO [54/2000] 2f38c5f3-4466-4f12-b795-bb12ea1988c9: attributed to 001697; 0.2 s; peak memory 666 MiB.
2026-09-30T10:03:57Z INFO [55/2000] 2f3dc906-5bd2-4658-8e0e-4a92ab81d556: attributed to 001449; 0.1 s; peak memory 666 MiB.
2026-09-30T10:03:57Z INFO [56/2000] 2f5014a7-859f-4a2c-a4ab-b5bfbd864938: attributed to 001697; 0.0 s; peak memory 666 MiB.
2026-09-30T10:03:57Z INFO [57/2000] 2f53ff2a-ef0a-4978-a867-1a37aeca2cef: attributed to 001697; 0.0 s; peak memory 666 MiB.
2026-09-30T10:03:57Z INFO [58/2000] 2f587064-35db-4a41-9264-d7b9f62801dc: attributed to 001697; 0.2 s; peak memory 666 MiB.
2026-09-30T10:03:57Z INFO [59/2000] 2f58d14b-ea98-42f2-a88d-51467cc334ac: attributed to 001697; 0.0 s; peak memory 666 MiB.
2026-09-30T10:03:57Z INFO [60/2000] 2f59dcf1-9042-464c-9f69-9b7a8f1bac56: attributed to 000403; 0.0 s; peak memory 666 MiB.
2026-09-30T10:03:58Z INFO [61/2000] 2f67d75c-e006-4af4-b9f0-1de6e6ed7cd6: attributed to 001697; 0.3 s; peak memory 666 MiB.
2026-09-30T10:03:58Z INFO [62/2000] 2f6c63bb-a725-4dde-bebd-a187878ac111: attributed to 000570; 0.0 s; peak memory 666 MiB.
2026-09-30T10:03:58Z INFO [63/2000] 2f6df43b-eefa-4e2e-bacc-283eb5d55b25: attributed to 001697; 0.4 s; peak memory 666 MiB.
2026-09-30T10:03:58Z INFO [64/2000] 2f6e1829-9998-487e-8fa7-a4787c5fa5f5: attributed to 000026; 0.0 s; peak memory 666 MiB.
2026-09-30T10:03:58Z INFO [65/2000] 2f7021d2-ffab-46cd-bc91-93b90e3485c9: attributed to 000026; 0.1 s; peak memory 666 MiB.
2026-09-30T10:03:58Z INFO [66/2000] 2f75276a-8f23-471b-b34b-4cffd1af3a63: attributed to 001697; 0.2 s; peak memory 666 MiB.
2026-09-30T10:03:58Z INFO [67/2000] 2f7aa159-39d2-4d29-af30-8807b3b1970a: attributed to 000026; 0.1 s; peak memory 666 MiB.
2026-09-30T10:03:59Z INFO [68/2000] 2f7aecec-ef53-444a-a5e0-a7f862548a32: attributed to 001697; 0.3 s; peak memory 666 MiB.
2026-09-30T10:03:59Z INFO [69/2000] 2f7c9b82-d73e-4112-96a2-132c9f1a5c43: attributed to 000209; 0.0 s; peak memory 666 MiB.
2026-09-30T10:03:59Z INFO [70/2000] 2f802ff9-772a-4b5f-acef-e0c407c8da09: attributed to 001697; 0.0 s; peak memory 666 MiB.
2026-09-30T10:03:59Z INFO [71/2000] 2f830847-01b7-407d-8f3a-7d404bd15f28: attributed to 001697; 0.3 s; peak memory 666 MiB.
2026-09-30T10:03:59Z INFO [72/2000] 2f83abfd-bcee-470b-8b01-4ee86db38bfe: attributed to 001697; 0.0 s; peak memory 666 MiB.
2026-09-30T10:03:59Z INFO [73/2000] 2f8b63a2-5bc8-49c8-9f9c-318837dad17d: attributed to 001697; 0.4 s; peak memory 666 MiB.
2026-09-30T10:03:59Z INFO [74/2000] 2f8c60c7-737a-4747-a422-192ef3154261: attributed to 000946; 0.0 s; peak memory 666 MiB.
2026-09-30T10:04:00Z INFO [75/2000] 2f9305aa-6f94-4119-b979-164e427e0246: attributed to 001697; 0.6 s; peak memory 666 MiB.
2026-09-30T10:04:00Z INFO [76/2000] 2f95e164-0ffe-45a8-986a-129170d470ca: attributed to 001697; 0.2 s; peak memory 666 MiB.
2026-09-30T10:04:00Z INFO [77/2000] 2fa26666-efda-4b48-ab5f-a8886793e951: attributed to 001697; 0.0 s; peak memory 666 MiB.
2026-09-30T10:04:00Z INFO [78/2000] 2fa55177-521d-40a3-b008-5d59a5b4e73c: attributed to 000403; 0.0 s; peak memory 666 MiB.
2026-09-30T10:04:00Z INFO [79/2000] 2faaf496-43df-4d51-a772-3648f04cb8c5: attributed to 000026; 0.0 s; peak memory 666 MiB.
2026-09-30T10:04:01Z INFO [80/2000] 2facedb9-fde8-4a90-9ad6-bde9531cb951: attributed to 001697; 0.2 s; peak memory 666 MiB.
2026-09-30T10:04:01Z INFO [81/2000] 2faf2c5b-ba03-41ce-9094-82140024260d: attributed to 001697; 0.2 s; peak memory 666 MiB.
2026-09-30T10:04:01Z INFO [82/2000] 2fb52033-6d02-4dba-9334-70d33b65e4c5: attributed to 001697; 0.0 s; peak memory 666 MiB.
2026-09-30T10:04:01Z INFO [83/2000] 2fc1487d-f216-4e9e-8ee0-6b46880248a6: attributed to 001697; 0.2 s; peak memory 666 MiB.
2026-09-30T10:04:01Z INFO [84/2000] 2fc57b4e-f35d-45dd-a4db-3bdb8400836b: attributed to 001697; 0.2 s; peak memory 666 MiB.
2026-09-30T10:04:01Z INFO [85/2000] 2fcc8352-d37b-4938-ac20-6245255a3b29: attributed to 000142; 0.0 s; peak memory 666 MiB.
2026-09-30T10:04:01Z INFO [86/2000] 2fcdf423-bd49-401b-aad9-511f08fae58a: attributed to 001697; 0.0 s; peak memory 666 MiB.
2026-09-30T10:04:01Z INFO [87/2000] 2fcee357-ce48-4ec2-9ac2-e53b1b8d171d: attributed to 001697; 0.2 s; peak memory 666 MiB.
2026-09-30T10:04:02Z INFO [88/2000] 2fd7464f-5459-4c96-a938-27cf13f4d330: attributed to 000029; 0.1 s; peak memory 666 MiB.
2026-09-30T10:04:02Z INFO [89/2000] 2fd90b7e-ec48-4a52-9af6-cc9a4cec97c2: attributed to 001697; 0.0 s; peak memory 666 MiB.
2026-09-30T10:04:02Z INFO [90/2000] 2fe2be99-f9e5-41cf-93cb-b502955bec3a: attributed to 000026; 0.0 s; peak memory 666 MiB.
2026-09-30T10:04:02Z INFO [91/2000] 2fe62bcf-19df-4a9e-88ab-44adcf7170d5: attributed to 001697; 0.2 s; peak memory 666 MiB.
2026-09-30T10:04:02Z INFO [92/2000] 2feb4425-950d-499d-a82a-ad3bb20d9f04: attributed to 000142; 0.0 s; peak memory 666 MiB.
2026-09-30T10:04:02Z INFO [93/2000] 2ff991e0-cbed-4e2f-95e1-4f919209a99a: attributed to 000946; 0.0 s; peak memory 666 MiB.
2026-09-30T10:04:02Z INFO [94/2000] 3001ab17-7f99-400f-aa56-bb28032ce1ab: attributed to 001697; 0.0 s; peak memory 666 MiB.
2026-09-30T10:04:02Z INFO [95/2000] 30046e4c-b55d-42ec-980c-c8d16557ccce: attributed to 001697; 0.0 s; peak memory 666 MiB.
2026-09-30T10:04:02Z INFO [96/2000] 300559f7-4f2c-4453-966f-cabc2d50a700: attributed to 000026; 0.1 s; peak memory 666 MiB.
2026-09-30T10:04:02Z INFO [97/2000] 3007a577-2864-4b5d-af7a-f8e0c52286c9: attributed to 001697; 0.0 s; peak memory 666 MiB.
2026-09-30T10:04:02Z INFO [98/2000] 3010bc9a-f7dc-4702-ba8e-839620c1bb52: attributed to 001697; 0.0 s; peak memory 666 MiB.
2026-09-30T10:04:02Z INFO [99/2000] 3011494c-be70-4989-a564-abc03c65e2cd: attributed to 001697; 0.4 s; peak memory 666 MiB.
2026-09-30T10:04:03Z INFO [100/2000] 30193bfc-b669-4e0b-b301-d1738789d922: attributed to 001697; 0.4 s; peak memory 666 MiB.
2026-09-30T10:04:04Z INFO [100/2000] 30193bfc-b669-4e0b-b301-d1738789d922: checkpointed 474823 records.
2026-09-30T10:04:04Z INFO [101/2000] 30196c04-073c-4059-983c-84228ad4b1d6: attributed to 001697; 0.0 s; peak memory 666 MiB.
2026-09-30T10:04:05Z INFO [102/2000] 30266115-498a-4d1d-919d-d7fb76c219d4: attributed to 000403; 0.6 s; peak memory 666 MiB.
2026-09-30T10:04:05Z INFO [103/2000] 302728e7-ecbc-48d8-bf3f-78dd2944e0df: attributed to 000026; 0.0 s; peak memory 666 MiB.
2026-09-30T10:04:05Z INFO [104/2000] 302de564-bb86-4674-8233-830ca580e409: attributed to 001063; 0.1 s; peak memory 666 MiB.
2026-09-30T10:04:05Z INFO [105/2000] 3035f8b0-34e5-4da2-a9da-0ccf0964b2b9: attributed to 000026; 0.0 s; peak memory 666 MiB.
2026-09-30T10:04:05Z INFO [106/2000] 30379edd-4d6a-4a3b-85b8-54d668241fff: attributed to 001697; 0.5 s; peak memory 666 MiB.
2026-09-30T10:04:05Z INFO [107/2000] 3039a35f-0b02-4350-97df-8aaa8f50ae3d: attributed to 000026; 0.1 s; peak memory 666 MiB.
2026-09-30T10:04:06Z INFO [108/2000] 304145ad-6a5b-4313-aa03-50f2cf1a2021: attributed to 000026; 0.1 s; peak memory 666 MiB.
2026-09-30T10:04:06Z INFO [109/2000] 30461416-a690-45b3-9375-5d3fcbeb09b0: attributed to 000570; 0.0 s; peak memory 666 MiB.
2026-09-30T10:04:06Z INFO [110/2000] 304670e3-2dd5-43d8-aa02-cebd8a4f2d09: attributed to 000026; 0.0 s; peak memory 666 MiB.
2026-09-30T10:04:06Z INFO [111/2000] 30468a73-7b45-43d9-90b2-07daa9b0b139: attributed to 001697; 0.0 s; peak memory 666 MiB.
2026-09-30T10:04:06Z INFO [112/2000] 3048e910-64e5-4a41-bd25-b463c0b6fd49: attributed to 001697; 0.0 s; peak memory 666 MiB.
2026-09-30T10:04:06Z INFO [113/2000] 304a0048-7192-4f3c-8875-c52ae49ca688: attributed to 000026; 0.0 s; peak memory 666 MiB.
2026-09-30T10:04:06Z INFO [114/2000] 305cd071-5e60-46e8-a511-a6620294798c: attributed to 001697; 0.0 s; peak memory 666 MiB.
2026-09-30T10:04:06Z INFO [115/2000] 305dad36-e43d-4324-8012-5abb5c94214a: attributed to 001697; 0.0 s; peak memory 666 MiB.
2026-09-30T10:04:06Z INFO [116/2000] 306d0622-085e-420e-b4a9-32032c8ac519: attributed to 000946; 0.1 s; peak memory 666 MiB.
2026-09-30T10:04:06Z INFO [117/2000] 306e4460-eb82-492b-8f39-b8848541f4bd: attributed to 001697; 0.6 s; peak memory 666 MiB.
2026-09-30T10:04:07Z INFO [118/2000] 3071907c-3223-4d9b-b0a7-720c188ee95d: attributed to 001697; 0.2 s; peak memory 666 MiB.
2026-09-30T10:04:07Z INFO [119/2000] 3077134d-538d-4a0c-8fbd-ca5f2bca0ae0: attributed to 001697; 0.4 s; peak memory 666 MiB.
2026-09-30T10:04:07Z INFO [120/2000] 3078c544-63a3-4cda-b6e2-70574da5584c: attributed to 001697; 0.0 s; peak memory 666 MiB.
2026-09-30T10:04:07Z INFO [121/2000] 3079de2b-b160-47ca-ab7b-71d47cb290e7: attributed to 001697; 0.0 s; peak memory 666 MiB.
2026-09-30T10:04:07Z INFO [122/2000] 307bc4ce-d9e6-4c9e-9f74-02c7ae544900: attributed to 001697; 0.2 s; peak memory 666 MiB.
2026-09-30T10:04:07Z INFO [123/2000] 307bf6b2-1fa6-4bef-bc21-9cf3549edf75: attributed to 000109; 0.0 s; peak memory 666 MiB.
2026-09-30T10:04:07Z INFO [124/2000] 30844775-8590-42a3-ad18-dd68464546c3: attributed to 001697; 0.2 s; peak memory 666 MiB.
2026-09-30T10:04:08Z INFO [125/2000] 30858140-6ffd-42da-81d5-b032b2c3ab22: attributed to 001697; 0.2 s; peak memory 666 MiB.
2026-09-30T10:04:08Z INFO [126/2000] 3088345d-dff7-439a-b8d0-836ebfeb36ae: attributed to 001697; 0.2 s; peak memory 666 MiB.
2026-09-30T10:04:08Z INFO [127/2000] 308b8d74-c631-498c-9c51-e9a0bd723785: attributed to 000026; 0.1 s; peak memory 666 MiB.
2026-09-30T10:04:08Z INFO [128/2000] 308d36a3-f834-4f11-bbc6-7388fa6aa493: attributed to 000570; 0.0 s; peak memory 666 MiB.
2026-09-30T10:04:08Z INFO [129/2000] 309794a4-4e00-4245-b74b-0414290f388b: attributed to 000026; 0.0 s; peak memory 666 MiB.
2026-09-30T10:04:08Z INFO [130/2000] 30a9ffac-7c86-4323-b9d1-442860bbcaca: attributed to 000142; 0.0 s; peak memory 666 MiB.
2026-09-30T10:04:08Z INFO [131/2000] 30ad52fe-2f1f-45a3-a3a7-8dd3f1b40fdf: attributed to 000946; 0.0 s; peak memory 666 MiB.
2026-09-30T10:04:08Z INFO [132/2000] 30b9646b-a9d3-40e6-8d8a-d356ef6553c2: attributed to 000568; 0.1 s; peak memory 666 MiB.
2026-09-30T10:04:08Z INFO [133/2000] 30c4e75b-17ea-40dc-85e2-8ce206ae6f1e: attributed to 001697; 0.0 s; peak memory 666 MiB.
2026-09-30T10:04:08Z INFO [134/2000] 30c5e46c-ed0b-4689-940e-297ce2b73cc0: attributed to 001697; 0.3 s; peak memory 666 MiB.
2026-09-30T10:04:08Z INFO [135/2000] 30caa36d-db9f-4b39-884b-173596c2985c: attributed to 001697; 0.0 s; peak memory 666 MiB.
2026-09-30T10:04:09Z INFO [136/2000] 30cc0c03-3a38-4076-a6d1-374a82a9cde8: attributed to 001697; 0.8 s; peak memory 666 MiB.
2026-09-30T10:04:09Z INFO [137/2000] 30cdb934-84b4-4b85-9040-14f74bdd61ca: attributed to 001697; 0.2 s; peak memory 666 MiB.
2026-09-30T10:04:09Z INFO [138/2000] 30d66b13-b898-4f06-84c8-94dea43b558d: attributed to 001697; 0.0 s; peak memory 666 MiB.
2026-09-30T10:04:10Z INFO [139/2000] 30dc7828-1898-48d1-825f-7d99462bd4e1: attributed to 001697; 0.4 s; peak memory 666 MiB.
2026-09-30T10:04:10Z INFO [140/2000] 30e5e5be-c958-420f-b794-cf2f1f716d33: attributed to 000946; 0.0 s; peak memory 666 MiB.
2026-09-30T10:04:10Z INFO [141/2000] 30f501b1-dd92-40d4-990d-ce7a5784999f: attributed to 001697; 0.2 s; peak memory 666 MiB.
2026-09-30T10:04:10Z INFO [142/2000] 30f6ad91-3973-4c34-8428-88b3eba02bdf: attributed to 001449; 0.0 s; peak memory 666 MiB.
2026-09-30T10:04:10Z INFO [143/2000] 30fd11fa-08ec-428d-b64d-a5f82f71e50b: attributed to 001697; 0.2 s; peak memory 666 MiB.
2026-09-30T10:04:11Z INFO [144/2000] 310ae3db-79b7-400a-bd48-1a09f19b3779: attributed to 001697; 0.2 s; peak memory 666 MiB.
2026-09-30T10:04:11Z INFO [145/2000] 31161d76-beaf-4af9-a141-c2623d945320: attributed to 001697; 0.0 s; peak memory 666 MiB.
2026-09-30T10:04:11Z INFO [146/2000] 311870b1-5dcc-4a99-9bf2-0d51373c7d81: attributed to 001697; 0.0 s; peak memory 666 MiB.
2026-09-30T10:04:11Z INFO [147/2000] 311fe067-caf8-450c-bd6e-a755ed5563e6: attributed to 001697; 0.0 s; peak memory 666 MiB.
2026-09-30T10:04:11Z INFO [148/2000] 3126d8a8-378f-488b-b61b-b226fe2e1dcc: attributed to 000221; 0.1 s; peak memory 666 MiB.
2026-09-30T10:04:11Z INFO [149/2000] 312bbd8f-213f-4322-94d6-c386643854ac: attributed to 001449; 0.1 s; peak memory 666 MiB.
2026-09-30T10:04:11Z INFO [150/2000] 31317762-7588-4079-a7c8-f69558ac8ae9: attributed to 000026; 0.0 s; peak memory 666 MiB.
2026-09-30T10:04:12Z INFO [150/2000] 31317762-7588-4079-a7c8-f69558ac8ae9: checkpointed 474823 records.
2026-09-30T10:04:13Z INFO [151/2000] 313f8bed-9cab-4f72-80e0-01daa79f848d: attributed to 001697; 0.5 s; peak memory 666 MiB.
2026-09-30T10:04:13Z INFO [152/2000] 31423f38-1297-4221-9f84-09bdc2badd15: attributed to 000026; 0.0 s; peak memory 666 MiB.
2026-09-30T10:04:15Z INFO [153/2000] 31447f39-e6d9-4dcf-9cf6-7ff221958363: attributed to 001873; 2.5 s; peak memory 666 MiB.
2026-09-30T10:04:15Z INFO [154/2000] 314f1ffc-6bfb-4f62-bdb1-4366cee04b20: attributed to 001697; 0.2 s; peak memory 666 MiB.
2026-09-30T10:04:15Z INFO [155/2000] 3156c93e-8b9e-4e35-89e7-a887585deb14: attributed to 001278; 0.1 s; peak memory 666 MiB.
2026-09-30T10:04:15Z INFO [156/2000] 31638056-68eb-406a-ad52-ceae92b71f42: attributed to 001258; 0.0 s; peak memory 666 MiB.
2026-09-30T10:04:15Z INFO [157/2000] 316524e0-a96b-41f0-88a1-7b4ea6a33705: attributed to 001697; 0.0 s; peak memory 666 MiB.
2026-09-30T10:04:16Z INFO [158/2000] 31682a05-02ea-4f0f-977d-37c9df731cd3: attributed to 001697; 0.2 s; peak memory 666 MiB.
2026-09-30T10:04:16Z INFO [159/2000] 316fd470-3808-4db8-b52b-c29c2b9a59f5: attributed to 000026; 0.1 s; peak memory 666 MiB.
2026-09-30T10:04:16Z INFO [160/2000] 31714d04-4e17-42bb-af21-5a379d818eaf: attributed to 000026; 0.1 s; peak memory 666 MiB.
2026-09-30T10:04:16Z INFO [161/2000] 317240d6-0a2f-4650-b1c1-1484176312e0: attributed to 000403; 0.0 s; peak memory 666 MiB.
2026-09-30T10:04:16Z INFO [162/2000] 3176ceae-29c3-4755-aff8-3c0e8791af9c: attributed to 001697; 0.0 s; peak memory 666 MiB.
2026-09-30T10:04:16Z INFO [163/2000] 317c7345-1854-4c6f-9812-b97573f4daef: attributed to 001697; 0.2 s; peak memory 666 MiB.
2026-09-30T10:04:16Z INFO [164/2000] 317e4681-2b3d-4352-9b8b-b831b961dcd0: attributed to 001278; 0.1 s; peak memory 666 MiB.
2026-09-30T10:04:16Z INFO [165/2000] 3180ee8f-f132-450b-ab56-b9ddbb17aa52: attributed to 001697; 0.0 s; peak memory 666 MiB.
2026-09-30T10:04:16Z INFO [166/2000] 3182c1ec-4e5a-43ce-8ae5-c2cb6f3ec703: attributed to 000142; 0.0 s; peak memory 666 MiB.
2026-09-30T10:04:16Z INFO [167/2000] 3184b6bd-c5f7-4f05-a715-b9ff8ffe7e8f: attributed to 000026; 0.1 s; peak memory 666 MiB.
2026-09-30T10:04:16Z INFO [168/2000] 31952ba8-0221-4bf2-8def-832597cce6be: attributed to 001449; 0.0 s; peak memory 666 MiB.
2026-09-30T10:04:16Z INFO [169/2000] 31a49242-c080-4cd3-8ae1-c7ed9b5e06df: attributed to 000026; 0.0 s; peak memory 666 MiB.
2026-09-30T10:04:16Z INFO [170/2000] 31be5dab-1340-4d33-8993-e3264e984de5: attributed to 001432; 0.1 s; peak memory 666 MiB.
2026-09-30T10:04:16Z INFO [171/2000] 31c39a1d-1549-43c0-890f-4c7067337692: attributed to 001697; 0.0 s; peak memory 666 MiB.
2026-09-30T10:04:17Z INFO [172/2000] 31cbf1d8-b67a-4cbe-a7ac-75b429664846: attributed to 001697; 0.2 s; peak memory 666 MiB.
2026-09-30T10:04:17Z INFO [173/2000] 31cff7a4-5502-458e-8022-d584b29bb96b: attributed to 001697; 0.2 s; peak memory 666 MiB.
2026-09-30T10:04:17Z INFO [174/2000] 31d9530a-ed52-479b-9353-4c69a1b17813: attributed to 000946; 0.0 s; peak memory 666 MiB.
2026-09-30T10:04:17Z INFO [175/2000] 31dba60d-7265-42d2-8e57-746f9e0ce4c4: attributed to 001697; 0.2 s; peak memory 666 MiB.
2026-09-30T10:04:17Z INFO [176/2000] 31df4697-1714-43c8-aee8-1126a91f6f50: attributed to 001258; 0.0 s; peak memory 666 MiB.
2026-09-30T10:04:17Z INFO [177/2000] 31e198a0-6ad9-461b-8e01-4fc28f2c615f: attributed to 001697; 0.2 s; peak memory 666 MiB.
2026-09-30T10:04:17Z INFO [178/2000] 31e4f06b-953e-4305-b692-959bf1b31c02: attributed to 001437; 0.1 s; peak memory 666 MiB.
2026-09-30T10:04:17Z INFO [179/2000] 31e59132-90ee-4439-8e39-3f891416451b: attributed to 000173; 0.0 s; peak memory 666 MiB.
2026-09-30T10:04:18Z INFO [180/2000] 31e6e04a-7e58-4dad-a621-03ac6b559586: attributed to 001791; 0.1 s; peak memory 666 MiB.
2026-09-30T10:04:18Z INFO [181/2000] 31f72fa9-53f2-4d3b-a6a4-9c14eace2607: attributed to 001697; 0.2 s; peak memory 666 MiB.
2026-09-30T10:04:18Z INFO [182/2000] 31fbcd8c-2b30-47d1-a37a-c3a19b3bbf5c: attributed to 001697; 0.0 s; peak memory 666 MiB.
2026-09-30T10:04:18Z INFO [183/2000] 31fda4fe-0c4c-4e99-b221-6c30c1089b1d: attributed to 000946; 0.0 s; peak memory 666 MiB.
2026-09-30T10:04:18Z INFO [184/2000] 31ffaf8a-efb1-4455-b023-5adb460fb3bb: attributed to 001697; 0.2 s; peak memory 666 MiB.
2026-09-30T10:04:18Z INFO [185/2000] 3200da0c-d33a-4f08-946f-84bb662c715d: attributed to 001697; 0.2 s; peak memory 666 MiB.
2026-09-30T10:04:18Z INFO [186/2000] 3203da99-146d-44bf-98cc-a1572c6bef5f: attributed to 000026; 0.0 s; peak memory 666 MiB.
2026-09-30T10:04:18Z INFO [187/2000] 320638bb-8b9c-47eb-b9c9-31efb46b3796: attributed to 001063; 0.0 s; peak memory 666 MiB.
2026-09-30T10:04:18Z INFO [188/2000] 3209b098-f666-4743-ae4e-d347b1630832: attributed to 001697; 0.0 s; peak memory 666 MiB.
2026-09-30T10:04:19Z INFO [189/2000] 320b63d3-9caf-4735-8179-e871b26a0fa5: attributed to 001697; 0.2 s; peak memory 666 MiB.
2026-09-30T10:04:19Z INFO [190/2000] 320be456-bf3f-49a3-ad62-76a9480faf87: attributed to 001697; 0.0 s; peak memory 666 MiB.
2026-09-30T10:04:19Z INFO [191/2000] 320e5c54-8016-44f7-a058-4db4040e253c: attributed to 000946; 0.0 s; peak memory 666 MiB.
2026-09-30T10:04:19Z INFO [192/2000] 320f6f32-6507-4cbd-ba59-02be2e57f13b: attributed to 001697; 0.4 s; peak memory 666 MiB.
2026-09-30T10:04:19Z INFO [193/2000] 32112e68-e0d4-429d-a2bf-aef0e5d9d4aa: attributed to 001697; 0.5 s; peak memory 666 MiB.
2026-09-30T10:04:20Z INFO [194/2000] 3214745e-f823-48d3-909e-2b22f520ef0e: attributed to 001697; 0.5 s; peak memory 666 MiB.
2026-09-30T10:04:20Z INFO [195/2000] 322a686d-a9f4-4fac-937c-214d2308e420: attributed to 001697; 0.2 s; peak memory 666 MiB.
2026-09-30T10:04:20Z INFO [196/2000] 322bf3ac-d635-4573-bb53-2c2186796cdf: attributed to 000026; 0.0 s; peak memory 666 MiB.
2026-09-30T10:04:21Z INFO [197/2000] 322f5e99-c5d6-4ac5-82c1-f2c40aebdd53: attributed to 001697; 0.2 s; peak memory 666 MiB.
2026-09-30T10:04:21Z INFO [198/2000] 32313d06-0d5e-47f6-add3-4227959b8183: attributed to 001449; 0.0 s; peak memory 666 MiB.
2026-09-30T10:04:21Z INFO [199/2000] 3237033a-c34e-4f83-ad35-c1f435ff994e: attributed to 001697; 0.2 s; peak memory 666 MiB.
2026-09-30T10:04:21Z INFO [200/2000] 323cc0bb-3042-4214-a7af-5d28383fba5d: attributed to 000026; 0.1 s; peak memory 666 MiB.
2026-09-30T10:04:22Z INFO [200/2000] 323cc0bb-3042-4214-a7af-5d28383fba5d: checkpointed 474823 records.
2026-09-30T10:04:22Z INFO [201/2000] 3245a3cf-5f71-4467-bff6-82d246be31ae: attributed to 000026; 0.0 s; peak memory 666 MiB.
2026-09-30T10:04:22Z INFO [202/2000] 324d5c9d-fdc5-4aec-9865-2fc94c1b7f88: attributed to 001697; 0.0 s; peak memory 666 MiB.
2026-09-30T10:04:22Z INFO [203/2000] 324fd3d3-3a2d-4e3d-a503-4bbe823ca2dd: attributed to 001697; 0.2 s; peak memory 666 MiB.
2026-09-30T10:04:23Z INFO [204/2000] 32507f7c-305f-4aa5-a046-0f493af43253: attributed to 001697; 0.2 s; peak memory 666 MiB.
2026-09-30T10:04:23Z INFO [205/2000] 3253b9c2-c8e6-4407-9a53-6e68fbc9c612: attributed to 000026; 0.0 s; peak memory 666 MiB.
2026-09-30T10:04:23Z INFO [206/2000] 32559304-aa34-42e0-b1a5-2c86996f21b5: attributed to 000946; 0.0 s; peak memory 666 MiB.
2026-09-30T10:04:23Z INFO [207/2000] 325874fc-8cca-494e-98e2-a2cfacb80dfd: attributed to 000026; 0.3 s; peak memory 666 MiB.
2026-09-30T10:04:23Z INFO [208/2000] 325bd790-a60d-450e-a43c-e20c96198341: attributed to 001697; 0.2 s; peak memory 666 MiB.
2026-09-30T10:04:23Z INFO [209/2000] 3262d215-c62b-4f43-b4c4-31040e9391ca: attributed to 000209; 0.0 s; peak memory 666 MiB.
2026-09-30T10:04:23Z INFO [210/2000] 3263a4ee-0f26-4413-89df-85fa8380a383: attributed to 001697; 0.2 s; peak memory 666 MiB.
2026-09-30T10:04:23Z INFO [211/2000] 3273b965-58e8-4866-87df-3bf94836caad: attributed to 001697; 0.0 s; peak memory 666 MiB.
2026-09-30T10:04:23Z INFO [212/2000] 327cab45-5df6-49bc-9bd7-eeb24a28ce11: attributed to 000026; 0.1 s; peak memory 666 MiB.
2026-09-30T10:04:24Z INFO [213/2000] 327ed5f1-4fd3-4957-80a8-83133771b4cf: attributed to 000026; 0.1 s; peak memory 666 MiB.
2026-09-30T10:04:24Z INFO [214/2000] 3286ae47-b16b-4a4d-b2ec-6a7bb6d8e728: attributed to 001697; 0.0 s; peak memory 666 MiB.
2026-09-30T10:04:24Z INFO [215/2000] 3286f9d5-7604-4ee6-a060-29389647ede5: attributed to 000026; 0.1 s; peak memory 666 MiB.
2026-09-30T10:04:24Z INFO [216/2000] 32882968-e815-4696-888f-626db84ab256: attributed to 001697; 0.0 s; peak memory 666 MiB.
2026-09-30T10:04:24Z INFO [217/2000] 32897237-8cbe-46ec-b363-2744966f1d3b: attributed to 001697; 0.0 s; peak memory 666 MiB.
2026-09-30T10:04:24Z INFO [218/2000] 328b7818-7bdc-4088-8dc1-a9723772d940: attributed to 001697; 0.2 s; peak memory 666 MiB.
2026-09-30T10:04:24Z INFO [219/2000] 329c3d8c-9ae9-4e26-9488-b470fe20424c: attributed to 001697; 0.0 s; peak memory 666 MiB.
2026-09-30T10:04:24Z INFO [220/2000] 329feccb-8251-40b3-b3cb-8c1750c75ca6: attributed to 000946; 0.0 s; peak memory 666 MiB.
2026-09-30T10:04:24Z INFO [221/2000] 32a24c00-6f22-4a59-8ca1-39196010ddf7: attributed to 001452; 0.1 s; peak memory 666 MiB.
2026-09-30T10:04:24Z INFO [222/2000] 32a2ebe0-49a2-4f56-9b25-f47adc7d16e3: attributed to 001697; 0.3 s; peak memory 666 MiB.
2026-09-30T10:04:24Z INFO [223/2000] 32a38057-e71d-4d08-be62-4b02281e86a7: attributed to 001063; 0.1 s; peak memory 666 MiB.
2026-09-30T10:04:24Z INFO [224/2000] 32a47c77-5287-42a6-9de0-d504bc0bafe2: attributed to 000026; 0.1 s; peak memory 666 MiB.
2026-09-30T10:04:25Z INFO [225/2000] 32a7f28f-6b89-4eb8-8ab0-9a39637d829d: attributed to 001697; 0.7 s; peak memory 666 MiB.
2026-09-30T10:04:25Z INFO [226/2000] 32aa3303-55d5-4922-9b60-45bbeb24a44e: attributed to 001063; 0.1 s; peak memory 666 MiB.
2026-09-30T10:04:26Z INFO [227/2000] 32aef798-8026-4887-8ee4-27bc2309a930: attributed to 001697; 0.6 s; peak memory 666 MiB.
2026-09-30T10:04:31Z INFO [228/2000] 32b033ca-bbc9-4904-aa42-1ea99033720d: attributed to 000571; 5.4 s; peak memory 666 MiB.
2026-09-30T10:04:31Z INFO [229/2000] 32b2d43c-35fa-440b-ae66-0d740ea26235: attributed to 001203; 0.1 s; peak memory 666 MiB.
2026-09-30T10:04:31Z INFO [230/2000] 32c6a346-9b45-4e23-b820-cf4ba721665c: attributed to 001697; 0.0 s; peak memory 666 MiB.
2026-09-30T10:04:31Z INFO [231/2000] 32ccb386-37b6-4814-9ea9-649f20e474d9: attributed to 001697; 0.2 s; peak memory 666 MiB.
2026-09-30T10:04:32Z INFO [232/2000] 32d03a10-ed1f-4ee0-800a-118dc554e235: attributed to 001697; 0.6 s; peak memory 666 MiB.
2026-09-30T10:04:32Z INFO [233/2000] 32d4e2ea-9239-472c-875a-12596e5afbac: attributed to 001697; 0.0 s; peak memory 666 MiB.
2026-09-30T10:04:32Z INFO [234/2000] 32d7edf2-eae8-46d0-9fd6-1e863449130d: attributed to 000026; 0.0 s; peak memory 666 MiB.
2026-09-30T10:04:33Z INFO [235/2000] 32ddbe2e-2261-4505-8111-604493b270c2: attributed to 001873; 0.8 s; peak memory 666 MiB.
2026-09-30T10:04:33Z INFO [236/2000] 32df2ce1-5678-4e2e-8d13-0a6329100bb4: attributed to 000142; 0.0 s; peak memory 666 MiB.
2026-09-30T10:04:33Z INFO [237/2000] 32df820a-9a3f-4d23-b209-b8f3c5af09c0: attributed to 000142; 0.0 s; peak memory 666 MiB.
2026-09-30T10:04:33Z INFO [238/2000] 32e2396d-9838-4b7d-8466-c5069b82298c: attributed to 001697; 0.2 s; peak memory 666 MiB.
2026-09-30T10:04:33Z INFO [239/2000] 32e33467-88fd-403f-84eb-58dd4a1c11b9: attributed to 001697; 0.0 s; peak memory 666 MiB.
2026-09-30T10:04:33Z INFO [240/2000] 32f8e856-ae15-4510-8c23-e01a65271698: attributed to 000403; 0.0 s; peak memory 666 MiB.
2026-09-30T10:04:53Z INFO [241/2000] 32fb6873-0e71-4913-88fa-7ee9e5eefbdb: attributed to 000571; 19.9 s; peak memory 666 MiB.
2026-09-30T10:04:53Z INFO [242/2000] 32ff2ea6-8e3c-41f3-b1c7-15452fac146e: attributed to 001697; 0.0 s; peak memory 666 MiB.
2026-09-30T10:04:53Z INFO [243/2000] 3301a72e-6178-4aad-bd63-972a1b6b52cf: attributed to 001345; 0.2 s; peak memory 666 MiB.
2026-09-30T10:04:53Z INFO [244/2000] 330c0ef8-5e47-4e46-990a-2d9fecf38664: attributed to 001697; 0.0 s; peak memory 666 MiB.
2026-09-30T10:04:53Z INFO [245/2000] 330e55ef-d316-4cf9-b96d-4d15a25fed30: attributed to 000173; 0.0 s; peak memory 666 MiB.
2026-09-30T10:04:53Z INFO [246/2000] 331738cd-8de9-459e-a22c-01cc046ebef1: attributed to 001449; 0.1 s; peak memory 666 MiB.
2026-09-30T10:04:53Z INFO [247/2000] 331ba195-9c8c-42ec-a0b2-78da9487c553: attributed to 001697; 0.0 s; peak memory 666 MiB.
2026-09-30T10:04:53Z INFO [248/2000] 331bbe22-c268-47fa-8ae2-535480006c34: attributed to 000173; 0.0 s; peak memory 666 MiB.
2026-09-30T10:04:54Z INFO [249/2000] 331fef80-d6aa-4226-9924-d376fa5147a5: attributed to 001697; 0.2 s; peak memory 666 MiB.
2026-09-30T10:04:54Z INFO [250/2000] 332509d7-a086-4d0b-b4c4-865c3a1a6c74: attributed to 001697; 0.3 s; peak memory 666 MiB.
2026-09-30T10:04:55Z INFO [250/2000] 332509d7-a086-4d0b-b4c4-865c3a1a6c74: checkpointed 474825 records.
2026-09-30T10:04:55Z INFO [251/2000] 332d8451-c19e-4a08-b083-d697874515c2: attributed to 001748; 0.0 s; peak memory 666 MiB.
2026-09-30T10:04:55Z INFO [252/2000] 332eb88e-94d9-4644-ab73-0560508fbc14: attributed to 000559; 0.2 s; peak memory 666 MiB.
2026-09-30T10:04:56Z INFO [253/2000] 33326a8e-8f1a-430a-8101-94bf22c12fbe: attributed to 001697; 0.2 s; peak memory 666 MiB.
2026-09-30T10:04:56Z INFO [254/2000] 3338c3c2-91b8-4c8b-b0a0-c279ceb17b99: attributed to 001697; 0.0 s; peak memory 666 MiB.
2026-09-30T10:04:56Z INFO [255/2000] 33390784-f763-489c-b110-e5167be2ea6f: attributed to 000026; 0.1 s; peak memory 666 MiB.
2026-09-30T10:04:56Z INFO [256/2000] 333c4c4a-e67c-416b-bab3-25c7a2a62787: attributed to 000026; 0.1 s; peak memory 666 MiB.
2026-09-30T10:04:56Z INFO [257/2000] 334395d3-9ec8-4b80-9517-2e1422a251d2: attributed to 001697; 0.0 s; peak memory 666 MiB.
2026-09-30T10:04:56Z INFO [258/2000] 334630bb-db44-489e-8c89-5d2492913afc: attributed to 001697; 0.2 s; peak memory 666 MiB.
2026-09-30T10:04:56Z INFO [259/2000] 3349b33e-d227-4f25-9489-fe1d2b23c06a: attributed to 000026; 0.1 s; peak memory 666 MiB.
2026-09-30T10:04:56Z INFO [260/2000] 334d0ae3-92b6-46fc-8905-a84e17391378: attributed to 000109; 0.0 s; peak memory 666 MiB.
2026-09-30T10:04:56Z INFO [261/2000] 3351d084-9bec-410f-a1c0-a3b6ca621320: attributed to 000026; 0.1 s; peak memory 666 MiB.
2026-09-30T10:04:56Z INFO [262/2000] 3356ed59-9c08-4c59-8fa1-98a2fd9d7527: attributed to 001697; 0.3 s; peak memory 666 MiB.
2026-09-30T10:04:57Z INFO [263/2000] 33577478-d7bd-4b88-b608-c8974db96637: attributed to 001697; 0.2 s; peak memory 666 MiB.
2026-09-30T10:04:57Z INFO [264/2000] 335c4512-6b3b-45a0-be25-a5d4770a0980: attributed to 001697; 0.0 s; peak memory 666 MiB.
2026-09-30T10:04:57Z INFO [265/2000] 335e1705-02b3-4e99-8a51-bd221e2d0b90: attributed to 001697; 0.0 s; peak memory 666 MiB.
2026-09-30T10:04:57Z INFO [266/2000] 336f0c5d-4c35-4639-8938-21b48de4484f: attributed to 000026; 0.1 s; peak memory 666 MiB.
2026-09-30T10:04:57Z INFO [267/2000] 337125fd-d908-4df2-a192-0b52fa1061ff: attributed to 000109; 0.0 s; peak memory 666 MiB.
2026-09-30T10:04:57Z INFO [268/2000] 3371f86b-8ed4-4599-9138-715d94c371a7: attributed to 001697; 0.3 s; peak memory 666 MiB.
2026-09-30T10:04:57Z INFO [269/2000] 3373961c-f0c3-4cbd-a08a-53dfb8dad94e: attributed to 001697; 0.0 s; peak memory 666 MiB.
2026-09-30T10:04:57Z INFO [270/2000] 3379e820-56a7-429a-a428-5c9e4d392062: attributed to 001873; 0.4 s; peak memory 666 MiB.
2026-09-30T10:04:57Z INFO [271/2000] 337d816f-5af1-4119-b92b-1340836d9c8d: attributed to 000026; 0.0 s; peak memory 666 MiB.
2026-09-30T10:04:58Z INFO [272/2000] 33815cc0-4838-4589-8ad3-c3462f278ca7: attributed to 001697; 0.4 s; peak memory 666 MiB.
2026-09-30T10:04:58Z INFO [273/2000] 3387b57b-fe01-4886-b0fd-8fe565b8bead: attributed to 001697; 0.6 s; peak memory 666 MiB.
2026-09-30T10:04:58Z INFO [274/2000] 338d40b8-3606-476e-b3ee-66bf1de45ca7: attributed to 001697; 0.0 s; peak memory 666 MiB.
2026-09-30T10:04:58Z INFO [275/2000] 33974c04-554d-487f-a690-ba1059ca2a2c: attributed to 001697; 0.0 s; peak memory 666 MiB.
2026-09-30T10:04:59Z INFO [276/2000] 339f3b82-d21d-4eb3-ace9-2ef0d0b9ef20: attributed to 001697; 0.6 s; peak memory 666 MiB.
2026-09-30T10:04:59Z INFO [277/2000] 33a9b462-e04b-4a19-8f48-5efee5dbe532: attributed to 001873; 0.5 s; peak memory 666 MiB.
2026-09-30T10:04:59Z INFO [278/2000] 33a9bbc4-bd6a-4856-8eb2-528976b7a99a: attributed to 001697; 0.0 s; peak memory 666 MiB.
2026-09-30T10:04:59Z INFO [279/2000] 33ac71b5-6f85-451e-b76a-dfbee35849c5: attributed to 001697; 0.0 s; peak memory 666 MiB.
2026-09-30T10:05:00Z INFO [280/2000] 33acacf4-8a9d-46a5-b515-8bf7cc1cc0ba: attributed to 000946; 0.0 s; peak memory 666 MiB.
2026-09-30T10:05:00Z INFO [281/2000] 33af7c9a-726c-4339-ae1d-332b17cd8b3c: attributed to 001697; 0.3 s; peak memory 666 MiB.
2026-09-30T10:05:00Z INFO [282/2000] 33b06b4d-9c19-47d7-b4b8-62b24611122d: attributed to 001697; 0.0 s; peak memory 666 MiB.
2026-09-30T10:05:00Z INFO [283/2000] 33bd665f-df53-4bff-9df6-3bb2b1a54222: attributed to 001697; 0.2 s; peak memory 666 MiB.
2026-09-30T10:05:00Z INFO [284/2000] 33bec79a-cf8a-43f9-a38b-316f39aea360: attributed to 001697; 0.3 s; peak memory 666 MiB.
2026-09-30T10:05:00Z INFO [285/2000] 33c4056b-a536-41d2-8638-2f574e7d7553: attributed to 001697; 0.0 s; peak memory 666 MiB.
2026-09-30T10:05:00Z INFO [286/2000] 33c47316-b652-4ce8-8f70-c078ed9a8100: attributed to 000571; 0.2 s; peak memory 666 MiB.
2026-09-30T10:05:00Z INFO [287/2000] 33c643f7-fe95-44b2-a9b3-215ac3773802: attributed to 000946; 0.0 s; peak memory 666 MiB.
2026-09-30T10:05:00Z INFO [288/2000] 33e1056e-f57c-4c51-b9c4-b479bb2dff61: attributed to 000142; 0.0 s; peak memory 666 MiB.
2026-09-30T10:05:01Z INFO [289/2000] 33e26542-330c-4865-9d32-5e43e44c2eeb: attributed to 000026; 0.1 s; peak memory 666 MiB.
2026-09-30T10:05:01Z INFO [290/2000] 33e81d4a-6d59-4524-b354-d097372c13f8: attributed to 000946; 0.0 s; peak memory 666 MiB.
2026-09-30T10:05:01Z INFO [291/2000] 33eae33c-c01c-43c6-8636-78b8ab41df28: attributed to 001697; 0.2 s; peak memory 666 MiB.
2026-09-30T10:05:01Z INFO [292/2000] 34092881-474c-4156-9762-db527df2ed57: attributed to 000026; 0.1 s; peak memory 666 MiB.
2026-09-30T10:05:01Z INFO [293/2000] 3410586d-56f6-432f-983d-e0623e7ca462: attributed to 001697; 0.2 s; peak memory 666 MiB.
2026-09-30T10:05:01Z INFO [294/2000] 3414eb60-216a-41e5-a346-957d222632fe: attributed to 001697; 0.0 s; peak memory 666 MiB.
2026-09-30T10:05:01Z INFO [295/2000] 3415fbca-0b46-4a60-add2-be5f76043169: attributed to 001697; 0.0 s; peak memory 666 MiB.
2026-09-30T10:05:01Z INFO [296/2000] 3420ffc3-cbef-4b5e-be59-a54b0e2ca9ec: attributed to 001697; 0.0 s; peak memory 666 MiB.
2026-09-30T10:05:01Z INFO [297/2000] 34263a4a-c02a-4a03-806f-b03deea6c46d: attributed to 000403; 0.0 s; peak memory 666 MiB.
2026-09-30T10:05:01Z INFO [298/2000] 3435d630-cc7b-4baa-a9fb-103549459a96: attributed to 001748; 0.0 s; peak memory 666 MiB.
2026-09-30T10:05:01Z INFO [299/2000] 343be05f-2bf3-4672-b485-c3e2ebb6b683: attributed to 001697; 0.0 s; peak memory 666 MiB.
2026-09-30T10:05:01Z INFO [300/2000] 34510c68-8331-42e5-b128-92905d48a4e8: attributed to 001697; 0.3 s; peak memory 666 MiB.
2026-09-30T10:05:03Z INFO [300/2000] 34510c68-8331-42e5-b128-92905d48a4e8: checkpointed 474825 records.
2026-09-30T10:05:03Z INFO [301/2000] 347084fc-07cb-409d-bde1-e661536b97b9: attributed to 001697; 0.3 s; peak memory 666 MiB.
2026-09-30T10:05:03Z INFO [302/2000] 3474030a-ba97-4f95-bd7d-53ad3e124059: attributed to 000571; 0.0 s; peak memory 666 MiB.
2026-09-30T10:05:03Z INFO [303/2000] 34782dd0-7d13-4a79-a898-db45b9c64770: attributed to 001697; 0.0 s; peak memory 666 MiB.
2026-09-30T10:05:04Z INFO [304/2000] 347ceced-a15e-4a74-a80a-036fb455f90b: attributed to 001873; 0.9 s; peak memory 666 MiB.
2026-09-30T10:05:05Z INFO [305/2000] 347dd01a-9211-4c55-ae1e-a555831d9051: attributed to 001697; 0.7 s; peak memory 666 MiB.
2026-09-30T10:05:05Z INFO [306/2000] 347f82f1-1039-4f34-9dc5-3672f865aaf8: attributed to 001697; 0.7 s; peak memory 666 MiB.
2026-09-30T10:05:06Z INFO [307/2000] 34801fdc-27f8-4cb0-8259-5c570758c73a: attributed to 001697; 0.5 s; peak memory 666 MiB.
2026-09-30T10:05:06Z INFO [308/2000] 3480bf7e-7ddd-45a4-aa85-0af744775b90: attributed to 001697; 0.3 s; peak memory 666 MiB.
2026-09-30T10:05:06Z INFO [309/2000] 348b9801-a587-4d90-9938-3cbb0e86bcfa: attributed to 001697; 0.4 s; peak memory 666 MiB.
2026-09-30T10:05:06Z INFO [310/2000] 348f7a5c-d613-43f9-9af0-72d321c718ad: attributed to 000403; 0.0 s; peak memory 666 MiB.
2026-09-30T10:05:07Z INFO [311/2000] 3492776b-d3b1-47bc-8004-4bf035b9d2cd: attributed to 001697; 0.3 s; peak memory 666 MiB.
2026-09-30T10:05:07Z INFO [312/2000] 3492ad14-744e-4aab-a2ae-225abf464b6e: attributed to 000026; 0.0 s; peak memory 666 MiB.
2026-09-30T10:05:07Z INFO [313/2000] 34a402e5-b8b7-4404-a8b2-2d9b378068f4: attributed to 001697; 0.3 s; peak memory 666 MiB.
2026-09-30T10:05:07Z INFO [314/2000] 34afd81a-b022-411e-b2b7-c90c20d5254f: attributed to 001697; 0.3 s; peak memory 666 MiB.
2026-09-30T10:05:07Z INFO [315/2000] 34d0883b-c36f-4e45-8e5d-25835bb95259: attributed to 000026; 0.0 s; peak memory 666 MiB.
2026-09-30T10:05:08Z INFO [316/2000] 34d32381-2d9f-4e18-9272-e4d2a939d4f1: attributed to 001873; 0.4 s; peak memory 666 MiB.
2026-09-30T10:05:08Z INFO [317/2000] 34d39e71-0744-4bc2-8e70-f509f2e965bf: attributed to 001697; 0.4 s; peak memory 666 MiB.
2026-09-30T10:05:08Z INFO [318/2000] 34df5a42-cde7-4dac-b808-cef6ffb02b22: attributed to 000026; 0.1 s; peak memory 666 MiB.
2026-09-30T10:05:08Z INFO [319/2000] 34f105a7-4b4c-4c57-92d4-b06c6242722f: attributed to 000142; 0.0 s; peak memory 666 MiB.
2026-09-30T10:05:08Z INFO [320/2000] 3505084e-4fad-40ab-bb77-92e138b601b3: attributed to 000946; 0.0 s; peak memory 666 MiB.
2026-09-30T10:05:08Z INFO [321/2000] 3508ac3d-9b9d-4676-b52b-46d3e5ef4fed: attributed to 000142; 0.0 s; peak memory 666 MiB.
2026-09-30T10:05:09Z INFO [322/2000] 350988af-b4d8-490e-8099-4b6b9bb4f42f: attributed to 001697; 0.4 s; peak memory 666 MiB.
2026-09-30T10:05:09Z INFO [323/2000] 350c0a83-f891-4682-82cc-38ae21a15c6e: attributed to 001697; 0.4 s; peak memory 666 MiB.
2026-09-30T10:05:09Z INFO [324/2000] 350c187e-6855-4c34-b888-86496fc320ca: attributed to 001697; 0.0 s; peak memory 666 MiB.
2026-09-30T10:05:09Z INFO [325/2000] 3525b1e7-d181-408c-826a-62011dcc3163: attributed to 000026; 0.0 s; peak memory 666 MiB.
2026-09-30T10:05:09Z INFO [326/2000] 352b7400-9876-4496-ae87-498210900d0c: attributed to 000026; 0.1 s; peak memory 666 MiB.
2026-09-30T10:05:09Z INFO [327/2000] 352bf565-cfbb-47a9-90f2-ec09f5a30e3c: attributed to 000570; 0.0 s; peak memory 666 MiB.
2026-09-30T10:05:10Z INFO [328/2000] 3530d1fd-2832-4e88-b0d7-384d5a6a34b0: attributed to 001697; 0.3 s; peak memory 666 MiB.
2026-09-30T10:05:10Z INFO [329/2000] 353105e8-3d2e-4362-97e8-6277c8ee89ed: attributed to 000946; 0.1 s; peak memory 666 MiB.
2026-09-30T10:05:10Z INFO [330/2000] 35385062-c06c-45a9-8ed0-036d3c8ca8e0: attributed to 001697; 0.5 s; peak memory 666 MiB.
2026-09-30T10:05:10Z INFO [331/2000] 353d26e7-58ac-4489-a953-ccfdd3b7362b: attributed to 000026; 0.0 s; peak memory 666 MiB.
2026-09-30T10:05:10Z INFO [332/2000] 353da433-8ab4-44b7-9cfc-35724adb71eb: attributed to 000026; 0.1 s; peak memory 666 MiB.
2026-09-30T10:05:10Z INFO [333/2000] 353e2005-4b67-4c05-98d5-22caafe7ea98: attributed to 000571; 0.0 s; peak memory 666 MiB.
2026-09-30T10:05:10Z INFO [334/2000] 3549b05a-afed-4f8b-9719-9a9945c87163: attributed to 001449; 0.0 s; peak memory 666 MiB.
2026-09-30T10:05:10Z INFO [335/2000] 35560e69-7422-44b7-91e9-e3437dbeb117: attributed to 001697; 0.0 s; peak memory 666 MiB.
2026-09-30T10:05:11Z INFO [336/2000] 355be7e1-2445-42db-8790-9509c316b328: attributed to 001697; 0.6 s; peak memory 666 MiB.
2026-09-30T10:05:11Z INFO [337/2000] 35601079-9ff3-486c-9838-9c2bc2c15a84: attributed to 000026; 0.0 s; peak memory 666 MiB.
2026-09-30T10:05:11Z INFO [338/2000] 3561072d-cafd-410f-bf37-e52bd775de9f: attributed to 001697; 0.0 s; peak memory 666 MiB.
2026-09-30T10:05:12Z INFO [339/2000] 357566b1-67bd-46d5-b053-64e4a7acf1d8: attributed to 001697; 1.3 s; peak memory 666 MiB.
2026-09-30T10:05:12Z INFO [340/2000] 3586e4d4-2fe4-45e7-b52b-4a5ee79c12d6: attributed to 001697; 0.0 s; peak memory 666 MiB.
2026-09-30T10:05:13Z INFO [341/2000] 3587cdc1-3d60-41f3-a50a-9fd8e0d8b053: attributed to 001697; 0.5 s; peak memory 666 MiB.
2026-09-30T10:05:13Z INFO [342/2000] 35a9d7ef-0af5-47ce-8048-d81b9da7776f: attributed to 000026; 0.1 s; peak memory 666 MiB.
2026-09-30T10:05:13Z INFO [343/2000] 35afcaa8-5b68-4e6e-acc9-86a38b388e26: attributed to 001697; 0.2 s; peak memory 666 MiB.
2026-09-30T10:05:13Z INFO [344/2000] 35b9ed27-7d82-46fa-a0f9-2da158a94e51: attributed to 000026; 0.1 s; peak memory 666 MiB.
2026-09-30T10:05:14Z INFO [345/2000] 35c4e31e-e717-4a74-b36b-9c0cddaa4383: attributed to 000571; 0.4 s; peak memory 666 MiB.
2026-09-30T10:05:14Z INFO [346/2000] 35d5826a-7018-4d13-9f1f-07d6044e7640: attributed to 001697; 0.2 s; peak memory 666 MiB.
2026-09-30T10:05:14Z INFO [347/2000] 35d66c00-ec6f-4d48-a549-9e66aa30c8e9: attributed to 000876; 0.1 s; peak memory 666 MiB.
2026-09-30T10:05:14Z INFO [348/2000] 35dd4c99-3364-42f9-8c7a-63d2be250daa: attributed to 000109; 0.0 s; peak memory 666 MiB.
2026-09-30T10:05:14Z INFO [349/2000] 35e10dd7-67bc-4414-a8be-6ddcb4c6159a: attributed to 001697; 0.3 s; peak memory 666 MiB.
2026-09-30T10:05:14Z INFO [350/2000] 35e13be8-e185-49d9-9c46-93544363abbe: attributed to 001697; 0.2 s; peak memory 666 MiB.
2026-09-30T10:05:16Z INFO [350/2000] 35e13be8-e185-49d9-9c46-93544363abbe: checkpointed 474825 records.
2026-09-30T10:05:16Z INFO [351/2000] 35e3e403-92f5-486c-858b-c332cfad2c90: attributed to 001416; 0.0 s; peak memory 666 MiB.
2026-09-30T10:05:16Z INFO [352/2000] 35f1485a-c106-4d6e-b99b-9de643231190: attributed to 000946; 0.0 s; peak memory 666 MiB.
2026-09-30T10:05:16Z INFO [353/2000] 35f8bd7f-ddf5-4ee5-9d07-9362286aaea2: attributed to 001697; 0.2 s; peak memory 666 MiB.
2026-09-30T10:05:16Z INFO [354/2000] 35fa7155-8d56-4ffb-8827-d6b0d975e921: attributed to 001697; 0.2 s; peak memory 666 MiB.
2026-09-30T10:05:16Z INFO [355/2000] 35fdc564-1fc0-4128-a913-64fa76de1b37: attributed to 000946; 0.1 s; peak memory 666 MiB.
2026-09-30T10:05:16Z INFO [356/2000] 35fe7ce3-5424-465e-bef8-daa53a7fc627: attributed to 000026; 0.1 s; peak memory 666 MiB.
2026-09-30T10:05:16Z INFO [357/2000] 35ff064a-b7df-466e-87b4-d0ab645c0abe: attributed to 001697; 0.0 s; peak memory 666 MiB.
2026-09-30T10:05:16Z INFO [358/2000] 3604803d-8058-49e5-9043-523a4071157d: attributed to 000026; 0.1 s; peak memory 666 MiB.
2026-09-30T10:05:17Z INFO [359/2000] 360706e3-da65-4c09-be4c-98113e4b8622: attributed to 001697; 0.3 s; peak memory 666 MiB.
2026-09-30T10:05:17Z INFO [360/2000] 360838d2-f1a8-4b4e-8a33-85df0090b026: attributed to 001697; 0.0 s; peak memory 666 MiB.
2026-09-30T10:05:17Z INFO [361/2000] 3608c044-beb8-4292-a2a6-df0ad033d8c2: attributed to 000026; 0.1 s; peak memory 666 MiB.
2026-09-30T10:05:17Z INFO [362/2000] 360f1fc0-688d-4598-be05-2d7f583e09e0: attributed to 000946; 0.1 s; peak memory 666 MiB.
2026-09-30T10:05:17Z INFO [363/2000] 3613cf8e-8dc5-4ce5-b2f8-d12de339b26e: attributed to 001697; 0.7 s; peak memory 666 MiB.
2026-09-30T10:05:17Z INFO [364/2000] 36145e05-b05a-49fa-9875-28226ec9db6b: attributed to 000142; 0.0 s; peak memory 666 MiB.
2026-09-30T10:05:18Z INFO [365/2000] 36159377-9d37-4d61-ad7f-8bd35e860f53: attributed to 001697; 0.5 s; peak memory 666 MiB.
2026-09-30T10:05:18Z INFO [366/2000] 3618f004-d695-449a-9075-092bb2fa9841: attributed to 001697; 0.0 s; peak memory 666 MiB.
2026-09-30T10:05:18Z INFO [367/2000] 361bec00-9f6b-45a9-ae0f-7cb47771c164: attributed to 001697; 0.0 s; peak memory 666 MiB.
2026-09-30T10:05:18Z INFO [368/2000] 361cef64-7bd7-4d82-b47a-d44fdf56acbe: attributed to 000026; 0.1 s; peak memory 666 MiB.
2026-09-30T10:05:18Z INFO [369/2000] 36291925-cae5-4876-8489-9b876937e43f: attributed to 001697; 0.0 s; peak memory 666 MiB.
2026-09-30T10:05:19Z INFO [370/2000] 362b4850-dc27-4d21-b3bf-85417b6850c4: attributed to 001697; 0.5 s; peak memory 666 MiB.
2026-09-30T10:05:19Z INFO [371/2000] 3630e6b7-3461-4156-b5d2-cdf166bc43ff: attributed to 000026; 0.1 s; peak memory 666 MiB.
2026-09-30T10:05:19Z INFO [372/2000] 3631d868-c345-4886-9c3d-4eff23a87f0f: attributed to 000026; 0.0 s; peak memory 666 MiB.
2026-09-30T10:05:19Z INFO [373/2000] 3639c9c6-01dd-4e4a-bb45-d4371c79f88b: attributed to 000946; 0.0 s; peak memory 666 MiB.
2026-09-30T10:05:19Z INFO [374/2000] 363fd288-ec5c-4074-8328-8d6a37a667af: attributed to 001697; 0.2 s; peak memory 666 MiB.
2026-09-30T10:05:19Z INFO [375/2000] 3645cc69-804f-4081-aa85-aad49e5c5870: attributed to 000946; 0.0 s; peak memory 666 MiB.
2026-09-30T10:05:19Z INFO [376/2000] 36488087-5952-4c55-81ab-3a0de8e1714c: attributed to 001697; 0.0 s; peak memory 666 MiB.
2026-09-30T10:05:19Z INFO [377/2000] 3649989e-496e-45c0-9328-db35b713f52e: attributed to 000570; 0.0 s; peak memory 666 MiB.
2026-09-30T10:05:19Z INFO [378/2000] 3649b854-ad84-4070-9a8b-fd9354cd5de1: attributed to 001697; 0.2 s; peak memory 666 MiB.
2026-09-30T10:05:19Z INFO [379/2000] 364b3400-9015-4356-9065-12ea42a26208: attributed to 001697; 0.0 s; peak memory 666 MiB.
2026-09-30T10:05:19Z INFO [380/2000] 364d762b-6fbc-46a9-9e2c-5986e70c1ab1: attributed to 001697; 0.2 s; peak memory 666 MiB.
2026-09-30T10:05:19Z INFO [381/2000] 364e8546-19e9-4eb2-a659-eafc455c183f: attributed to 001697; 0.0 s; peak memory 666 MiB.
2026-09-30T10:05:19Z INFO [382/2000] 364e888c-6791-461d-a972-0d649590b618: attributed to 001697; 0.0 s; peak memory 666 MiB.
2026-09-30T10:05:20Z INFO [383/2000] 364f7671-23bc-457b-a2f7-ff6c71f88e0e: attributed to 001697; 0.2 s; peak memory 666 MiB.
2026-09-30T10:05:20Z INFO [384/2000] 36544adc-799e-418a-b29b-ad11be796833: attributed to 000026; 0.0 s; peak memory 666 MiB.
2026-09-30T10:05:20Z INFO [385/2000] 3655ee98-2bc5-4d5f-bf93-2886db69742c: attributed to 000403; 0.0 s; peak memory 666 MiB.
2026-09-30T10:05:20Z INFO [386/2000] 3658433c-6981-43b1-b6c9-42b06e09304a: attributed to 001697; 0.2 s; peak memory 666 MiB.
2026-09-30T10:05:20Z INFO [387/2000] 365c988f-02d1-4762-805e-71649e98d214: attributed to 000026; 0.0 s; peak memory 666 MiB.
2026-09-30T10:05:20Z INFO [388/2000] 366245c0-a421-4c1c-8ee8-98ca514f0ed2: attributed to 001697; 0.0 s; peak memory 666 MiB.
2026-09-30T10:05:20Z INFO [389/2000] 36625cc8-0cb2-4adb-bddc-684ca4060ff8: attributed to 001873; 0.3 s; peak memory 666 MiB.
2026-09-30T10:05:20Z INFO [390/2000] 36638045-bbb2-4538-b5ba-3310ac7f777f: attributed to 000026; 0.1 s; peak memory 666 MiB.
2026-09-30T10:05:20Z INFO [391/2000] 368711a4-b260-47fa-8f77-a6b6d87b6525: attributed to 000026; 0.0 s; peak memory 666 MiB.
2026-09-30T10:05:20Z INFO [392/2000] 36894033-04c8-4f06-8510-122e28021dd0: attributed to 000293; 0.0 s; peak memory 666 MiB.
2026-09-30T10:05:20Z INFO [393/2000] 368c766c-e33c-41dd-8131-78a5abbca34d: attributed to 001697; 0.0 s; peak memory 666 MiB.
2026-09-30T10:05:21Z INFO [394/2000] 36912ce0-15db-4607-97bd-278f8a84d8aa: attributed to 001697; 0.2 s; peak memory 666 MiB.
2026-09-30T10:05:21Z INFO [395/2000] 369875e4-2b8d-411b-a7a2-b27db3096e17: attributed to 000026; 0.1 s; peak memory 666 MiB.
2026-09-30T10:05:21Z INFO [396/2000] 369e4a24-9863-40c9-b5de-a52ffef6f12e: attributed to 001449; 0.1 s; peak memory 666 MiB.
2026-09-30T10:05:21Z INFO [397/2000] 36a6767e-4745-4b9c-a967-de9d6ef4a326: attributed to 000142; 0.0 s; peak memory 666 MiB.
2026-09-30T10:05:21Z INFO [398/2000] 36a8bc75-3277-4359-8855-29e2b1cf9872: attributed to 001697; 0.2 s; peak memory 666 MiB.
2026-09-30T10:05:21Z INFO [399/2000] 36aa61c4-a164-4f16-94a1-252f59647bd2: attributed to 000209; 0.0 s; peak memory 666 MiB.
2026-09-30T10:05:21Z INFO [400/2000] 36b0aa85-c232-4164-b0a4-88b5340941df: attributed to 000293; 0.0 s; peak memory 666 MiB.
2026-09-30T10:05:22Z INFO [400/2000] 36b0aa85-c232-4164-b0a4-88b5340941df: checkpointed 474825 records.
2026-09-30T10:05:22Z INFO [401/2000] 36bdbaa0-373c-4872-adb4-2045195a4282: attributed to 001697; 0.0 s; peak memory 666 MiB.
2026-09-30T10:05:22Z INFO [402/2000] 36be73fe-0cb8-47ce-8e1f-78b50ed54b54: attributed to 000293; 0.0 s; peak memory 666 MiB.
2026-09-30T10:05:22Z INFO [403/2000] 36bfad06-8cc8-4ded-9ca3-2cc82f4b9749: attributed to 000026; 0.0 s; peak memory 666 MiB.
2026-09-30T10:05:22Z INFO [404/2000] 36cc23c4-acd8-4cb2-8bce-f8779758dafa: attributed to 000109; 0.0 s; peak memory 666 MiB.
2026-09-30T10:05:23Z INFO [405/2000] 36ce0a0b-a016-4872-acfd-dff40fd4344e: attributed to 001697; 0.2 s; peak memory 666 MiB.
2026-09-30T10:05:23Z INFO [406/2000] 36dc713e-c2f1-44b1-bc76-a2f293fd2055: attributed to 001697; 0.4 s; peak memory 666 MiB.
2026-09-30T10:05:23Z INFO [407/2000] 36dcabc3-1e83-4168-961b-8763de4bccf9: attributed to 001697; 0.0 s; peak memory 666 MiB.
2026-09-30T10:05:23Z INFO [408/2000] 36e5f8bc-fb89-4407-9172-66764f55aa45: attributed to 000946; 0.0 s; peak memory 666 MiB.
2026-09-30T10:05:23Z INFO [409/2000] 36e9ddf0-7bfc-4328-83f6-b4e1299bf94c: attributed to 001697; 0.2 s; peak memory 666 MiB.
2026-09-30T10:05:23Z INFO [410/2000] 36f5f009-b999-42be-83a0-e536848abec9: attributed to 001697; 0.0 s; peak memory 666 MiB.
2026-09-30T10:05:23Z INFO [411/2000] 36f76f64-6f0b-431a-883f-29913f6bc65c: attributed to 000946; 0.0 s; peak memory 666 MiB.
2026-09-30T10:05:24Z INFO [412/2000] 3700cd18-685b-4fdf-859c-5a0f0e37f789: attributed to 001697; 0.2 s; peak memory 666 MiB.
2026-09-30T10:05:26Z INFO [413/2000] 370a2386-29b7-4404-b008-903a5d1e2712: attributed to 001697; 2.3 s; peak memory 666 MiB.
2026-09-30T10:05:26Z INFO [414/2000] 370ca93d-5bfd-4499-baee-ee781740ae86: attributed to 001697; 0.0 s; peak memory 666 MiB.
2026-09-30T10:05:26Z INFO [415/2000] 370eb4dd-9777-4a8a-bd8e-c5d3f791c2da: attributed to 001697; 0.4 s; peak memory 666 MiB.
2026-09-30T10:05:26Z INFO [416/2000] 370f063c-06e4-49e5-95b0-b9bbe129b415: attributed to 001697; 0.2 s; peak memory 666 MiB.
2026-09-30T10:05:27Z INFO [417/2000] 3712104f-7da4-4059-aa14-ffaacd9ea042: attributed to 001697; 0.2 s; peak memory 666 MiB.
2026-09-30T10:05:27Z INFO [418/2000] 3718dbfa-9d2f-45b1-b452-bb114a047132: attributed to 001697; 0.0 s; peak memory 666 MiB.
2026-09-30T10:05:27Z INFO [419/2000] 371a4b98-13a7-4b5b-8a0a-1ea4969739cb: attributed to 001697; 0.0 s; peak memory 666 MiB.
2026-09-30T10:05:27Z INFO [420/2000] 371abefa-ef13-49c6-9cc3-7dad1e470a1e: attributed to 001697; 0.2 s; peak memory 666 MiB.
2026-09-30T10:05:27Z INFO [421/2000] 37319832-9da7-40bb-ab7e-8662f199a343: attributed to 000946; 0.0 s; peak memory 666 MiB.
2026-09-30T10:05:27Z INFO [422/2000] 373468d4-3ea6-42ce-8436-4d3dce537c09: attributed to 000946; 0.0 s; peak memory 666 MiB.
2026-09-30T10:05:27Z INFO [423/2000] 37363a33-b35a-4faf-9a0b-446b08a447ac: attributed to 001697; 0.2 s; peak memory 666 MiB.
2026-09-30T10:05:27Z INFO [424/2000] 37374b86-c82d-40fb-b421-875c7b8934b7: attributed to 001697; 0.0 s; peak memory 666 MiB.
2026-09-30T10:05:27Z INFO [425/2000] 373dc1b5-0c65-4d41-8eab-2253fd060cef: attributed to 001697; 0.0 s; peak memory 666 MiB.
2026-09-30T10:05:27Z INFO [426/2000] 373eae0a-4dbf-4e1a-a8f1-d1e79f10842d: attributed to 001697; 0.0 s; peak memory 666 MiB.
2026-09-30T10:05:27Z INFO [427/2000] 37440ad7-d0b7-4bf3-8389-7b27cea8edd5: attributed to 001697; 0.0 s; peak memory 666 MiB.
2026-09-30T10:05:27Z INFO [428/2000] 374d159f-4c75-4eac-b090-badcc1377a49: attributed to 001697; 0.2 s; peak memory 666 MiB.
2026-09-30T10:07:16Z INFO [429/2000] 374d93d6-f54a-49e3-9bd4-23cc49c2e489: attributed to 001697; 108.6 s; peak memory 668 MiB.
2026-09-30T10:07:16Z INFO [430/2000] 375b8451-09fd-4baf-b99c-67e47686f503: attributed to 001697; 0.0 s; peak memory 668 MiB.
2026-09-30T10:07:16Z INFO [431/2000] 375e6835-a7cb-4a14-9e7e-5d5bdf886907: attributed to 000026; 0.0 s; peak memory 668 MiB.
2026-09-30T10:07:16Z INFO [432/2000] 37623729-66ee-40af-b6e2-08f26f43ca14: attributed to 001697; 0.3 s; peak memory 668 MiB.
2026-09-30T10:07:17Z INFO [433/2000] 3763ab9c-4d0f-4f10-b67a-c7b8389a73d9: attributed to 001873; 0.4 s; peak memory 668 MiB.
2026-09-30T10:07:18Z INFO [434/2000] 3771d088-b065-45b7-899d-7987aae26c4b: attributed to 000571; 1.0 s; peak memory 668 MiB.
2026-09-30T10:07:18Z INFO [435/2000] 3775187c-c2fb-4254-9c0e-be76ea82c8d1: attributed to 001258; 0.0 s; peak memory 668 MiB.
2026-09-30T10:07:18Z INFO [436/2000] 377b0925-0111-415a-8ca2-27654dba44d4: attributed to 000026; 0.2 s; peak memory 668 MiB.
2026-09-30T10:07:18Z INFO [437/2000] 377b6da2-c561-480a-b2a1-d2c35e351163: attributed to 000465; 0.0 s; peak memory 668 MiB.
2026-09-30T10:07:18Z INFO [438/2000] 377e813f-6b6d-433f-b76b-3a7c3ccb41fd: attributed to 001449; 0.0 s; peak memory 668 MiB.
2026-09-30T10:07:18Z INFO [439/2000] 379b475f-cb73-4b24-a4b2-8b2b1c227cea: attributed to 001697; 0.0 s; peak memory 668 MiB.
2026-09-30T10:07:18Z INFO [440/2000] 37a0237e-9453-4fc0-aff5-e5927886efbf: attributed to 001697; 0.4 s; peak memory 668 MiB.
2026-09-30T10:07:19Z INFO [441/2000] 37a11d96-1021-4754-8816-14f6ad33949d: attributed to 001697; 0.4 s; peak memory 668 MiB.
2026-09-30T10:07:19Z INFO [442/2000] 37ad860b-2ef6-4a7f-a269-dfbc87605b76: attributed to 001697; 0.3 s; peak memory 668 MiB.
2026-09-30T10:07:19Z INFO [443/2000] 37ae438f-04cf-45a8-8bbf-3880b2f3d841: attributed to 001697; 0.0 s; peak memory 668 MiB.
2026-09-30T10:07:19Z INFO [444/2000] 37b02e9e-fbda-4f09-98f3-d414e8f3b694: attributed to 001697; 0.0 s; peak memory 668 MiB.
2026-09-30T10:07:19Z INFO [445/2000] 37b2627b-c24d-4590-9db5-2afde35c7c3a: attributed to 001697; 0.0 s; peak memory 668 MiB.
2026-09-30T10:07:19Z INFO [446/2000] 37c94a18-491f-4f27-a78f-f4fc6cb489e6: attributed to 000142; 0.0 s; peak memory 668 MiB.
2026-09-30T10:07:19Z INFO [447/2000] 37d74f64-1ece-4c2b-b319-74d708b2751d: attributed to 000026; 0.1 s; peak memory 668 MiB.
2026-09-30T10:07:19Z INFO [448/2000] 37e025bb-b94c-4b1b-9692-0cd728836e86: attributed to 001697; 0.0 s; peak memory 668 MiB.
2026-09-30T10:07:19Z INFO [449/2000] 37e153f7-3384-4f37-ab6c-653d298c6429: attributed to 000026; 0.0 s; peak memory 668 MiB.
2026-09-30T10:07:19Z INFO [450/2000] 37efc9e7-0b04-474a-acef-aaedd2c38b55: attributed to 001697; 0.0 s; peak memory 668 MiB.
2026-09-30T10:07:20Z INFO [450/2000] 37efc9e7-0b04-474a-acef-aaedd2c38b55: checkpointed 474826 records.
2026-09-30T10:07:20Z INFO [451/2000] 37f084f0-16ce-402f-af3e-39465b9328c6: attributed to 001697; 0.3 s; peak memory 668 MiB.
2026-09-30T10:07:20Z INFO [452/2000] 37f23723-ba4d-4d28-89e1-6f1963fcd9af: attributed to 000026; 0.0 s; peak memory 668 MiB.
2026-09-30T10:07:21Z INFO [453/2000] 37f7e8dc-1b5b-40d8-9beb-ba998417c411: attributed to 000026; 0.0 s; peak memory 668 MiB.
2026-09-30T10:07:21Z INFO [454/2000] 37f8121d-f8d3-43b9-b005-636bb72d1579: attributed to 001697; 0.5 s; peak memory 668 MiB.
2026-09-30T10:07:22Z INFO [455/2000] 37f89da8-05d6-46b1-9ad8-b183ba87aecc: attributed to 001697; 0.6 s; peak memory 668 MiB.
2026-09-30T10:07:22Z INFO [456/2000] 37fa6d65-0964-4308-96ab-0460601f54ae: attributed to 001697; 0.0 s; peak memory 668 MiB.
2026-09-30T10:07:22Z INFO [457/2000] 37fd9388-f5cb-435e-9d06-7e7207762bd7: attributed to 000946; 0.0 s; peak memory 668 MiB.
2026-09-30T10:07:23Z INFO [458/2000] 37fe38c6-fdf1-44df-9517-282db00db72e: attributed to 001697; 1.1 s; peak memory 668 MiB.
2026-09-30T10:07:23Z INFO [459/2000] 380e463a-33ef-48e1-ad00-a3165c894072: attributed to 001697; 0.4 s; peak memory 668 MiB.
2026-09-30T10:07:23Z INFO [460/2000] 3811eb65-9a7e-453f-bf41-c7a7e7266868: attributed to 000026; 0.0 s; peak memory 668 MiB.
2026-09-30T10:07:23Z INFO [461/2000] 38121ae7-1d03-4259-baa8-519bca17b96a: attributed to 001697; 0.0 s; peak memory 668 MiB.
2026-09-30T10:07:23Z INFO [462/2000] 381523c6-da81-4eb3-a833-bc1152152769: attributed to 000108; 0.1 s; peak memory 668 MiB.
2026-09-30T10:07:23Z INFO [463/2000] 3818fe21-5317-435e-8f51-b4310dd0b0f9: attributed to 000026; 0.1 s; peak memory 668 MiB.
2026-09-30T10:07:23Z INFO [464/2000] 3819ed42-c60b-4c7d-b5c9-a5a547128eec: attributed to 000142; 0.0 s; peak memory 668 MiB.
2026-09-30T10:07:23Z INFO [465/2000] 3823b98e-7597-424e-b11f-c5b754de2ba6: attributed to 000109; 0.0 s; peak memory 668 MiB.
2026-09-30T10:07:23Z INFO [466/2000] 382930e7-9d51-4e76-b891-a586c724bad7: attributed to 001697; 0.0 s; peak memory 668 MiB.
2026-09-30T10:07:23Z INFO [467/2000] 382a92c6-7c46-4c20-9de4-a97501352a6a: attributed to 001449; 0.1 s; peak memory 668 MiB.
2026-09-30T10:07:23Z INFO [468/2000] 3837161f-961f-40a7-b228-5ffd5be93f9d: attributed to 000570; 0.0 s; peak memory 668 MiB.
2026-09-30T10:07:24Z INFO [469/2000] 383c33d2-5c20-465b-817b-38af96b89d21: attributed to 000026; 0.0 s; peak memory 668 MiB.
2026-09-30T10:07:24Z INFO [470/2000] 3843bb38-0777-4480-94a6-470f08e7948b: attributed to 000571; 0.1 s; peak memory 668 MiB.
2026-09-30T10:07:24Z INFO [471/2000] 38469b12-7481-4d6e-88fb-19e14637c63a: attributed to 000026; 0.0 s; peak memory 668 MiB.
2026-09-30T10:07:24Z INFO [472/2000] 385147a2-b7d7-4dfd-84a1-a26495f11c02: attributed to 000946; 0.0 s; peak memory 668 MiB.
2026-09-30T10:07:24Z INFO [473/2000] 3853a23f-a725-410d-8c80-da68eae2eed1: attributed to 000026; 0.0 s; peak memory 668 MiB.
2026-09-30T10:07:24Z INFO [474/2000] 3854637e-7b3a-43c6-b928-21dc76e23d33: attributed to 001697; 0.0 s; peak memory 668 MiB.
2026-09-30T10:07:24Z INFO [475/2000] 38571691-8937-48e9-a61c-dad49de5951f: attributed to 000026; 0.1 s; peak memory 668 MiB.
2026-09-30T10:07:24Z INFO [476/2000] 3858c83f-3be7-4f01-bee9-de11aaa07147: attributed to 000026; 0.0 s; peak memory 668 MiB.
2026-09-30T10:07:24Z INFO [477/2000] 385b2f3d-d2e0-45a6-b45a-9eae3c7b2a4e: attributed to 000946; 0.0 s; peak memory 668 MiB.
2026-09-30T10:07:24Z INFO [478/2000] 385c1314-aedb-401b-b443-2c14bcbd0321: attributed to 001449; 0.0 s; peak memory 668 MiB.
2026-09-30T10:07:24Z INFO [479/2000] 385d9d22-d97a-4a9f-9a16-8827a52a1132: attributed to 000026; 0.0 s; peak memory 668 MiB.
2026-09-30T10:07:24Z INFO [480/2000] 3861b001-5d28-4c40-9408-9883cb0aa914: attributed to 001449; 0.0 s; peak memory 668 MiB.
2026-09-30T10:07:24Z INFO [481/2000] 3866d710-ab56-4b57-b474-ede6dfe01427: attributed to 001449; 0.0 s; peak memory 668 MiB.
2026-09-30T10:07:24Z INFO [482/2000] 386996ef-9a6c-4ce3-8900-e4d20332d4ff: attributed to 001697; 0.0 s; peak memory 668 MiB.
2026-09-30T10:07:24Z INFO [483/2000] 3871f7b3-a3fb-4524-b440-b018c0ac726a: attributed to 001782; 0.1 s; peak memory 668 MiB.
2026-09-30T10:07:24Z INFO [484/2000] 3872a6fb-c8d5-4cdd-bea4-49a824ea989a: attributed to 001449; 0.0 s; peak memory 668 MiB.
2026-09-30T10:07:25Z INFO [485/2000] 3872d87e-fae9-4a6b-9bdb-a16d57bd1d4a: attributed to 001697; 1.2 s; peak memory 668 MiB.
2026-09-30T10:07:25Z INFO [486/2000] 387cb878-5a83-405a-9e13-59524ec7dc42: attributed to 000946; 0.0 s; peak memory 668 MiB.
2026-09-30T10:07:25Z INFO [487/2000] 387f310e-e4a8-4f14-ab79-0ea14ee34106: attributed to 001697; 0.0 s; peak memory 668 MiB.
2026-09-30T10:07:26Z INFO [488/2000] 388578b4-1330-49e3-b3a5-14e3e2a701eb: attributed to 001697; 0.4 s; peak memory 668 MiB.
2026-09-30T10:07:26Z INFO [489/2000] 388e396c-ab59-47f5-8974-d5b47197907d: attributed to 001697; 0.2 s; peak memory 668 MiB.
2026-09-30T10:07:26Z INFO [490/2000] 38b95542-8f47-4ee3-82f7-bf328a218be7: attributed to 000946; 0.0 s; peak memory 668 MiB.
2026-09-30T10:07:26Z INFO [491/2000] 38b9ebbe-eb24-408b-b0a2-d4b8a713d357: attributed to 001697; 0.2 s; peak memory 668 MiB.
2026-09-30T10:07:26Z INFO [492/2000] 38be5472-81b9-4435-be1c-249e3c0f772d: attributed to 001697; 0.0 s; peak memory 668 MiB.
2026-09-30T10:07:27Z INFO [493/2000] 38c4f0de-c120-4d73-b8c6-7c4bd76df1cf: attributed to 001697; 0.6 s; peak memory 668 MiB.
2026-09-30T10:07:27Z INFO [494/2000] 38c5a96b-3970-4022-800b-e0f56bbf2895: attributed to 001697; 0.0 s; peak memory 668 MiB.
2026-09-30T10:07:27Z INFO [495/2000] 38cc240b-77c5-418a-9040-a7f582ff6541: attributed to 000054; 0.0 s; peak memory 668 MiB.
2026-09-30T10:07:27Z INFO [496/2000] 38d1419d-39e5-4a35-a37f-d062682cd791: attributed to 001697; 0.0 s; peak memory 668 MiB.
2026-09-30T10:07:27Z INFO [497/2000] 38d71f51-7abc-4385-89ea-ca35da1d15e8: attributed to 001697; 0.0 s; peak memory 668 MiB.
2026-09-30T10:07:27Z INFO [498/2000] 38df0d89-981b-4f2a-bfcf-87c7a94967e5: attributed to 001697; 0.0 s; peak memory 668 MiB.
2026-09-30T10:07:27Z INFO [499/2000] 38e7228b-8c22-4eed-8034-434d4c171122: attributed to 000293; 0.0 s; peak memory 668 MiB.
2026-09-30T10:07:27Z INFO [500/2000] 38e72c98-ad4a-4d9a-9128-6472074a2ddc: attributed to 000026; 0.0 s; peak memory 668 MiB.
2026-09-30T10:07:28Z INFO [500/2000] 38e72c98-ad4a-4d9a-9128-6472074a2ddc: checkpointed 474826 records.
2026-09-30T10:07:28Z INFO [501/2000] 38e7ae4f-ffe8-4544-bac0-bbf13bb81ae2: attributed to 001063; 0.0 s; peak memory 668 MiB.
2026-09-30T10:07:28Z INFO [502/2000] 38e815aa-18da-4fb6-b8d7-f04cf380ace4: attributed to 001697; 0.0 s; peak memory 668 MiB.
2026-09-30T10:07:29Z INFO [503/2000] 38ebd17a-a434-4536-b7ec-26e73d64611c: attributed to 001697; 0.2 s; peak memory 668 MiB.
2026-09-30T10:07:29Z INFO [504/2000] 38f688bb-68be-431a-801c-d25f2f83ee95: attributed to 000571; 0.0 s; peak memory 668 MiB.
2026-09-30T10:07:29Z INFO [505/2000] 38f7b6f1-85bb-4d38-9aa1-c6b5b5078cbc: attributed to 000026; 0.0 s; peak memory 668 MiB.
2026-09-30T10:07:29Z INFO [506/2000] 3906fc09-27ba-40c0-8e61-96e743366af4: attributed to 000946; 0.0 s; peak memory 668 MiB.
2026-09-30T10:07:29Z INFO [507/2000] 39095cc3-537b-4cca-b9f6-5975f5f23796: attributed to 001697; 0.0 s; peak memory 668 MiB.
2026-09-30T10:07:29Z INFO [508/2000] 39137872-f5e6-47e3-8b21-b9111f694c2c: attributed to 001063; 0.0 s; peak memory 668 MiB.
2026-09-30T10:07:29Z INFO [509/2000] 392337f5-9e07-441b-a68b-1a0718883073: attributed to 000568; 0.0 s; peak memory 668 MiB.
2026-09-30T10:07:29Z INFO [510/2000] 392ba418-1fc6-4134-89f3-5738ecd7c44b: attributed to 000946; 0.0 s; peak memory 668 MiB.
2026-09-30T10:07:29Z INFO [511/2000] 3930fc1c-49a4-492a-a998-704815c6867e: attributed to 000142; 0.0 s; peak memory 668 MiB.
2026-09-30T10:07:29Z INFO [512/2000] 3931cae2-c9af-4918-8a2d-9af2ea21caf8: attributed to 001697; 0.2 s; peak memory 668 MiB.
2026-09-30T10:07:29Z INFO [513/2000] 39321fd4-0578-43cf-967f-6a029f6d2042: attributed to 000026; 0.1 s; peak memory 668 MiB.
2026-09-30T10:07:29Z INFO [514/2000] 393906bd-bde6-4ead-8ff4-02cd767478cf: attributed to 001258; 0.0 s; peak memory 668 MiB.
2026-09-30T10:07:29Z INFO [515/2000] 393aeb4a-94b9-4556-8f07-fc84fcac5b7a: attributed to 001697; 0.0 s; peak memory 668 MiB.
2026-09-30T10:07:29Z INFO [516/2000] 39407f78-08c6-49e7-878f-9bf1851831cb: attributed to 000173; 0.0 s; peak memory 668 MiB.
2026-09-30T10:07:29Z INFO [517/2000] 39440798-fdf7-4171-af00-d88a2e237a2a: attributed to 001697; 0.0 s; peak memory 668 MiB.
2026-09-30T10:07:29Z INFO [518/2000] 39461bc9-d7ad-4696-844c-d21d35a1fa9f: attributed to 000026; 0.1 s; peak memory 668 MiB.
2026-09-30T10:07:29Z INFO [519/2000] 39490549-3641-4e4e-a060-21988b43130a: attributed to 000026; 0.0 s; peak memory 668 MiB.
2026-09-30T10:07:29Z INFO [520/2000] 394e9a0b-ee28-4788-af33-36c6a3ca45f0: attributed to 000403; 0.0 s; peak memory 668 MiB.
2026-09-30T10:07:29Z INFO [521/2000] 395b6508-abf2-493c-93db-6074bf60c925: attributed to 001697; 0.2 s; peak memory 668 MiB.
2026-09-30T10:07:29Z INFO [522/2000] 39638478-9804-4428-8222-7e816f595a7e: attributed to 001697; 0.0 s; peak memory 668 MiB.
2026-09-30T10:07:30Z INFO [523/2000] 39651154-5f7e-4355-ad57-217a5a8e6d5a: attributed to 001449; 0.1 s; peak memory 668 MiB.
2026-09-30T10:07:30Z INFO [524/2000] 3968cf9c-4811-4cc6-bb24-9af6014c8af1: attributed to 000026; 0.0 s; peak memory 668 MiB.
2026-09-30T10:07:30Z INFO [525/2000] 396de06d-82f3-48a5-8670-1558b462ad56: attributed to 001697; 0.0 s; peak memory 668 MiB.
2026-09-30T10:07:30Z INFO [526/2000] 3973972e-59f7-4368-9c8b-56c900a32982: attributed to 000403; 0.0 s; peak memory 668 MiB.
2026-09-30T10:07:30Z INFO [527/2000] 3974cfeb-92c6-43eb-ba98-a7842a97c649: attributed to 001697; 0.0 s; peak memory 668 MiB.
2026-09-30T10:07:30Z INFO [528/2000] 39777a11-2204-4a50-bfdf-6e83ae163537: attributed to 001697; 0.0 s; peak memory 668 MiB.
2026-09-30T10:07:30Z INFO [529/2000] 397c65e2-d8d1-4c63-8c11-56ce1284ffc1: attributed to 001697; 0.2 s; peak memory 668 MiB.
2026-09-30T10:07:30Z INFO [530/2000] 3982e325-bdc6-4198-870e-5d804547ab35: attributed to 000946; 0.0 s; peak memory 668 MiB.
2026-09-30T10:07:30Z INFO [531/2000] 398802a3-5b87-47b7-9116-09c76b65d3ac: attributed to 001697; 0.0 s; peak memory 668 MiB.
2026-09-30T10:07:31Z INFO [532/2000] 39986b10-de1c-4877-b7c7-8d937c0fadf5: attributed to 001873; 1.2 s; peak memory 668 MiB.
2026-09-30T10:07:31Z INFO [533/2000] 399e02e8-eb80-44e6-a14e-7b12de14b654: attributed to 000142; 0.0 s; peak memory 668 MiB.
2026-09-30T10:07:31Z INFO [534/2000] 399e352d-1bf2-46b6-89fb-4f546ee0af60: attributed to 001697; 0.0 s; peak memory 668 MiB.
2026-09-30T10:07:31Z INFO [535/2000] 39a2a681-b805-4bb5-b4a4-4be24884f052: attributed to 000026; 0.0 s; peak memory 668 MiB.
2026-09-30T10:07:31Z INFO [536/2000] 39a9bbb2-a945-40ee-bbad-ef4443b2912e: attributed to 001697; 0.2 s; peak memory 668 MiB.
2026-09-30T10:07:31Z INFO [537/2000] 39abe236-d280-49da-9181-728f013138d4: attributed to 000026; 0.0 s; peak memory 668 MiB.
2026-09-30T10:07:31Z INFO [538/2000] 39ba0d63-8340-44db-87c3-199a0f414cd1: attributed to 001697; 0.0 s; peak memory 668 MiB.
2026-09-30T10:07:31Z INFO [539/2000] 39c1432f-76f9-4fa5-b07f-ec90024eb6a9: attributed to 001258; 0.0 s; peak memory 668 MiB.
2026-09-30T10:07:31Z INFO [540/2000] 39c32c52-dfbe-4091-b079-16e9d26d2f69: attributed to 001697; 0.0 s; peak memory 668 MiB.
2026-09-30T10:07:31Z INFO [541/2000] 39c9c01e-c651-4dc3-8cba-d31b6f190df5: attributed to 000026; 0.1 s; peak memory 668 MiB.
2026-09-30T10:07:32Z INFO [542/2000] 39cd3ad7-4fa9-4c46-9352-71aa4aab7ccc: attributed to 000026; 0.1 s; peak memory 668 MiB.
2026-09-30T10:07:32Z INFO [543/2000] 39d073c2-7426-402b-ae29-879c5eae38a9: attributed to 001697; 0.0 s; peak memory 668 MiB.
2026-09-30T10:07:32Z INFO [544/2000] 39d6c840-ae55-4652-9317-8d22596cfa50: attributed to 000570; 0.0 s; peak memory 668 MiB.
2026-09-30T10:07:32Z INFO [545/2000] 39d7521d-aa9a-4e1f-8226-c3800264b699: attributed to 001697; 0.0 s; peak memory 668 MiB.
2026-09-30T10:07:32Z INFO [546/2000] 39d8d80e-eb39-4b8c-9af8-d876018dc569: attributed to 001697; 0.0 s; peak memory 668 MiB.
2026-09-30T10:07:32Z INFO [547/2000] 39dec441-4456-4dd2-8696-04da2f85281d: attributed to 001449; 0.0 s; peak memory 668 MiB.
2026-09-30T10:07:32Z INFO [548/2000] 39e134fb-b305-4f9e-88b3-64ef3ecd26e1: attributed to 001353; 0.1 s; peak memory 668 MiB.
2026-09-30T10:07:32Z INFO [549/2000] 39e1c57e-e75b-415c-89af-5d65f0b58007: attributed to 001697; 0.2 s; peak memory 668 MiB.
2026-09-30T10:07:32Z INFO [550/2000] 39e331ca-55a8-4dc5-b22b-718b03d16ccd: attributed to 001697; 0.2 s; peak memory 668 MiB.
2026-09-30T10:07:33Z INFO [550/2000] 39e331ca-55a8-4dc5-b22b-718b03d16ccd: checkpointed 474826 records.
2026-09-30T10:07:34Z INFO [551/2000] 39e8c949-a39e-41e3-9e2e-b12801e30b2b: attributed to 001697; 0.2 s; peak memory 668 MiB.
2026-09-30T10:07:35Z INFO [552/2000] 39eae9f5-eb45-4316-9a0d-a891e48be4eb: attributed to 001697; 1.0 s; peak memory 668 MiB.
2026-09-30T10:07:35Z INFO [553/2000] 39f58304-4599-49a7-97be-e230c0fe4129: attributed to 000142; 0.0 s; peak memory 668 MiB.
2026-09-30T10:07:35Z INFO [554/2000] 3a04d1b7-7f7b-4d34-9145-499e1b8cdcb2: attributed to 000142; 0.0 s; peak memory 668 MiB.
2026-09-30T10:07:35Z INFO [555/2000] 3a158381-85cf-4394-ab90-ce9121267b59: attributed to 000946; 0.0 s; peak memory 668 MiB.
2026-09-30T10:07:35Z INFO [556/2000] 3a1a89b8-5377-4b95-9fd4-a33704295e2d: attributed to 000026; 0.0 s; peak memory 668 MiB.
2026-09-30T10:07:35Z INFO [557/2000] 3a22cc65-8759-4082-b396-db8c234b8e56: attributed to 000209; 0.0 s; peak memory 668 MiB.
2026-09-30T10:07:35Z INFO [558/2000] 3a2de938-cfef-4a72-b738-4604c8f01060: attributed to 001697; 0.0 s; peak memory 668 MiB.
2026-09-30T10:07:35Z INFO [559/2000] 3a34975a-f005-4498-bf87-72f82ce091db: attributed to 001697; 0.0 s; peak memory 668 MiB.
2026-09-30T10:07:35Z INFO [560/2000] 3a54e107-728c-417e-9bb6-f3bb2b1e73d5: attributed to 000946; 0.0 s; peak memory 668 MiB.
2026-09-30T10:07:35Z INFO [561/2000] 3a554f6e-9433-4114-834f-236e986f5114: attributed to 000109; 0.0 s; peak memory 668 MiB.
2026-09-30T10:07:35Z INFO [562/2000] 3a5e4dcc-4cdd-40ad-8184-54156e75ec62: attributed to 000946; 0.0 s; peak memory 668 MiB.
2026-09-30T10:07:35Z INFO [563/2000] 3a5f2890-0560-4315-8910-6921bd061e6f: attributed to 001697; 0.0 s; peak memory 668 MiB.
2026-09-30T10:07:35Z INFO [564/2000] 3a6805e8-b447-44cf-865b-d867655bac07: attributed to 000142; 0.0 s; peak memory 668 MiB.
2026-09-30T10:07:35Z INFO [565/2000] 3a6a8299-ed33-47c8-ac01-b6a066acaa0d: attributed to 001697; 0.0 s; peak memory 668 MiB.
2026-09-30T10:07:36Z INFO [566/2000] 3a6e7184-58fd-4ec9-88d4-4a731a155ee1: attributed to 000571; 1.0 s; peak memory 668 MiB.
2026-09-30T10:07:36Z INFO [567/2000] 3a77e922-e253-4cf5-add8-ed311513a336: attributed to 001697; 0.0 s; peak memory 668 MiB.
2026-09-30T10:07:36Z INFO [568/2000] 3a7841e0-cfa8-4420-bd7a-3940acfbef85: attributed to 000026; 0.1 s; peak memory 668 MiB.
2026-09-30T10:07:36Z INFO [569/2000] 3a7b3079-4daa-40c3-b0ea-cf7c6f13b5bd: attributed to 001697; 0.0 s; peak memory 668 MiB.
2026-09-30T10:07:36Z INFO [570/2000] 3a81ed1a-482c-4bbd-8338-6b461172d8e9: attributed to 001697; 0.3 s; peak memory 668 MiB.
2026-09-30T10:07:36Z INFO [571/2000] 3a82146f-3c04-46ff-ab22-433dd81950a5: attributed to 000026; 0.0 s; peak memory 668 MiB.
2026-09-30T10:07:36Z INFO [572/2000] 3a84bc4b-c74f-41cd-a3aa-a113c1d9ba78: attributed to 000026; 0.1 s; peak memory 668 MiB.
2026-09-30T10:07:36Z INFO [573/2000] 3a851a50-3ef7-4830-bd60-0a372bb490e3: attributed to 001697; 0.2 s; peak memory 668 MiB.
2026-09-30T10:07:37Z INFO [574/2000] 3a8653f7-2a72-459a-8121-d3ee03e6b1cb: attributed to 000026; 0.0 s; peak memory 668 MiB.
2026-09-30T10:07:37Z INFO [575/2000] 3a8660e2-81c6-4510-adc5-6af0d8023fe2: attributed to 000026; 0.0 s; peak memory 668 MiB.
2026-09-30T10:07:37Z INFO [576/2000] 3a8d9875-47d0-4bce-9371-9db2589a99ae: attributed to 000946; 0.0 s; peak memory 668 MiB.
2026-09-30T10:07:37Z INFO [577/2000] 3a8e1492-2367-4518-a60f-cf98dfaba31c: attributed to 001697; 0.0 s; peak memory 668 MiB.
2026-09-30T10:07:37Z INFO [578/2000] 3a921952-200c-47ed-8d9c-dbe427f930a8: attributed to 001697; 0.2 s; peak memory 668 MiB.
2026-09-30T10:07:37Z INFO [579/2000] 3a989385-b58c-4e4a-9e01-ec20ac2fc7e0: attributed to 001697; 0.2 s; peak memory 668 MiB.
2026-09-30T10:07:37Z INFO [580/2000] 3a9b44dc-b20f-43a6-8e3b-76ccee00966f: attributed to 001697; 0.0 s; peak memory 668 MiB.
2026-09-30T10:07:37Z INFO [581/2000] 3a9ff01f-be3d-4989-8718-7d085d306709: attributed to 000026; 0.1 s; peak memory 668 MiB.
2026-09-30T10:07:38Z INFO [582/2000] 3aa12d36-e637-4b0f-895b-7ed2be754d4e: attributed to 001697; 0.4 s; peak memory 668 MiB.
2026-09-30T10:07:38Z INFO [583/2000] 3aa392b9-d04a-4e32-a215-f56179487e7f: attributed to 000109; 0.0 s; peak memory 668 MiB.
2026-09-30T10:07:38Z INFO [584/2000] 3aa79e40-132d-458c-be9e-1265de30490c: attributed to 000570; 0.0 s; peak memory 668 MiB.
2026-09-30T10:07:38Z INFO [585/2000] 3aa7b38d-ebf7-4c35-b39c-0f6e0482a1f3: attributed to 000946; 0.0 s; peak memory 668 MiB.
2026-09-30T10:07:38Z INFO [586/2000] 3ab27ccd-feb3-4897-a952-b1423c3205af: attributed to 001697; 0.0 s; peak memory 668 MiB.
2026-09-30T10:07:38Z INFO [587/2000] 3ab2a650-c7db-48b8-bb87-afd7a4266c9d: attributed to 001697; 0.0 s; peak memory 668 MiB.
2026-09-30T10:07:38Z INFO [588/2000] 3abeb19d-7ad4-4e42-b2e7-20d44b83719a: attributed to 001697; 0.3 s; peak memory 668 MiB.
2026-09-30T10:07:38Z INFO [589/2000] 3aca55a8-e3d1-48b4-aff4-bba07fd7d4fa: attributed to 001697; 0.2 s; peak memory 668 MiB.
2026-09-30T10:07:38Z INFO [590/2000] 3ad72802-a11f-4454-8080-c0d42c5bdbce: attributed to 000026; 0.1 s; peak memory 668 MiB.
2026-09-30T10:07:39Z INFO [591/2000] 3ad9b7eb-da0d-4785-a070-61db133d0bdc: attributed to 001697; 0.5 s; peak memory 668 MiB.
2026-09-30T10:07:39Z INFO [592/2000] 3adebab3-b207-4eeb-a557-010fadca33a0: attributed to 001697; 0.0 s; peak memory 668 MiB.
2026-09-30T10:07:39Z INFO [593/2000] 3ae4f6c6-93e4-49f4-a2a8-92bbd3e3818a: attributed to 000876; 0.0 s; peak memory 668 MiB.
2026-09-30T10:07:39Z INFO [594/2000] 3ae8a5a3-3349-40be-8850-21afee7706be: attributed to 001697; 0.0 s; peak memory 668 MiB.
2026-09-30T10:07:39Z INFO [595/2000] 3ae9cf92-db08-46ac-8c9f-17b465abe9bf: attributed to 001697; 0.0 s; peak memory 668 MiB.
2026-09-30T10:07:39Z INFO [596/2000] 3afcac23-0aed-49b6-9cfa-b5bb5899d321: attributed to 000946; 0.0 s; peak memory 668 MiB.
2026-09-30T10:07:39Z INFO [597/2000] 3b0a1397-befa-4788-88a8-534abe15bd10: attributed to 001697; 0.0 s; peak memory 668 MiB.
2026-09-30T10:07:39Z INFO [598/2000] 3b0bf950-1140-4c37-9c06-f302817a814a: attributed to 001697; 0.2 s; peak memory 668 MiB.
2026-09-30T10:07:39Z INFO [599/2000] 3b0efaf0-699b-4ff3-ac02-97d89530e1ad: attributed to 001697; 0.2 s; peak memory 668 MiB.
2026-09-30T10:07:39Z INFO [600/2000] 3b177210-fc2b-4ae2-8f76-988bc47227b8: attributed to 001697; 0.2 s; peak memory 668 MiB.
2026-09-30T10:07:41Z INFO [600/2000] 3b177210-fc2b-4ae2-8f76-988bc47227b8: checkpointed 474827 records.
2026-09-30T10:07:41Z INFO [601/2000] 3b1e22f0-b8fa-4b11-a817-188dbafb15f1: attributed to 001697; 0.0 s; peak memory 668 MiB.
2026-09-30T10:07:41Z INFO [602/2000] 3b1f262d-2507-49be-a768-877f5f0e1a1c: attributed to 001697; 0.2 s; peak memory 668 MiB.
2026-09-30T10:07:41Z INFO [603/2000] 3b28ad10-12b0-4f8c-b128-3bdfeb95dd15: attributed to 000142; 0.0 s; peak memory 668 MiB.
2026-09-30T10:07:41Z INFO [604/2000] 3b296efe-0375-43cd-a14c-2429669e944d: attributed to 001697; 0.0 s; peak memory 668 MiB.
2026-09-30T10:07:41Z INFO [605/2000] 3b35ffee-ec96-4775-ae85-eec1210e5340: attributed to 001697; 0.2 s; peak memory 668 MiB.
2026-09-30T10:07:41Z INFO [606/2000] 3b37c4e1-e4d1-46fe-b7bb-ef657e338286: attributed to 001697; 0.2 s; peak memory 668 MiB.
2026-09-30T10:07:41Z INFO [607/2000] 3b457319-579f-496c-97b8-6719ec17d7a6: attributed to 000109; 0.0 s; peak memory 668 MiB.
2026-09-30T10:07:41Z INFO [608/2000] 3b49913b-eb37-4e9c-8731-6749854e39c5: attributed to 001697; 0.0 s; peak memory 668 MiB.
2026-09-30T10:07:41Z INFO [609/2000] 3b49b043-3281-48c3-a7b1-2da86268c776: attributed to 000293; 0.0 s; peak memory 668 MiB.
2026-09-30T10:07:42Z INFO [610/2000] 3b4ae233-dc6c-443a-80f4-97a87a5b343d: attributed to 001697; 0.2 s; peak memory 668 MiB.
2026-09-30T10:07:42Z INFO [611/2000] 3b4c2709-2def-4f72-9260-5f73a834269f: attributed to 001697; 0.0 s; peak memory 668 MiB.
2026-09-30T10:07:42Z INFO [612/2000] 3b4c43c0-cd4f-44c1-9050-b558be7a2a6a: attributed to 001697; 0.2 s; peak memory 668 MiB.
2026-09-30T10:07:42Z INFO [613/2000] 3b60fe94-7092-46b8-8627-3324ffcf94f2: attributed to 000209; 0.0 s; peak memory 668 MiB.
2026-09-30T10:07:42Z INFO [614/2000] 3b656376-f154-436e-a4c5-851e8c8356dd: attributed to 000946; 0.0 s; peak memory 668 MiB.
2026-09-30T10:07:42Z INFO [615/2000] 3b69f6ce-5ddd-4242-898c-c377a9f7d31e: attributed to 001449; 0.0 s; peak memory 668 MiB.
2026-09-30T10:07:42Z INFO [616/2000] 3b7787d2-de54-4290-a8b7-c91647837b73: attributed to 001697; 0.2 s; peak memory 668 MiB.
2026-09-30T10:07:42Z INFO [617/2000] 3b7993e7-081d-4bbd-9ce2-96fb856772b5: attributed to 001858; 0.0 s; peak memory 668 MiB.
2026-09-30T10:07:42Z INFO [618/2000] 3b7d7337-08d4-4225-8e85-2f01531c3390: attributed to 001063; 0.0 s; peak memory 668 MiB.
2026-09-30T10:07:42Z INFO [619/2000] 3b7db177-b42b-4186-931a-808cd502d42a: attributed to 001697; 0.0 s; peak memory 668 MiB.
2026-09-30T10:07:42Z INFO [620/2000] 3b8c8598-95be-493e-992a-a5a3eccb6f6f: attributed to 000026; 0.0 s; peak memory 668 MiB.
2026-09-30T10:07:42Z INFO [621/2000] 3b9174e8-1357-4596-a958-e0d6b77147e8: attributed to 001697; 0.2 s; peak memory 668 MiB.
2026-09-30T10:07:42Z INFO [622/2000] 3b9c9f55-3089-4790-b15e-2f067896e61a: attributed to 001697; 0.0 s; peak memory 668 MiB.
2026-09-30T10:07:43Z INFO [623/2000] 3bac0e62-793b-494a-aa19-335187f7defc: attributed to 001697; 0.2 s; peak memory 668 MiB.
2026-09-30T10:07:43Z INFO [624/2000] 3bb56d28-f563-402e-81a8-cf35b02e8f50: attributed to 001697; 0.2 s; peak memory 668 MiB.
2026-09-30T10:07:43Z INFO [625/2000] 3bc00daf-4c3e-4338-9cd8-c1cf32f7a732: attributed to 001697; 0.0 s; peak memory 668 MiB.
2026-09-30T10:07:43Z INFO [626/2000] 3bc52dee-bd6d-4360-952f-af6abcf0e19c: attributed to 001697; 0.0 s; peak memory 668 MiB.
2026-09-30T10:07:43Z INFO [627/2000] 3bced602-e1ff-4242-a086-a68f01bb8057: attributed to 001697; 0.0 s; peak memory 668 MiB.
2026-09-30T10:07:43Z INFO [628/2000] 3be31afd-4e22-498d-896c-65ceccb44eb5: attributed to 000403; 0.0 s; peak memory 668 MiB.
2026-09-30T10:07:43Z INFO [629/2000] 3be6c12a-8cf7-4090-b54c-564f007d0c63: attributed to 001697; 0.0 s; peak memory 668 MiB.
2026-09-30T10:07:43Z INFO [630/2000] 3bec0a28-511d-4caf-bf1f-d227499cf464: attributed to 001697; 0.0 s; peak memory 668 MiB.
2026-09-30T10:07:43Z INFO [631/2000] 3bf33b4e-72fb-4839-a157-f293138f76d2: attributed to 000142; 0.0 s; peak memory 668 MiB.
2026-09-30T10:07:43Z INFO [632/2000] 3bf43c3e-8546-49f7-a615-d811236b5e28: attributed to 000403; 0.0 s; peak memory 668 MiB.
2026-09-30T10:07:43Z INFO [633/2000] 3bf4646a-1f8f-4e3f-b7d0-6b81fd82b69f: attributed to 001697; 0.0 s; peak memory 668 MiB.
2026-09-30T10:07:43Z INFO [634/2000] 3bf6691a-84d3-452e-b12f-7e526c60d448: attributed to 001697; 0.0 s; peak memory 668 MiB.
2026-09-30T10:07:43Z INFO [635/2000] 3bf9df5e-8618-43b1-853d-3dc8e27ea61e: attributed to 001697; 0.2 s; peak memory 668 MiB.
2026-09-30T10:07:43Z INFO [636/2000] 3bfa7b8a-a91b-4e46-885c-cc2f5ed2c69b: attributed to 001258; 0.0 s; peak memory 668 MiB.
2026-09-30T10:07:43Z INFO [637/2000] 3bfb1b8d-04fb-4e91-bc09-ac137a581f51: attributed to 001697; 0.2 s; peak memory 668 MiB.
2026-09-30T10:07:43Z INFO [638/2000] 3bfbebb8-d7ee-409b-b320-54535b5ff9ea: attributed to 001697; 0.0 s; peak memory 668 MiB.
2026-09-30T10:07:43Z INFO [639/2000] 3bff449b-414d-4394-a512-7e43f0e449f0: attributed to 000026; 0.0 s; peak memory 668 MiB.
2026-09-30T10:07:43Z INFO [640/2000] 3c0472cd-a343-40db-ad2c-7e7a8df728ba: attributed to 001697; 0.2 s; peak memory 668 MiB.
2026-09-30T10:07:43Z INFO [641/2000] 3c123cff-b882-4888-b8f4-2e572db8cf95: attributed to 001697; 0.0 s; peak memory 668 MiB.
2026-09-30T10:07:44Z INFO [642/2000] 3c12e4af-fe35-49b8-9508-772ebd1c68b7: attributed to 000026; 0.1 s; peak memory 668 MiB.
2026-09-30T10:07:44Z INFO [643/2000] 3c14fb44-9624-4aa4-9cdd-62702a1999de: attributed to 000026; 0.3 s; peak memory 668 MiB.
2026-09-30T10:07:44Z INFO [644/2000] 3c16ec0e-6802-4897-81be-6e67ee1f9b6c: attributed to 001258; 0.0 s; peak memory 668 MiB.
2026-09-30T10:07:44Z INFO [645/2000] 3c23a877-f34b-41a8-bc73-19b4561eca2a: attributed to 001697; 0.3 s; peak memory 668 MiB.
2026-09-30T10:07:44Z INFO [646/2000] 3c2a2e8a-6ac0-4db6-8361-74956c7e6aae: attributed to 001697; 0.0 s; peak memory 668 MiB.
2026-09-30T10:07:44Z INFO [647/2000] 3c34f57b-54be-4fa9-94bb-02d0f99a8c59: attributed to 000209; 0.0 s; peak memory 668 MiB.
2026-09-30T10:07:44Z INFO [648/2000] 3c38417a-62b3-4090-8ef4-43cf2a12c92c: attributed to 000026; 0.0 s; peak memory 668 MiB.
2026-09-30T10:07:44Z INFO [649/2000] 3c39bbee-7f5f-4735-80ed-b996bcb82bdd: attributed to 001697; 0.0 s; peak memory 668 MiB.
2026-09-30T10:07:44Z INFO [650/2000] 3c51722a-3e4b-4ee0-bfa5-0a287af990ab: attributed to 000979; 0.0 s; peak memory 668 MiB.
2026-09-30T10:07:45Z INFO [650/2000] 3c51722a-3e4b-4ee0-bfa5-0a287af990ab: checkpointed 474827 records.
2026-09-30T10:07:45Z INFO [651/2000] 3c56c120-5167-4a95-8d4c-faea53d9bfad: attributed to 000026; 0.0 s; peak memory 668 MiB.
2026-09-30T10:07:46Z INFO [652/2000] 3c65d67d-2278-4377-9570-0c4a5b79dde4: attributed to 001697; 0.4 s; peak memory 668 MiB.
2026-09-30T10:07:46Z INFO [653/2000] 3c6ab521-a5dc-4fe0-b5d4-ae5068f02ffb: attributed to 000026; 0.1 s; peak memory 668 MiB.
2026-09-30T10:07:46Z INFO [654/2000] 3c6addd6-e05f-4b64-a107-483c3b3702d0: attributed to 001697; 0.0 s; peak memory 668 MiB.
2026-09-30T10:07:46Z INFO [655/2000] 3c6bd36a-9eb9-49de-ba1a-361e925bb5f0: attributed to 000026; 0.1 s; peak memory 668 MiB.
2026-09-30T10:07:46Z INFO [656/2000] 3c6effe8-2562-421e-91b5-dbe7f8961cbb: attributed to 000109; 0.0 s; peak memory 668 MiB.
2026-09-30T10:07:46Z INFO [657/2000] 3c733cf1-ecca-4ee5-9f7e-eaf8f138f402: attributed to 001697; 0.0 s; peak memory 668 MiB.
2026-09-30T10:07:46Z INFO [658/2000] 3c73ef39-5b72-413e-9564-da2cac74e166: attributed to 000026; 0.1 s; peak memory 668 MiB.
2026-09-30T10:07:46Z INFO [659/2000] 3c76420f-83c2-4907-beda-c89fc64de6f4: attributed to 001697; 0.0 s; peak memory 668 MiB.
2026-09-30T10:07:46Z INFO [660/2000] 3c7d3de9-b817-49a0-80e9-c22dabb933c2: attributed to 000559; 0.0 s; peak memory 668 MiB.
2026-09-30T10:07:46Z INFO [661/2000] 3c7f83be-0182-4f80-a48f-bf6028c39e39: attributed to 000026; 0.1 s; peak memory 668 MiB.
2026-09-30T10:07:46Z INFO [662/2000] 3c824bd5-a217-4898-8321-c1428d8b36ab: attributed to 001449; 0.0 s; peak memory 668 MiB.
2026-09-30T10:07:47Z INFO [663/2000] 3c8bff4d-8ed7-4f04-a309-b7183fc26bf9: attributed to 001697; 0.2 s; peak memory 668 MiB.
2026-09-30T10:07:47Z INFO [664/2000] 3c91585b-ee75-4854-8fab-a221c7ae5474: attributed to 001697; 0.0 s; peak memory 668 MiB.
2026-09-30T10:07:47Z INFO [665/2000] 3c92b82c-4ef9-4a52-be0f-7f6b4e3451e4: attributed to 001697; 0.2 s; peak memory 668 MiB.
2026-09-30T10:07:47Z INFO [666/2000] 3c9549d4-fa0b-4800-a90a-6822b138819c: attributed to 001697; 0.0 s; peak memory 668 MiB.
2026-09-30T10:07:47Z INFO [667/2000] 3c975a4a-5292-4d43-bcae-6b0402e2f809: attributed to 001697; 0.0 s; peak memory 668 MiB.
2026-09-30T10:07:47Z INFO [668/2000] 3c9ec0d2-d43f-4a49-8a8d-447eb6fa2347: attributed to 001697; 0.2 s; peak memory 668 MiB.
2026-09-30T10:07:47Z INFO [669/2000] 3c9f8449-d035-4485-9a8e-259d3d509568: attributed to 001697; 0.0 s; peak memory 668 MiB.
2026-09-30T10:07:47Z INFO [670/2000] 3ca260df-2370-461e-a15f-d88b8b4f2046: attributed to 001697; 0.2 s; peak memory 668 MiB.
2026-09-30T10:07:47Z INFO [671/2000] 3ca7f28b-e0f5-4dda-832b-e47fc20bf866: attributed to 001697; 0.0 s; peak memory 668 MiB.
2026-09-30T10:07:47Z INFO [672/2000] 3cac70c4-8792-4331-abdc-60deee590128: attributed to 001697; 0.2 s; peak memory 668 MiB.
2026-09-30T10:07:47Z INFO [673/2000] 3caeb441-c3af-4e73-b193-76ae041539e2: attributed to 000559; 0.0 s; peak memory 668 MiB.
2026-09-30T10:07:47Z INFO [674/2000] 3cb2135b-f581-4b31-9a13-25df0cff11a3: attributed to 001697; 0.0 s; peak memory 668 MiB.
2026-09-30T10:07:48Z INFO [675/2000] 3cb29b35-b1d7-49e7-877e-733a5f10ca39: attributed to 001697; 0.2 s; peak memory 668 MiB.
2026-09-30T10:07:48Z INFO [676/2000] 3cb49e45-6c37-4e6f-8aa4-4c9cd57a3458: attributed to 001697; 0.2 s; peak memory 668 MiB.
2026-09-30T10:07:48Z INFO [677/2000] 3cb4ce97-8844-4d89-91f1-f526a2a48d5c: attributed to 001697; 0.0 s; peak memory 668 MiB.
2026-09-30T10:07:48Z INFO [678/2000] 3cb89588-2236-46de-ae51-40efa6638f3c: attributed to 000231; 0.2 s; peak memory 668 MiB.
2026-09-30T10:07:48Z INFO [679/2000] 3cda7912-45b0-4633-8124-fa8bfde907b1: attributed to 001858; 0.0 s; peak memory 668 MiB.
2026-09-30T10:07:48Z INFO [680/2000] 3cdd8a34-e5fd-4247-b1e4-eb222411a9d3: attributed to 001697; 0.2 s; peak memory 668 MiB.
2026-09-30T10:07:49Z INFO [681/2000] 3ce23398-a2eb-43af-846a-ae2fb61d0574: attributed to 001697; 0.2 s; peak memory 668 MiB.
2026-09-30T10:07:49Z INFO [682/2000] 3ce391b1-5736-4e76-8170-de7d5db0a954: attributed to 000026; 0.2 s; peak memory 668 MiB.
2026-09-30T10:07:49Z INFO [683/2000] 3ce524ba-e8c1-445a-b12c-64b4a5152e15: attributed to 000465; 0.0 s; peak memory 668 MiB.
2026-09-30T10:07:49Z INFO [684/2000] 3ced8d62-c6a6-4a38-9349-3b8e6b4df600: attributed to 001697; 0.4 s; peak memory 668 MiB.
2026-09-30T10:07:49Z INFO [685/2000] 3cf7e3e1-8815-46eb-8695-4ed0b876ff30: attributed to 000142; 0.0 s; peak memory 668 MiB.
2026-09-30T10:07:49Z INFO [686/2000] 3cff8861-dd21-4b65-b5ce-b78938ee38a4: attributed to 001697; 0.0 s; peak memory 668 MiB.
2026-09-30T10:07:49Z INFO [687/2000] 3d00258a-d693-401b-966c-6a00c207de2a: attributed to 000142; 0.0 s; peak memory 668 MiB.
2026-09-30T10:07:49Z INFO [688/2000] 3d02dd7b-e8e7-4b64-a7e6-d876e6631b67: attributed to 000946; 0.0 s; peak memory 668 MiB.
2026-09-30T10:07:49Z INFO [689/2000] 3d035f27-9c85-47de-b2ff-d53e0501159c: attributed to 001697; 0.0 s; peak memory 668 MiB.
2026-09-30T10:07:49Z INFO [690/2000] 3d04a64b-10fb-4f0c-bba5-6977a7474c20: attributed to 001697; 0.0 s; peak memory 668 MiB.
2026-09-30T10:07:49Z INFO [691/2000] 3d133a3c-9ace-4b96-9dfb-ab877be0cc93: attributed to 001697; 0.0 s; peak memory 668 MiB.
2026-09-30T10:07:49Z INFO [692/2000] 3d1771d7-d8e1-445c-a767-023e38008ddb: attributed to 001697; 0.0 s; peak memory 668 MiB.
2026-09-30T10:07:49Z INFO [693/2000] 3d1cfe50-8ec0-4f1b-9404-827612fd913a: attributed to 001697; 0.2 s; peak memory 668 MiB.
2026-09-30T10:07:49Z INFO [694/2000] 3d261650-9827-4fff-a8e0-305313cef91f: attributed to 000026; 0.1 s; peak memory 668 MiB.
2026-09-30T10:07:50Z INFO [695/2000] 3d273682-4154-4b71-92d0-52fd08c5bc50: attributed to 000026; 0.1 s; peak memory 668 MiB.
2026-09-30T10:07:50Z INFO [696/2000] 3d2a17cf-3253-4c76-a3d8-e0f399f278e0: attributed to 001697; 0.3 s; peak memory 668 MiB.
2026-09-30T10:07:50Z INFO [697/2000] 3d2aab4a-d511-4556-bd41-0dbf517124c1: attributed to 001697; 0.3 s; peak memory 668 MiB.
2026-09-30T10:07:50Z INFO [698/2000] 3d31b320-eec6-4a54-be10-220e72f634db: attributed to 001697; 0.2 s; peak memory 668 MiB.
2026-09-30T10:07:50Z INFO [699/2000] 3d356b84-d71f-4e22-bf41-e3284a83e67e: attributed to 001697; 0.0 s; peak memory 668 MiB.
2026-09-30T10:07:51Z INFO [700/2000] 3d3b76b8-9c29-4008-9fbc-e7af63713ef7: attributed to 001697; 0.2 s; peak memory 668 MiB.
2026-09-30T10:07:52Z INFO [700/2000] 3d3b76b8-9c29-4008-9fbc-e7af63713ef7: checkpointed 474827 records.
2026-09-30T10:07:52Z INFO [701/2000] 3d3ee3a0-6ab1-4641-bcc2-6630e69ad8a9: attributed to 001697; 0.0 s; peak memory 668 MiB.
2026-09-30T10:07:52Z INFO [702/2000] 3d417924-07d4-4095-a7af-ed96c8340757: attributed to 001697; 0.3 s; peak memory 668 MiB.
2026-09-30T10:07:52Z INFO [703/2000] 3d44788d-d321-48f0-8782-fa07c588b64e: attributed to 001873; 0.3 s; peak memory 668 MiB.
2026-09-30T10:07:52Z INFO [704/2000] 3d47efe9-5dc3-4c5e-8764-9801c0d5b2c2: attributed to 001258; 0.0 s; peak memory 668 MiB.
2026-09-30T10:07:52Z INFO [705/2000] 3d48cc73-43e5-45c1-be59-58c725bf6929: attributed to 001697; 0.0 s; peak memory 668 MiB.
2026-09-30T10:07:53Z INFO [706/2000] 3d57b301-42fb-49fa-a85d-d8e3dfe13399: attributed to 001697; 0.2 s; peak memory 669 MiB.
2026-09-30T10:07:53Z INFO [707/2000] 3d5da20b-3936-44e0-96cc-0ed0514aa283: attributed to 000026; 0.1 s; peak memory 669 MiB.
2026-09-30T10:07:53Z INFO [708/2000] 3d5defb4-cb8c-49be-89d7-39b2197b653d: attributed to 001697; 0.2 s; peak memory 669 MiB.
2026-09-30T10:07:53Z INFO [709/2000] 3d62eb98-eb11-4c9d-ba31-5f57e61f8870: attributed to 001697; 0.2 s; peak memory 669 MiB.
2026-09-30T10:07:53Z INFO [710/2000] 3d67c967-f025-4a4e-aa74-c37126b99691: attributed to 001697; 0.2 s; peak memory 669 MiB.
2026-09-30T10:07:54Z INFO [711/2000] 3d6e6ed1-0436-453f-b0db-e93a51a0afbd: attributed to 001697; 0.2 s; peak memory 669 MiB.
2026-09-30T10:07:54Z INFO [712/2000] 3d76766e-872a-48f1-9237-cebdf198a4ec: attributed to 001697; 0.2 s; peak memory 669 MiB.
2026-09-30T10:07:54Z INFO [713/2000] 3d7745e3-dce6-4321-857b-29ce084054c8: attributed to 001873; 0.4 s; peak memory 669 MiB.
2026-09-30T10:07:54Z INFO [714/2000] 3d7c66ea-c17f-4388-9457-c23e807ee7c7: attributed to 000026; 0.0 s; peak memory 669 MiB.
2026-09-30T10:07:55Z INFO [715/2000] 3d80b897-57f6-401e-ae98-e36231f545a7: attributed to 001873; 0.5 s; peak memory 669 MiB.
2026-09-30T10:07:55Z INFO [716/2000] 3d82ccec-d418-4695-9f3b-d3db8eb236fc: attributed to 001697; 0.0 s; peak memory 669 MiB.
2026-09-30T10:07:55Z INFO [717/2000] 3d84e226-bf06-4756-8c2b-d9c0538f0fb3: attributed to 001697; 0.0 s; peak memory 669 MiB.
2026-09-30T10:07:55Z INFO [718/2000] 3d8e4ce7-634d-4b3b-a702-97e8f3127ffd: attributed to 000026; 0.1 s; peak memory 669 MiB.
2026-09-30T10:07:56Z INFO [719/2000] 3d979630-7c97-4449-95b0-e59b348b3d8f: attributed to 001697; 1.1 s; peak memory 669 MiB.
2026-09-30T10:07:56Z INFO [720/2000] 3d984024-b96b-4a4e-a604-3741ddf7025a: attributed to 001697; 0.0 s; peak memory 669 MiB.
2026-09-30T10:07:56Z INFO [721/2000] 3d9870f4-b26a-4831-82f4-073b95155395: attributed to 001697; 0.0 s; peak memory 669 MiB.
2026-09-30T10:07:56Z INFO [722/2000] 3da73994-5f72-4746-ae0c-f93f585b1244: attributed to 000026; 0.1 s; peak memory 669 MiB.
2026-09-30T10:07:56Z INFO [723/2000] 3db140f6-7f12-4d3e-a6d5-0640caff70ad: attributed to 000109; 0.0 s; peak memory 669 MiB.
2026-09-30T10:07:56Z INFO [724/2000] 3dbc19c9-9b1c-4c92-bb28-4f6b9e0ddc79: attributed to 000026; 0.0 s; peak memory 669 MiB.
2026-09-30T10:07:56Z INFO [725/2000] 3dbf3637-365d-4945-8809-ee02fd76b2e1: attributed to 000026; 0.0 s; peak memory 669 MiB.
2026-09-30T10:07:56Z INFO [726/2000] 3dbf807b-7260-449c-b8a8-878226a76a71: attributed to 000946; 0.1 s; peak memory 669 MiB.
2026-09-30T10:07:56Z INFO [727/2000] 3dc4f592-7367-4ed8-af25-8a97bcfaedef: attributed to 000026; 0.1 s; peak memory 669 MiB.
2026-09-30T10:07:56Z INFO [728/2000] 3dc916ae-653a-44da-aa3b-cfc88cce864c: attributed to 001449; 0.0 s; peak memory 669 MiB.
2026-09-30T10:07:57Z INFO [729/2000] 3dca8917-aef1-4ad7-bef6-eab49b6113aa: attributed to 000026; 0.1 s; peak memory 669 MiB.
2026-09-30T10:07:57Z INFO [730/2000] 3dd42ce7-edbc-4767-9684-64bcbb9ad043: attributed to 001697; 0.0 s; peak memory 669 MiB.
2026-09-30T10:07:57Z INFO [731/2000] 3dd77520-0c61-4fc0-bb8f-c9946388aae9: attributed to 001697; 0.2 s; peak memory 669 MiB.
2026-09-30T10:07:57Z INFO [732/2000] 3de1398d-3bfc-480a-8c1c-6c00eaf5cb44: attributed to 001697; 0.2 s; peak memory 669 MiB.
2026-09-30T10:07:57Z INFO [733/2000] 3de1f8ac-ff92-4ced-8571-f7377d0c2fdd: attributed to 001697; 0.2 s; peak memory 669 MiB.
2026-09-30T10:07:57Z INFO [734/2000] 3de57bea-e1da-4ab4-b2d0-95d2d5cc2f5d: attributed to 001697; 0.2 s; peak memory 669 MiB.
2026-09-30T10:07:58Z INFO [735/2000] 3de8ac31-9978-4fed-b71c-d8d5a11911d2: attributed to 001697; 0.2 s; peak memory 669 MiB.
2026-09-30T10:07:58Z INFO [736/2000] 3dea9def-9318-4ad4-8a33-2ee3b8f2c75e: attributed to 001697; 0.2 s; peak memory 669 MiB.
2026-09-30T10:07:58Z INFO [737/2000] 3decb416-680b-4ee1-86b6-0a3da08a51dd: attributed to 000026; 0.1 s; peak memory 669 MiB.
2026-09-30T10:07:58Z INFO [738/2000] 3dedb3f4-939e-41f2-9e34-cb323183ed47: attributed to 001697; 0.2 s; peak memory 669 MiB.
2026-09-30T10:07:58Z INFO [739/2000] 3dee199b-03c9-42bf-8d90-00b2dd4e624d: attributed to 000142; 0.0 s; peak memory 669 MiB.
2026-09-30T10:07:58Z INFO [740/2000] 3df66294-15a2-402c-8086-698b5f7962d9: attributed to 001697; 0.2 s; peak memory 669 MiB.
2026-09-30T10:07:59Z INFO [741/2000] 3dfd105c-249d-492b-9e01-42d6ed481da0: attributed to 001697; 0.2 s; peak memory 669 MiB.
2026-09-30T10:07:59Z INFO [742/2000] 3dff5715-68ca-4159-a801-fc2af41c2820: attributed to 001697; 0.2 s; peak memory 669 MiB.
2026-09-30T10:07:59Z INFO [743/2000] 3dffd034-5c42-4c2f-a114-e8c4578ab326: attributed to 001697; 0.0 s; peak memory 669 MiB.
2026-09-30T10:07:59Z INFO [744/2000] 3e02f903-2d98-4eaa-8b80-bcc3954a6b13: attributed to 001697; 0.0 s; peak memory 669 MiB.
2026-09-30T10:07:59Z INFO [745/2000] 3e06f2a7-bc02-47c6-8994-ce7b818ca233: attributed to 001697; 0.0 s; peak memory 669 MiB.
2026-09-30T10:07:59Z INFO [746/2000] 3e0f5712-1d83-4f38-adb8-419bc16b4f89: attributed to 001697; 0.0 s; peak memory 669 MiB.
2026-09-30T10:07:59Z INFO [747/2000] 3e1e169c-0deb-4adf-a2e8-9bcbdb848071: attributed to 001697; 0.2 s; peak memory 669 MiB.
2026-09-30T10:07:59Z INFO [748/2000] 3e27eb88-dba5-4348-8121-6d74e28ca45c: attributed to 000026; 0.0 s; peak memory 669 MiB.
2026-09-30T10:07:59Z INFO [749/2000] 3e2961f9-de12-469e-ad1c-6c7525800a08: attributed to 000408; 0.0 s; peak memory 669 MiB.
2026-09-30T10:07:59Z INFO [750/2000] 3e2ada82-fefb-4922-b0a1-0856f83cc830: attributed to 001697; 0.3 s; peak memory 669 MiB.
2026-09-30T10:08:01Z INFO [750/2000] 3e2ada82-fefb-4922-b0a1-0856f83cc830: checkpointed 474827 records.
2026-09-30T10:08:01Z INFO [751/2000] 3e3582e2-9299-4f3f-82ee-b2c4784de2c1: attributed to 000109; 0.0 s; peak memory 669 MiB.
2026-09-30T10:08:01Z INFO [752/2000] 3e37773b-1047-44f5-8790-985b416604f7: attributed to 000946; 0.0 s; peak memory 669 MiB.
2026-09-30T10:08:01Z INFO [753/2000] 3e3bb53a-edc5-4e7f-9090-6aa4d3e9a57b: attributed to 001697; 0.0 s; peak memory 669 MiB.
2026-09-30T10:08:01Z INFO [754/2000] 3e455465-78ed-4e26-913b-12fa1d8f1dbd: attributed to 000571; 0.0 s; peak memory 669 MiB.
2026-09-30T10:08:01Z INFO [755/2000] 3e47112d-77c6-476b-b501-b585216fbd71: attributed to 001697; 0.3 s; peak memory 669 MiB.
2026-09-30T10:08:01Z INFO [756/2000] 3e48d319-a2ff-470d-9ce4-00c015a86a42: attributed to 000026; 0.0 s; peak memory 669 MiB.
2026-09-30T10:08:01Z INFO [757/2000] 3e49fc02-15da-4d64-a948-94a860559639: attributed to 001697; 0.0 s; peak memory 669 MiB.
2026-09-30T10:08:01Z INFO [758/2000] 3e542888-c9b1-4464-9823-cfaa1f705bc9: attributed to 001697; 0.2 s; peak memory 669 MiB.
2026-09-30T10:08:01Z INFO [759/2000] 3e5a9df6-efe5-4166-9b95-5ec2d2e2b1f4: attributed to 000026; 0.1 s; peak memory 669 MiB.
2026-09-30T10:08:01Z INFO [760/2000] 3e669d61-6240-43df-bd85-adcc22320ebd: attributed to 001697; 0.0 s; peak memory 669 MiB.
2026-09-30T10:08:01Z INFO [761/2000] 3e67d3aa-af78-43dd-9ab3-920d1ef9d13a: attributed to 000026; 0.0 s; peak memory 669 MiB.
2026-09-30T10:08:02Z INFO [762/2000] 3e6b90c2-0cd4-4046-8bbb-321db95fa1ec: attributed to 000939; 0.1 s; peak memory 669 MiB.
2026-09-30T10:08:02Z INFO [763/2000] 3e6c77c6-ac28-49b2-93d6-985e4d851478: attributed to 001697; 0.0 s; peak memory 669 MiB.
2026-09-30T10:08:02Z INFO [764/2000] 3e6dfa90-bb7c-418a-9751-ec1a1232deb6: attributed to 001697; 0.3 s; peak memory 669 MiB.
2026-09-30T10:08:02Z INFO [765/2000] 3e70806c-190f-492f-b4de-44a20f69289f: attributed to 000026; 0.0 s; peak memory 669 MiB.
2026-09-30T10:08:02Z INFO [766/2000] 3e74eecf-fe78-4bbc-b112-34fdf9042618: attributed to 001697; 0.3 s; peak memory 669 MiB.
2026-09-30T10:08:02Z INFO [767/2000] 3e755f46-a929-48b4-a9a1-e14b89aff0dc: attributed to 000946; 0.0 s; peak memory 669 MiB.
2026-09-30T10:08:03Z INFO [768/2000] 3e851070-dc39-4d49-9b49-71aebc326516: attributed to 000571; 0.4 s; peak memory 669 MiB.
2026-09-30T10:08:03Z INFO [769/2000] 3e85f50b-2db8-492c-bf53-aa0d50b84c02: attributed to 000026; 0.2 s; peak memory 669 MiB.
2026-09-30T10:08:03Z INFO [770/2000] 3e877845-3417-4764-9797-5b30c3469ae2: attributed to 001697; 0.2 s; peak memory 669 MiB.
2026-09-30T10:08:03Z INFO [771/2000] 3eaa0549-3abb-4563-969e-75aa3fa9f863: attributed to 000946; 0.0 s; peak memory 669 MiB.
2026-09-30T10:08:03Z INFO [772/2000] 3eae7b6e-113b-461f-a1ed-0de3e85105fd: attributed to 001449; 0.0 s; peak memory 669 MiB.
2026-09-30T10:08:03Z INFO [773/2000] 3eb2e34d-89c9-4b5b-b10d-46fb718bbf84: attributed to 000026; 0.1 s; peak memory 669 MiB.
2026-09-30T10:08:03Z INFO [774/2000] 3eb7c2fa-6e41-49da-853a-041c5b013bf8: attributed to 001697; 0.3 s; peak memory 669 MiB.
2026-09-30T10:08:04Z INFO [775/2000] 3ec5d1e2-7c5f-42bb-bf0e-b4bf87cb37e8: attributed to 001697; 0.3 s; peak memory 669 MiB.
2026-09-30T10:08:04Z INFO [776/2000] 3ed4df37-dcf9-4d68-be24-ab973f7f955d: attributed to 000026; 0.0 s; peak memory 669 MiB.
2026-09-30T10:08:04Z INFO [777/2000] 3ed9919f-b546-49f3-afe1-6f5917ad1bbc: attributed to 000026; 0.3 s; peak memory 669 MiB.
2026-09-30T10:08:04Z INFO [778/2000] 3edaca4d-b807-4711-a736-a0582e3d3ff7: attributed to 001697; 0.4 s; peak memory 669 MiB.
2026-09-30T10:08:04Z INFO [779/2000] 3edb0e9b-5f8c-411e-86ab-cf6d6763d70c: attributed to 000293; 0.0 s; peak memory 669 MiB.
2026-09-30T10:08:05Z INFO [780/2000] 3edba442-47ce-41e6-9b43-eecd9bd02836: attributed to 001697; 0.4 s; peak memory 669 MiB.
2026-09-30T10:08:05Z INFO [781/2000] 3ee09b7c-9894-4fce-bf4e-d4ee38f746ba: attributed to 000173; 0.0 s; peak memory 669 MiB.
2026-09-30T10:08:05Z INFO [782/2000] 3efa75b6-c8f9-452d-b8b0-65efc6eb3b16: attributed to 000026; 0.1 s; peak memory 669 MiB.
2026-09-30T10:08:05Z INFO [783/2000] 3f0ddd61-7bc3-459e-9a28-45b6eccc0ece: attributed to 001449; 0.0 s; peak memory 669 MiB.
2026-09-30T10:08:05Z INFO [784/2000] 3f15c242-a56b-465b-a4c4-2b549510f773: attributed to 000403; 0.0 s; peak memory 669 MiB.
2026-09-30T10:08:05Z INFO [785/2000] 3f185d01-0c1a-455c-87e1-ca97b570df1b: attributed to 001748; 0.0 s; peak memory 669 MiB.
2026-09-30T10:08:05Z INFO [786/2000] 3f1a2111-afa1-4c03-8b0c-822f13e94b7c: attributed to 001697; 0.0 s; peak memory 669 MiB.
2026-09-30T10:08:05Z INFO [787/2000] 3f1a4f77-d0b4-47de-a4a0-34aef2c9aba4: attributed to 001697; 0.0 s; peak memory 669 MiB.
2026-09-30T10:08:05Z INFO [788/2000] 3f20b54f-ca03-4635-a31e-c4ebd215fb27: attributed to 001449; 0.0 s; peak memory 669 MiB.
2026-09-30T10:08:05Z INFO [789/2000] 3f296218-d185-4e84-9deb-925cc4eb1043: attributed to 001697; 0.3 s; peak memory 669 MiB.
2026-09-30T10:08:05Z INFO [790/2000] 3f2b6dc9-4315-4869-b0db-7a927d69d2e3: attributed to 001697; 0.0 s; peak memory 669 MiB.
2026-09-30T10:08:05Z INFO [791/2000] 3f371ba1-8727-49f8-be24-f041e2079119: attributed to 000946; 0.0 s; peak memory 669 MiB.
2026-09-30T10:08:06Z INFO [792/2000] 3f3b74f4-37f7-49d5-ae7d-9650d3e21eb8: attributed to 001697; 0.2 s; peak memory 669 MiB.
2026-09-30T10:08:06Z INFO [793/2000] 3f3c063a-3582-4d4a-892d-8d34b6d7ae42: attributed to 001697; 0.3 s; peak memory 669 MiB.
2026-09-30T10:08:06Z INFO [794/2000] 3f3ecf52-584c-4c0e-928c-7074abacf279: attributed to 001697; 0.3 s; peak memory 669 MiB.
2026-09-30T10:08:07Z INFO [795/2000] 3f463d26-ec88-45b6-af23-7c0ed1657130: attributed to 001697; 0.3 s; peak memory 669 MiB.
2026-09-30T10:08:07Z INFO [796/2000] 3f4a36ea-11bc-48c7-87b7-ba4016d42e43: attributed to 001697; 0.3 s; peak memory 669 MiB.
2026-09-30T10:08:07Z INFO [797/2000] 3f55936c-e2ce-465f-aa14-21cb568217df: attributed to 001697; 0.0 s; peak memory 669 MiB.
2026-09-30T10:08:07Z INFO [798/2000] 3f5a23fb-1ec3-4fa2-9a4c-44d4455bce02: attributed to 001697; 0.2 s; peak memory 669 MiB.
2026-09-30T10:08:07Z INFO [799/2000] 3f5bd3fc-3421-49ef-b655-d81771986cc6: attributed to 000209; 0.0 s; peak memory 669 MiB.
2026-09-30T10:08:07Z INFO [800/2000] 3f5f33a3-9590-42e4-92fa-c0eaa7144ab0: attributed to 000026; 0.1 s; peak memory 669 MiB.
2026-09-30T10:08:08Z INFO [800/2000] 3f5f33a3-9590-42e4-92fa-c0eaa7144ab0: checkpointed 474827 records.
2026-09-30T10:08:08Z INFO [801/2000] 3f7dab11-0fee-46bf-b5fb-3ee15f6afb8d: attributed to 000026; 0.0 s; peak memory 669 MiB.
2026-09-30T10:08:08Z INFO [802/2000] 3f8b8774-8c3b-4bfe-ab37-818b9b76c48f: attributed to 001697; 0.0 s; peak memory 669 MiB.
2026-09-30T10:08:09Z INFO [803/2000] 3f8d0a21-6fbc-40fc-8c7e-bf66234c903d: attributed to 001697; 0.3 s; peak memory 669 MiB.
2026-09-30T10:08:09Z INFO [804/2000] 3f941d6b-6c26-4b9e-b09c-ed74e95dd8e1: attributed to 001697; 0.4 s; peak memory 669 MiB.
2026-09-30T10:08:09Z INFO [805/2000] 3f951269-ed66-4ff0-a2bd-3f9dfebb9303: attributed to 000026; 0.0 s; peak memory 669 MiB.
2026-09-30T10:08:09Z INFO [806/2000] 3f99b6f5-8242-4296-9a48-b1533cfc84de: attributed to 001697; 0.0 s; peak memory 669 MiB.
2026-09-30T10:08:09Z INFO [807/2000] 3f9b3911-4395-45a4-8033-caeb67c66970: attributed to 000026; 0.2 s; peak memory 669 MiB.
2026-09-30T10:08:09Z INFO [808/2000] 3fa969db-6efa-4a97-9296-4403778bde31: attributed to 000946; 0.0 s; peak memory 669 MiB.
2026-09-30T10:08:09Z INFO [809/2000] 3fb212eb-7751-41cd-9fbb-13749b0b2346: attributed to 001697; 0.0 s; peak memory 669 MiB.
2026-09-30T10:08:10Z INFO [810/2000] 3fb64224-49b1-4478-84d7-aaee2bf25222: attributed to 001697; 0.4 s; peak memory 669 MiB.
2026-09-30T10:08:10Z INFO [811/2000] 3fb9cf64-efaf-4141-be9c-01165ab2c55d: attributed to 001697; 0.4 s; peak memory 669 MiB.
2026-09-30T10:08:10Z INFO [812/2000] 3fbc65f7-0e6b-4a2f-9ae3-805aa1405024: attributed to 000946; 0.0 s; peak memory 669 MiB.
2026-09-30T10:08:10Z INFO [813/2000] 3fc767d3-eaa9-4cb2-aa54-516b9c63a441: attributed to 001749; 0.1 s; peak memory 669 MiB.
2026-09-30T10:08:10Z INFO [814/2000] 3fc90d76-5d8d-45b6-814e-69986ffce59e: attributed to 001697; 0.0 s; peak memory 669 MiB.
2026-09-30T10:08:10Z INFO [815/2000] 3fdc9e93-5eea-49e8-8920-7942e1d5f402: attributed to 000403; 0.0 s; peak memory 669 MiB.
2026-09-30T10:08:11Z INFO [816/2000] 3fdcf678-f885-4a65-a9be-3e5b014be3b5: attributed to 001697; 0.2 s; peak memory 669 MiB.
2026-09-30T10:08:11Z INFO [817/2000] 3fdd4f9e-526b-4138-b285-b4e2a3197e00: attributed to 000142; 0.0 s; peak memory 669 MiB.
2026-09-30T10:08:11Z INFO [818/2000] 3fe19b28-f879-4712-9780-0ffc5bc66831: attributed to 001697; 0.0 s; peak memory 669 MiB.
2026-09-30T10:08:11Z INFO [819/2000] 3fe21cec-74a8-4f72-91cb-cd3655302491: attributed to 001697; 0.2 s; peak memory 669 MiB.
2026-09-30T10:08:11Z INFO [820/2000] 3fea681d-3a04-4b2b-8987-12385d410d13: attributed to 001697; 0.0 s; peak memory 669 MiB.
2026-09-30T10:08:11Z INFO [821/2000] 3ff3ded4-6d6c-4a56-ae14-37ceea3db08b: attributed to 001697; 0.0 s; peak memory 669 MiB.
2026-09-30T10:08:11Z INFO [822/2000] 3ff863e1-9660-40b9-9b48-bbb7550af22c: attributed to 000026; 0.0 s; peak memory 669 MiB.
2026-09-30T10:08:11Z INFO [823/2000] 3ff92a0b-9dc1-40aa-b0b9-d84afa8d7702: attributed to 001697; 0.0 s; peak memory 669 MiB.
2026-09-30T10:08:11Z INFO [824/2000] 4000ed0a-1057-4cff-8a67-44bfbfcc53f9: attributed to 001873; 0.3 s; peak memory 669 MiB.
2026-09-30T10:08:16Z INFO [825/2000] 4001d059-de53-4ddb-9244-32c0bf499b4d: attributed to 001697; 4.9 s; peak memory 669 MiB.
2026-09-30T10:08:16Z INFO [826/2000] 400735fe-9b44-4282-8cec-87f97db5e10c: attributed to 000026; 0.1 s; peak memory 669 MiB.
2026-09-30T10:08:16Z INFO [827/2000] 40074087-1606-4024-ad6b-101167edd7bd: attributed to 001697; 0.0 s; peak memory 669 MiB.
2026-09-30T10:08:16Z INFO [828/2000] 400983fd-b97a-4446-b648-f9437e3387a7: attributed to 000026; 0.0 s; peak memory 669 MiB.
2026-09-30T10:08:16Z INFO [829/2000] 400cdcd8-47d4-46c4-9c5f-20c4c953540d: attributed to 000026; 0.0 s; peak memory 669 MiB.
2026-09-30T10:08:16Z INFO [830/2000] 400ce225-1038-413c-b32e-20aaf7f40bab: attributed to 001697; 0.2 s; peak memory 669 MiB.
2026-09-30T10:08:16Z INFO [831/2000] 401b43d7-2fcc-4f77-a2b2-bccb1390d7b6: attributed to 001697; 0.0 s; peak memory 669 MiB.
2026-09-30T10:08:44Z INFO [832/2000] 4021ff93-4d91-47a6-9eca-411c057e863b: attributed to 000571; 27.9 s; peak memory 670 MiB.
2026-09-30T10:08:44Z INFO [833/2000] 4023df42-4c6c-4de3-99ff-8fd61c8eab7d: attributed to 000570; 0.0 s; peak memory 670 MiB.
2026-09-30T10:08:44Z INFO [834/2000] 40247b37-5a26-47bb-bd13-4f5823484ea3: attributed to 001697; 0.0 s; peak memory 670 MiB.
2026-09-30T10:08:44Z INFO [835/2000] 40369b1f-4850-495f-997c-610eb894cf90: attributed to 001697; 0.0 s; peak memory 670 MiB.
2026-09-30T10:08:44Z INFO [836/2000] 403d055b-b6d7-4671-afd3-1cc31cfd5a0e: attributed to 001046; 0.0 s; peak memory 670 MiB.
2026-09-30T10:08:44Z INFO [837/2000] 405af47f-0a04-4c99-b410-1f744ee96de1: attributed to 000946; 0.0 s; peak memory 670 MiB.
2026-09-30T10:08:44Z INFO [838/2000] 406506c2-bfb0-480b-ab04-1b3a43c70656: attributed to 001697; 0.0 s; peak memory 670 MiB.
2026-09-30T10:08:44Z INFO [839/2000] 4066816a-512c-428f-8b66-6c9fb8cef410: attributed to 001697; 0.2 s; peak memory 670 MiB.
2026-09-30T10:08:45Z INFO [840/2000] 406e30ec-d789-42e6-a88f-82e9ddfe9ece: attributed to 001697; 0.2 s; peak memory 670 MiB.
2026-09-30T10:08:45Z INFO [841/2000] 406e4d19-0197-4b74-86dd-6048137776ed: attributed to 000026; 0.0 s; peak memory 670 MiB.
2026-09-30T10:08:45Z INFO [842/2000] 407fd6e1-c512-4437-a0d9-42ff35c62810: attributed to 000026; 0.1 s; peak memory 670 MiB.
2026-09-30T10:08:45Z INFO [843/2000] 4084b1d9-746e-4939-899c-09455fbbebdd: attributed to 000026; 0.0 s; peak memory 670 MiB.
2026-09-30T10:08:45Z INFO [844/2000] 408cc093-22d3-46d0-afe7-edbd73eb3b1a: attributed to 000403; 0.0 s; peak memory 670 MiB.
2026-09-30T10:08:45Z INFO [845/2000] 408db56a-d495-4f6e-bd5c-b3bd987126df: attributed to 000142; 0.0 s; peak memory 670 MiB.
2026-09-30T10:08:45Z INFO [846/2000] 40919016-e833-4c2e-bd78-1e4218d995a6: attributed to 000026; 0.1 s; peak memory 670 MiB.
2026-09-30T10:08:45Z INFO [847/2000] 409551c1-b543-4db4-bb46-b36307ff20ac: attributed to 000026; 0.0 s; peak memory 670 MiB.
2026-09-30T10:08:45Z INFO [848/2000] 4095a3d7-8224-463a-b3ab-d661355be1dc: attributed to 001697; 0.2 s; peak memory 670 MiB.
2026-09-30T10:08:45Z INFO [849/2000] 409972fd-7546-41ed-a051-e094f6d05a9b: attributed to 001697; 0.2 s; peak memory 670 MiB.
2026-09-30T10:08:45Z INFO [850/2000] 409ab04a-8d70-467c-a287-61b6ef3dcb86: attributed to 001697; 0.0 s; peak memory 670 MiB.
2026-09-30T10:08:47Z INFO [850/2000] 409ab04a-8d70-467c-a287-61b6ef3dcb86: checkpointed 474828 records.
2026-09-30T10:08:47Z INFO [851/2000] 40a11f75-551b-4694-92d4-da59af46f968: attributed to 001873; 0.3 s; peak memory 670 MiB.
2026-09-30T10:08:47Z INFO [852/2000] 40a8ca34-c647-4c56-9bd6-eb8c4090d3fc: attributed to 000026; 0.0 s; peak memory 670 MiB.
2026-09-30T10:08:47Z INFO [853/2000] 40b198c6-a851-45b9-a2f8-ba1e6516487d: attributed to 001697; 0.0 s; peak memory 670 MiB.
2026-09-30T10:08:47Z INFO [854/2000] 40b1a0f4-77aa-4773-8b31-6187bd2380c3: attributed to 001697; 0.2 s; peak memory 670 MiB.
2026-09-30T10:08:48Z INFO [855/2000] 40b6f34c-0c5e-427e-a9b0-2a0cbf364ae5: attributed to 001697; 0.3 s; peak memory 670 MiB.
2026-09-30T10:08:48Z INFO [856/2000] 40bdfd38-dc1c-4de7-aa24-1d33fad90667: attributed to 000559; 0.0 s; peak memory 670 MiB.
2026-09-30T10:08:48Z INFO [857/2000] 40c00edc-9d9f-468a-870c-f1a764939247: attributed to 000946; 0.0 s; peak memory 670 MiB.
2026-09-30T10:08:48Z INFO [858/2000] 40c23e0b-9e8e-4c18-8cd6-cc759afd52b6: attributed to 000026; 0.0 s; peak memory 670 MiB.
2026-09-30T10:08:48Z INFO [859/2000] 40c4b3c1-c6f8-4b44-8c6d-b08a91fd0e3b: attributed to 000946; 0.0 s; peak memory 670 MiB.
2026-09-30T10:08:48Z INFO [860/2000] 40c6f0c8-ee05-4520-9181-f557bba5ba91: attributed to 001697; 0.3 s; peak memory 670 MiB.
2026-09-30T10:08:48Z INFO [861/2000] 40c7d354-efac-47d6-8c48-854eddf0d989: attributed to 000946; 0.0 s; peak memory 670 MiB.
2026-09-30T10:08:48Z INFO [862/2000] 40c84266-611f-42a1-aea3-34d288cc8f41: attributed to 000026; 0.1 s; peak memory 670 MiB.
2026-09-30T10:08:48Z INFO [863/2000] 40cc5a1b-d7d8-493d-a117-676ebe1f3702: attributed to 001697; 0.0 s; peak memory 670 MiB.
2026-09-30T10:08:48Z INFO [864/2000] 40cfbbcd-b742-4366-b7b5-2a9ea9b80a37: attributed to 001697; 0.0 s; peak memory 670 MiB.
2026-09-30T10:08:48Z INFO [865/2000] 40d091b0-05d8-45f4-bbab-fd0d7087fa65: attributed to 000946; 0.0 s; peak memory 670 MiB.
2026-09-30T10:08:48Z INFO [866/2000] 40d2ec33-d3e4-4294-ad32-cfb76a085040: attributed to 000559; 0.0 s; peak memory 670 MiB.
2026-09-30T10:08:48Z INFO [867/2000] 40d5d964-6f2f-423a-8374-aa8444d36ec6: attributed to 000570; 0.0 s; peak memory 670 MiB.
2026-09-30T10:08:49Z INFO [868/2000] 40dbee62-a9a3-46b6-b35e-62ef378ca289: attributed to 001697; 0.4 s; peak memory 670 MiB.
2026-09-30T10:08:49Z INFO [869/2000] 40dcab95-3c35-49d3-9931-39d9ffb5fc73: attributed to 000026; 0.0 s; peak memory 670 MiB.
2026-09-30T10:08:49Z INFO [870/2000] 40e10868-22f9-4b7a-98c9-b789dfd2339e: attributed to 001765; 0.1 s; peak memory 670 MiB.
2026-09-30T10:08:49Z INFO [871/2000] 40e1dfdc-2fa6-4e3a-b28a-f9543eae007b: attributed to 000570; 0.0 s; peak memory 670 MiB.
2026-09-30T10:08:49Z INFO [872/2000] 40e2080b-261a-4cf5-b87a-d767ac2d4399: attributed to 000142; 0.0 s; peak memory 670 MiB.
2026-09-30T10:08:49Z INFO [873/2000] 40e76078-1ad6-450a-86e6-ea4187de26e3: attributed to 001697; 0.2 s; peak memory 670 MiB.
2026-09-30T10:08:49Z INFO [874/2000] 40ea4fb6-bea4-40ad-bc22-cd26ec95b0a5: attributed to 001697; 0.2 s; peak memory 670 MiB.
2026-09-30T10:08:49Z INFO [875/2000] 40ece2b4-edaa-4c1e-8f82-93b7e2b07b60: attributed to 000570; 0.0 s; peak memory 670 MiB.
2026-09-30T10:08:49Z INFO [876/2000] 40f005a5-7a12-4853-bfbe-bf9b2e3ae2cd: attributed to 001697; 0.0 s; peak memory 670 MiB.
2026-09-30T10:08:49Z INFO [877/2000] 40f15f82-99d5-4c12-b6b0-a32a4752ef8a: attributed to 000026; 0.0 s; peak memory 670 MiB.
2026-09-30T10:08:49Z INFO [878/2000] 40f467d8-d37c-4912-88b4-e45a76646a51: attributed to 000026; 0.0 s; peak memory 670 MiB.
2026-09-30T10:08:49Z INFO [879/2000] 40f8002e-5888-4d08-b78b-86e3e5527fd6: attributed to 000142; 0.0 s; peak memory 670 MiB.
2026-09-30T10:08:49Z INFO [880/2000] 40ff6166-147f-461a-9452-529cd449cf1b: attributed to 001697; 0.2 s; peak memory 670 MiB.
2026-09-30T10:08:49Z INFO [881/2000] 4109ec53-2358-4396-8a99-d9bba74d88bc: attributed to 000109; 0.0 s; peak memory 670 MiB.
2026-09-30T10:08:49Z INFO [882/2000] 410c033f-8915-4d41-a3db-edcd394a9e6a: attributed to 000026; 0.0 s; peak memory 670 MiB.
2026-09-30T10:08:49Z INFO [883/2000] 410c855c-1eb7-4cdc-91fa-e48036321517: attributed to 001697; 0.0 s; peak memory 670 MiB.
2026-09-30T10:08:50Z INFO [884/2000] 410d6044-4a75-4e47-bf09-5423631f8a8c: attributed to 001697; 0.2 s; peak memory 670 MiB.
2026-09-30T10:08:50Z INFO [885/2000] 411004e5-c526-4ae3-b649-cb5aa013b8e3: attributed to 001449; 0.0 s; peak memory 670 MiB.
2026-09-30T10:08:50Z INFO [886/2000] 4111992f-eef7-4ddb-aa3e-dfe0f87ca076: attributed to 001697; 0.2 s; peak memory 670 MiB.
2026-09-30T10:08:50Z INFO [887/2000] 4112d1ad-ab09-4046-a237-7d40edef111a: attributed to 000293; 0.0 s; peak memory 670 MiB.
2026-09-30T10:08:51Z INFO [888/2000] 41158372-d0d9-41cd-9c1f-bb37592c18bb: attributed to 001873; 0.8 s; peak memory 670 MiB.
2026-09-30T10:08:51Z INFO [889/2000] 41206427-fefa-4acb-bdc5-35cdb56f30e5: attributed to 001697; 0.0 s; peak memory 670 MiB.
2026-09-30T10:08:51Z INFO [890/2000] 41231252-9803-43eb-adeb-deb130930256: attributed to 001697; 0.0 s; peak memory 670 MiB.
2026-09-30T10:08:51Z INFO [891/2000] 4124a991-315b-4c32-893b-f2ab970715d9: attributed to 000026; 0.0 s; peak memory 670 MiB.
2026-09-30T10:08:51Z INFO [892/2000] 4128c395-31e2-4d8c-9123-a2635fb2ad76: attributed to 001697; 0.0 s; peak memory 670 MiB.
2026-09-30T10:08:51Z INFO [893/2000] 412e5467-3d4b-48d5-a4ab-1fe9e525673b: attributed to 000568; 0.0 s; peak memory 670 MiB.
2026-09-30T10:08:51Z INFO [894/2000] 413a20ce-1036-4c16-96d4-521b1844fde6: attributed to 000026; 0.0 s; peak memory 670 MiB.
2026-09-30T10:08:51Z INFO [895/2000] 413af475-ef53-45cb-9465-4cba72907c33: attributed to 001063; 0.0 s; peak memory 670 MiB.
2026-09-30T10:08:51Z INFO [896/2000] 413caede-628e-4998-b0e1-481f42debc88: attributed to 001697; 0.2 s; peak memory 670 MiB.
2026-09-30T10:08:51Z INFO [897/2000] 41406021-f13d-4b7f-80ef-018920bd4319: attributed to 000946; 0.0 s; peak memory 670 MiB.
2026-09-30T10:08:51Z INFO [898/2000] 4140eda4-a8e5-4019-be32-a976fe55dc33: attributed to 001765; 0.1 s; peak memory 670 MiB.
2026-09-30T10:08:52Z INFO [899/2000] 41421a8a-e961-4c46-9263-2ec7fb2634fb: attributed to 001873; 0.3 s; peak memory 670 MiB.
2026-09-30T10:08:52Z INFO [900/2000] 4144992c-4d3a-4f9c-bd2b-d8dde595331d: attributed to 000142; 0.0 s; peak memory 670 MiB.
2026-09-30T10:08:53Z INFO [900/2000] 4144992c-4d3a-4f9c-bd2b-d8dde595331d: checkpointed 474828 records.
2026-09-30T10:08:53Z INFO [901/2000] 41449cca-ab62-4768-802d-7a3e97383464: attributed to 001697; 0.2 s; peak memory 670 MiB.
2026-09-30T10:08:53Z INFO [902/2000] 414900e0-b265-4995-9526-fd79e58489fd: attributed to 001697; 0.0 s; peak memory 670 MiB.
2026-09-30T10:08:53Z INFO [903/2000] 414c91df-3821-475c-b674-df6dd9b96fc1: attributed to 001697; 0.4 s; peak memory 670 MiB.
2026-09-30T10:08:54Z INFO [904/2000] 414dc6dd-14e4-4117-8fd2-3b68df8e93ed: attributed to 001697; 0.2 s; peak memory 670 MiB.
2026-09-30T10:08:54Z INFO [905/2000] 4150a3ba-28e5-47f1-9c45-57903eb8cb70: attributed to 001697; 0.2 s; peak memory 670 MiB.
2026-09-30T10:08:54Z INFO [906/2000] 415c06d9-6440-455a-be8e-dc303eecbe9a: attributed to 001697; 0.2 s; peak memory 670 MiB.
2026-09-30T10:08:54Z INFO [907/2000] 415c92f6-ad6b-4a46-9133-c142ef66bb8d: attributed to 001697; 0.2 s; peak memory 670 MiB.
2026-09-30T10:08:55Z INFO [908/2000] 415e9500-3a04-4fdc-978b-7be7e805301c: attributed to 000231; 0.3 s; peak memory 670 MiB.
2026-09-30T10:08:55Z INFO [909/2000] 416472d1-bcce-46f9-b299-855d0dfdf7ee: attributed to 001697; 0.0 s; peak memory 670 MiB.
2026-09-30T10:08:55Z INFO [910/2000] 4168031d-eeb4-4707-b8a6-4d892929ee6e: attributed to 000142; 0.0 s; peak memory 670 MiB.
2026-09-30T10:08:55Z INFO [911/2000] 416c1ef8-b3d1-4ab4-9f3b-d0d9b99f01c3: attributed to 001697; 0.2 s; peak memory 670 MiB.
2026-09-30T10:08:55Z INFO [912/2000] 416c7fdf-6703-4419-a84e-674ffb1c6921: attributed to 000026; 0.0 s; peak memory 670 MiB.
2026-09-30T10:08:55Z INFO [913/2000] 416fbd25-fda1-41bb-9c2b-5df8186b1ed1: attributed to 000946; 0.0 s; peak memory 670 MiB.
2026-09-30T10:08:55Z INFO [914/2000] 41744172-3414-4e05-a548-af61a502effe: attributed to 001697; 0.0 s; peak memory 670 MiB.
2026-09-30T10:08:55Z INFO [915/2000] 417de584-4e52-4401-809c-42d67ab1f54e: attributed to 000026; 0.0 s; peak memory 670 MiB.
2026-09-30T10:08:55Z INFO [916/2000] 417f8608-1336-45ef-a322-949bd32cdd47: attributed to 000209; 0.0 s; peak memory 670 MiB.
2026-09-30T10:08:55Z INFO [917/2000] 418318bc-d1cb-4fc4-bd29-d1bdb9eeebe0: attributed to 001697; 0.2 s; peak memory 670 MiB.
2026-09-30T10:08:55Z INFO [918/2000] 41887b4c-2417-4ae1-9206-5903a06dde13: attributed to 001697; 0.2 s; peak memory 670 MiB.
2026-09-30T10:08:56Z INFO [919/2000] 418d35ef-056d-459e-806b-d7623884d8e3: attributed to 001697; 0.2 s; peak memory 670 MiB.
2026-09-30T10:08:56Z INFO [920/2000] 41912c88-2521-4488-b4e1-3f292f445499: attributed to 001782; 0.0 s; peak memory 670 MiB.
2026-09-30T10:08:56Z INFO [921/2000] 41a39721-d29f-4fd4-b33a-d4c17cae2d0e: attributed to 000026; 0.2 s; peak memory 670 MiB.
2026-09-30T10:08:56Z INFO [922/2000] 41aabbda-4bc5-4082-bc72-66bb1d1813f1: attributed to 001697; 0.0 s; peak memory 670 MiB.
2026-09-30T10:08:56Z INFO [923/2000] 41ac8857-1efd-4fad-9f66-5ea707ac6a46: attributed to 000026; 0.1 s; peak memory 670 MiB.
2026-09-30T10:08:56Z INFO [924/2000] 41ae62b3-97be-454a-8f46-15f2e3cb9f49: attributed to 001697; 0.0 s; peak memory 670 MiB.
2026-09-30T10:08:56Z INFO [925/2000] 41b5c6df-6362-4dd5-8f6d-081785678af4: attributed to 001697; 0.2 s; peak memory 670 MiB.
2026-09-30T10:08:56Z INFO [926/2000] 41bd2f32-51cf-4a52-829f-8bc2b1259fca: attributed to 001697; 0.2 s; peak memory 670 MiB.
2026-09-30T10:08:56Z INFO [927/2000] 41ca2f17-6f56-4e2f-8f16-0763d6dfbc26: attributed to 000946; 0.0 s; peak memory 670 MiB.
2026-09-30T10:08:56Z INFO [928/2000] 41d1c1d6-5bdc-4d4e-981c-729522d370a9: attributed to 000209; 0.0 s; peak memory 670 MiB.
2026-09-30T10:08:57Z INFO [929/2000] 41d515db-b5d9-43de-898c-6a1b07aecd62: attributed to 001697; 0.2 s; peak memory 670 MiB.
2026-09-30T10:08:57Z INFO [930/2000] 41dc6781-a8ec-4cf6-a74a-97f520201d34: attributed to 000026; 0.0 s; peak memory 670 MiB.
2026-09-30T10:08:57Z INFO [931/2000] 41ddf96e-5fee-4b13-a982-b85b09020de9: attributed to 000109; 0.0 s; peak memory 670 MiB.
2026-09-30T10:08:57Z INFO [932/2000] 41e1f2ce-5c71-4a83-8f4d-9eea883ab25b: attributed to 000026; 0.1 s; peak memory 670 MiB.
2026-09-30T10:08:57Z INFO [933/2000] 41ec437a-0db7-411f-8e37-fa81d8c4e886: attributed to 001697; 0.2 s; peak memory 670 MiB.
2026-09-30T10:08:57Z INFO [934/2000] 41f13d9e-4009-4f02-83ab-1ec71c7da671: attributed to 001697; 0.0 s; peak memory 670 MiB.
2026-09-30T10:08:57Z INFO [935/2000] 41f6574f-c717-44d2-a6d8-4b44ddde0612: attributed to 001697; 0.0 s; peak memory 670 MiB.
2026-09-30T10:08:57Z INFO [936/2000] 41ff2539-7cf4-488d-a1b3-135addb91437: attributed to 001697; 0.0 s; peak memory 670 MiB.
2026-09-30T10:08:57Z INFO [937/2000] 41ff69ef-fdc6-443d-92af-5811482a7445: attributed to 000946; 0.0 s; peak memory 670 MiB.
2026-09-30T10:08:57Z INFO [938/2000] 420adea8-d903-4e18-bac6-2680d3d3b976: attributed to 001697; 0.0 s; peak memory 670 MiB.
2026-09-30T10:08:57Z INFO [939/2000] 420b10bc-3606-458b-b242-41ad78c164f3: attributed to 000946; 0.0 s; peak memory 670 MiB.
2026-09-30T10:08:57Z INFO [940/2000] 420bd548-71b7-4bef-af4e-3d7dcf956138: attributed to 001697; 0.2 s; peak memory 670 MiB.
2026-09-30T10:08:57Z INFO [941/2000] 421036b5-3a5d-4c56-8b41-5e0e49c91154: attributed to 001697; 0.2 s; peak memory 670 MiB.
2026-09-30T10:08:57Z INFO [942/2000] 42163369-a03f-46cd-86f8-052a17fa3c74: attributed to 000026; 0.0 s; peak memory 670 MiB.
2026-09-30T10:08:57Z INFO [943/2000] 4217de70-293a-4d8a-b29a-1975545bd2b1: attributed to 001697; 0.0 s; peak memory 670 MiB.
2026-09-30T10:08:57Z INFO [944/2000] 4218df5e-329e-42e4-91ee-e65edeaa4511: attributed to 001697; 0.0 s; peak memory 670 MiB.
2026-09-30T10:08:57Z INFO [945/2000] 42254aeb-ec7c-4d7b-8011-bd82c6edd253: attributed to 000109; 0.0 s; peak memory 670 MiB.
2026-09-30T10:08:57Z INFO [946/2000] 422bb169-1d47-4e35-a9d4-1263b13a7bd6: attributed to 000142; 0.0 s; peak memory 670 MiB.
2026-09-30T10:08:57Z INFO [947/2000] 4232de38-8047-4fbe-95b4-ab67e24ef80c: attributed to 001697; 0.0 s; peak memory 670 MiB.
2026-09-30T10:08:58Z INFO [948/2000] 425255fc-d4d3-4741-bc19-84905fcd8b69: attributed to 000026; 0.0 s; peak memory 670 MiB.
2026-09-30T10:08:58Z INFO [949/2000] 425cd0af-e9ea-4933-8d0c-1a40984d8f2d: attributed to 001697; 0.3 s; peak memory 670 MiB.
2026-09-30T10:08:58Z INFO [950/2000] 425d97cf-5b62-4db0-ad3d-316bdef6d86f: attributed to 000026; 0.1 s; peak memory 670 MiB.
2026-09-30T10:08:59Z INFO [950/2000] 425d97cf-5b62-4db0-ad3d-316bdef6d86f: checkpointed 474828 records.
2026-09-30T10:08:59Z INFO [951/2000] 42602187-4fbd-4d41-9789-247f65ea567d: attributed to 000465; 0.0 s; peak memory 670 MiB.
2026-09-30T10:08:59Z INFO [952/2000] 4266b333-8dbc-4a63-9af1-07bbf4ee75cd: attributed to 001697; 0.0 s; peak memory 670 MiB.
2026-09-30T10:08:59Z INFO [953/2000] 4267e473-e66f-4a1f-a26f-14e468a8e5f8: attributed to 000687; 0.1 s; peak memory 670 MiB.
2026-09-30T10:08:59Z INFO [954/2000] 426fdf0a-9491-4369-b548-578e3fe30274: attributed to 001258; 0.0 s; peak memory 670 MiB.
2026-09-30T10:08:59Z INFO [955/2000] 42819085-8a2f-4913-8842-9bcafb09f228: attributed to 001697; 0.2 s; peak memory 670 MiB.
2026-09-30T10:09:00Z INFO [956/2000] 4283d85c-2ae2-42bd-8ed6-23461d799435: attributed to 001697; 0.2 s; peak memory 670 MiB.
2026-09-30T10:09:00Z INFO [957/2000] 4289a507-529b-477c-8c5a-aa506ec10c11: attributed to 001697; 0.2 s; peak memory 670 MiB.
2026-09-30T10:09:00Z INFO [958/2000] 428ca0b1-2875-46d5-a480-4c33a3d41f5c: attributed to 000026; 0.0 s; peak memory 670 MiB.
2026-09-30T10:09:00Z INFO [959/2000] 4291ba37-71e3-4a29-8c4b-4fa56b2718d9: attributed to 000946; 0.0 s; peak memory 670 MiB.
2026-09-30T10:09:00Z INFO [960/2000] 4295db79-f648-4d22-bebc-7357e3f9bba9: attributed to 001697; 0.0 s; peak memory 670 MiB.
2026-09-30T10:09:00Z INFO [961/2000] 4295f1cc-2b81-48e1-b8c4-b6309839a2c0: attributed to 001258; 0.0 s; peak memory 670 MiB.
2026-09-30T10:09:00Z INFO [962/2000] 42967333-1516-47c1-b0d3-0652ea8db200: attributed to 000026; 0.0 s; peak memory 670 MiB.
2026-09-30T10:09:00Z INFO [963/2000] 4299c480-6337-4b07-9813-a83e7c475c38: attributed to 001258; 0.0 s; peak memory 670 MiB.
2026-09-30T10:09:00Z INFO [964/2000] 42a52b63-f51c-4c21-a15e-742f518c6c51: attributed to 000026; 0.0 s; peak memory 670 MiB.
2026-09-30T10:09:00Z INFO [965/2000] 42b1296e-9ced-4caf-9efb-c2ee874446bf: attributed to 001697; 0.2 s; peak memory 670 MiB.
2026-09-30T10:09:00Z INFO [966/2000] 42bb8f2b-9856-474e-83e4-620420ecb602: attributed to 001697; 0.2 s; peak memory 670 MiB.
2026-09-30T10:09:01Z INFO [967/2000] 42bde093-a2c5-48aa-9ec4-99fbf7fffea4: attributed to 001873; 0.3 s; peak memory 670 MiB.
2026-09-30T10:09:01Z INFO [968/2000] 42c1f0e0-9e7b-4f19-ad2f-42c965b335c3: attributed to 001697; 0.2 s; peak memory 670 MiB.
2026-09-30T10:09:01Z INFO [969/2000] 42c8faba-1155-48bb-9e74-5f683574bc62: attributed to 000026; 0.0 s; peak memory 670 MiB.
2026-09-30T10:09:01Z INFO [970/2000] 42ca2688-5557-4a40-b8de-f5cfe985cb59: attributed to 000026; 0.1 s; peak memory 670 MiB.
2026-09-30T10:09:01Z INFO [971/2000] 42cb2643-3aae-418d-8376-c1da0dfd9044: attributed to 001873; 0.4 s; peak memory 670 MiB.
2026-09-30T10:09:01Z INFO [972/2000] 42d5b883-4b39-494f-9b2f-67ffe7254715: attributed to 001697; 0.0 s; peak memory 670 MiB.
2026-09-30T10:09:01Z INFO [973/2000] 42dbe191-383b-4560-8aad-2384a03d28e5: attributed to 001697; 0.0 s; peak memory 670 MiB.
2026-09-30T10:09:02Z INFO [974/2000] 42dc0c3d-3bbe-46a1-936e-aa9b79a94e48: attributed to 000026; 0.0 s; peak memory 670 MiB.
2026-09-30T10:09:02Z INFO [975/2000] 42e457dc-c306-477c-bb37-fe4bba59f985: attributed to 001697; 0.4 s; peak memory 670 MiB.
2026-09-30T10:09:02Z INFO [976/2000] 42e5b1d9-3fd8-49af-9b0b-e86267a117a0: attributed to 000408; 0.0 s; peak memory 670 MiB.
2026-09-30T10:09:02Z INFO [977/2000] 42e90540-47e5-4255-923d-a751585ab354: attributed to 000142; 0.0 s; peak memory 670 MiB.
2026-09-30T10:09:02Z INFO [978/2000] 42ebdf61-5c00-43c2-8435-46e2d65e7fce: attributed to 000026; 0.0 s; peak memory 670 MiB.
2026-09-30T10:09:02Z INFO [979/2000] 42f4b46a-b177-42d4-9480-bae52b6266e7: attributed to 000209; 0.0 s; peak memory 670 MiB.
2026-09-30T10:09:02Z INFO [980/2000] 42f84ac7-00db-4d13-94d0-2577e7bf1d8c: attributed to 000026; 0.5 s; peak memory 670 MiB.
2026-09-30T10:09:03Z INFO [981/2000] 4301ee4c-a291-4d26-99e4-9b296a0e6cc7: attributed to 001697; 0.2 s; peak memory 670 MiB.
2026-09-30T10:09:03Z INFO [982/2000] 43034b01-c571-4943-94bd-b290397e8040: attributed to 001697; 0.2 s; peak memory 670 MiB.
2026-09-30T10:09:03Z INFO [983/2000] 430d72ad-5d20-4855-89c7-02bbf4ea71e2: attributed to 000209; 0.0 s; peak memory 670 MiB.
2026-09-30T10:09:03Z INFO [984/2000] 431f6304-ac10-4bc7-829b-0f38b589b4d5: attributed to 001697; 0.0 s; peak memory 670 MiB.
2026-09-30T10:09:03Z INFO [985/2000] 433faf5b-90c2-42d7-aa40-4025451bdf6d: attributed to 001697; 0.2 s; peak memory 670 MiB.
2026-09-30T10:09:03Z INFO [986/2000] 434b2437-9bb3-4fd2-ad9c-33e13c04846f: attributed to 001697; 0.0 s; peak memory 670 MiB.
2026-09-30T10:09:03Z INFO [987/2000] 434c1ffb-4e5c-44b4-890c-2674ee74e268: attributed to 000026; 0.1 s; peak memory 670 MiB.
2026-09-30T10:09:03Z INFO [988/2000] 434e3361-7c99-4d51-86cd-7e66ea1bcc19: attributed to 000026; 0.0 s; peak memory 670 MiB.
2026-09-30T10:09:03Z INFO [989/2000] 434f4847-52eb-4e0e-bdf2-5dcc1dbfefcf: attributed to 001697; 0.0 s; peak memory 670 MiB.
2026-09-30T10:09:03Z INFO [990/2000] 435523c9-b01b-4c8d-bd81-fecdf5723f48: attributed to 001697; 0.0 s; peak memory 670 MiB.
2026-09-30T10:09:03Z INFO [991/2000] 4357010e-1cff-45e3-b421-c8527c93faa3: attributed to 001697; 0.0 s; peak memory 670 MiB.
2026-09-30T10:09:03Z INFO [992/2000] 43581102-b7ff-4f2c-86f3-bcb22f9032f5: attributed to 000026; 0.0 s; peak memory 670 MiB.
2026-09-30T10:09:05Z INFO [993/2000] 436110bb-cf4b-46d4-81d6-41779f601036: attributed to 001697; 1.3 s; peak memory 670 MiB.
2026-09-30T10:09:05Z INFO [994/2000] 436aa5ea-249f-4aaf-8053-44216eccfc79: attributed to 000465; 0.0 s; peak memory 670 MiB.
2026-09-30T10:09:05Z INFO [995/2000] 436e2482-1ee8-4881-b780-4840cc7fc9d3: attributed to 001697; 0.2 s; peak memory 670 MiB.
2026-09-30T10:09:05Z INFO [996/2000] 437256dd-d9d9-441c-bce1-9a8bc70e6372: attributed to 001697; 0.2 s; peak memory 670 MiB.
2026-09-30T10:09:05Z INFO [997/2000] 4372c4fe-1946-4783-9c37-8e6ebb85ac14: attributed to 001449; 0.0 s; peak memory 670 MiB.
2026-09-30T10:09:05Z INFO [998/2000] 43753801-0989-4f88-a2eb-375685dd0404: attributed to 000403; 0.0 s; peak memory 670 MiB.
2026-09-30T10:09:05Z INFO [999/2000] 437ec007-45f9-44fd-8739-741da5d56b2a: attributed to 000026; 0.1 s; peak memory 670 MiB.
2026-09-30T10:09:05Z INFO [1000/2000] 438542ea-bba2-4d03-b76e-51b4078c4c99: attributed to 001697; 0.2 s; peak memory 670 MiB.
2026-09-30T10:09:07Z INFO [1000/2000] 438542ea-bba2-4d03-b76e-51b4078c4c99: checkpointed 474828 records.
2026-09-30T10:09:07Z INFO [1001/2000] 438bee09-c9b8-4ff1-8561-7770b4edd391: attributed to 001697; 0.0 s; peak memory 670 MiB.
2026-09-30T10:09:07Z INFO [1002/2000] 43933820-cdbd-471d-aa63-82ed86aa792e: attributed to 000026; 0.0 s; peak memory 670 MiB.
2026-09-30T10:09:07Z INFO [1003/2000] 4398a839-4cd6-4293-aca4-1dd28b4b4170: attributed to 000946; 0.0 s; peak memory 670 MiB.
2026-09-30T10:09:07Z INFO [1004/2000] 439a5543-b9e0-4b57-9fcd-09d7a08ecbc6: attributed to 001697; 0.0 s; peak memory 670 MiB.
2026-09-30T10:09:07Z INFO [1005/2000] 439d104e-b7b5-4c92-a0bc-e73cd4f3ea9f: attributed to 000026; 0.0 s; peak memory 670 MiB.
2026-09-30T10:09:07Z INFO [1006/2000] 439e5808-d800-4598-bfd9-39f8b94fdada: attributed to 001697; 0.2 s; peak memory 670 MiB.
2026-09-30T10:09:07Z INFO [1007/2000] 439f804f-f342-413b-a4f1-ccb548cc08dd: attributed to 001697; 0.0 s; peak memory 670 MiB.
2026-09-30T10:09:07Z INFO [1008/2000] 43ad2102-5f82-4011-9c4c-e3df91536593: attributed to 001697; 0.2 s; peak memory 670 MiB.
2026-09-30T10:09:07Z INFO [1009/2000] 43b7d20b-2b9c-4535-af0b-9889b6c3c136: attributed to 001697; 0.0 s; peak memory 670 MiB.
2026-09-30T10:09:07Z INFO [1010/2000] 43d2bea9-0e4d-4052-a8f3-4d6e41a77d3e: attributed to 001697; 0.3 s; peak memory 670 MiB.
2026-09-30T10:09:07Z INFO [1011/2000] 43e47266-1239-4329-bab7-526ee24b4417: attributed to 001697; 0.0 s; peak memory 670 MiB.
2026-09-30T10:09:07Z INFO [1012/2000] 43e5feb9-e97b-4ae1-a47f-4eafe5229d44: attributed to 001697; 0.0 s; peak memory 670 MiB.
2026-09-30T10:09:08Z INFO [1013/2000] 43e6e11b-7b4a-4c51-9e91-cf21e8eebd1b: attributed to 001697; 0.4 s; peak memory 670 MiB.
2026-09-30T10:09:08Z INFO [1014/2000] 43e71f0c-3ec5-492b-94c9-9cea739d0549: attributed to 000026; 0.1 s; peak memory 670 MiB.
2026-09-30T10:09:08Z INFO [1015/2000] 43f7bbb9-cf65-42fa-9ffd-bd325bec45e9: attributed to 001697; 0.2 s; peak memory 670 MiB.
2026-09-30T10:09:08Z INFO [1016/2000] 4415b4ef-237e-4b07-a5dd-793fa4060ac4: attributed to 000946; 0.0 s; peak memory 670 MiB.
2026-09-30T10:09:08Z INFO [1017/2000] 4417d2e6-c4fd-4a64-b837-00f108f6cc15: attributed to 001437; 0.0 s; peak memory 670 MiB.
2026-09-30T10:09:08Z INFO [1018/2000] 441a3b67-b562-463a-bbbb-14df2aff774b: attributed to 001697; 0.0 s; peak memory 670 MiB.
2026-09-30T10:09:08Z INFO [1019/2000] 441d6819-3e43-4fdc-9728-41a58ad0145a: attributed to 001697; 0.2 s; peak memory 670 MiB.
2026-09-30T10:09:08Z INFO [1020/2000] 441ff008-a306-4d1c-aaa5-be1c8c9424a9: attributed to 001858; 0.0 s; peak memory 670 MiB.
2026-09-30T10:09:09Z INFO [1021/2000] 442176a6-5fca-4909-8649-af86e900f286: attributed to 001697; 0.2 s; peak memory 670 MiB.
2026-09-30T10:09:09Z INFO [1022/2000] 4431fe33-0101-4689-ade1-c9900276fca5: attributed to 000026; 0.0 s; peak memory 670 MiB.
2026-09-30T10:09:09Z INFO [1023/2000] 4432a52c-b86d-41a5-992d-8e79412517fd: attributed to 001697; 0.2 s; peak memory 670 MiB.
2026-09-30T10:09:09Z INFO [1024/2000] 44339994-da58-4278-9482-c7a0a606c580: attributed to 001697; 0.2 s; peak memory 670 MiB.
2026-09-30T10:09:09Z INFO [1025/2000] 44358168-73f1-4d06-8be9-11615d061075: attributed to 000142; 0.0 s; peak memory 670 MiB.
2026-09-30T10:09:09Z INFO [1026/2000] 4448b70e-2e53-4d2a-9340-3ba0aab15221: attributed to 001697; 0.0 s; peak memory 670 MiB.
2026-09-30T10:09:09Z INFO [1027/2000] 44558d69-1170-423e-b240-ec9a91788d8b: attributed to 000946; 0.0 s; peak memory 670 MiB.
2026-09-30T10:09:09Z INFO [1028/2000] 4456f7bb-8325-4727-b98d-f10b8cb23b58: attributed to 000946; 0.0 s; peak memory 670 MiB.
2026-09-30T10:09:09Z INFO [1029/2000] 445cfc23-a9c7-4961-9d72-4749d40bef9c: attributed to 001697; 0.0 s; peak memory 670 MiB.
2026-09-30T10:09:09Z INFO [1030/2000] 445e72f7-a38f-4486-8d5a-defa95904556: attributed to 001697; 0.0 s; peak memory 670 MiB.
2026-09-30T10:09:09Z INFO [1031/2000] 44603d2f-2879-4418-825d-0eb36fdad1fc: attributed to 001697; 0.0 s; peak memory 670 MiB.
2026-09-30T10:09:09Z INFO [1032/2000] 446159ad-34af-4d95-85ea-db462185dc65: attributed to 001782; 0.0 s; peak memory 670 MiB.
2026-09-30T10:09:09Z INFO [1033/2000] 44625006-6c8a-46a5-9a0c-3042e91d58a8: attributed to 000946; 0.0 s; peak memory 670 MiB.
2026-09-30T10:09:09Z INFO [1034/2000] 446259c0-f5f3-4ece-8442-32b1da1904cc: attributed to 000026; 0.0 s; peak memory 670 MiB.
2026-09-30T10:09:09Z INFO [1035/2000] 44673390-77ae-41d6-bb22-cbf66701f737: attributed to 001278; 0.0 s; peak memory 670 MiB.
2026-09-30T10:09:10Z INFO [1036/2000] 4467b281-8874-40ea-8c17-62baa8e28b76: attributed to 001697; 0.2 s; peak memory 670 MiB.
2026-09-30T10:09:10Z INFO [1037/2000] 446ad3fc-73f0-48f6-abe4-a0419a4ad901: attributed to 001697; 0.0 s; peak memory 670 MiB.
2026-09-30T10:09:10Z INFO [1038/2000] 446faf65-8990-4157-8610-53d7014db819: attributed to 001697; 0.0 s; peak memory 670 MiB.
2026-09-30T10:09:10Z INFO [1039/2000] 44700788-5d61-4e1c-8b75-e68e8e87f616: attributed to 001697; 0.2 s; peak memory 670 MiB.
2026-09-30T10:09:10Z INFO [1040/2000] 4473a7fa-c587-4c9e-b5ba-a63886600fb9: attributed to 001697; 0.0 s; peak memory 670 MiB.
2026-09-30T10:09:10Z INFO [1041/2000] 44833788-f2b1-43a2-86c3-54023f4eb89f: attributed to 001697; 0.2 s; peak memory 670 MiB.
2026-09-30T10:09:10Z INFO [1042/2000] 44835a87-dcd4-4962-a2de-2c69142333dc: attributed to 000173; 0.0 s; peak memory 670 MiB.
2026-09-30T10:09:10Z INFO [1043/2000] 4484b906-2409-4291-b2e1-44050989a12b: attributed to 001697; 0.2 s; peak memory 670 MiB.
2026-09-30T10:09:11Z INFO [1044/2000] 448fb1e9-0a24-4246-b9b5-85c43c8dcd51: attributed to 001697; 0.2 s; peak memory 670 MiB.
2026-09-30T10:09:11Z INFO [1045/2000] 449148c9-e85e-4346-90fc-09e7f8565641: attributed to 000403; 0.0 s; peak memory 670 MiB.
2026-09-30T10:09:11Z INFO [1046/2000] 449a2a64-d5fc-4afe-a940-436c2092a739: attributed to 001697; 0.3 s; peak memory 670 MiB.
2026-09-30T10:09:11Z INFO [1047/2000] 449f7206-e6ef-44b6-8195-f782db5c5ddb: attributed to 001858; 0.0 s; peak memory 670 MiB.
2026-09-30T10:09:11Z INFO [1048/2000] 44a2d681-df23-46af-a2dd-7db925dc8089: attributed to 000946; 0.0 s; peak memory 670 MiB.
2026-09-30T10:09:11Z INFO [1049/2000] 44a30059-0b0d-4443-a156-55b0e937485d: attributed to 001697; 0.2 s; peak memory 670 MiB.
2026-09-30T10:09:11Z INFO [1050/2000] 44a45c0b-1ebc-40d9-b4ee-3818b0011eae: attributed to 000559; 0.0 s; peak memory 670 MiB.
2026-09-30T10:09:12Z INFO [1050/2000] 44a45c0b-1ebc-40d9-b4ee-3818b0011eae: checkpointed 474828 records.
2026-09-30T10:09:12Z INFO [1051/2000] 44a74bbb-19f3-4f6b-a234-f87cb2c32cf0: attributed to 001697; 0.0 s; peak memory 670 MiB.
2026-09-30T10:09:13Z INFO [1052/2000] 44a7700c-2ba4-498a-b907-e8c0ee9194cf: attributed to 001697; 0.2 s; peak memory 670 MiB.
2026-09-30T10:09:13Z INFO [1053/2000] 44a9f5bc-d1ab-47ce-9f90-4cf2afcbe634: attributed to 001697; 0.0 s; peak memory 670 MiB.
2026-09-30T10:09:13Z INFO [1054/2000] 44aa009b-93c2-4e9b-92f9-4c2f6f84cab1: attributed to 001697; 0.0 s; peak memory 670 MiB.
2026-09-30T10:09:13Z INFO [1055/2000] 44b956bf-3159-4f34-b2de-cfcd7189d626: attributed to 001697; 0.0 s; peak memory 670 MiB.
2026-09-30T10:09:13Z INFO [1056/2000] 44bb9318-df33-4224-b056-d450d049a020: attributed to 001697; 0.0 s; peak memory 670 MiB.
2026-09-30T10:09:13Z INFO [1057/2000] 44c4360d-920c-4f78-8032-2670faee8442: attributed to 001697; 0.0 s; peak memory 670 MiB.
2026-09-30T10:09:13Z INFO [1058/2000] 44c96f71-639d-4100-8a9f-eef5620e864e: attributed to 001449; 0.0 s; peak memory 670 MiB.
2026-09-30T10:09:13Z INFO [1059/2000] 44ca6b90-f023-4ac9-9286-54e2c06fc6a7: attributed to 001449; 0.0 s; peak memory 670 MiB.
2026-09-30T10:09:13Z INFO [1060/2000] 44d86fdf-0891-4f70-ac12-9ed6dd0eec78: attributed to 001697; 0.5 s; peak memory 670 MiB.
2026-09-30T10:09:14Z INFO [1061/2000] 44e33b81-d2a0-4764-af92-da145a9626d9: attributed to 001697; 0.3 s; peak memory 670 MiB.
2026-09-30T10:09:14Z INFO [1062/2000] 44e88f21-0a26-4a53-8feb-58a05c53b686: attributed to 001697; 0.0 s; peak memory 670 MiB.
2026-09-30T10:09:14Z INFO [1063/2000] 44eb418b-c263-4153-8642-b8ef7bbe1980: attributed to 000026; 0.0 s; peak memory 670 MiB.
2026-09-30T10:09:14Z INFO [1064/2000] 44f10d61-b3e7-4e46-b575-67ff20540876: attributed to 000026; 0.1 s; peak memory 670 MiB.
2026-09-30T10:09:14Z INFO [1065/2000] 44f42d1c-c38f-431c-bf14-4cf30b95bba7: attributed to 001697; 0.2 s; peak memory 670 MiB.
2026-09-30T10:09:14Z INFO [1066/2000] 44f48499-c1d8-468a-9669-2969a2e77bec: attributed to 001697; 0.4 s; peak memory 670 MiB.
2026-09-30T10:09:14Z INFO [1067/2000] 44fa4b8a-7805-4fe9-830b-8f65999a256b: attributed to 001697; 0.0 s; peak memory 670 MiB.
2026-09-30T10:09:19Z INFO [1068/2000] 45008c8c-2741-4f7e-87b5-968907a1ddb3: attributed to 001697; 4.4 s; peak memory 670 MiB.
2026-09-30T10:09:19Z INFO [1069/2000] 4503681c-bbe5-402b-8275-6bb152ded132: attributed to 000946; 0.0 s; peak memory 670 MiB.
2026-09-30T10:09:19Z INFO [1070/2000] 45094094-bb1f-40fa-bdc8-b91ee4b83e8e: attributed to 001697; 0.0 s; peak memory 670 MiB.
2026-09-30T10:09:19Z INFO [1071/2000] 4509a200-56e0-423f-aba9-0f120b6ede9e: attributed to 001697; 0.0 s; peak memory 670 MiB.
2026-09-30T10:09:19Z INFO [1072/2000] 450c2fb3-32e6-49af-a954-a9a9f27c0f8c: attributed to 001697; 0.2 s; peak memory 670 MiB.
2026-09-30T10:09:19Z INFO [1073/2000] 4510549d-5638-4059-a153-92fa42a85d99: attributed to 001697; 0.0 s; peak memory 670 MiB.
2026-09-30T10:09:19Z INFO [1074/2000] 4512b5f5-4805-4092-b3b2-a96d12d067ec: attributed to 000026; 0.1 s; peak memory 670 MiB.
2026-09-30T10:09:19Z INFO [1075/2000] 45194087-34d6-43a1-be98-9bf2a99a8dc3: attributed to 001372; 0.1 s; peak memory 670 MiB.
2026-09-30T10:09:19Z INFO [1076/2000] 4534ba9c-e820-4855-aefa-257fa7fac7c0: attributed to 001697; 0.2 s; peak memory 670 MiB.
2026-09-30T10:09:19Z INFO [1077/2000] 45353324-40ea-485a-8d03-18d002abfa11: attributed to 000026; 0.1 s; peak memory 670 MiB.
2026-09-30T10:09:19Z INFO [1078/2000] 45371790-29e6-426b-b42e-f8e8fd651c3b: attributed to 000109; 0.0 s; peak memory 670 MiB.
2026-09-30T10:09:19Z INFO [1079/2000] 453920f2-9fa5-4bb7-8dce-35f45a515d3f: attributed to 000026; 0.0 s; peak memory 670 MiB.
2026-09-30T10:09:20Z INFO [1080/2000] 45429f1d-4638-4137-bf8f-3bcb1bda6a73: attributed to 001873; 0.7 s; peak memory 670 MiB.
2026-09-30T10:09:20Z INFO [1081/2000] 454310c5-27f1-44f0-9f87-7b7fd0cbe6a5: attributed to 001697; 0.4 s; peak memory 670 MiB.
2026-09-30T10:09:20Z INFO [1082/2000] 45450754-bf25-47f9-8bb7-82b8fc5a12d4: attributed to 001697; 0.0 s; peak memory 670 MiB.
2026-09-30T10:09:20Z INFO [1083/2000] 455798f6-00e8-46b0-8052-5db10c20100b: attributed to 000209; 0.0 s; peak memory 670 MiB.
2026-09-30T10:09:21Z INFO [1084/2000] 455ea75e-93c0-4e44-937d-cd8a014824ed: attributed to 001697; 0.3 s; peak memory 670 MiB.
2026-09-30T10:09:21Z INFO [1085/2000] 456c0e89-9332-4b13-a835-aae07b7204ee: attributed to 001697; 0.0 s; peak memory 670 MiB.
2026-09-30T10:09:21Z INFO [1086/2000] 456e621e-1c36-4625-a8a3-e0fafaf6ea82: attributed to 001258; 0.0 s; peak memory 670 MiB.
2026-09-30T10:09:21Z INFO [1087/2000] 456ed43c-481e-430b-bd73-8ec5d63ea530: attributed to 000571; 0.0 s; peak memory 670 MiB.
2026-09-30T10:09:21Z INFO [1088/2000] 45735745-95bd-42b2-9323-dad6ea3addce: attributed to 001697; 0.3 s; peak memory 670 MiB.
2026-09-30T10:09:21Z INFO [1089/2000] 45749120-f69b-4f82-8b7e-20a369e3468e: attributed to 000026; 0.0 s; peak memory 670 MiB.
2026-09-30T10:09:21Z INFO [1090/2000] 4577efa5-b735-4f66-bf41-0df9cd166cf2: attributed to 000946; 0.0 s; peak memory 670 MiB.
2026-09-30T10:09:21Z INFO [1091/2000] 457b311f-3a66-4c41-954c-23139a79d0de: attributed to 000946; 0.0 s; peak memory 670 MiB.
2026-09-30T10:09:21Z INFO [1092/2000] 4581f185-03cf-4b2d-9b5c-6655b641653b: attributed to 001474; 0.1 s; peak memory 670 MiB.
2026-09-30T10:09:21Z INFO [1093/2000] 4586982e-ad3b-4d76-ac04-6a03d3c94af6: attributed to 001449; 0.0 s; peak memory 670 MiB.
2026-09-30T10:09:21Z INFO [1094/2000] 4588ceea-fd84-4ebb-a03d-dff504714d82: attributed to 001697; 0.0 s; peak memory 670 MiB.
2026-09-30T10:09:21Z INFO [1095/2000] 458a2739-d720-4a8c-aa66-cc3b689d67be: attributed to 000571; 0.0 s; peak memory 670 MiB.
2026-09-30T10:09:22Z INFO [1096/2000] 458ab763-8d16-472a-b51f-6d2939a9d801: attributed to 001697; 0.3 s; peak memory 670 MiB.
2026-09-30T10:09:22Z INFO [1097/2000] 458b7602-4c28-4a2a-8a7e-aa59c8e63dd1: attributed to 001697; 0.2 s; peak memory 670 MiB.
2026-09-30T10:09:22Z INFO [1098/2000] 4590f93f-77e3-45af-af6b-d535ef97d89e: attributed to 000026; 0.1 s; peak memory 670 MiB.
2026-09-30T10:09:22Z INFO [1099/2000] 459713e6-92d5-436b-a82b-02d02acf85d6: attributed to 001697; 0.3 s; peak memory 670 MiB.
2026-09-30T10:09:22Z INFO [1100/2000] 4597e85c-aa63-4aca-baf4-e41506cf3c6d: attributed to 001697; 0.0 s; peak memory 670 MiB.
2026-09-30T10:09:24Z INFO [1100/2000] 4597e85c-aa63-4aca-baf4-e41506cf3c6d: checkpointed 474828 records.
2026-09-30T10:09:24Z INFO [1101/2000] 459c7d58-3fa6-4d4d-9c78-4d7f64b96d7c: attributed to 000026; 0.0 s; peak memory 670 MiB.
2026-09-30T10:09:24Z INFO [1102/2000] 459d211d-52e0-4a5d-94bc-7898276c6fee: attributed to 001697; 0.0 s; peak memory 670 MiB.
2026-09-30T10:09:24Z INFO [1103/2000] 459eb9e8-f13a-4524-a331-a7fca90667c3: attributed to 001697; 0.0 s; peak memory 670 MiB.
2026-09-30T10:09:24Z INFO [1104/2000] 45aa962c-ce06-4279-b728-e2eab15e49c2: attributed to 000559; 0.0 s; peak memory 670 MiB.
2026-09-30T10:09:24Z INFO [1105/2000] 45ad9e73-28ec-4a72-8919-b9cf32b70e1a: attributed to 001449; 0.0 s; peak memory 670 MiB.
2026-09-30T10:09:24Z INFO [1106/2000] 45b0ea39-09a6-448c-a21f-d5661401d28a: attributed to 001697; 0.2 s; peak memory 670 MiB.
2026-09-30T10:09:24Z INFO [1107/2000] 45b1fab3-2530-435d-ae8d-9432cf4a8f13: attributed to 001697; 0.0 s; peak memory 670 MiB.
2026-09-30T10:09:24Z INFO [1108/2000] 45ba370c-2538-421f-a69f-b68db2984e48: attributed to 001697; 0.2 s; peak memory 670 MiB.
2026-09-30T10:09:24Z INFO [1109/2000] 45c1a11b-ebe6-46b1-86a8-370ce96117fa: attributed to 001697; 0.0 s; peak memory 670 MiB.
2026-09-30T10:09:25Z INFO [1110/2000] 45c33d8f-ddbd-4c18-a37c-b415bb78225c: attributed to 001697; 0.3 s; peak memory 670 MiB.
2026-09-30T10:09:25Z INFO [1111/2000] 45c85f8d-464a-4896-a45b-24de8085512f: attributed to 001697; 0.3 s; peak memory 670 MiB.
2026-09-30T10:09:25Z INFO [1112/2000] 45ca3e1e-15a1-4865-b354-7bbf0c4ec52c: attributed to 001697; 0.3 s; peak memory 670 MiB.
2026-09-30T10:09:25Z INFO [1113/2000] 45ccad76-d924-4ee2-98d0-e6d5573def0a: attributed to 001697; 0.3 s; peak memory 670 MiB.
2026-09-30T10:09:25Z INFO [1114/2000] 45d09b8a-c729-4cda-bafa-371b20738d61: attributed to 001748; 0.0 s; peak memory 670 MiB.
2026-09-30T10:09:26Z INFO [1115/2000] 45d18582-bf5c-4910-bb3b-8fb5e9a91fde: attributed to 001697; 0.4 s; peak memory 670 MiB.
2026-09-30T10:09:26Z INFO [1116/2000] 45d4ee4c-c676-4c2e-a815-66af29399531: attributed to 001697; 0.4 s; peak memory 670 MiB.
2026-09-30T10:09:26Z INFO [1117/2000] 45db05c3-913d-42e4-a3e5-80f9f57f6e82: attributed to 001697; 0.0 s; peak memory 670 MiB.
2026-09-30T10:09:26Z INFO [1118/2000] 45e100ed-4167-4b55-af81-4d94f4e5eace: attributed to 000026; 0.0 s; peak memory 670 MiB.
2026-09-30T10:09:26Z INFO [1119/2000] 45e7f25e-e723-4685-9326-d1e31ef110d7: attributed to 001697; 0.0 s; peak memory 670 MiB.
2026-09-30T10:09:26Z INFO [1120/2000] 45eadbfa-ea63-44c8-8baa-7dc1d279dea3: attributed to 001697; 0.0 s; peak memory 670 MiB.
2026-09-30T10:09:26Z INFO [1121/2000] 45f57621-5255-48ff-b27d-cc13b7a26e74: attributed to 001697; 0.0 s; peak memory 670 MiB.
2026-09-30T10:09:27Z INFO [1122/2000] 45f69566-cbf7-4f32-b999-24f4d68e2993: attributed to 001697; 0.4 s; peak memory 670 MiB.
2026-09-30T10:09:27Z INFO [1123/2000] 45f6ecef-d6b0-4311-ae45-64bd04c59011: attributed to 001697; 0.3 s; peak memory 670 MiB.
2026-09-30T10:09:27Z INFO [1124/2000] 45fe65a4-3129-4749-b4ac-15e697da30c3: attributed to 001697; 0.3 s; peak memory 670 MiB.
2026-09-30T10:09:27Z INFO [1125/2000] 460bedf0-b2f8-4695-94c4-ece07af519bd: attributed to 000293; 0.0 s; peak memory 670 MiB.
2026-09-30T10:09:27Z INFO [1126/2000] 4611c01e-b4ab-4155-9e6b-62e064c7b0d2: attributed to 000026; 0.0 s; peak memory 670 MiB.
2026-09-30T10:09:27Z INFO [1127/2000] 461236bf-3e52-44d5-a966-5947c6139d93: attributed to 001697; 0.0 s; peak memory 670 MiB.
2026-09-30T10:09:28Z INFO [1128/2000] 461452c4-af7e-40a9-93a6-b62072aaf69e: attributed to 001697; 0.2 s; peak memory 670 MiB.
2026-09-30T10:09:28Z INFO [1129/2000] 46192d56-4ffb-4024-b706-901952f85b81: attributed to 001697; 0.0 s; peak memory 670 MiB.
2026-09-30T10:09:28Z INFO [1130/2000] 461c1c0e-e2f4-4e69-801f-ea30cae84c18: attributed to 001697; 0.2 s; peak memory 670 MiB.
2026-09-30T10:09:28Z INFO [1131/2000] 4627346e-0a83-48e0-a178-884265d660e0: attributed to 000946; 0.0 s; peak memory 670 MiB.
2026-09-30T10:09:28Z INFO [1132/2000] 4629b102-cc1b-47bc-bbdf-e46013d241b2: attributed to 001697; 0.2 s; peak memory 670 MiB.
2026-09-30T10:09:28Z INFO [1133/2000] 462f7b55-e884-4b8b-860d-c996bfe5563d: attributed to 000026; 0.1 s; peak memory 670 MiB.
2026-09-30T10:09:28Z INFO [1134/2000] 46310fcd-4fa1-4364-8dc4-ec241a5c5ee5: attributed to 001449; 0.0 s; peak memory 670 MiB.
2026-09-30T10:09:28Z INFO [1135/2000] 4638a6f1-7407-4841-91c6-905b32536d80: attributed to 000109; 0.0 s; peak memory 670 MiB.
2026-09-30T10:09:28Z INFO [1136/2000] 463a3d59-d137-4f1c-9351-456f4ff98f58: attributed to 001697; 0.0 s; peak memory 670 MiB.
2026-09-30T10:09:28Z INFO [1137/2000] 463baa5f-f950-4b8d-aaaa-4c85b97fdbb9: attributed to 001697; 0.0 s; peak memory 670 MiB.
2026-09-30T10:09:28Z INFO [1138/2000] 463e6984-e124-478a-abcf-bf21f1280f1f: attributed to 001697; 0.0 s; peak memory 670 MiB.
2026-09-30T10:09:28Z INFO [1139/2000] 464cdbfe-19ed-4a91-96b2-8f44015a35b2: attributed to 000026; 0.1 s; peak memory 670 MiB.
2026-09-30T10:09:28Z INFO [1140/2000] 464e6d4d-b1d8-4c08-933c-26b8dceebb5f: attributed to 001449; 0.0 s; peak memory 670 MiB.
2026-09-30T10:09:28Z INFO [1141/2000] 4656bb48-f71d-43c2-97a9-5afc8e814a5b: attributed to 000946; 0.0 s; peak memory 670 MiB.
2026-09-30T10:09:28Z INFO [1142/2000] 466870bb-4e8e-4054-b23a-1343537075cc: attributed to 001697; 0.2 s; peak memory 670 MiB.
2026-09-30T10:09:29Z INFO [1143/2000] 4669763a-838c-43c1-8e5a-ba3be21744e9: attributed to 001278; 0.0 s; peak memory 670 MiB.
2026-09-30T10:09:29Z INFO [1144/2000] 466a5711-6037-4dcd-8229-dbdb8a3d6bd3: attributed to 000231; 0.1 s; peak memory 670 MiB.
2026-09-30T10:09:29Z INFO [1145/2000] 466ed83e-cb47-4b04-b498-1a758cc258d9: attributed to 000026; 0.0 s; peak memory 670 MiB.
2026-09-30T10:09:29Z INFO [1146/2000] 467c9d96-2409-4888-b01d-84376c7d7876: attributed to 001697; 0.2 s; peak memory 670 MiB.
2026-09-30T10:09:29Z INFO [1147/2000] 4680b291-b29a-4b69-9516-72ff04391e4e: attributed to 001697; 0.2 s; peak memory 670 MiB.
2026-09-30T10:09:30Z INFO [1148/2000] 468141b2-54c2-468c-abfa-ac1ad7fb0e10: attributed to 001697; 0.4 s; peak memory 670 MiB.
2026-09-30T10:09:30Z INFO [1149/2000] 46866150-5279-4da5-b228-e15bc844b73d: attributed to 000026; 0.0 s; peak memory 670 MiB.
2026-09-30T10:09:30Z INFO [1150/2000] 46871b7e-a77b-4ce8-abe7-29e7892f6802: attributed to 001697; 0.0 s; peak memory 670 MiB.
2026-09-30T10:09:31Z INFO [1150/2000] 46871b7e-a77b-4ce8-abe7-29e7892f6802: checkpointed 474828 records.
2026-09-30T10:09:31Z INFO [1151/2000] 468d63ba-5c30-4a8d-8435-2f0d11a84c6d: attributed to 000026; 0.0 s; peak memory 670 MiB.
2026-09-30T10:09:31Z INFO [1152/2000] 46981ef2-692a-458b-a0fe-12588a728a37: attributed to 001697; 0.0 s; peak memory 670 MiB.
2026-09-30T10:09:31Z INFO [1153/2000] 4698544d-ee6b-48c7-8699-ff78315b4a68: attributed to 001258; 0.0 s; peak memory 670 MiB.
2026-09-30T10:09:31Z INFO [1154/2000] 469aa95c-6284-4d94-ac8d-6284c25daf40: attributed to 001697; 0.2 s; peak memory 670 MiB.
2026-09-30T10:09:31Z INFO [1155/2000] 46ae746a-17c5-4d04-96f7-d13d54cb5b5f: attributed to 000109; 0.0 s; peak memory 670 MiB.
2026-09-30T10:09:31Z INFO [1156/2000] 46b6d4b8-3159-44c2-9f55-620c0c699788: attributed to 001702; 0.1 s; peak memory 670 MiB.
2026-09-30T10:09:31Z INFO [1157/2000] 46b79a1d-2cf7-46c4-9ccd-57a46691ab87: attributed to 000946; 0.0 s; peak memory 670 MiB.
2026-09-30T10:09:31Z INFO [1158/2000] 46be6bb8-02ba-4056-a6f0-48d9bac87b07: attributed to 000142; 0.0 s; peak memory 670 MiB.
2026-09-30T10:09:31Z INFO [1159/2000] 46c0ec4f-86b8-4cca-91a6-bb80a104b90b: attributed to 001697; 0.2 s; peak memory 670 MiB.
2026-09-30T10:09:32Z INFO [1160/2000] 46c480f7-3fca-4fd5-81d8-dbb6a88c658e: attributed to 001697; 0.2 s; peak memory 670 MiB.
2026-09-30T10:09:32Z INFO [1161/2000] 46daebf1-eafd-4563-9c86-20ebc2ac25e8: attributed to 000946; 0.0 s; peak memory 670 MiB.
2026-09-30T10:09:32Z INFO [1162/2000] 46de4df6-bf05-4643-80a1-6dd3f671a1b4: attributed to 000026; 0.1 s; peak memory 670 MiB.
2026-09-30T10:09:32Z INFO [1163/2000] 46e40adf-b426-4256-82e3-4176143a359b: attributed to 000403; 0.2 s; peak memory 670 MiB.
2026-09-30T10:09:32Z INFO [1164/2000] 46e7322b-004e-44d5-b904-ed9efc557f9c: attributed to 001697; 0.2 s; peak memory 670 MiB.
2026-09-30T10:09:32Z INFO [1165/2000] 46e9555c-2225-4682-975f-baf7fcb32835: attributed to 001697; 0.3 s; peak memory 670 MiB.
2026-09-30T10:09:32Z INFO [1166/2000] 46f6bcfb-6a82-4f29-8bc6-91491078076f: attributed to 001697; 0.0 s; peak memory 670 MiB.
2026-09-30T10:09:32Z INFO [1167/2000] 46f92778-83e5-4a92-8ba9-c7c3c21d4f85: attributed to 001697; 0.0 s; peak memory 670 MiB.
2026-09-30T10:09:32Z INFO [1168/2000] 46fec7f2-571c-4b72-9da5-f8796d19ab97: attributed to 001697; 0.0 s; peak memory 670 MiB.
2026-09-30T10:09:32Z INFO [1169/2000] 470d5c9a-e12a-457d-8773-69bd48ba39f4: attributed to 000142; 0.0 s; peak memory 670 MiB.
2026-09-30T10:09:33Z INFO [1170/2000] 47158121-dab3-405d-a880-148530138ace: attributed to 000946; 0.0 s; peak memory 670 MiB.
2026-09-30T10:09:33Z INFO [1171/2000] 471e5a5c-f86d-4600-886c-99946dc599aa: attributed to 001697; 0.0 s; peak memory 670 MiB.
2026-09-30T10:09:33Z INFO [1172/2000] 471eaf36-1988-4ec6-a467-6dabd413a132: attributed to 001697; 0.3 s; peak memory 670 MiB.
2026-09-30T10:09:33Z INFO [1173/2000] 4725461f-fa40-4ae9-bc34-b2a4d06c105a: attributed to 001697; 0.3 s; peak memory 670 MiB.
2026-09-30T10:09:33Z INFO [1174/2000] 47255f74-d3e9-4770-9376-b7bcd31aeb26: attributed to 001697; 0.3 s; peak memory 670 MiB.
2026-09-30T10:09:34Z INFO [1175/2000] 472a46d2-4997-4c03-85e9-7a7b38472266: attributed to 001697; 0.2 s; peak memory 670 MiB.
2026-09-30T10:09:34Z INFO [1176/2000] 472d9162-ed26-48ac-b065-48ec68770fb9: attributed to 001697; 0.0 s; peak memory 670 MiB.
2026-09-30T10:09:34Z INFO [1177/2000] 472fe217-118d-4733-a9aa-35701314629f: attributed to 001697; 0.0 s; peak memory 670 MiB.
2026-09-30T10:09:34Z INFO [1178/2000] 4730ff8e-ce52-45db-bdf3-15ed39992ec0: attributed to 000570; 0.0 s; peak memory 670 MiB.
2026-09-30T10:09:34Z INFO [1179/2000] 47348368-88ab-4f99-b4ab-dbc36d712ae4: attributed to 000026; 0.1 s; peak memory 670 MiB.
2026-09-30T10:09:34Z INFO [1180/2000] 4736d17a-e32b-4551-be4a-7b3117995f94: attributed to 001697; 0.0 s; peak memory 670 MiB.
2026-09-30T10:09:34Z INFO [1181/2000] 47380e93-ea8f-46fb-a27c-649ab0fabb40: attributed to 000026; 0.0 s; peak memory 670 MiB.
2026-09-30T10:09:34Z INFO [1182/2000] 473817b0-ad9e-4461-b57c-63fd31e1e7f8: attributed to 000142; 0.0 s; peak memory 670 MiB.
2026-09-30T10:09:34Z INFO [1183/2000] 47388693-9d52-4949-904f-e52cbd4be067: attributed to 001063; 0.0 s; peak memory 670 MiB.
2026-09-30T10:09:34Z INFO [1184/2000] 4739d1fa-9c52-4077-bc20-8935cc8753f3: attributed to 000946; 0.0 s; peak memory 670 MiB.
2026-09-30T10:09:34Z INFO [1185/2000] 474acab3-a60c-4141-bb07-66af71ed3dfe: attributed to 001203; 0.0 s; peak memory 670 MiB.
2026-09-30T10:09:34Z INFO [1186/2000] 474e1466-3046-48cd-b8bc-2e7467963ebd: attributed to 001697; 0.0 s; peak memory 670 MiB.
2026-09-30T10:09:34Z INFO [1187/2000] 475c7a50-0152-46f2-824a-209562de8bea: attributed to 001697; 0.2 s; peak memory 670 MiB.
2026-09-30T10:09:34Z INFO [1188/2000] 475dc271-f2e3-4e9a-998d-3fa66e002919: attributed to 001697; 0.2 s; peak memory 670 MiB.
2026-09-30T10:09:34Z INFO [1189/2000] 4760eae9-b8b7-49bb-beb3-ac47c45a9ed9: attributed to 001697; 0.0 s; peak memory 670 MiB.
2026-09-30T10:09:34Z INFO [1190/2000] 476155c8-acec-47d8-b430-b25e39f5405a: attributed to 000026; 0.1 s; peak memory 670 MiB.
2026-09-30T10:09:34Z INFO [1191/2000] 47678ed3-b3c3-45e0-b1d1-8030fb3eb5d6: attributed to 000026; 0.0 s; peak memory 670 MiB.
2026-09-30T10:09:35Z INFO [1192/2000] 47698cbc-91be-40a4-915c-47d44bd4f0bb: attributed to 000946; 0.0 s; peak memory 670 MiB.
2026-09-30T10:09:35Z INFO [1193/2000] 476bf75c-1c52-447b-a025-be42f9497022: attributed to 001697; 0.0 s; peak memory 670 MiB.
2026-09-30T10:09:35Z INFO [1194/2000] 476cb940-0c6a-4347-8180-47061b6ca824: attributed to 000026; 0.0 s; peak memory 670 MiB.
2026-09-30T10:09:35Z INFO [1195/2000] 47704e49-0db6-430d-add7-97dd4cde3e7d: attributed to 000026; 0.1 s; peak memory 670 MiB.
2026-09-30T10:09:35Z INFO [1196/2000] 47716dfe-34de-4061-be96-729d97ec40b4: attributed to 000026; 0.0 s; peak memory 670 MiB.
2026-09-30T10:09:35Z INFO [1197/2000] 478383b3-9d0c-410f-b08d-eb0caec5430f: attributed to 001702; 0.1 s; peak memory 670 MiB.
2026-09-30T10:09:35Z INFO [1198/2000] 4787bdc1-c0bc-4c3a-8e05-d0e2bfd0f7c7: attributed to 001697; 0.4 s; peak memory 670 MiB.
2026-09-30T10:09:35Z INFO [1199/2000] 478c02ae-3320-4d19-a8fe-50e1360382c5: attributed to 001697; 0.2 s; peak memory 670 MiB.
2026-09-30T10:09:36Z INFO [1200/2000] 478d360e-3fbc-4c2a-87f1-fee9639ab0de: attributed to 001697; 0.2 s; peak memory 670 MiB.
2026-09-30T10:09:37Z INFO [1200/2000] 478d360e-3fbc-4c2a-87f1-fee9639ab0de: checkpointed 474828 records.
2026-09-30T10:09:39Z INFO [1201/2000] 478e2f68-da57-42ae-aeee-1ca530c8f2d5: attributed to 000571; 2.7 s; peak memory 670 MiB.
2026-09-30T10:09:40Z INFO [1202/2000] 47a0808b-47f1-44ef-bf98-245b8c15c139: attributed to 001697; 0.2 s; peak memory 670 MiB.
2026-09-30T10:09:40Z INFO [1203/2000] 47a3c840-e6e3-425c-915a-99a15440cea7: attributed to 001437; 0.0 s; peak memory 670 MiB.
2026-09-30T10:09:40Z INFO [1204/2000] 47a950fb-a49c-4770-8c7a-8900f818a111: attributed to 001697; 0.0 s; peak memory 670 MiB.
2026-09-30T10:09:40Z INFO [1205/2000] 47ab3843-138f-4243-8ea7-d901d3ea0a0b: attributed to 001697; 0.2 s; peak memory 670 MiB.
2026-09-30T10:09:40Z INFO [1206/2000] 47abe303-d710-4001-a08e-278011a37a40: attributed to 001697; 0.2 s; peak memory 670 MiB.
2026-09-30T10:09:40Z INFO [1207/2000] 47b12468-c487-4eb0-8fd9-83f1d2111a47: attributed to 000570; 0.0 s; peak memory 670 MiB.
2026-09-30T10:09:40Z INFO [1208/2000] 47b13662-5555-4a3c-9ffd-0665be5c210c: attributed to 001697; 0.0 s; peak memory 670 MiB.
2026-09-30T10:09:40Z INFO [1209/2000] 47be17d4-a065-410a-9042-e82fc255b931: attributed to 000026; 0.0 s; peak memory 670 MiB.
2026-09-30T10:09:40Z INFO [1210/2000] 47d4ff52-a655-474d-8c19-da73a6a3533a: attributed to 000142; 0.0 s; peak memory 670 MiB.
2026-09-30T10:09:40Z INFO [1211/2000] 47d55f59-b274-45b8-977d-c1b8ba55c00e: attributed to 001697; 0.2 s; peak memory 670 MiB.
2026-09-30T10:09:40Z INFO [1212/2000] 47e7827f-3e93-4eaf-a207-639d97a850d4: attributed to 001258; 0.0 s; peak memory 670 MiB.
2026-09-30T10:09:40Z INFO [1213/2000] 47eac7ed-3b4c-4f99-98be-c7057e8fae72: attributed to 001697; 0.0 s; peak memory 670 MiB.
2026-09-30T10:09:40Z INFO [1214/2000] 47edf516-e158-421b-b1b2-d5d97aa9680b: attributed to 000026; 0.0 s; peak memory 670 MiB.
2026-09-30T10:09:40Z INFO [1215/2000] 47f414e6-aff3-4231-8cb8-9c8f8f0224ca: attributed to 001697; 0.0 s; peak memory 670 MiB.
2026-09-30T10:09:41Z INFO [1216/2000] 47fb6e57-f7ba-4c70-a26a-07686d765569: attributed to 001697; 0.2 s; peak memory 670 MiB.
2026-09-30T10:09:41Z INFO [1217/2000] 47fc32fc-482a-420c-bba2-bd63f9982c76: attributed to 000403; 0.0 s; peak memory 670 MiB.
2026-09-30T10:09:41Z INFO [1218/2000] 47fc7a06-9a2f-4d2c-8858-364700703dbb: attributed to 000142; 0.0 s; peak memory 670 MiB.
2026-09-30T10:09:41Z INFO [1219/2000] 48000ef1-c4e4-429b-b401-313810eeb2dd: attributed to 001697; 0.0 s; peak memory 670 MiB.
2026-09-30T10:09:41Z INFO [1220/2000] 48065e36-c663-4e34-881e-0c85134b5620: attributed to 001697; 0.0 s; peak memory 670 MiB.
2026-09-30T10:09:41Z INFO [1221/2000] 480e5913-9e08-471b-a74e-d8560e946e6a: attributed to 001697; 0.0 s; peak memory 670 MiB.
2026-09-30T10:09:41Z INFO [1222/2000] 481d435b-dac6-419a-8d96-5c79bcf47628: attributed to 000946; 0.0 s; peak memory 670 MiB.
2026-09-30T10:09:41Z INFO [1223/2000] 482646e6-1912-4566-9372-f7b2cd468729: attributed to 000026; 0.0 s; peak memory 670 MiB.
2026-09-30T10:09:41Z INFO [1224/2000] 48370548-bf69-432d-b99c-9a87a49ff0a2: attributed to 001449; 0.0 s; peak memory 670 MiB.
2026-09-30T10:09:41Z INFO [1225/2000] 4837698e-2dd4-47b8-84af-915008651184: attributed to 001749; 0.0 s; peak memory 670 MiB.
2026-09-30T10:09:41Z INFO [1226/2000] 4843b088-8e98-492b-8db0-bff97c4da52f: attributed to 000026; 0.1 s; peak memory 670 MiB.
2026-09-30T10:09:41Z INFO [1227/2000] 48467339-37c1-4f7b-81bc-d97f29bb7937: attributed to 001697; 0.0 s; peak memory 670 MiB.
2026-09-30T10:09:41Z INFO [1228/2000] 484e8f86-78f1-40be-86e3-1d3bd020f7b7: attributed to 000026; 0.1 s; peak memory 670 MiB.
2026-09-30T10:09:41Z INFO [1229/2000] 485347b6-5646-4245-9828-89f640086ab1: attributed to 000026; 0.0 s; peak memory 670 MiB.
2026-09-30T10:09:41Z INFO [1230/2000] 48699350-834f-4f61-8e19-606c5974faee: attributed to 001697; 0.0 s; peak memory 670 MiB.
2026-09-30T10:09:41Z INFO [1231/2000] 486accf9-7f0a-4d2c-bf2f-d7ebee47a2d4: attributed to 000946; 0.0 s; peak memory 670 MiB.
2026-09-30T10:09:41Z INFO [1232/2000] 486c04d4-ac69-4b7f-933b-2b53b1da0efd: attributed to 001697; 0.3 s; peak memory 670 MiB.
2026-09-30T10:09:41Z INFO [1233/2000] 486c0ee9-e376-4200-a04a-7648c1d8b71a: attributed to 001697; 0.0 s; peak memory 670 MiB.
2026-09-30T10:09:42Z INFO [1234/2000] 486edfac-ea2c-4202-9897-08d20f5a926a: attributed to 001697; 0.2 s; peak memory 670 MiB.
2026-09-30T10:09:42Z INFO [1235/2000] 486fc81e-2e44-4511-b12d-1dee93f4349b: attributed to 000026; 0.0 s; peak memory 670 MiB.
2026-09-30T10:09:42Z INFO [1236/2000] 4872f4ac-03a2-450b-834b-612fd67d4d73: attributed to 000403; 0.0 s; peak memory 670 MiB.
2026-09-30T10:09:42Z INFO [1237/2000] 48788d69-48a2-42a8-a1c3-0f322ab29fbd: attributed to 001697; 0.5 s; peak memory 670 MiB.
2026-09-30T10:09:42Z INFO [1238/2000] 48846714-04e2-45d6-a68d-7f58e55d7aad: attributed to 000946; 0.0 s; peak memory 670 MiB.
2026-09-30T10:09:43Z INFO [1239/2000] 4885ce3d-4e86-49f9-9a84-59733e0de0a6: attributed to 001697; 0.7 s; peak memory 670 MiB.
2026-09-30T10:09:43Z INFO [1240/2000] 488a7fa4-2a10-4dd4-be06-2b1b692acf9c: attributed to 001697; 0.0 s; peak memory 670 MiB.
2026-09-30T10:09:43Z INFO [1241/2000] 48987c06-8e7a-47a6-8561-f5f4bcae833e: attributed to 001697; 0.2 s; peak memory 670 MiB.
2026-09-30T10:09:43Z INFO [1242/2000] 48acf52c-6cf7-4f86-9246-44a69d335c12: attributed to 001697; 0.0 s; peak memory 670 MiB.
2026-09-30T10:09:43Z INFO [1243/2000] 48b0017e-3e23-4d78-a4c2-f3546d48cd05: attributed to 001697; 0.2 s; peak memory 670 MiB.
2026-09-30T10:09:44Z INFO [1244/2000] 48bb1577-b44e-46a0-a4cf-1c0d22998d86: attributed to 001697; 0.6 s; peak memory 670 MiB.
2026-09-30T10:09:44Z INFO [1245/2000] 48c06649-a320-4538-9a45-324fd194d0ed: attributed to 000026; 0.0 s; peak memory 670 MiB.
2026-09-30T10:09:44Z INFO [1246/2000] 48c13aa5-b0bd-4686-a9d7-43a4c6a9a45a: attributed to 001697; 0.3 s; peak memory 670 MiB.
2026-09-30T10:09:44Z INFO [1247/2000] 48c66325-0244-447b-b502-6bf28579a4ed: attributed to 000142; 0.0 s; peak memory 670 MiB.
2026-09-30T10:09:44Z INFO [1248/2000] 48c96bbf-5d0c-426a-a593-decf726743df: attributed to 001697; 0.3 s; peak memory 670 MiB.
2026-09-30T10:09:44Z INFO [1249/2000] 48cd1284-a2a9-4279-8568-052c5b16c2f1: attributed to 001697; 0.0 s; peak memory 670 MiB.
2026-09-30T10:09:45Z INFO [1250/2000] 48d0ebdc-6015-4235-9b4d-83e9c62ef0be: attributed to 001697; 0.2 s; peak memory 670 MiB.
2026-09-30T10:09:46Z INFO [1250/2000] 48d0ebdc-6015-4235-9b4d-83e9c62ef0be: checkpointed 474828 records.
2026-09-30T10:09:46Z INFO [1251/2000] 48d8be05-b61d-4f5b-a4cf-bb3791843ad7: attributed to 000142; 0.0 s; peak memory 670 MiB.
2026-09-30T10:09:46Z INFO [1252/2000] 48de0dae-5b5b-4fd0-8430-195dbf09ec0f: attributed to 001697; 0.0 s; peak memory 670 MiB.
2026-09-30T10:09:46Z INFO [1253/2000] 48e1f0d7-a26d-48b1-a395-cc0ccd7dfc2c: attributed to 001697; 0.0 s; peak memory 670 MiB.
2026-09-30T10:09:46Z INFO [1254/2000] 48ec032b-c850-4ff0-b817-7a37e7ac816f: attributed to 001697; 0.0 s; peak memory 670 MiB.
2026-09-30T10:09:46Z INFO [1255/2000] 48f0df75-a2c8-4448-ba96-d93abee5cd98: attributed to 001697; 0.0 s; peak memory 670 MiB.
2026-09-30T10:09:46Z INFO [1256/2000] 49055ce1-7d21-426c-9c48-de34a9b02ef0: attributed to 001063; 0.1 s; peak memory 670 MiB.
2026-09-30T10:09:46Z INFO [1257/2000] 4905cc14-17e2-4bdc-b34b-2b0ed352e518: attributed to 001697; 0.4 s; peak memory 670 MiB.
2026-09-30T10:09:46Z INFO [1258/2000] 4907b8e6-0803-4bef-9f7f-d04315449885: attributed to 001437; 0.0 s; peak memory 670 MiB.
2026-09-30T10:09:46Z INFO [1259/2000] 4907d80c-c9e0-46ac-b0b9-1cf223ad358d: attributed to 000946; 0.0 s; peak memory 670 MiB.
2026-09-30T10:09:47Z INFO [1260/2000] 4911b28f-548f-4fcb-8795-7b7719de6e0e: attributed to 001697; 0.2 s; peak memory 670 MiB.
2026-09-30T10:09:47Z INFO [1261/2000] 49153932-e0f7-49ca-a2e4-c6d98163b35c: attributed to 000026; 0.1 s; peak memory 670 MiB.
2026-09-30T10:09:47Z INFO [1262/2000] 49162e65-b54a-4dbb-8cdd-5e2ff157376b: attributed to 000026; 0.0 s; peak memory 670 MiB.
2026-09-30T10:09:47Z INFO [1263/2000] 491e7df2-e162-4776-acba-ffd59fa91e78: attributed to 001697; 0.2 s; peak memory 670 MiB.
2026-09-30T10:09:47Z INFO [1264/2000] 4925a91c-43ac-4734-8d3a-e1f68ed4cb79: attributed to 000946; 0.0 s; peak memory 670 MiB.
2026-09-30T10:09:47Z INFO [1265/2000] 49309178-b117-41ef-b641-97e2539e0db1: attributed to 001258; 0.0 s; peak memory 670 MiB.
2026-09-30T10:09:47Z INFO [1266/2000] 493a1fa2-aebe-42be-a655-a65d475a40fb: attributed to 000293; 0.0 s; peak memory 670 MiB.
2026-09-30T10:09:47Z INFO [1267/2000] 494df116-e7dc-4503-8585-a4ae7b24d6ef: attributed to 001449; 0.2 s; peak memory 670 MiB.
2026-09-30T10:09:47Z INFO [1268/2000] 49580213-600a-4d87-b596-6005ac923e59: attributed to 001697; 0.2 s; peak memory 670 MiB.
2026-09-30T10:09:48Z INFO [1269/2000] 4965db68-8042-4e69-b4d2-7fdfc0f87275: attributed to 000946; 0.0 s; peak memory 670 MiB.
2026-09-30T10:09:48Z INFO [1270/2000] 49681b88-1854-410b-b439-dd25e9c801a2: attributed to 000026; 0.0 s; peak memory 670 MiB.
2026-09-30T10:09:48Z INFO [1271/2000] 49691d67-6b13-42bd-a753-d9c260e1434e: attributed to 001697; 0.2 s; peak memory 670 MiB.
2026-09-30T10:09:48Z INFO [1272/2000] 4973dc68-2995-479c-82f1-a98178a7a5a4: attributed to 000142; 0.0 s; peak memory 670 MiB.
2026-09-30T10:09:48Z INFO [1273/2000] 49787a60-b71c-4a23-adbf-7ae7d2079a4a: attributed to 001697; 0.0 s; peak memory 670 MiB.
2026-09-30T10:09:48Z INFO [1274/2000] 4979fe3d-b92f-4bef-8d73-fd2517a721a3: attributed to 000946; 0.0 s; peak memory 670 MiB.
2026-09-30T10:09:48Z INFO [1275/2000] 49818a13-c736-47ac-8345-1483c2464b3b: attributed to 001063; 0.0 s; peak memory 670 MiB.
2026-09-30T10:09:48Z INFO [1276/2000] 4983c2cc-b895-49e6-847e-5fb33efdbeda: attributed to 000946; 0.0 s; peak memory 670 MiB.
2026-09-30T10:09:48Z INFO [1277/2000] 498cee6f-f62c-4187-86e2-9fca49a2938c: attributed to 001449; 0.0 s; peak memory 670 MiB.
2026-09-30T10:09:48Z INFO [1278/2000] 49966260-307a-4aa1-9fa7-80f798fc0564: attributed to 001697; 0.0 s; peak memory 670 MiB.
2026-09-30T10:09:48Z INFO [1279/2000] 49a0e988-6521-4bff-9d53-cfa33669a1c5: attributed to 000408; 0.0 s; peak memory 670 MiB.
2026-09-30T10:09:48Z INFO [1280/2000] 49a1d164-44e4-42dc-b516-20c426ea9264: attributed to 001697; 0.4 s; peak memory 670 MiB.
2026-09-30T10:09:48Z INFO [1281/2000] 49a315aa-f21b-457c-b3f0-c36513b85729: attributed to 000026; 0.0 s; peak memory 670 MiB.
2026-09-30T10:09:50Z INFO [1282/2000] 49a3c7e5-f1b8-4729-99e8-138ad777957b: attributed to 001697; 2.0 s; peak memory 670 MiB.
2026-09-30T10:09:51Z INFO [1283/2000] 49ac6829-0ad3-4d5a-b2a0-a07177034472: attributed to 001697; 0.2 s; peak memory 670 MiB.
2026-09-30T10:09:51Z INFO [1284/2000] 49b559aa-8524-46ef-8f0d-7c7f97143f50: attributed to 001697; 0.2 s; peak memory 670 MiB.
2026-09-30T10:09:51Z INFO [1285/2000] 49bb8415-37d8-4ae1-81d0-094e66a20d53: attributed to 001697; 0.2 s; peak memory 670 MiB.
2026-09-30T10:09:51Z INFO [1286/2000] 49bca3f4-b789-487a-8922-908adcea053e: attributed to 000142; 0.0 s; peak memory 670 MiB.
2026-09-30T10:09:51Z INFO [1287/2000] 49c50410-ed33-412f-b327-b2200ded5ab9: attributed to 001697; 0.0 s; peak memory 670 MiB.
2026-09-30T10:09:51Z INFO [1288/2000] 49c95237-bcc3-493f-8003-47eb5bf50f35: attributed to 001697; 0.2 s; peak memory 670 MiB.
2026-09-30T10:09:51Z INFO [1289/2000] 49cd421f-13af-4224-b1d2-6122cd58cd19: attributed to 000946; 0.0 s; peak memory 670 MiB.
2026-09-30T10:09:52Z INFO [1290/2000] 49ce5744-7800-432f-9c8d-44c4a1fa1824: attributed to 001697; 0.2 s; peak memory 670 MiB.
2026-09-30T10:09:52Z INFO [1291/2000] 49cfe97b-0eb7-429b-956b-ea8bd9b38b6d: attributed to 001697; 0.0 s; peak memory 670 MiB.
2026-09-30T10:09:52Z INFO [1292/2000] 49d276e4-45b3-4652-8dff-505358192e57: attributed to 001697; 0.0 s; peak memory 670 MiB.
2026-09-30T10:09:52Z INFO [1293/2000] 49d2b548-b10b-4192-9e83-eb4c1e5d2189: attributed to 001697; 0.0 s; peak memory 670 MiB.
2026-09-30T10:09:52Z INFO [1294/2000] 49d43336-70b4-4e72-bde5-e94fdf8c52cf: attributed to 001697; 0.2 s; peak memory 670 MiB.
2026-09-30T10:09:52Z INFO [1295/2000] 49d702b3-f9f3-4cd6-a1c8-993aaf5d9f97: attributed to 001697; 0.0 s; peak memory 670 MiB.
2026-09-30T10:09:52Z INFO [1296/2000] 49d762ac-70d6-47ba-937a-4d7305032354: attributed to 001697; 0.4 s; peak memory 670 MiB.
2026-09-30T10:09:53Z INFO [1297/2000] 49db8611-0ee2-4a2c-b63b-3b1b84ab8c6b: attributed to 001873; 0.5 s; peak memory 670 MiB.
2026-09-30T10:09:53Z INFO [1298/2000] 49dbe178-cde4-4316-bd28-79701298903a: attributed to 001697; 0.0 s; peak memory 670 MiB.
2026-09-30T10:09:53Z INFO [1299/2000] 49dc631b-e787-45fa-951f-f7bd912dbb04: attributed to 001697; 0.0 s; peak memory 670 MiB.
2026-09-30T10:09:53Z INFO [1300/2000] 49dc7114-dbeb-4ed0-80e9-d087b592b434: attributed to 000142; 0.0 s; peak memory 670 MiB.
2026-09-30T10:09:54Z INFO [1300/2000] 49dc7114-dbeb-4ed0-80e9-d087b592b434: checkpointed 474828 records.
2026-09-30T10:09:54Z INFO [1301/2000] 49e4c711-9d92-4d3b-b84f-24a39fb6695a: attributed to 000946; 0.0 s; peak memory 670 MiB.
2026-09-30T10:09:54Z INFO [1302/2000] 49eaaa8b-3120-400b-a422-1f536930c526: attributed to 000142; 0.0 s; peak memory 670 MiB.
2026-09-30T10:09:54Z INFO [1303/2000] 49eb7f60-7103-47dc-8794-a4d9f2ab3046: attributed to 001749; 0.0 s; peak memory 670 MiB.
2026-09-30T10:09:54Z INFO [1304/2000] 49eea76c-274c-4036-92b8-da89bc70cc52: attributed to 000109; 0.0 s; peak memory 670 MiB.
2026-09-30T10:09:55Z INFO [1305/2000] 49eebff0-7ab7-46cf-be95-3a4a29840513: attributed to 001697; 1.1 s; peak memory 670 MiB.
2026-09-30T10:09:55Z INFO [1306/2000] 49f2c5ae-69d4-4b38-a688-8c0c95829875: attributed to 000403; 0.0 s; peak memory 670 MiB.
2026-09-30T10:09:55Z INFO [1307/2000] 49f34977-b082-4de4-b587-a81cc9b82bee: attributed to 000209; 0.0 s; peak memory 670 MiB.
2026-09-30T10:09:55Z INFO [1308/2000] 49f42944-6bbf-44cf-878e-4a80d328b5ec: attributed to 001697; 0.0 s; peak memory 670 MiB.
2026-09-30T10:09:55Z INFO [1309/2000] 49f9b05e-14d7-4b02-825b-3a9821ab4a10: attributed to 001697; 0.4 s; peak memory 670 MiB.
2026-09-30T10:09:56Z INFO [1310/2000] 4a01bca4-647b-4f8d-b259-89f675807458: attributed to 001697; 0.4 s; peak memory 670 MiB.
2026-09-30T10:09:56Z INFO [1311/2000] 4a069703-c97c-4ce9-8d4b-e39d2fcd76a0: attributed to 001063; 0.0 s; peak memory 670 MiB.
2026-09-30T10:09:56Z INFO [1312/2000] 4a1ebe7d-9dbb-4b61-9eb0-b950ed62f8f4: attributed to 000142; 0.0 s; peak memory 670 MiB.
2026-09-30T10:09:56Z INFO [1313/2000] 4a211167-3bc3-4eaa-af98-5a02d13f29ad: attributed to 001697; 0.0 s; peak memory 670 MiB.
2026-09-30T10:09:56Z INFO [1314/2000] 4a25634b-34a3-4577-9d0a-d59a28d6ce64: attributed to 001697; 0.2 s; peak memory 670 MiB.
2026-09-30T10:09:56Z INFO [1315/2000] 4a267633-9d73-4699-8bb6-050c2131642d: attributed to 001697; 0.2 s; peak memory 670 MiB.
2026-09-30T10:09:56Z INFO [1316/2000] 4a3016b8-1ac5-40b1-b455-0a23b1f80a94: attributed to 000142; 0.0 s; peak memory 670 MiB.
2026-09-30T10:09:56Z INFO [1317/2000] 4a3471cb-7d27-476b-9447-166980783347: attributed to 001697; 0.0 s; peak memory 670 MiB.
2026-09-30T10:09:56Z INFO [1318/2000] 4a35dbf5-1236-4009-93b3-5dd1084e9c29: attributed to 001697; 0.0 s; peak memory 670 MiB.
2026-09-30T10:09:56Z INFO [1319/2000] 4a3e1af9-805a-43f2-afe8-cbd4d3eae83e: attributed to 000946; 0.0 s; peak memory 670 MiB.
2026-09-30T10:09:56Z INFO [1320/2000] 4a3f11a0-aa22-47e9-b4ca-cc22230ee10f: attributed to 001697; 0.0 s; peak memory 670 MiB.
2026-09-30T10:09:56Z INFO [1321/2000] 4a3f1959-e2b0-4472-8b66-57462279e0ce: attributed to 000946; 0.0 s; peak memory 670 MiB.
2026-09-30T10:09:56Z INFO [1322/2000] 4a437270-c7f6-49d7-a5ff-9fafbcf79433: attributed to 001748; 0.0 s; peak memory 670 MiB.
2026-09-30T10:09:56Z INFO [1323/2000] 4a4794e4-0a00-4ef7-9662-b5a4c83084fc: attributed to 000946; 0.0 s; peak memory 670 MiB.
2026-09-30T10:09:56Z INFO [1324/2000] 4a48b8f8-529c-4ad1-9e10-e77b1740e60a: attributed to 001697; 0.0 s; peak memory 670 MiB.
2026-09-30T10:09:56Z INFO [1325/2000] 4a4c0b5d-c8bb-4d9b-93ed-10b2fc4c8d76: attributed to 001697; 0.0 s; peak memory 670 MiB.
2026-09-30T10:09:56Z INFO [1326/2000] 4a515058-df61-43c8-bd7a-439403927f1c: attributed to 001697; 0.0 s; peak memory 670 MiB.
2026-09-30T10:09:56Z INFO [1327/2000] 4a5d6b73-2624-474c-942e-89f819a90b56: attributed to 001697; 0.0 s; peak memory 670 MiB.
2026-09-30T10:09:56Z INFO [1328/2000] 4a5e95b4-ef2e-468b-a9d9-a3ca14d0ccb3: attributed to 001697; 0.0 s; peak memory 670 MiB.
2026-09-30T10:09:56Z INFO [1329/2000] 4a6542a2-7a82-4430-8647-e17b4ef6eb4a: attributed to 001697; 0.0 s; peak memory 670 MiB.
2026-09-30T10:09:56Z INFO [1330/2000] 4a6a80e8-84e5-4101-8d01-5008be7c9841: attributed to 001697; 0.0 s; peak memory 670 MiB.
2026-09-30T10:09:56Z INFO [1331/2000] 4a715d80-5aa2-4776-bd3d-9fa3567e2156: attributed to 000026; 0.0 s; peak memory 670 MiB.
2026-09-30T10:09:56Z INFO [1332/2000] 4a77803a-d574-4530-b559-e00c25be7e31: attributed to 000403; 0.0 s; peak memory 670 MiB.
2026-09-30T10:09:56Z INFO [1333/2000] 4a7bf89f-742e-46c8-83f5-5eca641049cc: attributed to 000026; 0.0 s; peak memory 670 MiB.
2026-09-30T10:09:56Z INFO [1334/2000] 4a87e0c3-c00d-4b81-a629-627e1b07f791: attributed to 000026; 0.0 s; peak memory 670 MiB.
2026-09-30T10:09:57Z INFO [1335/2000] 4a8f640e-50a8-470b-bddc-d4b7f1d55b84: attributed to 000026; 0.0 s; peak memory 670 MiB.
2026-09-30T10:09:57Z INFO [1336/2000] 4a92e794-46e6-4bfd-8f75-55b8dacc1b2b: attributed to 000026; 0.0 s; peak memory 670 MiB.
2026-09-30T10:09:57Z INFO [1337/2000] 4a958408-cecb-48ae-b55f-6a08184eaeff: attributed to 000026; 0.1 s; peak memory 670 MiB.
2026-09-30T10:09:57Z INFO [1338/2000] 4a9656b5-9a57-4464-960b-2973c6c647f9: attributed to 001697; 0.0 s; peak memory 670 MiB.
2026-09-30T10:09:57Z INFO [1339/2000] 4a9cde9b-e34d-4030-b69d-109ad661ef0d: attributed to 001697; 0.0 s; peak memory 670 MiB.
2026-09-30T10:09:57Z INFO [1340/2000] 4aa1d044-9111-488d-ba0c-55e39b1f804b: attributed to 001697; 0.2 s; peak memory 670 MiB.
2026-09-30T10:09:57Z INFO [1341/2000] 4aa28969-624c-41f9-9238-2af321672ee8: attributed to 000026; 0.0 s; peak memory 670 MiB.
2026-09-30T10:09:57Z INFO [1342/2000] 4aad0211-f13a-403f-af5b-68ac048917d3: attributed to 001697; 0.2 s; peak memory 670 MiB.
2026-09-30T10:09:57Z INFO [1343/2000] 4abf267a-0c48-4efa-9d4f-27ba27d500c9: attributed to 001697; 0.2 s; peak memory 670 MiB.
2026-09-30T10:09:57Z INFO [1344/2000] 4ac2a3fe-fb63-45c9-abc8-974a8eb7a64a: attributed to 001697; 0.0 s; peak memory 670 MiB.
2026-09-30T10:09:57Z INFO [1345/2000] 4ac5984d-a7dd-4b0b-b54a-7c9634c6b1c3: attributed to 000109; 0.0 s; peak memory 670 MiB.
2026-09-30T10:09:57Z INFO [1346/2000] 4ac5bf1a-0bad-442d-8c8a-5330b8ef1cce: attributed to 000946; 0.0 s; peak memory 670 MiB.
2026-09-30T10:09:57Z INFO [1347/2000] 4acbc5a1-9be3-43fd-a66d-9155ccfe948c: attributed to 000568; 0.0 s; peak memory 670 MiB.
2026-09-30T10:09:57Z INFO [1348/2000] 4acbce11-5416-45ef-a65b-f0f6884d2f89: attributed to 000109; 0.0 s; peak memory 670 MiB.
2026-09-30T10:09:57Z INFO [1349/2000] 4acd9db6-4238-4759-8aaa-9bade87f03e2: attributed to 001697; 0.0 s; peak memory 670 MiB.
2026-09-30T10:09:58Z INFO [1350/2000] 4ad0595d-a714-406e-aa32-7ae69c99cc78: attributed to 001697; 0.2 s; peak memory 670 MiB.
2026-09-30T10:09:59Z INFO [1350/2000] 4ad0595d-a714-406e-aa32-7ae69c99cc78: checkpointed 474828 records.
2026-09-30T10:09:59Z INFO [1351/2000] 4ad0c0cb-7ae6-4b71-a9cc-f80257fb60dd: attributed to 000026; 0.0 s; peak memory 670 MiB.
2026-09-30T10:09:59Z INFO [1352/2000] 4ad14e15-33f7-4da3-9ec0-bf485184bd86: attributed to 001697; 0.2 s; peak memory 670 MiB.
2026-09-30T10:09:59Z INFO [1353/2000] 4ad6b523-317e-4171-917f-b30c2229b8c6: attributed to 001697; 0.2 s; peak memory 670 MiB.
2026-09-30T10:09:59Z INFO [1354/2000] 4adf6170-4027-4896-abc4-1174c0458fc0: attributed to 001697; 0.2 s; peak memory 670 MiB.
2026-09-30T10:10:00Z INFO [1355/2000] 4ae7c5e2-5b5f-4c9c-a7f6-0d9c4493b9a6: attributed to 001697; 0.2 s; peak memory 670 MiB.
2026-09-30T10:10:00Z INFO [1356/2000] 4af4c594-a872-4825-b754-3e5e6cc9796b: attributed to 000109; 0.0 s; peak memory 670 MiB.
2026-09-30T10:10:00Z INFO [1357/2000] 4af95a38-d83f-446b-9bf1-f772963fcd73: attributed to 001449; 0.0 s; peak memory 670 MiB.
2026-09-30T10:10:00Z INFO [1358/2000] 4afbea85-ff64-4918-8760-14ad423de115: attributed to 000026; 0.1 s; peak memory 670 MiB.
2026-09-30T10:10:00Z INFO [1359/2000] 4afdcfcb-73eb-4e42-8372-520040b4f9bf: attributed to 001449; 0.0 s; peak memory 670 MiB.
2026-09-30T10:10:00Z INFO [1360/2000] 4b00a0c3-a0ba-4f01-b054-d6beb5e510ed: attributed to 001873; 0.3 s; peak memory 670 MiB.
2026-09-30T10:10:00Z INFO [1361/2000] 4b01be2e-c106-4404-8192-2aa195c5d0f8: attributed to 001258; 0.0 s; peak memory 670 MiB.
2026-09-30T10:10:00Z INFO [1362/2000] 4b071838-5c73-4897-a9d4-ebd36c0950bb: attributed to 001697; 0.2 s; peak memory 670 MiB.
2026-09-30T10:10:00Z INFO [1363/2000] 4b09d7aa-7c8a-4356-8a41-7b50d31bd665: attributed to 000231; 0.1 s; peak memory 670 MiB.
2026-09-30T10:10:00Z INFO [1364/2000] 4b146af1-5a30-4af6-a818-62348f176e53: attributed to 000026; 0.0 s; peak memory 670 MiB.
2026-09-30T10:10:00Z INFO [1365/2000] 4b1cf382-e5e3-41cf-b776-d8c327f694e8: attributed to 001697; 0.0 s; peak memory 670 MiB.
2026-09-30T10:10:01Z INFO [1366/2000] 4b1d1bb9-57a0-4f2f-8fad-1382617f394c: attributed to 000026; 0.0 s; peak memory 670 MiB.
2026-09-30T10:10:01Z INFO [1367/2000] 4b2282a1-1627-40b2-9c8e-b982ac2a4fac: attributed to 001697; 0.0 s; peak memory 670 MiB.
2026-09-30T10:10:01Z INFO [1368/2000] 4b29ec07-d234-4e1f-a18e-4d2a798376ab: attributed to 000026; 0.1 s; peak memory 670 MiB.
2026-09-30T10:10:01Z INFO [1369/2000] 4b309c27-05b8-4240-8aca-a569ea265c6e: attributed to 001697; 0.0 s; peak memory 670 MiB.
2026-09-30T10:10:01Z INFO [1370/2000] 4b33ae7e-a8e3-4db1-9f8d-b0f0d0dd09b0: attributed to 001697; 0.2 s; peak memory 670 MiB.
2026-09-30T10:10:01Z INFO [1371/2000] 4b384c03-7fb5-4162-afff-133133460f41: attributed to 000109; 0.0 s; peak memory 670 MiB.
2026-09-30T10:10:01Z INFO [1372/2000] 4b3ea2bc-97d1-4be8-8d79-8fca794ed138: attributed to 001449; 0.0 s; peak memory 670 MiB.
2026-09-30T10:10:01Z INFO [1373/2000] 4b3f1630-29a5-4ae1-bdf5-185995461b4b: attributed to 000026; 0.0 s; peak memory 670 MiB.
2026-09-30T10:10:01Z INFO [1374/2000] 4b48fce3-12e8-4be9-9e4a-1dbf1c391031: attributed to 000946; 0.0 s; peak memory 670 MiB.
2026-09-30T10:10:01Z INFO [1375/2000] 4b4c83a7-58a2-4b8c-b1ce-255a6251ce63: attributed to 001697; 0.0 s; peak memory 670 MiB.
2026-09-30T10:10:01Z INFO [1376/2000] 4b55a048-e0ed-40ef-8fa6-075efba93627: attributed to 000026; 0.0 s; peak memory 670 MiB.
2026-09-30T10:10:01Z INFO [1377/2000] 4b575e72-2074-4f34-8785-7c4c40a13fda: attributed to 000026; 0.1 s; peak memory 670 MiB.
2026-09-30T10:10:01Z INFO [1378/2000] 4b5d6316-9737-454d-a5a7-c1c0c34c168a: attributed to 001697; 0.0 s; peak memory 670 MiB.
2026-09-30T10:10:01Z INFO [1379/2000] 4b5f5313-92b4-4468-bc44-5e98a44ec8f2: attributed to 000946; 0.0 s; peak memory 670 MiB.
2026-09-30T10:10:01Z INFO [1380/2000] 4b6bc3ad-c93e-424d-ac55-186f25537a6b: attributed to 001697; 0.0 s; peak memory 670 MiB.
2026-09-30T10:10:01Z INFO [1381/2000] 4b6e1154-bccb-4303-9683-0f5dded2a9fe: attributed to 000026; 0.1 s; peak memory 670 MiB.
2026-09-30T10:10:01Z INFO [1382/2000] 4b74d91c-4db5-483d-946d-e816c1c856e8: attributed to 001858; 0.0 s; peak memory 670 MiB.
2026-09-30T10:10:01Z INFO [1383/2000] 4b74fe76-d56a-4bed-a2db-9b3a52211a34: attributed to 000946; 0.0 s; peak memory 670 MiB.
2026-09-30T10:10:01Z INFO [1384/2000] 4b7642f3-6b89-4ec3-bc75-53c48837c77e: attributed to 001748; 0.0 s; peak memory 670 MiB.
2026-09-30T10:10:01Z INFO [1385/2000] 4b7e2cf7-1e0f-4817-95e2-d973588519aa: attributed to 001697; 0.0 s; peak memory 670 MiB.
2026-09-30T10:10:01Z INFO [1386/2000] 4b81a59f-c212-4da8-86c5-d8d4e301e97a: attributed to 000946; 0.1 s; peak memory 670 MiB.
2026-09-30T10:10:01Z INFO [1387/2000] 4b8324b8-67f1-49d0-913b-aa42c5c335b2: attributed to 000465; 0.0 s; peak memory 670 MiB.
2026-09-30T10:10:01Z INFO [1388/2000] 4b86991b-e742-4c00-913e-a0367f6a52a9: attributed to 001449; 0.0 s; peak memory 670 MiB.
2026-09-30T10:10:01Z INFO [1389/2000] 4b8b3409-afd9-4164-a0be-f47c4da96083: attributed to 001697; 0.2 s; peak memory 670 MiB.
2026-09-30T10:10:01Z INFO [1390/2000] 4b91d6f3-0251-402b-acc9-e0548f1b9f97: attributed to 000142; 0.0 s; peak memory 670 MiB.
2026-09-30T10:10:02Z INFO [1391/2000] 4b9834b1-799b-4770-b92d-8031a04df423: attributed to 001697; 0.3 s; peak memory 670 MiB.
2026-09-30T10:10:02Z INFO [1392/2000] 4b9b8195-e07d-4ba6-8d4e-e33847acf375: attributed to 001697; 0.3 s; peak memory 670 MiB.
2026-09-30T10:10:02Z INFO [1393/2000] 4ba145da-dcd7-4830-89c5-23a323e5e97d: attributed to 001697; 0.0 s; peak memory 670 MiB.
2026-09-30T10:10:02Z INFO [1394/2000] 4ba2355e-6644-4289-a5c9-6f8486369f13: attributed to 000570; 0.0 s; peak memory 670 MiB.
2026-09-30T10:10:02Z INFO [1395/2000] 4ba457dd-5694-4393-b74e-12fbaaeba930: attributed to 000026; 0.1 s; peak memory 670 MiB.
2026-09-30T10:10:02Z INFO [1396/2000] 4ba94931-546e-45e3-8c03-9689ae5e388e: attributed to 000026; 0.1 s; peak memory 670 MiB.
2026-09-30T10:10:02Z INFO [1397/2000] 4bb49360-2bf0-42dd-a89d-ac1c69cd76ea: attributed to 000571; 0.1 s; peak memory 670 MiB.
2026-09-30T10:10:02Z INFO [1398/2000] 4bbaeab2-8277-4845-a5b5-f1e173c9c6f8: attributed to 000026; 0.0 s; peak memory 670 MiB.
2026-09-30T10:10:03Z INFO [1399/2000] 4bbc8e88-49cf-4a74-b1c4-8e1de8e2c9dd: attributed to 001697; 0.2 s; peak memory 670 MiB.
2026-09-30T10:10:03Z INFO [1400/2000] 4bbcc3e9-3b8a-4719-8a30-fcd66126bdf2: attributed to 001873; 0.3 s; peak memory 670 MiB.
2026-09-30T10:10:04Z INFO [1400/2000] 4bbcc3e9-3b8a-4719-8a30-fcd66126bdf2: checkpointed 474828 records.
2026-09-30T10:10:04Z INFO [1401/2000] 4bbde48b-56b3-4a7c-a2c3-52046d56ffa6: attributed to 001697; 0.2 s; peak memory 670 MiB.
2026-09-30T10:10:04Z INFO [1402/2000] 4bbe2087-8d31-4e05-858f-5d6887ef1a01: attributed to 000571; 0.0 s; peak memory 670 MiB.
2026-09-30T10:10:04Z INFO [1403/2000] 4bc3ec69-9efb-4b5e-945f-8635e6c33c1c: attributed to 001697; 0.0 s; peak memory 670 MiB.
2026-09-30T10:10:04Z INFO [1404/2000] 4bc77da3-9597-4143-889a-f73958dd1d7e: attributed to 000026; 0.1 s; peak memory 670 MiB.
2026-09-30T10:10:04Z INFO [1405/2000] 4bc9398e-90b4-4b1b-87d0-7e2addee615d: attributed to 000026; 0.1 s; peak memory 670 MiB.
2026-09-30T10:10:04Z INFO [1406/2000] 4bd62e9a-116c-457f-930b-eac9f9a9e92d: attributed to 000026; 0.1 s; peak memory 670 MiB.
2026-09-30T10:10:04Z INFO [1407/2000] 4bd79e0b-2b8a-4318-ab90-ec344da482a9: attributed to 001697; 0.0 s; peak memory 670 MiB.
2026-09-30T10:10:04Z INFO [1408/2000] 4bde8746-0b8d-478e-8680-9f380a4d8217: attributed to 001697; 0.0 s; peak memory 670 MiB.
2026-09-30T10:10:04Z INFO [1409/2000] 4be1246f-8111-4426-a81c-c2748e2bc9b7: attributed to 001697; 0.0 s; peak memory 670 MiB.
2026-09-30T10:10:05Z INFO [1410/2000] 4be343e0-f36b-44ea-a78c-1b0b35d6b822: attributed to 000026; 0.2 s; peak memory 670 MiB.
2026-09-30T10:10:05Z INFO [1411/2000] 4be4ca1c-fc39-4a0a-bede-ec7803f08514: attributed to 001278; 0.0 s; peak memory 670 MiB.
2026-09-30T10:10:05Z INFO [1412/2000] 4be62d2f-3fc3-46df-8fbf-51fc1445db1d: attributed to 001697; 0.0 s; peak memory 670 MiB.
2026-09-30T10:10:05Z INFO [1413/2000] 4bea4b85-0bab-4d06-9d18-6978adf00206: attributed to 001697; 0.2 s; peak memory 670 MiB.
2026-09-30T10:10:05Z INFO [1414/2000] 4bec0a7a-bc9e-4fdd-8f80-47f785274c04: attributed to 000026; 0.1 s; peak memory 670 MiB.
2026-09-30T10:10:05Z INFO [1415/2000] 4bed33fb-7da6-4fa7-888f-8576db11ef31: attributed to 000026; 0.1 s; peak memory 670 MiB.
2026-09-30T10:10:05Z INFO [1416/2000] 4bef39ed-ab85-493b-8559-c390f926430c: attributed to 001697; 0.2 s; peak memory 670 MiB.
2026-09-30T10:10:05Z INFO [1417/2000] 4bf82558-b621-433d-aa75-fda87a2fc900: attributed to 001697; 0.2 s; peak memory 670 MiB.
2026-09-30T10:10:06Z INFO [1418/2000] 4c0134b8-d298-4111-bbb0-07e0d9423013: attributed to 001697; 0.3 s; peak memory 670 MiB.
2026-09-30T10:10:06Z INFO [1419/2000] 4c0f68cd-6d74-4d34-bcbf-ec1d5658f1e4: attributed to 001697; 0.0 s; peak memory 670 MiB.
2026-09-30T10:10:06Z INFO [1420/2000] 4c16b81d-1b54-4136-80c3-6780e9424f5f: attributed to 000109; 0.0 s; peak memory 670 MiB.
2026-09-30T10:10:06Z INFO [1421/2000] 4c1a28ee-3e3d-47d7-ae19-39a12c57d213: attributed to 001697; 0.2 s; peak memory 670 MiB.
2026-09-30T10:10:06Z INFO [1422/2000] 4c1aef0c-35ce-4071-843e-f6fd8c3843ce: attributed to 001697; 0.2 s; peak memory 670 MiB.
2026-09-30T10:10:06Z INFO [1423/2000] 4c35850a-2992-4dc6-8212-9407fb8bf423: attributed to 000026; 0.0 s; peak memory 670 MiB.
2026-09-30T10:10:06Z INFO [1424/2000] 4c368174-80b8-40fc-b01a-81e6ea0faee8: attributed to 001437; 0.0 s; peak memory 670 MiB.
2026-09-30T10:10:06Z INFO [1425/2000] 4c375a00-809c-486b-9a6f-3d71fb8b91ab: attributed to 000209; 0.0 s; peak memory 670 MiB.
2026-09-30T10:10:06Z INFO [1426/2000] 4c3c6ad2-683b-4f92-be05-cccb4b3282ce: attributed to 000142; 0.0 s; peak memory 670 MiB.
2026-09-30T10:10:06Z INFO [1427/2000] 4c3f03cb-e326-436b-8388-cb82e6b3ea3a: attributed to 000946; 0.0 s; peak memory 670 MiB.
2026-09-30T10:10:07Z INFO [1428/2000] 4c4d69e9-df81-4634-8461-249c3e732054: attributed to 001697; 0.2 s; peak memory 670 MiB.
2026-09-30T10:10:07Z INFO [1429/2000] 4c5d32c5-361b-4841-97f7-8e1a2f78be81: attributed to 001697; 0.0 s; peak memory 670 MiB.
2026-09-30T10:10:07Z INFO [1430/2000] 4c60b03b-c2a6-428b-baae-cf1779a6c741: attributed to 000946; 0.0 s; peak memory 670 MiB.
2026-09-30T10:10:07Z INFO [1431/2000] 4c71ccce-18ce-4a7b-8b86-edabe17dcd09: attributed to 001697; 0.2 s; peak memory 670 MiB.
2026-09-30T10:10:07Z INFO [1432/2000] 4c72297c-61b3-4d17-a75d-372547088e2e: attributed to 001697; 0.2 s; peak memory 670 MiB.
2026-09-30T10:10:07Z INFO [1433/2000] 4c77f857-d0ba-44d4-915f-d62a0a0b68cb: attributed to 000026; 0.0 s; peak memory 670 MiB.
2026-09-30T10:10:07Z INFO [1434/2000] 4c81cf27-18e3-4663-af0c-3a5374bfd8f9: attributed to 000946; 0.0 s; peak memory 670 MiB.
2026-09-30T10:10:07Z INFO [1435/2000] 4c855087-05c3-4f92-9736-2872af7be149: attributed to 001697; 0.0 s; peak memory 670 MiB.
2026-09-30T10:10:07Z INFO [1436/2000] 4c85b1ec-5381-482e-93e1-11f843f40be0: attributed to 001697; 0.2 s; peak memory 670 MiB.
2026-09-30T10:10:07Z INFO [1437/2000] 4c8bb888-51c5-46fc-862c-b4d8f3e46758: attributed to 001697; 0.0 s; peak memory 670 MiB.
2026-09-30T10:10:08Z INFO [1438/2000] 4c8c7a4c-daa1-42b0-8069-f55bb3ca95f6: attributed to 001697; 0.3 s; peak memory 670 MiB.
2026-09-30T10:10:08Z INFO [1439/2000] 4c915341-4ed5-4bc0-8afb-de4cb44d4e67: attributed to 001697; 0.0 s; peak memory 670 MiB.
2026-09-30T10:10:08Z INFO [1440/2000] 4c91a232-e4f8-4019-ae7b-b56c00af52c9: attributed to 001697; 0.0 s; peak memory 670 MiB.
2026-09-30T10:10:08Z INFO [1441/2000] 4c98741b-da44-4f09-9220-3b5aa6f7e4f1: attributed to 000946; 0.0 s; peak memory 670 MiB.
2026-09-30T10:10:08Z INFO [1442/2000] 4ca1f767-2ce3-4643-be0f-0886afcf197f: attributed to 001697; 0.0 s; peak memory 670 MiB.
2026-09-30T10:10:08Z INFO [1443/2000] 4ca7d7da-1d61-4f15-bac1-114fb693a3d7: attributed to 001697; 0.3 s; peak memory 670 MiB.
2026-09-30T10:10:08Z INFO [1444/2000] 4ca7e4a9-95ba-4570-9c2e-80c3df77854e: attributed to 001697; 0.3 s; peak memory 670 MiB.
2026-09-30T10:10:08Z INFO [1445/2000] 4cadeb78-d090-418f-993a-1ba4c7224cee: attributed to 000026; 0.0 s; peak memory 670 MiB.
2026-09-30T10:10:08Z INFO [1446/2000] 4cbd546f-8485-41c6-8c69-3ae495033adf: attributed to 000026; 0.1 s; peak memory 670 MiB.
2026-09-30T10:10:08Z INFO [1447/2000] 4cbd8f4d-e546-4b2d-b37e-270191530095: attributed to 001697; 0.0 s; peak memory 670 MiB.
2026-09-30T10:10:08Z INFO [1448/2000] 4cc41090-6a1f-4a95-98c6-1e391d1534f5: attributed to 000293; 0.0 s; peak memory 670 MiB.
2026-09-30T10:10:09Z INFO [1449/2000] 4cc832ba-c4da-4d0d-94bd-f3cbfe79fa4f: attributed to 001791; 0.0 s; peak memory 670 MiB.
2026-09-30T10:10:09Z INFO [1450/2000] 4cce77c8-d347-4956-a6a5-618e0908737b: attributed to 000403; 0.0 s; peak memory 670 MiB.
2026-09-30T10:10:10Z INFO [1450/2000] 4cce77c8-d347-4956-a6a5-618e0908737b: checkpointed 474828 records.
2026-09-30T10:10:10Z INFO [1451/2000] 4cd096b6-422d-40f0-b43b-2baea28fc18d: attributed to 000026; 0.0 s; peak memory 670 MiB.
2026-09-30T10:10:10Z INFO [1452/2000] 4cd53111-8282-4a5e-8668-a227de878c0d: attributed to 001697; 0.0 s; peak memory 670 MiB.
2026-09-30T10:10:10Z INFO [1453/2000] 4ce3f631-9e4d-4513-9af3-3b112cd9338d: attributed to 000026; 0.2 s; peak memory 670 MiB.
2026-09-30T10:10:10Z INFO [1454/2000] 4cf0e048-3657-459f-9e39-4634d745cb0f: attributed to 000026; 0.0 s; peak memory 670 MiB.
2026-09-30T10:10:10Z INFO [1455/2000] 4d012ce6-455f-4b4d-819d-8971b68ef5de: attributed to 001697; 0.0 s; peak memory 670 MiB.
2026-09-30T10:10:10Z INFO [1456/2000] 4d12dab3-17b7-4c2c-ae0b-964821afe6c7: attributed to 001697; 0.2 s; peak memory 670 MiB.
2026-09-30T10:10:10Z INFO [1457/2000] 4d1c7138-fb24-400b-a6ee-6313883c148b: attributed to 001697; 0.2 s; peak memory 670 MiB.
2026-09-30T10:10:10Z INFO [1458/2000] 4d23814e-42ba-45cc-8297-8751d68e1798: attributed to 001697; 0.0 s; peak memory 670 MiB.
2026-09-30T10:10:10Z INFO [1459/2000] 4d26e451-3074-473e-a145-ff021ac61aec: attributed to 000026; 0.0 s; peak memory 670 MiB.
2026-09-30T10:10:10Z INFO [1460/2000] 4d29bfac-8d33-4582-a625-743c6cdc97a7: attributed to 001697; 0.0 s; peak memory 670 MiB.
2026-09-30T10:10:11Z INFO [1461/2000] 4d2e2de7-561a-48a8-8291-981a0a110eb4: attributed to 000026; 0.0 s; peak memory 670 MiB.
2026-09-30T10:10:11Z INFO [1462/2000] 4d30c88b-5193-4d7f-8ed3-4a0d2f38744e: attributed to 001697; 0.2 s; peak memory 670 MiB.
2026-09-30T10:10:11Z INFO [1463/2000] 4d32f13a-f9c6-4dec-8bf6-178d0eb901cd: attributed to 001697; 0.2 s; peak memory 670 MiB.
2026-09-30T10:10:11Z INFO [1464/2000] 4d395616-32d9-4786-8265-0c289c75286a: attributed to 001697; 0.0 s; peak memory 670 MiB.
2026-09-30T10:10:11Z INFO [1465/2000] 4d448b9d-e011-4cdd-864a-33ec9227291b: attributed to 001697; 0.0 s; peak memory 670 MiB.
2026-09-30T10:10:11Z INFO [1466/2000] 4d486b31-2596-4dcc-ba30-0a3bd7e32c82: attributed to 000209; 0.0 s; peak memory 670 MiB.
2026-09-30T10:10:11Z INFO [1467/2000] 4d53b2c8-8ef3-433b-a8ba-5755c47b8db3: attributed to 001697; 0.2 s; peak memory 670 MiB.
2026-09-30T10:10:11Z INFO [1468/2000] 4d5470c7-44ed-47cf-8cb9-a2fe278b3ed2: attributed to 000109; 0.0 s; peak memory 670 MiB.
2026-09-30T10:10:11Z INFO [1469/2000] 4d565eab-a471-4128-9140-61943bc3beb9: attributed to 000026; 0.1 s; peak memory 670 MiB.
2026-09-30T10:10:11Z INFO [1470/2000] 4d57eb5a-9110-4f65-9597-919e6a208a73: attributed to 001063; 0.0 s; peak memory 670 MiB.
2026-09-30T10:10:11Z INFO [1471/2000] 4d58be7c-78fb-451e-bedb-a8c31c455797: attributed to 001697; 0.0 s; peak memory 670 MiB.
2026-09-30T10:10:11Z INFO [1472/2000] 4d5902f8-044f-419b-b2da-7ff5d55d001a: attributed to 001449; 0.0 s; peak memory 670 MiB.
2026-09-30T10:10:11Z INFO [1473/2000] 4d5cfef1-71aa-4ac6-a144-af0fda898947: attributed to 000026; 0.0 s; peak memory 670 MiB.
2026-09-30T10:10:11Z INFO [1474/2000] 4d709597-9c8b-4b50-b96f-a80b9b7e618a: attributed to 001697; 0.0 s; peak memory 670 MiB.
2026-09-30T10:10:11Z INFO [1475/2000] 4d7cd3d5-93fe-4647-a9eb-a8b80c61cbb0: attributed to 001697; 0.0 s; peak memory 670 MiB.
2026-09-30T10:10:12Z INFO [1476/2000] 4d80ca95-19ea-4022-a17a-c695f6893e58: attributed to 001697; 0.2 s; peak memory 670 MiB.
2026-09-30T10:10:12Z INFO [1477/2000] 4da58057-17c5-4581-8872-d77c77bf2436: attributed to 000142; 0.0 s; peak memory 670 MiB.
2026-09-30T10:10:12Z INFO [1478/2000] 4da7c1eb-dc3c-4c62-8b45-c1506ee26c54: attributed to 001697; 0.2 s; peak memory 670 MiB.
2026-09-30T10:10:12Z INFO [1479/2000] 4da82a47-6635-4d54-82f3-b0fe219180b3: attributed to 001449; 0.0 s; peak memory 670 MiB.
2026-09-30T10:10:13Z INFO [1480/2000] 4daa5cbb-985e-4c10-a636-252fd752311e: attributed to 000571; 0.8 s; peak memory 670 MiB.
2026-09-30T10:10:13Z INFO [1481/2000] 4db5709a-0717-462d-a383-337858308fed: attributed to 000209; 0.0 s; peak memory 670 MiB.
2026-09-30T10:10:13Z INFO [1482/2000] 4dc07ace-f612-49d7-948d-2734b21d122c: attributed to 001697; 0.2 s; peak memory 670 MiB.
2026-09-30T10:10:13Z INFO [1483/2000] 4dc229cd-53d9-4400-8ffe-7088fda95b90: attributed to 000026; 0.0 s; peak memory 670 MiB.
2026-09-30T10:10:13Z INFO [1484/2000] 4dc4e6f9-ee07-4183-9528-e113fb348c07: attributed to 001697; 0.0 s; peak memory 670 MiB.
2026-09-30T10:10:13Z INFO [1485/2000] 4dcef5a0-1ab4-4c42-816c-5b7e87b35812: attributed to 001873; 0.3 s; peak memory 670 MiB.
2026-09-30T10:10:13Z INFO [1486/2000] 4dd006de-4961-4b44-9bbb-e6bbd76adbe2: attributed to 000026; 0.1 s; peak memory 670 MiB.
2026-09-30T10:10:14Z INFO [1487/2000] 4dd14c33-0b01-4e4a-a35b-0c57724bf034: attributed to 001697; 0.7 s; peak memory 670 MiB.
2026-09-30T10:10:14Z INFO [1488/2000] 4ddf7f38-484f-4fb1-a4ff-f6e7a9529653: attributed to 001278; 0.0 s; peak memory 670 MiB.
2026-09-30T10:10:14Z INFO [1489/2000] 4de768bd-a8df-47d9-a2cd-a55f57c97a08: attributed to 001697; 0.0 s; peak memory 670 MiB.
2026-09-30T10:10:14Z INFO [1490/2000] 4de8de02-9c0a-489f-a296-8fbb7c3bf3ae: attributed to 000109; 0.0 s; peak memory 670 MiB.
2026-09-30T10:10:14Z INFO [1491/2000] 4def5dd7-206d-4f6b-ac3a-2b868bc4b026: attributed to 001697; 0.3 s; peak memory 670 MiB.
2026-09-30T10:10:14Z INFO [1492/2000] 4def7ca3-e7fa-4d3a-a660-300027bf1faa: attributed to 001697; 0.0 s; peak memory 670 MiB.
2026-09-30T10:10:14Z INFO [1493/2000] 4df04ea4-2c10-4865-8b52-500f5dce42d0: attributed to 000026; 0.1 s; peak memory 670 MiB.
2026-09-30T10:10:15Z INFO [1494/2000] 4df16fcd-8ce4-48e3-8a88-551b73eae85e: attributed to 001697; 0.3 s; peak memory 670 MiB.
2026-09-30T10:10:15Z INFO [1495/2000] 4df1ffc9-dbfa-4884-bc3b-e67abc396558: attributed to 001697; 0.0 s; peak memory 670 MiB.
2026-09-30T10:10:15Z INFO [1496/2000] 4e02fe35-fb80-4008-82bf-880c83b42dcd: attributed to 001697; 0.4 s; peak memory 670 MiB.
2026-09-30T10:10:15Z INFO [1497/2000] 4e04044b-c119-417d-b38d-d414a0f5137a: attributed to 001697; 0.3 s; peak memory 670 MiB.
2026-09-30T10:10:16Z INFO [1498/2000] 4e0d86c5-c71f-41bf-bfd8-83410db5456f: attributed to 001697; 0.3 s; peak memory 670 MiB.
2026-09-30T10:10:16Z INFO [1499/2000] 4e0ef4e4-495b-448c-bbf3-bc614b9f4cc2: attributed to 000946; 0.0 s; peak memory 670 MiB.
2026-09-30T10:10:16Z INFO [1500/2000] 4e16f043-2d6c-4bee-bdcf-dfe62c78179a: attributed to 001697; 0.3 s; peak memory 670 MiB.
2026-09-30T10:10:17Z INFO [1500/2000] 4e16f043-2d6c-4bee-bdcf-dfe62c78179a: checkpointed 474829 records.
2026-09-30T10:10:17Z INFO [1501/2000] 4e1afb29-3256-456d-a87a-bec497dda0b7: attributed to 001697; 0.0 s; peak memory 670 MiB.
2026-09-30T10:10:17Z INFO [1502/2000] 4e1b1923-507b-48fe-b190-7454bad861a5: attributed to 000568; 0.0 s; peak memory 670 MiB.
2026-09-30T10:10:17Z INFO [1503/2000] 4e1fd3fc-c8ea-42c3-ae6a-6e400badb6f7: attributed to 001697; 0.0 s; peak memory 670 MiB.
2026-09-30T10:10:17Z INFO [1504/2000] 4e1fd5ce-8478-4b60-a6c5-1dc8f35e8c8e: attributed to 001697; 0.0 s; peak memory 670 MiB.
2026-09-30T10:10:18Z INFO [1505/2000] 4e28df00-e3f3-433b-8cab-e81a34f5786f: attributed to 001697; 0.2 s; peak memory 670 MiB.
2026-09-30T10:10:18Z INFO [1506/2000] 4e2df3b5-64f1-4c1b-90b9-5b2eaf6aceb4: attributed to 000570; 0.0 s; peak memory 670 MiB.
2026-09-30T10:10:18Z INFO [1507/2000] 4e2e0129-2f9c-4a47-8761-94dadadcc1a9: attributed to 000026; 0.0 s; peak memory 670 MiB.
2026-09-30T10:10:18Z INFO [1508/2000] 4e2ef5c9-ebe5-4d01-b776-03ca5be93ac8: attributed to 001697; 0.0 s; peak memory 670 MiB.
2026-09-30T10:10:18Z INFO [1509/2000] 4e36a728-00a1-4298-b13e-635fd7a83418: attributed to 000026; 0.0 s; peak memory 670 MiB.
2026-09-30T10:10:18Z INFO [1510/2000] 4e3958df-a418-49b2-b969-3b2131274e73: attributed to 001697; 0.0 s; peak memory 670 MiB.
2026-09-30T10:10:18Z INFO [1511/2000] 4e3d856e-045a-48a1-b2bf-a7de0474b376: attributed to 001765; 0.0 s; peak memory 670 MiB.
2026-09-30T10:10:52Z INFO [1512/2000] 4e4fd2c4-c099-4ebf-a861-8fa3de6aea85: attributed to 000571; 34.2 s; peak memory 671 MiB.
2026-09-30T10:10:52Z INFO [1513/2000] 4e5151de-dd96-4670-8ab5-dd941e6c7941: attributed to 001697; 0.3 s; peak memory 671 MiB.
2026-09-30T10:10:52Z INFO [1514/2000] 4e5a0138-3012-43ea-bdef-00f75c3044b2: attributed to 000142; 0.0 s; peak memory 671 MiB.
2026-09-30T10:10:52Z INFO [1515/2000] 4e64bdd9-32e7-4ea6-bd61-1a315bdd7d80: attributed to 001697; 0.3 s; peak memory 671 MiB.
2026-09-30T10:10:52Z INFO [1516/2000] 4e74da54-3f63-4331-8447-4b1fa1a48591: attributed to 000403; 0.0 s; peak memory 671 MiB.
2026-09-30T10:10:52Z INFO [1517/2000] 4e7aee2a-78d7-4251-a91e-cc1286dc5b15: attributed to 000946; 0.0 s; peak memory 671 MiB.
2026-09-30T10:10:53Z INFO [1518/2000] 4e7cba40-a2c7-4759-9a4a-9d30690e8281: attributed to 001697; 0.2 s; peak memory 671 MiB.
2026-09-30T10:10:53Z INFO [1519/2000] 4e7e051c-c70d-4050-a375-82f10c44e110: attributed to 001697; 0.0 s; peak memory 671 MiB.
2026-09-30T10:10:53Z INFO [1520/2000] 4e831df5-cfbf-4ef8-b496-ac4d5bab9741: attributed to 001697; 0.2 s; peak memory 671 MiB.
2026-09-30T10:10:53Z INFO [1521/2000] 4e8cee62-4d6f-4cd5-b6b8-a5af3475ad48: attributed to 001697; 0.0 s; peak memory 671 MiB.
2026-09-30T10:10:53Z INFO [1522/2000] 4e8ebd9a-ca66-4606-a4da-82398b9107b3: attributed to 001697; 0.0 s; peak memory 671 MiB.
2026-09-30T10:10:53Z INFO [1523/2000] 4e8f3f8a-9b8b-4e30-afaa-ae28ccdc3a7e: attributed to 001697; 0.0 s; peak memory 671 MiB.
2026-09-30T10:10:53Z INFO [1524/2000] 4e931b81-c1ce-4519-b85a-7885240858f1: attributed to 000026; 0.0 s; peak memory 671 MiB.
2026-09-30T10:10:53Z INFO [1525/2000] 4e9579fe-8b99-44c6-b9b1-c2619b44f9e8: attributed to 000142; 0.0 s; peak memory 671 MiB.
2026-09-30T10:10:53Z INFO [1526/2000] 4e991453-9058-4470-b63c-0f5d36a287e2: attributed to 001697; 0.2 s; peak memory 671 MiB.
2026-09-30T10:10:53Z INFO [1527/2000] 4ea7fb3e-d9c3-47c9-9ed8-cc687fbce437: attributed to 000026; 0.0 s; peak memory 671 MiB.
2026-09-30T10:10:53Z INFO [1528/2000] 4ea87b24-16a0-49fb-b0f6-b1f83ecd9184: attributed to 000026; 0.0 s; peak memory 671 MiB.
2026-09-30T10:10:53Z INFO [1529/2000] 4ea9092d-c7b4-46a2-aa1f-d74f3ec5aee4: attributed to 001697; 0.0 s; peak memory 671 MiB.
2026-09-30T10:10:54Z INFO [1530/2000] 4ead0a40-b907-4a93-80e1-87f7363c73a6: attributed to 001697; 0.3 s; peak memory 671 MiB.
2026-09-30T10:10:54Z INFO [1531/2000] 4eb5354a-f05f-4c9a-9262-aa9f4deae3ac: attributed to 000026; 0.0 s; peak memory 671 MiB.
2026-09-30T10:10:54Z INFO [1532/2000] 4eb58464-dd51-4c26-b40c-01a1a66fe902: attributed to 001697; 0.0 s; peak memory 671 MiB.
2026-09-30T10:10:54Z INFO [1533/2000] 4eb5fd4a-9f5c-46ce-9135-c9cfd771febd: attributed to 001697; 0.0 s; peak memory 671 MiB.
2026-09-30T10:10:54Z INFO [1534/2000] 4eb7bd9c-6052-4492-8817-7bf5c4c03dc8: attributed to 001697; 0.0 s; peak memory 671 MiB.
2026-09-30T10:10:54Z INFO [1535/2000] 4ebe3ab4-f0bb-4d5a-bba6-c06b975bbfa8: attributed to 001258; 0.0 s; peak memory 671 MiB.
2026-09-30T10:10:54Z INFO [1536/2000] 4ec46a24-1a85-444a-98a5-526dd16ce65d: attributed to 001697; 0.0 s; peak memory 671 MiB.
2026-09-30T10:10:54Z INFO [1537/2000] 4ec6be47-572a-4f60-a3e2-ee197de4ed79: attributed to 000571; 0.2 s; peak memory 671 MiB.
2026-09-30T10:10:54Z INFO [1538/2000] 4ecef311-6cff-40e5-ae7f-ef7afa06d94b: attributed to 000946; 0.0 s; peak memory 671 MiB.
2026-09-30T10:10:54Z INFO [1539/2000] 4ed3d71c-9e3d-42e8-ac22-4e6387843f9e: attributed to 000570; 0.0 s; peak memory 671 MiB.
2026-09-30T10:10:54Z INFO [1540/2000] 4ed91845-e980-4d34-8c44-811a7fc59996: attributed to 000142; 0.0 s; peak memory 671 MiB.
2026-09-30T10:10:54Z INFO [1541/2000] 4edcd20f-6109-4d2e-a7ee-facb9e64efb2: attributed to 000026; 0.0 s; peak memory 671 MiB.
2026-09-30T10:10:54Z INFO [1542/2000] 4ede6da1-6b0d-4b78-80c8-fa3a6c01f65e: attributed to 001873; 0.3 s; peak memory 671 MiB.
2026-09-30T10:10:54Z INFO [1543/2000] 4edfaf24-9b7d-4d6d-961a-2e9a69f37163: attributed to 001697; 0.0 s; peak memory 671 MiB.
2026-09-30T10:10:54Z INFO [1544/2000] 4ee081d3-354a-4cdf-8135-3304ada693d7: attributed to 001449; 0.0 s; peak memory 671 MiB.
2026-09-30T10:10:54Z INFO [1545/2000] 4ef04e05-8191-46c3-9f80-07a2aa72c5b0: attributed to 001697; 0.2 s; peak memory 671 MiB.
2026-09-30T10:10:54Z INFO [1546/2000] 4f00471f-496f-4c4c-8f30-78df2be78731: attributed to 001697; 0.0 s; peak memory 671 MiB.
2026-09-30T10:10:54Z INFO [1547/2000] 4f15eefc-d3e5-4e07-90c8-e5ac8208e0c2: attributed to 000209; 0.0 s; peak memory 671 MiB.
2026-09-30T10:10:55Z INFO [1548/2000] 4f1698cb-be82-4bf0-89c1-c500f43b1cdf: attributed to 001697; 0.2 s; peak memory 671 MiB.
2026-09-30T10:10:55Z INFO [1549/2000] 4f1ad31d-9402-4874-9f09-a500b9b0da9f: attributed to 001697; 0.3 s; peak memory 671 MiB.
2026-09-30T10:10:55Z INFO [1550/2000] 4f26b727-ac2a-40f9-9c06-a4f93848b12c: attributed to 000209; 0.0 s; peak memory 671 MiB.
2026-09-30T10:10:56Z INFO [1550/2000] 4f26b727-ac2a-40f9-9c06-a4f93848b12c: checkpointed 474830 records.
2026-09-30T10:10:56Z INFO [1551/2000] 4f2d54da-c75a-46f6-a75c-577f296dddaf: attributed to 000026; 0.1 s; peak memory 671 MiB.
2026-09-30T10:10:56Z INFO [1552/2000] 4f334814-b5e3-4056-a982-ab120b56c6b7: attributed to 000946; 0.0 s; peak memory 671 MiB.
2026-09-30T10:10:56Z INFO [1553/2000] 4f3a20db-831e-4fc9-8b21-9a6343540372: attributed to 000109; 0.0 s; peak memory 671 MiB.
2026-09-30T10:10:56Z INFO [1554/2000] 4f6241a5-d00b-4919-95fc-b74338e41ca7: attributed to 001697; 0.0 s; peak memory 671 MiB.
2026-09-30T10:10:56Z INFO [1555/2000] 4f62d230-4fd0-4db3-9aa8-34a899ee5581: attributed to 001353; 0.2 s; peak memory 671 MiB.
2026-09-30T10:10:57Z INFO [1556/2000] 4f63b379-b5d4-40cf-8acf-5763e3a7a808: attributed to 001697; 0.2 s; peak memory 671 MiB.
2026-09-30T10:10:57Z INFO [1557/2000] 4f646900-5ff6-4ed1-9757-a5783aaddfe5: attributed to 001697; 0.0 s; peak memory 671 MiB.
2026-09-30T10:10:57Z INFO [1558/2000] 4f688b1f-e869-4ddf-b7d8-8e29417886e4: attributed to 001697; 0.2 s; peak memory 671 MiB.
2026-09-30T10:10:57Z INFO [1559/2000] 4f72b2cd-b56f-4dad-91ca-07eafe062640: attributed to 001697; 0.3 s; peak memory 671 MiB.
2026-09-30T10:10:57Z INFO [1560/2000] 4f74b982-cf9d-47fd-827b-2eb11129b0af: attributed to 001697; 0.2 s; peak memory 671 MiB.
2026-09-30T10:10:58Z INFO [1561/2000] 4f771fda-0285-44ac-a143-a114703dccda: attributed to 001697; 0.2 s; peak memory 671 MiB.
2026-09-30T10:10:58Z INFO [1562/2000] 4f7a8767-6696-46e9-bc1c-85c5de993361: attributed to 000465; 0.0 s; peak memory 671 MiB.
2026-09-30T10:10:58Z INFO [1563/2000] 4f8157e4-e527-4f2e-8b25-1393989f3f7e: attributed to 001697; 0.4 s; peak memory 671 MiB.
2026-09-30T10:10:58Z INFO [1564/2000] 4f8f60bd-d65b-420a-80bf-84862f36c2d2: attributed to 000026; 0.4 s; peak memory 671 MiB.
2026-09-30T10:10:58Z INFO [1565/2000] 4f9f1e3d-da04-4f7a-8c6d-ab20728a98e7: attributed to 000142; 0.0 s; peak memory 671 MiB.
2026-09-30T10:10:59Z INFO [1566/2000] 4fa64a0a-57eb-4173-8661-106c1075a834: attributed to 001697; 1.0 s; peak memory 671 MiB.
2026-09-30T10:11:00Z INFO [1567/2000] 4fa77a57-96bb-4999-8849-50fc9117bca3: attributed to 001697; 0.2 s; peak memory 671 MiB.
2026-09-30T10:11:00Z INFO [1568/2000] 4fa8f4b0-d7b5-4570-8594-fb4aed39dabd: attributed to 001697; 0.2 s; peak memory 671 MiB.
2026-09-30T10:11:00Z INFO [1569/2000] 4faa91c7-d693-440d-8df9-eae94d663ee1: attributed to 001697; 0.2 s; peak memory 671 MiB.
2026-09-30T10:11:00Z INFO [1570/2000] 4facb017-b6c8-451a-8297-ef419a11fd80: attributed to 000026; 0.0 s; peak memory 671 MiB.
2026-09-30T10:11:00Z INFO [1571/2000] 4fb83e25-62fe-43c5-874a-884b86f702f8: attributed to 000026; 0.1 s; peak memory 671 MiB.
2026-09-30T10:11:00Z INFO [1572/2000] 4fb93d44-ce3f-4f5f-b4d7-d69cd870c19d: attributed to 001697; 0.2 s; peak memory 671 MiB.
2026-09-30T10:11:00Z INFO [1573/2000] 4fc27c8f-1e3f-47a2-ab0f-b68833c6607d: attributed to 000026; 0.0 s; peak memory 671 MiB.
2026-09-30T10:11:00Z INFO [1574/2000] 4fc66573-be2c-491d-aace-7913d642c9a4: attributed to 000209; 0.0 s; peak memory 671 MiB.
2026-09-30T10:11:01Z INFO [1575/2000] 4fcf5418-bf00-4316-9826-5d4431a1305b: attributed to 001697; 0.2 s; peak memory 671 MiB.
2026-09-30T10:11:01Z INFO [1576/2000] 4febe604-10a8-428f-b4af-668990d80391: attributed to 001697; 0.0 s; peak memory 671 MiB.
2026-09-30T10:11:01Z INFO [1577/2000] 4fed37f0-4ead-4c04-af30-a38ba8823efc: attributed to 001697; 0.2 s; peak memory 671 MiB.
2026-09-30T10:11:01Z INFO [1578/2000] 4ffa10c1-bdd2-45c1-ab88-2a287e027d83: attributed to 001697; 0.2 s; peak memory 671 MiB.
2026-09-30T10:11:01Z INFO [1579/2000] 4ffc3d1f-c8d7-4d07-abe4-aaa07e43132d: attributed to 001873; 0.3 s; peak memory 671 MiB.
2026-09-30T10:11:01Z INFO [1580/2000] 4ffe734c-7b83-42fc-90c3-7cf5b941f93d: attributed to 001697; 0.0 s; peak memory 671 MiB.
2026-09-30T10:11:02Z INFO [1581/2000] 500d0896-3dc2-4bc1-bcae-352112b97ca5: attributed to 001697; 0.2 s; peak memory 671 MiB.
2026-09-30T10:11:02Z INFO [1582/2000] 500f5d89-bf4b-4a7e-a382-b4f36a050673: attributed to 000026; 0.0 s; peak memory 671 MiB.
2026-09-30T10:11:02Z INFO [1583/2000] 5011be1c-ae75-49da-bc6c-074d69adaaaf: attributed to 001449; 0.0 s; peak memory 671 MiB.
2026-09-30T10:11:02Z INFO [1584/2000] 501358b0-69e3-4dba-9749-47494d98506b: attributed to 001697; 0.2 s; peak memory 671 MiB.
2026-09-30T10:11:02Z INFO [1585/2000] 5022161d-6fe4-454c-a560-3495e9e3f8f0: attributed to 001697; 0.2 s; peak memory 671 MiB.
2026-09-30T10:11:02Z INFO [1586/2000] 5024402d-16fa-4d88-b8a0-e1ccb5cd542e: attributed to 001697; 0.2 s; peak memory 671 MiB.
2026-09-30T10:11:02Z INFO [1587/2000] 502a1786-41d9-4b21-9127-74ae81347b57: attributed to 001697; 0.2 s; peak memory 671 MiB.
2026-09-30T10:11:02Z INFO [1588/2000] 5037346d-da6a-4060-9bfe-a3b6fd15b7d3: attributed to 001697; 0.0 s; peak memory 671 MiB.
2026-09-30T10:11:03Z INFO [1589/2000] 503fdfb1-ec7a-4ac6-ab53-32fd0814f568: attributed to 001697; 0.2 s; peak memory 671 MiB.
2026-09-30T10:11:03Z INFO [1590/2000] 504105fa-8787-4c8e-88f5-e9b71f9b64f6: attributed to 001697; 0.0 s; peak memory 671 MiB.
2026-09-30T10:11:03Z INFO [1591/2000] 5041bd27-2e5d-408d-9a5f-c4646e97d9c1: attributed to 000946; 0.0 s; peak memory 671 MiB.
2026-09-30T10:11:03Z INFO [1592/2000] 5046143f-d9d8-4979-826b-1545349bb4d5: attributed to 001697; 0.2 s; peak memory 671 MiB.
2026-09-30T10:11:03Z INFO [1593/2000] 504b3c6f-ea9f-4054-85a6-67d4d3dc814d: attributed to 000946; 0.0 s; peak memory 671 MiB.
2026-09-30T10:11:03Z INFO [1594/2000] 504e50a5-d453-4a88-91a3-0db1a6c927ba: attributed to 001697; 0.0 s; peak memory 671 MiB.
2026-09-30T10:11:03Z INFO [1595/2000] 50541407-8580-481f-9e24-130ac9534588: attributed to 001697; 0.2 s; peak memory 671 MiB.
2026-09-30T10:11:03Z INFO [1596/2000] 505455f4-c66d-4335-8c77-0adc972699d2: attributed to 001697; 0.0 s; peak memory 671 MiB.
2026-09-30T10:11:03Z INFO [1597/2000] 5062d7c5-c1f3-4c10-abd8-858cfe7a346b: attributed to 001697; 0.0 s; peak memory 671 MiB.
2026-09-30T10:11:03Z INFO [1598/2000] 506dc1bf-712a-4ea7-a4c0-928b7c355622: attributed to 001063; 0.0 s; peak memory 671 MiB.
2026-09-30T10:11:03Z INFO [1599/2000] 50752af8-a5f2-4144-87ea-9a3237d4cb79: attributed to 001697; 0.0 s; peak memory 671 MiB.
2026-09-30T10:11:03Z INFO [1600/2000] 507ddb4d-832f-4791-95dd-14b4b4ed3b30: attributed to 001697; 0.0 s; peak memory 671 MiB.
2026-09-30T10:11:04Z INFO [1600/2000] 507ddb4d-832f-4791-95dd-14b4b4ed3b30: checkpointed 474830 records.
2026-09-30T10:11:04Z INFO [1601/2000] 508643b6-5d4e-44c3-a6f4-90e085f040aa: attributed to 000026; 0.0 s; peak memory 671 MiB.
2026-09-30T10:11:05Z INFO [1602/2000] 5087b864-c58f-4005-b0cf-41567b457bc6: attributed to 001697; 0.2 s; peak memory 671 MiB.
2026-09-30T10:11:05Z INFO [1603/2000] 50913d97-a712-4f1e-9e4f-139c5ad0977b: attributed to 001697; 0.3 s; peak memory 671 MiB.
2026-09-30T10:11:05Z INFO [1604/2000] 50959145-bfdd-47ec-94f6-c66c6cbae2ee: attributed to 000109; 0.0 s; peak memory 671 MiB.
2026-09-30T10:11:05Z INFO [1605/2000] 509b6185-bc36-48d5-b1bc-429359bc08b0: attributed to 001697; 0.4 s; peak memory 671 MiB.
2026-09-30T10:11:05Z INFO [1606/2000] 50a25db9-8883-4b80-a3ed-033f7a9a640a: attributed to 001697; 0.0 s; peak memory 671 MiB.
2026-09-30T10:11:06Z INFO [1607/2000] 50abe628-a072-40a3-982d-8ceeaf206d7c: attributed to 001697; 0.3 s; peak memory 671 MiB.
2026-09-30T10:11:06Z INFO [1608/2000] 50b5a9e9-3ff8-49c8-8bdd-96cbd27d25ef: attributed to 000946; 0.0 s; peak memory 671 MiB.
2026-09-30T10:11:06Z INFO [1609/2000] 50c593da-315a-4d1a-a652-938a96a0878d: attributed to 001697; 0.0 s; peak memory 671 MiB.
2026-09-30T10:11:06Z INFO [1610/2000] 50c5b089-9ad0-4d48-ad73-017a74b7de03: attributed to 000026; 0.0 s; peak memory 671 MiB.
2026-09-30T10:11:06Z INFO [1611/2000] 50ca4845-1e8c-43f6-a6d9-887e085135e3: attributed to 001697; 0.0 s; peak memory 671 MiB.
2026-09-30T10:11:06Z INFO [1612/2000] 50d409f7-0067-4525-a6a3-69fda4cc8721: attributed to 000403; 0.0 s; peak memory 671 MiB.
2026-09-30T10:11:06Z INFO [1613/2000] 50d91031-372a-4953-a566-e93914387b8d: attributed to 001697; 0.0 s; peak memory 671 MiB.
2026-09-30T10:11:06Z INFO [1614/2000] 50dbeaa0-8d04-4c65-ae53-e763a3a92ff0: attributed to 000026; 0.1 s; peak memory 671 MiB.
2026-09-30T10:11:06Z INFO [1615/2000] 50de5190-0ffd-42ce-93bf-558dc9d82aa4: attributed to 001697; 0.2 s; peak memory 671 MiB.
2026-09-30T10:11:06Z INFO [1616/2000] 50e8cd2a-2fe6-4bf9-93d1-974d872e49b8: attributed to 001697; 0.0 s; peak memory 671 MiB.
2026-09-30T10:11:06Z INFO [1617/2000] 50ebb1f0-5336-47ff-8822-1acf67279ed5: attributed to 001697; 0.2 s; peak memory 671 MiB.
2026-09-30T10:11:06Z INFO [1618/2000] 50ebb3c6-da6a-4d75-98ed-a42a9c0e111f: attributed to 001449; 0.0 s; peak memory 671 MiB.
2026-09-30T10:11:06Z INFO [1619/2000] 50efd606-749c-4ad7-983e-62cd0fb0f83b: attributed to 001697; 0.0 s; peak memory 671 MiB.
2026-09-30T10:11:06Z INFO [1620/2000] 50f0b5cc-5cc1-4594-b288-9c597e7fa083: attributed to 000946; 0.0 s; peak memory 671 MiB.
2026-09-30T10:11:07Z INFO [1621/2000] 50f17e09-9b64-4793-9481-8eb21de01b8e: attributed to 001697; 0.2 s; peak memory 671 MiB.
2026-09-30T10:11:07Z INFO [1622/2000] 50f3d47a-33c3-46d8-9fd0-b87aa8fe7a19: attributed to 000293; 0.0 s; peak memory 671 MiB.
2026-09-30T10:11:07Z INFO [1623/2000] 5111ac97-e7a7-4cd1-8d29-076a935d565b: attributed to 001697; 0.2 s; peak memory 671 MiB.
2026-09-30T10:11:07Z INFO [1624/2000] 51181088-a328-416c-b561-bc91b22ccb9f: attributed to 001697; 0.0 s; peak memory 671 MiB.
2026-09-30T10:11:07Z INFO [1625/2000] 511862f9-69ee-440d-bfd0-3c3447861fcd: attributed to 001697; 0.2 s; peak memory 671 MiB.
2026-09-30T10:11:07Z INFO [1626/2000] 51186711-ee16-45e2-bab7-2f387edc91ae: attributed to 000946; 0.0 s; peak memory 671 MiB.
2026-09-30T10:11:07Z INFO [1627/2000] 511bfe92-99bd-452a-9809-a24751a3fc47: attributed to 001697; 0.0 s; peak memory 671 MiB.
2026-09-30T10:11:07Z INFO [1628/2000] 5142359a-77ef-4581-8b50-285f8a711f79: attributed to 000026; 0.0 s; peak memory 671 MiB.
2026-09-30T10:11:07Z INFO [1629/2000] 51499c75-feb3-4c0a-b761-45dbd57b60ef: attributed to 001697; 0.0 s; peak memory 671 MiB.
2026-09-30T10:11:07Z INFO [1630/2000] 515034ee-34bf-458d-90f3-d8bb529eeca2: attributed to 000026; 0.1 s; peak memory 671 MiB.
2026-09-30T10:11:07Z INFO [1631/2000] 516f7d4b-364d-437a-92ed-c67956c3c03c: attributed to 001873; 0.3 s; peak memory 671 MiB.
2026-09-30T10:11:07Z INFO [1632/2000] 5170bded-e84c-4431-8ff6-b1ddaf6e9a41: attributed to 001697; 0.0 s; peak memory 671 MiB.
2026-09-30T10:11:08Z INFO [1633/2000] 517d6093-5add-45b9-a207-229addb6f196: attributed to 001697; 0.2 s; peak memory 671 MiB.
2026-09-30T10:11:08Z INFO [1634/2000] 51802cd9-4f53-4441-a8a5-808694de3ab4: attributed to 001697; 0.0 s; peak memory 671 MiB.
2026-09-30T10:11:08Z INFO [1635/2000] 5183b3aa-5a9b-4560-a67c-491d2990a2f1: attributed to 001697; 0.2 s; peak memory 671 MiB.
2026-09-30T10:11:08Z INFO [1636/2000] 5183b50a-773b-44f6-af62-30a95081aa04: attributed to 000946; 0.0 s; peak memory 671 MiB.
2026-09-30T10:11:08Z INFO [1637/2000] 5184bea6-7021-423f-b47c-c1f210453919: attributed to 001697; 0.0 s; peak memory 671 MiB.
2026-09-30T10:11:08Z INFO [1638/2000] 518ebbc7-05cc-4783-b68d-00ac9cbe01fc: attributed to 001697; 0.0 s; peak memory 671 MiB.
2026-09-30T10:11:08Z INFO [1639/2000] 51920a60-f175-421c-bd6d-92304543ee7d: attributed to 000142; 0.0 s; peak memory 671 MiB.
2026-09-30T10:11:08Z INFO [1640/2000] 519e5ac5-2894-4fd8-aa7e-7239bfeefa76: attributed to 001449; 0.0 s; peak memory 671 MiB.
2026-09-30T10:11:08Z INFO [1641/2000] 51a21548-2b10-4b64-ba7a-52c1ceea1e5f: attributed to 001873; 0.3 s; peak memory 671 MiB.
2026-09-30T10:11:08Z INFO [1642/2000] 51a8cb39-868b-40a5-8058-f9e6dafbac6f: attributed to 001697; 0.0 s; peak memory 671 MiB.
2026-09-30T10:11:08Z INFO [1643/2000] 51acad29-f79e-4f81-9717-f9f0c98bae74: attributed to 001697; 0.0 s; peak memory 671 MiB.
2026-09-30T10:11:08Z INFO [1644/2000] 51acef30-6b3a-4244-aec7-623a183c7188: attributed to 000142; 0.0 s; peak memory 671 MiB.
2026-09-30T10:11:08Z INFO [1645/2000] 51b18e83-518c-4d36-a652-fb0c21416308: attributed to 001697; 0.0 s; peak memory 671 MiB.
2026-09-30T10:11:09Z INFO [1646/2000] 51b2b929-50ea-442d-828a-6dcfe00dc711: attributed to 001697; 0.4 s; peak memory 671 MiB.
2026-09-30T10:11:09Z INFO [1647/2000] 51b8848b-d548-4647-9140-2519d9fa5d23: attributed to 001697; 0.0 s; peak memory 671 MiB.
2026-09-30T10:11:09Z INFO [1648/2000] 51baa142-9a0f-456e-bdf8-e6dbed0a0ff1: attributed to 000026; 0.0 s; peak memory 671 MiB.
2026-09-30T10:11:09Z INFO [1649/2000] 51bbf98e-dd57-4d5d-b6bb-a2c87503f8bc: attributed to 001697; 0.0 s; peak memory 671 MiB.
2026-09-30T10:11:09Z INFO [1650/2000] 51d321e0-2d2a-4cff-8ff4-47f6a95e8d87: attributed to 001697; 0.0 s; peak memory 671 MiB.
2026-09-30T10:11:10Z INFO [1650/2000] 51d321e0-2d2a-4cff-8ff4-47f6a95e8d87: checkpointed 474830 records.
2026-09-30T10:11:10Z INFO [1651/2000] 51d3387c-dee0-4314-a21e-2a32c136a522: attributed to 001697; 0.0 s; peak memory 671 MiB.
2026-09-30T10:11:10Z INFO [1652/2000] 51d46e1e-80e0-4a56-8812-92efb488c0fb: attributed to 000465; 0.0 s; peak memory 671 MiB.
2026-09-30T10:11:10Z INFO [1653/2000] 51d79b3c-44d7-49c9-ab34-5e162b750a51: attributed to 000568; 0.0 s; peak memory 671 MiB.
2026-09-30T10:11:10Z INFO [1654/2000] 51d889bf-0b13-45b2-928d-8b175dc30364: attributed to 001697; 0.3 s; peak memory 671 MiB.
2026-09-30T10:11:10Z INFO [1655/2000] 51dfa4a5-4fc1-454c-be8c-5f44bae6d8bb: attributed to 001697; 0.0 s; peak memory 671 MiB.
2026-09-30T10:11:11Z INFO [1656/2000] 51e4de14-04bf-4644-8fba-3ecb25735894: attributed to 001697; 0.3 s; peak memory 671 MiB.
2026-09-30T10:11:11Z INFO [1657/2000] 51e4f866-8953-41fc-93b9-15be6cac9a91: attributed to 001449; 0.1 s; peak memory 671 MiB.
2026-09-30T10:11:11Z INFO [1658/2000] 51e8f40a-5248-44f7-859b-c71c0b7b6a65: attributed to 000026; 0.0 s; peak memory 671 MiB.
2026-09-30T10:11:11Z INFO [1659/2000] 51efedb0-309d-456c-9e3a-654953a51b8d: attributed to 001697; 0.2 s; peak memory 671 MiB.
2026-09-30T10:11:11Z INFO [1660/2000] 51f014c2-cda0-4e25-be11-4000556c74cc: attributed to 001697; 0.2 s; peak memory 671 MiB.
2026-09-30T10:11:11Z INFO [1661/2000] 51fa0046-25e7-4441-8343-427049d9d5ef: attributed to 001697; 0.0 s; peak memory 671 MiB.
2026-09-30T10:11:11Z INFO [1662/2000] 5202bb97-9740-4339-b885-dd82bcf79bfc: attributed to 001873; 0.3 s; peak memory 671 MiB.
2026-09-30T10:11:12Z INFO [1663/2000] 521392a8-3ed3-41c3-a820-17a47d33b580: attributed to 001697; 0.4 s; peak memory 671 MiB.
2026-09-30T10:11:12Z INFO [1664/2000] 5214702d-449b-4b03-96a4-7e8b46170dbd: attributed to 000946; 0.0 s; peak memory 671 MiB.
2026-09-30T10:11:12Z INFO [1665/2000] 5215c512-ccc5-4cb6-ae16-38cc77863c73: attributed to 000109; 0.0 s; peak memory 671 MiB.
2026-09-30T10:11:12Z INFO [1666/2000] 521aea85-ad61-48f5-a5a5-d556b8a4bafd: attributed to 000026; 0.1 s; peak memory 671 MiB.
2026-09-30T10:11:12Z INFO [1667/2000] 5226632e-1a99-4dad-b44a-77feee56a116: attributed to 000293; 0.0 s; peak memory 671 MiB.
2026-09-30T10:11:12Z INFO [1668/2000] 5228c1c3-1f90-4163-a5a2-218427086aa6: attributed to 001697; 0.0 s; peak memory 671 MiB.
2026-09-30T10:11:12Z INFO [1669/2000] 5230d1e4-bb07-4b09-817c-f76fca895663: attributed to 001697; 0.3 s; peak memory 671 MiB.
2026-09-30T10:11:12Z INFO [1670/2000] 52317b46-030d-4587-bcb5-e78b0d0146a9: attributed to 000568; 0.0 s; peak memory 671 MiB.
2026-09-30T10:11:12Z INFO [1671/2000] 5234c8dd-6a2e-4d29-833c-e352d6d3be68: attributed to 000946; 0.0 s; peak memory 671 MiB.
2026-09-30T10:11:13Z INFO [1672/2000] 5238561e-e2a4-4682-94f5-e13303a3a909: attributed to 001697; 0.2 s; peak memory 671 MiB.
2026-09-30T10:11:13Z INFO [1673/2000] 5245bc73-63b5-4ad5-8142-4ba7ef29dd11: attributed to 001697; 0.0 s; peak memory 671 MiB.
2026-09-30T10:11:13Z INFO [1674/2000] 5249c275-8549-476f-ac38-7a67ac3c9fae: attributed to 001697; 0.2 s; peak memory 671 MiB.
2026-09-30T10:11:13Z INFO [1675/2000] 524ec9e1-1acc-4e3a-acd4-a8255c8fab7c: attributed to 001258; 0.0 s; peak memory 671 MiB.
2026-09-30T10:11:13Z INFO [1676/2000] 525821fc-37d3-41a7-bde9-d557f970219b: attributed to 000946; 0.0 s; peak memory 671 MiB.
2026-09-30T10:11:13Z INFO [1677/2000] 525850b5-d6c7-4356-b6a8-a67a01ac984c: attributed to 001258; 0.0 s; peak memory 671 MiB.
2026-09-30T10:11:13Z INFO [1678/2000] 52650685-c0c0-4621-807c-c923a6d6a2dd: attributed to 001697; 0.0 s; peak memory 671 MiB.
2026-09-30T10:11:13Z INFO [1679/2000] 52714e6d-92c0-4087-bde5-529a95dba106: attributed to 001697; 0.2 s; peak memory 671 MiB.
2026-09-30T10:11:13Z INFO [1680/2000] 527691f1-8014-410e-86c5-712ad489b310: attributed to 000293; 0.0 s; peak memory 671 MiB.
2026-09-30T10:11:13Z INFO [1681/2000] 5279ac7a-34b5-4d8b-8699-f7f86e7be875: attributed to 001697; 0.0 s; peak memory 671 MiB.
2026-09-30T10:11:13Z INFO [1682/2000] 527c609a-c404-4df8-8ba5-d0c4d8b016d8: attributed to 001697; 0.0 s; peak memory 671 MiB.
2026-09-30T10:11:13Z INFO [1683/2000] 527f0e1e-23c0-4e3e-93b1-cd734d40b4cd: attributed to 000209; 0.0 s; peak memory 671 MiB.
2026-09-30T10:11:13Z INFO [1684/2000] 528303a2-37c1-455a-bdb5-0dc1ae440a64: attributed to 000026; 0.1 s; peak memory 671 MiB.
2026-09-30T10:11:13Z INFO [1685/2000] 528ccb4b-5b5a-4e80-ae3b-7f78e384515d: attributed to 000946; 0.0 s; peak memory 671 MiB.
2026-09-30T10:11:13Z INFO [1686/2000] 52a4344b-c8e5-4fd9-9867-0899f0db92c2: attributed to 001697; 0.0 s; peak memory 671 MiB.
2026-09-30T10:11:14Z INFO [1687/2000] 52ba0816-2aeb-473c-833c-1e232712de07: attributed to 000571; 0.5 s; peak memory 671 MiB.
2026-09-30T10:11:14Z INFO [1688/2000] 52bb69bc-dc3c-4d49-b65b-fbf8d25ffb9e: attributed to 001697; 0.0 s; peak memory 671 MiB.
2026-09-30T10:11:14Z INFO [1689/2000] 52cf3fac-853f-447b-a674-2caa000e4839: attributed to 001697; 0.0 s; peak memory 671 MiB.
2026-09-30T10:11:14Z INFO [1690/2000] 52d45120-7be3-4b66-9895-17de3d40e3f9: attributed to 000026; 0.0 s; peak memory 671 MiB.
2026-09-30T10:11:14Z INFO [1691/2000] 52d4ca90-9082-43e0-bcd1-f9cc974e437c: attributed to 001697; 0.2 s; peak memory 671 MiB.
2026-09-30T10:11:14Z INFO [1692/2000] 52dbd323-a06e-4f1a-af59-fda25ef9f4f0: attributed to 001697; 0.2 s; peak memory 671 MiB.
2026-09-30T10:11:14Z INFO [1693/2000] 52deb9fa-1668-4d90-8fea-081d30c5256c: attributed to 001697; 0.2 s; peak memory 671 MiB.
2026-09-30T10:11:15Z INFO [1694/2000] 52e0a86a-a174-4c94-814f-68e28ff11d19: attributed to 001697; 0.3 s; peak memory 671 MiB.
2026-09-30T10:11:15Z INFO [1695/2000] 52e10fcd-f3a5-4843-96c7-5c5a0075cfe7: attributed to 000946; 0.0 s; peak memory 671 MiB.
2026-09-30T10:11:15Z INFO [1696/2000] 52e7e147-d8cf-4bb4-97c6-7e8778146058: attributed to 001697; 0.2 s; peak memory 671 MiB.
2026-09-30T10:11:15Z INFO [1697/2000] 52ef0729-42f6-435d-9471-3a76b258b11b: attributed to 000026; 0.0 s; peak memory 671 MiB.
2026-09-30T10:11:15Z INFO [1698/2000] 52f13e3b-8f64-4cb9-b7ee-54561ebec9ac: attributed to 001697; 0.2 s; peak memory 671 MiB.
2026-09-30T10:11:15Z INFO [1699/2000] 52f3a209-8366-4094-90ec-5cabf5a8904e: attributed to 001697; 0.0 s; peak memory 671 MiB.
2026-09-30T10:11:15Z INFO [1700/2000] 52f450b2-2c09-4dcc-a7e2-5718084bcf08: attributed to 001858; 0.0 s; peak memory 671 MiB.
2026-09-30T10:11:16Z INFO [1700/2000] 52f450b2-2c09-4dcc-a7e2-5718084bcf08: checkpointed 474830 records.
2026-09-30T10:11:16Z INFO [1701/2000] 52f54461-cfac-40e7-b8f3-d9fe2740d281: attributed to 000026; 0.0 s; peak memory 671 MiB.
2026-09-30T10:11:17Z INFO [1702/2000] 52f89be9-6738-4fb9-99a8-609aeea180ee: attributed to 001697; 0.3 s; peak memory 671 MiB.
2026-09-30T10:11:17Z INFO [1703/2000] 5301fd51-e352-4db0-a63b-8229d3abc1d9: attributed to 001697; 0.0 s; peak memory 671 MiB.
2026-09-30T10:11:17Z INFO [1704/2000] 53035f62-3f36-47fd-b4df-ed11961b9589: attributed to 001697; 0.0 s; peak memory 671 MiB.
2026-09-30T10:11:17Z INFO [1705/2000] 5308cd29-7518-4d91-af67-b86f7dee2f61: attributed to 000570; 0.0 s; peak memory 671 MiB.
2026-09-30T10:11:17Z INFO [1706/2000] 5312df70-8bf7-4180-8a33-ced05c737e37: attributed to 001697; 0.0 s; peak memory 671 MiB.
2026-09-30T10:11:17Z INFO [1707/2000] 5312e9ac-9f81-4d69-a5a9-3545db543d54: attributed to 000293; 0.0 s; peak memory 671 MiB.
2026-09-30T10:11:17Z INFO [1708/2000] 531df128-3c24-4027-95cd-770fe9576e9c: attributed to 000142; 0.0 s; peak memory 671 MiB.
2026-09-30T10:11:17Z INFO [1709/2000] 532ec165-60f7-4c0f-a31b-da21f632f7b0: attributed to 000026; 0.0 s; peak memory 671 MiB.
2026-09-30T10:11:17Z INFO [1710/2000] 5331c520-0114-4669-bf52-bdf552fd8c5c: attributed to 001514; 0.3 s; peak memory 671 MiB.
2026-09-30T10:11:17Z INFO [1711/2000] 5348a015-e257-438f-8dde-710fa415476b: attributed to 000026; 0.0 s; peak memory 671 MiB.
2026-09-30T10:11:18Z INFO [1712/2000] 535964e3-1ee4-4a3a-b4bb-52a8db34cd5e: attributed to 001697; 0.3 s; peak memory 671 MiB.
2026-09-30T10:11:18Z INFO [1713/2000] 5359b528-47be-453d-b2af-17f26fd271ba: attributed to 001697; 0.0 s; peak memory 671 MiB.
2026-09-30T10:11:18Z INFO [1714/2000] 536d61df-3a1b-49ed-b6fd-0a95b2306f4e: attributed to 000571; 0.8 s; peak memory 671 MiB.
2026-09-30T10:11:18Z INFO [1715/2000] 536e5210-a3cb-40b1-b791-8204a5b8e66e: attributed to 001697; 0.0 s; peak memory 671 MiB.
2026-09-30T10:11:18Z INFO [1716/2000] 5376a39b-1142-4dec-a3e4-63add491321f: attributed to 000026; 0.1 s; peak memory 671 MiB.
2026-09-30T10:11:18Z INFO [1717/2000] 537ba1d5-0685-44eb-9e8d-5ec3e4c9c28e: attributed to 001697; 0.0 s; peak memory 671 MiB.
2026-09-30T10:11:19Z INFO [1718/2000] 537e1afc-205d-41d8-9f86-7dd82a6f3915: attributed to 001697; 0.4 s; peak memory 671 MiB.
2026-09-30T10:11:19Z INFO [1719/2000] 5388d45a-ad0f-4739-9031-e6d2ff6e91d8: attributed to 000026; 0.1 s; peak memory 671 MiB.
2026-09-30T10:11:19Z INFO [1720/2000] 538bceb5-f203-49d1-976d-13c137a96f32: attributed to 001697; 0.2 s; peak memory 671 MiB.
2026-09-30T10:11:19Z INFO [1721/2000] 53913774-bf87-47eb-9f93-03a1a8ccd314: attributed to 001697; 0.2 s; peak memory 671 MiB.
2026-09-30T10:11:19Z INFO [1722/2000] 53941ea8-cb88-4b39-8731-278f3e30164c: attributed to 000946; 0.0 s; peak memory 671 MiB.
2026-09-30T10:11:20Z INFO [1723/2000] 53974c1e-2ae8-4a4d-ae08-33ff24226ca4: attributed to 001697; 0.2 s; peak memory 671 MiB.
2026-09-30T10:11:20Z INFO [1724/2000] 539a4a85-9d2a-4af1-8118-93652dcafda8: attributed to 001858; 0.0 s; peak memory 671 MiB.
2026-09-30T10:11:20Z INFO [1725/2000] 53a22d59-4a35-46f6-af2b-9b01f71e3d9d: attributed to 001697; 0.2 s; peak memory 671 MiB.
2026-09-30T10:11:20Z INFO [1726/2000] 53ac7a08-9d04-4c9b-959b-9633e50d3b29: attributed to 001697; 0.0 s; peak memory 671 MiB.
2026-09-30T10:11:20Z INFO [1727/2000] 53ad2a14-50b8-4dcd-b15a-59f5a7996315: attributed to 001697; 0.0 s; peak memory 671 MiB.
2026-09-30T10:11:20Z INFO [1728/2000] 53b2261c-a882-466d-95af-7bc39993aa11: attributed to 001697; 0.0 s; peak memory 671 MiB.
2026-09-30T10:11:20Z INFO [1729/2000] 53b575e2-1189-43e2-9c00-5879a1098017: attributed to 001697; 0.0 s; peak memory 671 MiB.
2026-09-30T10:11:20Z INFO [1730/2000] 53bae3cc-90d7-4fe8-8776-63a997aa6a26: attributed to 001697; 0.0 s; peak memory 671 MiB.
2026-09-30T10:11:20Z INFO [1731/2000] 53be9124-aa25-4179-b8df-1f1f460d517a: attributed to 001697; 0.0 s; peak memory 671 MiB.
2026-09-30T10:11:20Z INFO [1732/2000] 53c46cc6-f56e-445a-8a51-2d39e7a31a62: attributed to 001063; 0.0 s; peak memory 671 MiB.
2026-09-30T10:11:21Z INFO [1733/2000] 53c55f4a-c13a-434b-994c-bb34018facda: attributed to 000571; 0.8 s; peak memory 671 MiB.
2026-09-30T10:11:21Z INFO [1734/2000] 53c5feaa-b078-4f02-aad4-cc79e9ce69b6: attributed to 001697; 0.2 s; peak memory 671 MiB.
2026-09-30T10:11:21Z INFO [1735/2000] 53cd6305-084d-4da6-aea0-f3d8c684e0bf: attributed to 000946; 0.0 s; peak memory 671 MiB.
2026-09-30T10:11:21Z INFO [1736/2000] 53d7d3b3-4b8c-4d1d-ac0d-d79bd211ccff: attributed to 001697; 0.2 s; peak memory 671 MiB.
2026-09-30T10:11:21Z INFO [1737/2000] 53d8afc2-cc44-480e-996c-14ba7b472b5f: attributed to 001697; 0.2 s; peak memory 671 MiB.
2026-09-30T10:11:22Z INFO [1738/2000] 53db8f94-572e-4779-9494-a1082d15bc23: attributed to 001697; 0.2 s; peak memory 671 MiB.
2026-09-30T10:11:22Z INFO [1739/2000] 53dbcb71-86c5-48bc-bac2-8769575b0046: attributed to 001697; 0.0 s; peak memory 671 MiB.
2026-09-30T10:11:22Z INFO [1740/2000] 53deb0cf-d0ca-444d-b572-67782f2ed552: attributed to 001697; 0.2 s; peak memory 671 MiB.
2026-09-30T10:11:22Z INFO [1741/2000] 53e01965-a5e1-448d-a913-8d0e468ef3c1: attributed to 000293; 0.0 s; peak memory 671 MiB.
2026-09-30T10:11:22Z INFO [1742/2000] 53e102dc-964d-4569-84c3-b1a26c72c7e8: attributed to 000026; 0.0 s; peak memory 671 MiB.
2026-09-30T10:11:22Z INFO [1743/2000] 53e2f8b9-0517-49f1-b4ea-409806948e74: attributed to 001697; 0.0 s; peak memory 671 MiB.
2026-09-30T10:11:22Z INFO [1744/2000] 53e8be04-9838-4260-8cd0-7e7933032e26: attributed to 001697; 0.2 s; peak memory 671 MiB.
2026-09-30T10:11:24Z INFO [1745/2000] 53ea57c9-af87-413e-afc4-c34804ac2ba9: attributed to 001697; 2.0 s; peak memory 671 MiB.
2026-09-30T10:11:24Z INFO [1746/2000] 53f83673-622b-4822-a4f7-3a35f6eb462f: attributed to 001748; 0.0 s; peak memory 671 MiB.
2026-09-30T10:11:24Z INFO [1747/2000] 53fe8adb-6071-4e7d-b256-b62c34746a1f: attributed to 001697; 0.0 s; peak memory 671 MiB.
2026-09-30T10:11:24Z INFO [1748/2000] 540721af-b6dd-4242-9d36-efba14a95f26: attributed to 001697; 0.3 s; peak memory 671 MiB.
2026-09-30T10:11:25Z INFO [1749/2000] 5409f073-cc26-4226-a89b-a6baf4f450d3: attributed to 001697; 0.3 s; peak memory 671 MiB.
2026-09-30T10:11:25Z INFO [1750/2000] 540caa10-e24c-435f-bbf5-517043a22d22: attributed to 001697; 0.2 s; peak memory 671 MiB.
2026-09-30T10:11:26Z INFO [1750/2000] 540caa10-e24c-435f-bbf5-517043a22d22: checkpointed 474832 records.
2026-09-30T10:11:26Z INFO [1751/2000] 54159440-b34f-4aad-a250-388a6d768726: attributed to 000570; 0.0 s; peak memory 671 MiB.
2026-09-30T10:11:26Z INFO [1752/2000] 542290e4-3c67-411a-bbc1-a50066fa897f: attributed to 001697; 0.0 s; peak memory 671 MiB.
2026-09-30T10:11:27Z INFO [1753/2000] 5426167d-1b4b-4cff-a1ee-ed734446069d: attributed to 001697; 0.4 s; peak memory 671 MiB.
2026-09-30T10:11:27Z INFO [1754/2000] 5433875d-66f5-4bb2-b896-d36a6098e503: attributed to 000570; 0.0 s; peak memory 671 MiB.
2026-09-30T10:11:27Z INFO [1755/2000] 54341a56-d7ce-452d-a54f-39a09d6ba90c: attributed to 001697; 0.0 s; peak memory 671 MiB.
2026-09-30T10:11:27Z INFO [1756/2000] 54418803-b80f-4908-a312-ae9ea7a5be54: attributed to 001697; 0.0 s; peak memory 671 MiB.
2026-09-30T10:11:27Z INFO [1757/2000] 5446bc6d-9001-47e9-bc0e-20ee90832de2: attributed to 000142; 0.0 s; peak memory 671 MiB.
2026-09-30T10:11:27Z INFO [1758/2000] 544f99c2-886f-4f91-8b4c-25473a3c05eb: attributed to 001697; 0.0 s; peak memory 671 MiB.
2026-09-30T10:11:27Z INFO [1759/2000] 54515e32-6adb-40a2-bb75-ded23e1ea982: attributed to 001697; 0.5 s; peak memory 671 MiB.
2026-09-30T10:11:27Z INFO [1760/2000] 5452051c-52c6-49fa-ad8c-1817fd616622: attributed to 000026; 0.0 s; peak memory 671 MiB.
2026-09-30T10:11:27Z INFO [1761/2000] 54574129-8f3b-44cb-a6f3-0e716503fbc8: attributed to 001697; 0.0 s; peak memory 671 MiB.
2026-09-30T10:11:28Z INFO [1762/2000] 545742e4-7912-4a04-a8af-373e2b02e9b9: attributed to 001697; 0.7 s; peak memory 672 MiB.
2026-09-30T10:11:28Z INFO [1763/2000] 545842f0-9458-4d58-8c58-70932e3db984: attributed to 000570; 0.0 s; peak memory 672 MiB.
2026-09-30T10:11:28Z INFO [1764/2000] 545a2751-bd56-4c45-a8ba-cd900465404a: attributed to 000109; 0.0 s; peak memory 672 MiB.
2026-09-30T10:11:28Z INFO [1765/2000] 545e58ce-7e55-4495-888f-704235632a6d: attributed to 001449; 0.0 s; peak memory 672 MiB.
2026-09-30T10:11:28Z INFO [1766/2000] 54613139-9a1d-4682-8daf-01eefcea980c: attributed to 001697; 0.0 s; peak memory 672 MiB.
2026-09-30T10:11:28Z INFO [1767/2000] 546a98db-7639-4181-855a-948a4e95299f: attributed to 000142; 0.0 s; peak memory 672 MiB.
2026-09-30T10:11:28Z INFO [1768/2000] 546dfa58-ebba-494c-988b-a1a6ba64f7ab: attributed to 001697; 0.3 s; peak memory 672 MiB.
2026-09-30T10:11:28Z INFO [1769/2000] 547430ab-776c-44ca-bf7c-bfb003aac0af: attributed to 001697; 0.3 s; peak memory 672 MiB.
2026-09-30T10:11:28Z INFO [1770/2000] 547b3119-b8d6-48c2-97e1-a55fb9e93af3: attributed to 001697; 0.0 s; peak memory 672 MiB.
2026-09-30T10:11:28Z INFO [1771/2000] 548449ff-1103-4cec-9470-62109e34f292: attributed to 000293; 0.0 s; peak memory 672 MiB.
2026-09-30T10:11:29Z INFO [1772/2000] 5484cc87-259c-49fb-b7d9-64eb82beb152: attributed to 000026; 0.0 s; peak memory 672 MiB.
2026-09-30T10:11:29Z INFO [1773/2000] 548731da-16ec-4fe1-ae06-f20ed0ef86cb: attributed to 001063; 0.0 s; peak memory 672 MiB.
2026-09-30T10:11:29Z INFO [1774/2000] 548a4ee8-3c30-4bcd-8734-89da50bc0c4d: attributed to 000026; 0.0 s; peak memory 672 MiB.
2026-09-30T10:11:29Z INFO [1775/2000] 548c2652-cfeb-4a7a-8243-fc398031b15f: attributed to 000142; 0.0 s; peak memory 672 MiB.
2026-09-30T10:11:29Z INFO [1776/2000] 548f180a-83e2-458f-a634-01c0eca4f53a: attributed to 000026; 0.0 s; peak memory 672 MiB.
2026-09-30T10:11:30Z INFO [1777/2000] 549026e4-e1e0-4ca5-908c-5e975565c077: attributed to 001697; 1.1 s; peak memory 672 MiB.
2026-09-30T10:11:30Z INFO [1778/2000] 54945723-628d-4a49-945e-e19a91c5f0b7: attributed to 001449; 0.0 s; peak memory 672 MiB.
2026-09-30T10:11:30Z INFO [1779/2000] 54993eae-6b50-4dba-9991-da97b81d5b08: attributed to 001697; 0.0 s; peak memory 672 MiB.
2026-09-30T10:11:30Z INFO [1780/2000] 549bbead-fd78-4bd8-93c4-36bb4ef000f0: attributed to 001697; 0.2 s; peak memory 672 MiB.
2026-09-30T10:11:30Z INFO [1781/2000] 549c6b38-5d86-4552-ad18-10abc93c1cc7: attributed to 000946; 0.0 s; peak memory 672 MiB.
2026-09-30T10:11:30Z INFO [1782/2000] 54af4f9f-f282-4048-9185-07cc860e0510: attributed to 001697; 0.2 s; peak memory 672 MiB.
2026-09-30T10:11:30Z INFO [1783/2000] 54b3ec87-ae16-4126-96df-2b141de79fe8: attributed to 001858; 0.0 s; peak memory 672 MiB.
2026-09-30T10:11:31Z INFO [1784/2000] 54b77cec-8837-4e42-9425-0d607f746e87: attributed to 001697; 0.3 s; peak memory 672 MiB.
2026-09-30T10:11:31Z INFO [1785/2000] 54c690bd-b3c3-47a9-8c96-08b7c862b200: attributed to 001258; 0.0 s; peak memory 672 MiB.
2026-09-30T10:11:31Z INFO [1786/2000] 54c889bc-9e8a-41d8-bb26-cf2276ecead1: attributed to 000109; 0.0 s; peak memory 672 MiB.
2026-09-30T10:11:31Z INFO [1787/2000] 54c95d33-3cbb-4a24-b351-8fdd45c64c34: attributed to 000946; 0.0 s; peak memory 672 MiB.
2026-09-30T10:11:31Z INFO [1788/2000] 54ca675b-f0f6-40b2-9afe-7693e4200fa4: attributed to 000570; 0.0 s; peak memory 672 MiB.
2026-09-30T10:11:31Z INFO [1789/2000] 54e0f1af-f20f-4ea1-8e76-24cb64c5211a: attributed to 001697; 0.0 s; peak memory 672 MiB.
2026-09-30T10:11:31Z INFO [1790/2000] 54ea6818-17ad-4ab4-89a3-c8ef3309f3ed: attributed to 000946; 0.0 s; peak memory 672 MiB.
2026-09-30T10:11:31Z INFO [1791/2000] 54ee438f-5c4c-4f0d-9ae4-394efc64bbb9: attributed to 001697; 0.5 s; peak memory 672 MiB.
2026-09-30T10:11:32Z INFO [1792/2000] 54f0122b-a96d-4eec-8e74-8389fa00840e: attributed to 001873; 0.6 s; peak memory 672 MiB.
2026-09-30T10:11:32Z INFO [1793/2000] 54f56e80-4d69-44d7-a41b-3a7110737e55: attributed to 001697; 0.3 s; peak memory 672 MiB.
2026-09-30T10:11:32Z INFO [1794/2000] 54f792ef-ca61-4a96-9579-e0a614cb9183: attributed to 001697; 0.2 s; peak memory 672 MiB.
2026-09-30T10:11:32Z INFO [1795/2000] 54fa3d20-b2ba-4ab5-9de8-2e7b43c0e395: attributed to 000109; 0.0 s; peak memory 672 MiB.
2026-09-30T10:11:32Z INFO [1796/2000] 54fee818-6a7c-4dd0-93d9-52b0bdfcd6c3: attributed to 000026; 0.1 s; peak memory 672 MiB.
2026-09-30T10:11:33Z INFO [1797/2000] 55050395-f1b9-4179-ae9f-54f7fdc95a4f: attributed to 001697; 0.3 s; peak memory 672 MiB.
2026-09-30T10:11:33Z INFO [1798/2000] 5505c0de-3b85-46b8-a168-fb590bc17db3: attributed to 000026; 0.0 s; peak memory 672 MiB.
2026-09-30T10:11:33Z INFO [1799/2000] 5507f865-cb11-42ce-9489-9a20e64b2c57: attributed to 001697; 0.0 s; peak memory 672 MiB.
2026-09-30T10:11:33Z INFO [1800/2000] 550ab419-423e-4ffc-b73b-2f8d6b85d631: attributed to 000946; 0.0 s; peak memory 672 MiB.
2026-09-30T10:11:34Z INFO [1800/2000] 550ab419-423e-4ffc-b73b-2f8d6b85d631: checkpointed 474832 records.
2026-09-30T10:11:34Z INFO [1801/2000] 550ae4b2-11b6-4c96-a631-a9eca6315396: attributed to 001437; 0.0 s; peak memory 672 MiB.
2026-09-30T10:11:34Z INFO [1802/2000] 5510fc44-7887-4ca7-8bd4-166654c02beb: attributed to 000026; 0.0 s; peak memory 672 MiB.
2026-09-30T10:11:34Z INFO [1803/2000] 5511c672-4a01-482e-8046-d38bed272758: attributed to 000142; 0.0 s; peak memory 672 MiB.
2026-09-30T10:11:34Z INFO [1804/2000] 55187cc5-9458-47d1-bff0-ee3a085af5e7: attributed to 000026; 0.1 s; peak memory 672 MiB.
2026-09-30T10:11:34Z INFO [1805/2000] 551edfc8-22f4-4a4f-a07f-5ec7ae5507fa: attributed to 000026; 0.0 s; peak memory 672 MiB.
2026-09-30T10:11:34Z INFO [1806/2000] 55224cd0-6838-4d48-b5a9-c121f0fdb3a2: attributed to 001697; 0.0 s; peak memory 672 MiB.
2026-09-30T10:11:34Z INFO [1807/2000] 5524687c-f219-4d83-b8eb-57bf49e266ac: attributed to 000142; 0.0 s; peak memory 672 MiB.
2026-09-30T10:11:34Z INFO [1808/2000] 552a343d-7614-4d3c-893b-8454d66d3460: attributed to 001697; 0.0 s; peak memory 672 MiB.
2026-09-30T10:11:34Z INFO [1809/2000] 552d4035-9465-40e4-987e-f1b7964d06bf: attributed to 000946; 0.0 s; peak memory 672 MiB.
2026-09-30T10:11:34Z INFO [1810/2000] 552f1467-0ac9-473e-a0ca-e79a4d853337: attributed to 000026; 0.0 s; peak memory 672 MiB.
2026-09-30T10:11:34Z INFO [1811/2000] 552f7471-59af-4e14-85df-448c05d0da14: attributed to 001449; 0.0 s; peak memory 672 MiB.
2026-09-30T10:11:34Z INFO [1812/2000] 553106ae-fda1-4597-a6f0-7b3db693c36f: attributed to 000026; 0.0 s; peak memory 672 MiB.
2026-09-30T10:11:35Z INFO [1813/2000] 55333095-30c0-4fea-8169-4d0ef0dd45fb: attributed to 000026; 0.2 s; peak memory 672 MiB.
2026-09-30T10:11:35Z INFO [1814/2000] 55376614-7d60-4e9a-a225-447fdbbdc0da: attributed to 001697; 0.0 s; peak memory 672 MiB.
2026-09-30T10:11:35Z INFO [1815/2000] 5538f80b-d9bd-4a03-8617-0942787bd184: attributed to 001697; 0.0 s; peak memory 672 MiB.
2026-09-30T10:11:35Z INFO [1816/2000] 55396e25-f721-4484-af91-b406e26260a5: attributed to 001697; 0.3 s; peak memory 672 MiB.
2026-09-30T10:11:35Z INFO [1817/2000] 553c2004-5e97-4894-a200-f8ac8eae78c6: attributed to 001697; 0.3 s; peak memory 672 MiB.
2026-09-30T10:11:35Z INFO [1818/2000] 5540a7e7-3849-49d0-8900-5bc8834a9a84: attributed to 001697; 0.2 s; peak memory 672 MiB.
2026-09-30T10:11:35Z INFO [1819/2000] 555364ea-d85a-48bd-880e-89602b28951c: attributed to 000026; 0.1 s; peak memory 672 MiB.
2026-09-30T10:11:36Z INFO [1820/2000] 556509f3-1842-4c49-8f03-05ec839c0908: attributed to 001697; 0.2 s; peak memory 672 MiB.
2026-09-30T10:11:36Z INFO [1821/2000] 557543d2-f5d8-41df-8012-4553c1795af7: attributed to 000293; 0.0 s; peak memory 672 MiB.
2026-09-30T10:11:36Z INFO [1822/2000] 5575dff6-70db-42b2-b025-6f267b4f9b65: attributed to 000109; 0.0 s; peak memory 672 MiB.
2026-09-30T10:11:36Z INFO [1823/2000] 558232f5-1957-4531-8f34-dc1e802704b7: attributed to 000946; 0.0 s; peak memory 672 MiB.
2026-09-30T10:11:36Z INFO [1824/2000] 55859aaf-c405-44a9-8825-4815d7fe92f2: attributed to 001697; 0.3 s; peak memory 672 MiB.
2026-09-30T10:11:36Z INFO [1825/2000] 559c8df0-dce8-468e-8287-27c26487e1e4: attributed to 001697; 0.2 s; peak memory 672 MiB.
2026-09-30T10:11:36Z INFO [1826/2000] 55a3f429-72e7-43a1-8eb7-16bfa548c8b4: attributed to 000026; 0.0 s; peak memory 672 MiB.
2026-09-30T10:11:36Z INFO [1827/2000] 55aa6a1d-941a-4da6-9399-fe4b74d35876: attributed to 001697; 0.0 s; peak memory 672 MiB.
2026-09-30T10:11:36Z INFO [1828/2000] 55bc752a-4151-4853-bb91-9774c3826c37: attributed to 000946; 0.0 s; peak memory 672 MiB.
2026-09-30T10:11:36Z INFO [1829/2000] 55c23f2a-667d-4cde-b90a-0ee40d08b593: attributed to 000109; 0.0 s; peak memory 672 MiB.
2026-09-30T10:11:36Z INFO [1830/2000] 55c5add7-3faf-4c53-ac36-43304a8dbd19: attributed to 000026; 0.0 s; peak memory 672 MiB.
2026-09-30T10:11:37Z INFO [1831/2000] 55d128b3-12ea-4c2e-8432-74fe6b7fc4cf: attributed to 001697; 0.2 s; peak memory 672 MiB.
2026-09-30T10:11:37Z INFO [1832/2000] 55d2652e-36e3-4ccd-a2e9-db229ef29482: attributed to 001697; 0.0 s; peak memory 672 MiB.
2026-09-30T10:11:37Z INFO [1833/2000] 55d6b249-08ee-461d-9c1f-9e9b1f3a4636: attributed to 000403; 0.0 s; peak memory 672 MiB.
2026-09-30T10:11:37Z INFO [1834/2000] 55d6b4da-ed16-42d7-afe4-8c7a1c640642: attributed to 001697; 0.5 s; peak memory 672 MiB.
2026-09-30T10:11:37Z INFO [1835/2000] 55d823a2-b434-4212-93d8-f426733a21b1: attributed to 001697; 0.0 s; peak memory 672 MiB.
2026-09-30T10:11:37Z INFO [1836/2000] 55d92c74-1469-464c-bea4-ebb514398ae5: attributed to 001697; 0.2 s; peak memory 672 MiB.
2026-09-30T10:11:38Z INFO [1837/2000] 55da1316-1454-423a-b5e1-bf2bd4afddb1: attributed to 001697; 0.5 s; peak memory 672 MiB.
2026-09-30T10:11:38Z INFO [1838/2000] 55dd19b5-ca5d-4937-b6a9-ef17d254f817: attributed to 001697; 0.2 s; peak memory 672 MiB.
2026-09-30T10:11:38Z INFO [1839/2000] 55e6b523-1a37-44da-b79f-80cd7c6bedc9: attributed to 000403; 0.0 s; peak memory 672 MiB.
2026-09-30T10:11:38Z INFO [1840/2000] 55fd2c93-4fc5-4bf9-903b-91dac4b60ca3: attributed to 000026; 0.0 s; peak memory 672 MiB.
2026-09-30T10:11:38Z INFO [1841/2000] 55fdfdc6-c7e0-4b7c-8aa2-c42aa1248e64: attributed to 000026; 0.0 s; peak memory 672 MiB.
2026-09-30T10:11:38Z INFO [1842/2000] 55ff9e40-065a-4e94-8d58-ec0a93ad3bee: attributed to 001697; 0.0 s; peak memory 672 MiB.
2026-09-30T10:11:38Z INFO [1843/2000] 56058ca6-cb4f-445e-953d-0082232fca15: attributed to 001697; 0.3 s; peak memory 672 MiB.
2026-09-30T10:11:38Z INFO [1844/2000] 5607176f-afc3-498b-8642-83eb6f0fc61d: attributed to 000142; 0.0 s; peak memory 672 MiB.
2026-09-30T10:11:39Z INFO [1845/2000] 560ad9e2-e500-4473-b018-bc01ecf69e9f: attributed to 001697; 0.3 s; peak memory 672 MiB.
2026-09-30T10:11:39Z INFO [1846/2000] 5613af1f-aa87-43c3-813f-c2c218208b08: attributed to 000408; 0.0 s; peak memory 672 MiB.
2026-09-30T10:11:39Z INFO [1847/2000] 561afff6-a429-401e-85f4-85fa2d34b419: attributed to 000946; 0.0 s; peak memory 672 MiB.
2026-09-30T10:11:39Z INFO [1848/2000] 561b7fbd-3329-4d31-8003-1312ca7893c8: attributed to 001873; 0.3 s; peak memory 672 MiB.
2026-09-30T10:11:40Z INFO [1849/2000] 562f37c5-7643-4968-aea8-6f435d6d4360: attributed to 001697; 0.5 s; peak memory 672 MiB.
2026-09-30T10:11:40Z INFO [1850/2000] 5632b941-4570-4ef4-a90b-d7d2c5f4431a: attributed to 001697; 0.0 s; peak memory 672 MiB.
2026-09-30T10:11:41Z INFO [1850/2000] 5632b941-4570-4ef4-a90b-d7d2c5f4431a: checkpointed 474832 records.
2026-09-30T10:11:41Z INFO [1851/2000] 5637e22a-0a4b-4c8e-a055-74977814afbc: attributed to 001697; 0.3 s; peak memory 672 MiB.
2026-09-30T10:11:41Z INFO [1852/2000] 564200bf-7db1-4881-88ac-2b3f1fb9ad70: attributed to 001697; 0.3 s; peak memory 672 MiB.
2026-09-30T10:11:42Z INFO [1853/2000] 56467284-f18c-4f1a-a0ba-3c2a1387b004: attributed to 001697; 0.3 s; peak memory 672 MiB.
2026-09-30T10:11:42Z INFO [1854/2000] 564d86ba-55c3-41be-9535-4234fe1460b2: attributed to 001697; 0.3 s; peak memory 672 MiB.
2026-09-30T10:11:42Z INFO [1855/2000] 56509e2d-469e-4e71-807b-8c859ac5ef36: attributed to 001748; 0.0 s; peak memory 672 MiB.
2026-09-30T10:11:42Z INFO [1856/2000] 5653d8f8-6734-4797-8cc5-09cf975c944d: attributed to 000946; 0.0 s; peak memory 672 MiB.
2026-09-30T10:11:42Z INFO [1857/2000] 5653e713-c15c-4093-aeb3-741747555cb1: attributed to 000946; 0.0 s; peak memory 672 MiB.
2026-09-30T10:11:42Z INFO [1858/2000] 56671bf3-320e-4312-a519-a610e4180532: attributed to 001697; 0.0 s; peak memory 672 MiB.
2026-09-30T10:11:42Z INFO [1859/2000] 56682753-e210-48f1-8cd9-e70c32d2837e: attributed to 001697; 0.3 s; peak memory 672 MiB.
2026-09-30T10:11:42Z INFO [1860/2000] 566dda12-6ac8-4cc1-a153-dfa37298e0f8: attributed to 000209; 0.0 s; peak memory 672 MiB.
2026-09-30T10:11:42Z INFO [1861/2000] 56735981-b835-4c02-8cbc-8ddd1dcad1d6: attributed to 000026; 0.1 s; peak memory 672 MiB.
2026-09-30T10:11:43Z INFO [1862/2000] 5676d011-d142-460c-aca9-3cf6fa8ebb8d: attributed to 000026; 0.1 s; peak memory 672 MiB.
2026-09-30T10:11:43Z INFO [1863/2000] 56873f87-76d7-46cb-a253-5ee3779c009f: attributed to 001697; 0.0 s; peak memory 672 MiB.
2026-09-30T10:11:43Z INFO [1864/2000] 5688983c-1acc-4313-83f6-f8fd4dbdbb4b: attributed to 000026; 0.0 s; peak memory 672 MiB.
2026-09-30T10:11:43Z INFO [1865/2000] 5689029a-6b48-4150-9107-3893f7279d09: attributed to 001697; 0.4 s; peak memory 672 MiB.
2026-09-30T10:11:43Z INFO [1866/2000] 568bdfa4-49a6-47b2-849e-76096dd0a7cb: attributed to 000026; 0.1 s; peak memory 672 MiB.
2026-09-30T10:11:43Z INFO [1867/2000] 568ceb38-242c-4257-96f8-d16a3986f12e: attributed to 001697; 0.0 s; peak memory 672 MiB.
2026-09-30T10:11:43Z INFO [1868/2000] 569357c8-2b0c-4dc1-ada7-d74c3e04e1f9: attributed to 000570; 0.0 s; peak memory 672 MiB.
2026-09-30T10:11:43Z INFO [1869/2000] 56995f98-cdc6-4238-b3ef-d3353e981375: attributed to 001697; 0.0 s; peak memory 672 MiB.
2026-09-30T10:11:43Z INFO [1870/2000] 569a4a19-b9b7-427d-aeac-305a74f36f8b: attributed to 000231; 0.1 s; peak memory 672 MiB.
2026-09-30T10:11:43Z INFO [1871/2000] 569f952f-8e75-42e2-a224-69f472424912: attributed to 000403; 0.0 s; peak memory 672 MiB.
2026-09-30T10:11:43Z INFO [1872/2000] 56a475fb-45b1-4612-be22-40ae158b5e4b: attributed to 000571; 0.0 s; peak memory 672 MiB.
2026-09-30T10:11:44Z INFO [1873/2000] 56b0f3b8-408c-420d-aa81-0d027aa6c9bb: attributed to 001697; 1.1 s; peak memory 672 MiB.
2026-09-30T10:11:44Z INFO [1874/2000] 56b8a166-a476-4054-b2f9-ad1c926da377: attributed to 000142; 0.0 s; peak memory 672 MiB.
2026-09-30T10:11:44Z INFO [1875/2000] 56b9cdc8-9faa-4766-9c7c-04f2da6efe40: attributed to 000026; 0.2 s; peak memory 672 MiB.
2026-09-30T10:11:44Z INFO [1876/2000] 56bc173b-a413-495a-9b6b-006ff9545edf: attributed to 000026; 0.0 s; peak memory 672 MiB.
2026-09-30T10:11:45Z INFO [1877/2000] 56bde06c-2c02-4e02-910d-fb2b37a6828b: attributed to 001449; 0.1 s; peak memory 672 MiB.
2026-09-30T10:11:45Z INFO [1878/2000] 56c7ca35-31ed-4e34-9abc-390fa7a802b9: attributed to 001063; 0.0 s; peak memory 672 MiB.
2026-09-30T10:11:45Z INFO [1879/2000] 56ceb42d-210a-44d8-81cc-d1b644f26786: attributed to 000026; 0.0 s; peak memory 672 MiB.
2026-09-30T10:11:45Z INFO [1880/2000] 56d7f8bb-fad3-4503-9dee-94df8f325c5e: attributed to 001697; 0.7 s; peak memory 672 MiB.
2026-09-30T10:11:46Z INFO [1881/2000] 56e455a9-85d2-494d-9a50-9c159cd343de: attributed to 001697; 0.5 s; peak memory 672 MiB.
2026-09-30T10:11:46Z INFO [1882/2000] 56e7dddf-1a0f-48cd-a083-ac797513444f: attributed to 001873; 0.6 s; peak memory 672 MiB.
2026-09-30T10:11:47Z INFO [1883/2000] 56eb0fb6-cdaf-495b-a7c8-23b056caa510: attributed to 001697; 0.4 s; peak memory 672 MiB.
2026-09-30T10:11:47Z INFO [1884/2000] 56f637de-1212-4d47-a388-b1b9e5a77bbf: attributed to 000026; 0.1 s; peak memory 672 MiB.
2026-09-30T10:11:47Z INFO [1885/2000] 56f92770-d603-449c-9f34-d264b2d38a7c: attributed to 000209; 0.0 s; peak memory 672 MiB.
2026-09-30T10:11:47Z INFO [1886/2000] 56fa162e-7084-410f-ab36-a210645cd896: attributed to 001697; 0.0 s; peak memory 672 MiB.
2026-09-30T10:11:47Z INFO [1887/2000] 56fdb0c9-64bb-483b-9f7a-bc7be9f59d92: attributed to 001697; 0.0 s; peak memory 672 MiB.
2026-09-30T10:11:47Z INFO [1888/2000] 5700f756-a136-4a99-9a09-5967c9c18134: attributed to 001697; 0.6 s; peak memory 672 MiB.
2026-09-30T10:11:48Z INFO [1889/2000] 57064c4a-da41-42e3-a841-a93e55d66048: attributed to 001697; 0.5 s; peak memory 672 MiB.
2026-09-30T10:11:48Z INFO [1890/2000] 5715e682-f9d2-4743-9b93-eddf3f5503ac: attributed to 001697; 0.0 s; peak memory 672 MiB.
2026-09-30T10:11:48Z INFO [1891/2000] 571dc1e0-980c-44c3-a3fc-624bb9b995b9: attributed to 000026; 0.0 s; peak memory 672 MiB.
2026-09-30T10:11:48Z INFO [1892/2000] 5720e298-b905-45dd-b161-6eeb9a04d70b: attributed to 000026; 0.0 s; peak memory 672 MiB.
2026-09-30T10:11:48Z INFO [1893/2000] 5726fc7d-e6c0-48fd-84df-301fb358df80: attributed to 001858; 0.0 s; peak memory 672 MiB.
2026-09-30T10:11:48Z INFO [1894/2000] 572a9864-94b1-42ff-9c4c-7430a74e150f: attributed to 000403; 0.0 s; peak memory 672 MiB.
2026-09-30T10:11:48Z INFO [1895/2000] 572bbdde-c3f5-40eb-b55e-c46987ea6b90: attributed to 001697; 0.5 s; peak memory 672 MiB.
2026-09-30T10:11:48Z INFO [1896/2000] 572cd083-3baf-429a-9a40-a911c6112eee: attributed to 001697; 0.0 s; peak memory 672 MiB.
2026-09-30T10:11:49Z INFO [1897/2000] 572e38b4-1da3-41b6-8214-3767f39e8e6e: attributed to 001697; 0.4 s; peak memory 672 MiB.
2026-09-30T10:11:50Z INFO [1898/2000] 572faf29-2784-43c1-91f1-3ea6d15ba143: attributed to 000571; 1.5 s; peak memory 672 MiB.
2026-09-30T10:11:50Z INFO [1899/2000] 573e25e8-aa4d-4a9c-85f5-a20ccd8cce6d: attributed to 000946; 0.0 s; peak memory 672 MiB.
2026-09-30T10:11:51Z INFO [1900/2000] 5745d613-eb8b-4146-ba96-f847573eb42f: attributed to 001697; 1.0 s; peak memory 672 MiB.
2026-09-30T10:11:52Z INFO [1900/2000] 5745d613-eb8b-4146-ba96-f847573eb42f: checkpointed 474833 records.
2026-09-30T10:11:52Z INFO [1901/2000] 574783f8-17d2-4902-b87f-922ec2a3597c: attributed to 000403; 0.0 s; peak memory 672 MiB.
2026-09-30T10:11:53Z INFO [1902/2000] 574dbbb1-1dc3-4973-97b7-0a3ed65e5f9d: attributed to 001697; 0.3 s; peak memory 672 MiB.
2026-09-30T10:11:53Z INFO [1903/2000] 5761158b-7b2a-46fd-a041-18082baa029d: attributed to 001697; 0.4 s; peak memory 672 MiB.
2026-09-30T10:11:53Z INFO [1904/2000] 5768b5eb-2de1-4ea3-b26f-c14f706d6448: attributed to 001697; 0.3 s; peak memory 672 MiB.
2026-09-30T10:11:54Z INFO [1905/2000] 576ea519-9cf6-4736-b772-51e3e2f48e9e: attributed to 001697; 0.4 s; peak memory 672 MiB.
2026-09-30T10:11:54Z INFO [1906/2000] 5773de46-511e-4e42-8e2e-cd1bbcbe6095: attributed to 001697; 0.4 s; peak memory 672 MiB.
2026-09-30T10:11:55Z INFO [1907/2000] 5775b87c-b716-440f-bac8-61d721fc9a26: attributed to 001697; 0.4 s; peak memory 672 MiB.
2026-09-30T10:11:55Z INFO [1908/2000] 577e9b57-f1e3-4c66-8379-0c14545fef62: attributed to 000026; 0.1 s; peak memory 672 MiB.
2026-09-30T10:11:55Z INFO [1909/2000] 578a73e1-3620-4b18-86b1-7f6a6a0c144e: attributed to 000026; 0.1 s; peak memory 672 MiB.
2026-09-30T10:11:55Z INFO [1910/2000] 579ddbff-1f81-4959-a996-1c7cad66c5c1: attributed to 001449; 0.2 s; peak memory 672 MiB.
2026-09-30T10:11:55Z INFO [1911/2000] 579ed224-34cd-4a93-a9b0-293c66700981: attributed to 000142; 0.0 s; peak memory 672 MiB.
2026-09-30T10:11:55Z INFO [1912/2000] 57a5178b-f72d-4c74-b113-1a66b6362419: attributed to 001697; 0.3 s; peak memory 672 MiB.
2026-09-30T10:11:55Z INFO [1913/2000] 57ad527a-425b-4efc-8e7e-b78acfe8b47a: attributed to 000403; 0.0 s; peak memory 672 MiB.
2026-09-30T10:11:55Z INFO [1914/2000] 57adc2c6-53f6-4585-9930-5db5aeea814e: attributed to 001449; 0.1 s; peak memory 672 MiB.
2026-09-30T10:11:56Z INFO [1915/2000] 57b5d436-b1cc-4b83-9df7-cc2187a52554: attributed to 001697; 0.4 s; peak memory 672 MiB.
2026-09-30T10:11:56Z INFO [1916/2000] 57b96407-33bd-4762-8e2c-db3fc8286cb8: attributed to 001697; 0.3 s; peak memory 672 MiB.
2026-09-30T10:11:56Z INFO [1917/2000] 57c5d09d-6683-42a1-8693-dcf86242493b: attributed to 000946; 0.0 s; peak memory 672 MiB.
2026-09-30T10:11:56Z INFO [1918/2000] 57c99c4b-c652-4c6b-8c7d-aa7cb9778aad: attributed to 000403; 0.0 s; peak memory 672 MiB.
2026-09-30T10:11:56Z INFO [1919/2000] 57cec6d2-4f67-4cc9-8806-834aa17e5e4c: attributed to 001697; 0.0 s; peak memory 672 MiB.
2026-09-30T10:11:56Z INFO [1920/2000] 57d45612-43f7-4453-9972-b5a924d1e601: attributed to 001697; 0.0 s; peak memory 672 MiB.
2026-09-30T10:11:56Z INFO [1921/2000] 57d55fe2-d769-48a4-9504-6037da1711a2: attributed to 001697; 0.0 s; peak memory 672 MiB.
2026-09-30T10:12:02Z INFO [1922/2000] 57dfe0f6-8e34-4225-a438-65c0ac8b1832: attributed to 001697; 5.6 s; peak memory 672 MiB.
2026-09-30T10:12:02Z INFO [1923/2000] 57e250b1-627a-4a6e-a112-5581fb049395: attributed to 001697; 0.2 s; peak memory 672 MiB.
2026-09-30T10:12:02Z INFO [1924/2000] 57e3bff6-bd7b-40ed-8ab4-33d36e2d57d8: attributed to 001697; 0.3 s; peak memory 672 MiB.
2026-09-30T10:12:03Z INFO [1925/2000] 57e59e7e-5518-432e-b289-ca6eb0f615d1: attributed to 001697; 0.4 s; peak memory 672 MiB.
2026-09-30T10:12:03Z INFO [1926/2000] 57eeee05-4adf-4447-8d16-a9cac74c11a0: attributed to 000946; 0.0 s; peak memory 672 MiB.
2026-09-30T10:12:03Z INFO [1927/2000] 57ef8dc8-c052-4ac6-aea1-42430ac31255: attributed to 001697; 0.4 s; peak memory 672 MiB.
2026-09-30T10:12:03Z INFO [1928/2000] 57f37ff5-422d-40cc-aea9-a2775c24c9be: attributed to 000026; 0.2 s; peak memory 672 MiB.
2026-09-30T10:12:03Z INFO [1929/2000] 57f40089-5965-4a17-b3f4-7c610523a8f8: attributed to 001697; 0.0 s; peak memory 672 MiB.
2026-09-30T10:12:03Z INFO [1930/2000] 57ffd5c6-0613-4d7c-96e7-65eea8222eba: attributed to 000142; 0.0 s; peak memory 672 MiB.
2026-09-30T10:12:04Z INFO [1931/2000] 58027450-d436-4b7a-9dd5-2ea8fd22001c: attributed to 001697; 0.4 s; peak memory 672 MiB.
2026-09-30T10:12:04Z INFO [1932/2000] 58145be3-71a5-4c93-8062-3262631d662d: attributed to 000173; 0.0 s; peak memory 672 MiB.
2026-09-30T10:12:04Z INFO [1933/2000] 58160b45-bb65-407f-b505-fe9f5ecf5858: attributed to 001697; 0.4 s; peak memory 672 MiB.
2026-09-30T10:12:04Z INFO [1934/2000] 5818780d-6ade-49a9-8ece-3b61516f241b: attributed to 001697; 0.0 s; peak memory 672 MiB.
2026-09-30T10:12:05Z INFO [1935/2000] 581b9625-559d-494f-aeb3-c632e8a2a156: attributed to 001697; 0.4 s; peak memory 672 MiB.
2026-09-30T10:12:05Z INFO [1936/2000] 58250405-9f77-4ede-98c3-c1018402397e: attributed to 001697; 0.0 s; peak memory 672 MiB.
2026-09-30T10:12:05Z INFO [1937/2000] 582cc084-733a-4928-ac72-d9b9488fb772: attributed to 001697; 0.5 s; peak memory 672 MiB.
2026-09-30T10:12:05Z INFO [1938/2000] 5832fb91-e8fc-402f-bfba-b1106cb7f664: attributed to 001697; 0.4 s; peak memory 672 MiB.
2026-09-30T10:12:05Z INFO [1939/2000] 58369c54-de21-43eb-ad74-cf75da3d2939: attributed to 000026; 0.1 s; peak memory 672 MiB.
2026-09-30T10:12:06Z INFO [1940/2000] 583db32b-b8e2-4640-a89d-161a1352e2b8: attributed to 001873; 0.5 s; peak memory 672 MiB.
2026-09-30T10:12:06Z INFO [1941/2000] 583dd45d-513e-4c7b-81f6-a7ba68c6867f: attributed to 001063; 0.0 s; peak memory 672 MiB.
2026-09-30T10:12:06Z INFO [1942/2000] 5840d08e-4536-4e6e-aac5-29ad45d1a91a: attributed to 000173; 0.0 s; peak memory 672 MiB.
2026-09-30T10:12:06Z INFO [1943/2000] 584ad3e1-acc4-4c2c-9eba-30f234e35878: attributed to 000068; 0.1 s; peak memory 672 MiB.
2026-09-30T10:12:06Z INFO [1944/2000] 58515ba5-3d0d-4f8d-aefc-dfc51e20f903: attributed to 001697; 0.3 s; peak memory 672 MiB.
2026-09-30T10:12:06Z INFO [1945/2000] 585c0769-8aee-4d92-b8f9-7e3741449f3d: attributed to 001697; 0.0 s; peak memory 672 MiB.
2026-09-30T10:12:06Z INFO [1946/2000] 586b26de-9336-427a-b9a1-9d1bf1dcbc39: attributed to 000026; 0.0 s; peak memory 672 MiB.
2026-09-30T10:12:07Z INFO [1947/2000] 586e863c-3ade-4b76-b1b2-e4457e709db8: attributed to 001697; 0.3 s; peak memory 672 MiB.
2026-09-30T10:12:07Z INFO [1948/2000] 587b2b64-c794-4ead-af54-5ed6e8fa5e06: attributed to 001697; 0.6 s; peak memory 672 MiB.
2026-09-30T10:12:07Z INFO [1949/2000] 588d2e17-5bb0-49f0-9ff1-f6882f494b11: attributed to 001697; 0.0 s; peak memory 672 MiB.
2026-09-30T10:12:07Z INFO [1950/2000] 588ede23-d574-4fb1-8460-503ee35c0267: attributed to 000946; 0.0 s; peak memory 672 MiB.
2026-09-30T10:12:09Z INFO [1950/2000] 588ede23-d574-4fb1-8460-503ee35c0267: checkpointed 474833 records.
2026-09-30T10:12:09Z INFO [1951/2000] 58943814-51c1-495b-8cd4-121160f6442e: attributed to 001697; 0.3 s; peak memory 672 MiB.
2026-09-30T10:12:09Z INFO [1952/2000] 58960251-6c6e-4052-bac4-b7858e05dc08: attributed to 000026; 0.0 s; peak memory 672 MiB.
2026-09-30T10:12:09Z INFO [1953/2000] 589d77f1-9842-416c-9f6e-054544cd0dc5: attributed to 000026; 0.0 s; peak memory 672 MiB.
2026-09-30T10:12:09Z INFO [1954/2000] 58a0aa2f-4256-4ec7-ae98-e75301d70255: attributed to 000946; 0.0 s; peak memory 672 MiB.
2026-09-30T10:12:09Z INFO [1955/2000] 58a31129-b67f-41aa-bad8-02ad674bb657: attributed to 000026; 0.0 s; peak memory 672 MiB.
2026-09-30T10:12:09Z INFO [1956/2000] 58a6db57-89df-4246-adcb-7e4da0a267f5: attributed to 001697; 0.2 s; peak memory 672 MiB.
2026-09-30T10:12:09Z INFO [1957/2000] 58ab8143-80fd-4d29-99b2-4cd22bfa2fcb: attributed to 001697; 0.0 s; peak memory 672 MiB.
2026-09-30T10:12:09Z INFO [1958/2000] 58ac7c0c-f4e6-450a-9442-91bee6e2e631: attributed to 001697; 0.0 s; peak memory 672 MiB.
2026-09-30T10:12:09Z INFO [1959/2000] 58ae5205-aff9-4201-b8e4-3d5992ea4b16: attributed to 000109; 0.0 s; peak memory 672 MiB.
2026-09-30T10:12:09Z INFO [1960/2000] 58aff8d9-8ad7-4dac-8997-3f1968d2edae: attributed to 000026; 0.0 s; peak memory 672 MiB.
2026-09-30T10:12:10Z INFO [1961/2000] 58b3bc0f-a37f-4105-b726-fcbe1e3eb940: attributed to 001697; 0.3 s; peak memory 672 MiB.
2026-09-30T10:12:10Z INFO [1962/2000] 58b7f836-dfb9-47fd-8a3f-567b612e208f: attributed to 001697; 0.0 s; peak memory 672 MiB.
2026-09-30T10:12:10Z INFO [1963/2000] 58c7a017-bdd0-4da1-809a-f414ca13fd26: attributed to 001697; 0.3 s; peak memory 672 MiB.
2026-09-30T10:12:10Z INFO [1964/2000] 58c7bc67-0a08-457d-a27f-d034d49b9725: attributed to 000026; 0.1 s; peak memory 672 MiB.
2026-09-30T10:12:10Z INFO [1965/2000] 58d181b4-ef57-459b-b964-5704115f73d3: attributed to 001697; 0.0 s; peak memory 672 MiB.
2026-09-30T10:12:10Z INFO [1966/2000] 58d28fc7-9b38-41a5-9683-1cc339ac578e: attributed to 000026; 0.1 s; peak memory 672 MiB.
2026-09-30T10:12:10Z INFO [1967/2000] 58ebec3b-2d84-4215-b003-1373b5084895: attributed to 000026; 0.0 s; peak memory 672 MiB.
2026-09-30T10:12:10Z INFO [1968/2000] 5902edd0-5bad-4e19-9885-26327768deb9: attributed to 001697; 0.5 s; peak memory 672 MiB.
2026-09-30T10:12:10Z INFO [1969/2000] 5902f498-ef70-4ac2-b1e6-d047b07bc123: attributed to 000946; 0.0 s; peak memory 672 MiB.
2026-09-30T10:12:11Z INFO [1970/2000] 5910c5f0-9ba1-4d55-b58d-23ce504b3364: attributed to 000026; 0.0 s; peak memory 672 MiB.
2026-09-30T10:12:11Z INFO [1971/2000] 591cf459-0bfa-468c-88f9-72b2b7bc24ce: attributed to 001697; 0.3 s; peak memory 672 MiB.
2026-09-30T10:12:11Z INFO [1972/2000] 591d1d61-3125-44da-894c-e7f728bf3de6: attributed to 001697; 0.3 s; peak memory 672 MiB.
2026-09-30T10:12:11Z INFO [1973/2000] 5925b95d-bd2b-4018-88ea-ad3240cb87df: attributed to 001697; 0.3 s; peak memory 672 MiB.
2026-09-30T10:12:12Z INFO [1974/2000] 592a8b9f-97ea-4cbe-9b02-2a606f43556d: attributed to 001697; 0.3 s; peak memory 672 MiB.
2026-09-30T10:12:12Z INFO [1975/2000] 593e85d0-ac00-4e65-8cef-ff39fe6d78f8: attributed to 001697; 0.3 s; peak memory 672 MiB.
2026-09-30T10:12:12Z INFO [1976/2000] 593f20f8-a1c2-408d-862a-e98afbe9485f: attributed to 001697; 0.0 s; peak memory 672 MiB.
2026-09-30T10:12:12Z INFO [1977/2000] 59403183-a61b-4169-a4db-b61cabed0a85: attributed to 000109; 0.0 s; peak memory 672 MiB.
2026-09-30T10:12:12Z INFO [1978/2000] 594204c0-0789-460a-bde1-df52ee694988: attributed to 000026; 0.0 s; peak memory 672 MiB.
2026-09-30T10:12:12Z INFO [1979/2000] 59478534-2f41-42a4-bd77-9d6ef8b0d22d: attributed to 001697; 0.0 s; peak memory 672 MiB.
2026-09-30T10:12:12Z INFO [1980/2000] 5950409b-02cb-468c-9421-83301e0f94a4: attributed to 001697; 0.0 s; peak memory 672 MiB.
2026-09-30T10:12:12Z INFO [1981/2000] 5954379d-eb9e-4b34-97cd-12c94d1545af: attributed to 001697; 0.3 s; peak memory 672 MiB.
2026-09-30T10:12:13Z INFO [1982/2000] 5959f543-df35-4050-bd22-d1fb9b94b206: attributed to 001697; 0.3 s; peak memory 672 MiB.
2026-09-30T10:12:13Z INFO [1983/2000] 595f73e3-fddb-4de5-9dc7-a408f791cbcf: attributed to 000026; 0.0 s; peak memory 672 MiB.
2026-09-30T10:12:13Z INFO [1984/2000] 596aaf84-f239-423d-96f8-d1f1fb018101: attributed to 000209; 0.0 s; peak memory 672 MiB.
2026-09-30T10:12:13Z INFO [1985/2000] 59701997-447c-4dff-9941-540567fad61a: attributed to 001873; 0.4 s; peak memory 672 MiB.
2026-09-30T10:12:13Z INFO [1986/2000] 59740488-947d-4c89-831f-43c702e621a8: attributed to 001697; 0.3 s; peak memory 672 MiB.
2026-09-30T10:12:13Z INFO [1987/2000] 598a23a1-9e90-4177-99cb-907862ef316d: attributed to 000142; 0.0 s; peak memory 672 MiB.
2026-09-30T10:12:13Z INFO [1988/2000] 599174a8-5ce9-4f24-bc34-57c918e92ec7: attributed to 001697; 0.0 s; peak memory 672 MiB.
2026-09-30T10:12:14Z INFO [1989/2000] 59919f44-4bf0-40e5-97e3-3ce23b4e5115: attributed to 001697; 0.3 s; peak memory 672 MiB.
2026-09-30T10:12:14Z INFO [1990/2000] 59957be4-e9d4-4552-a192-60ba581073ee: attributed to 001697; 0.3 s; peak memory 672 MiB.
2026-09-30T10:12:14Z INFO [1991/2000] 5996c12c-57d1-4173-a8bd-e9e452b81199: attributed to 001697; 0.0 s; peak memory 672 MiB.
2026-09-30T10:12:15Z INFO [1992/2000] 5997c7bf-bd15-419f-abd8-90635c7fa2c0: attributed to 001697; 0.5 s; peak memory 672 MiB.
2026-09-30T10:12:15Z INFO [1993/2000] 5999b086-5866-4f47-9fd8-dc8a8733cafc: attributed to 000403; 0.0 s; peak memory 672 MiB.
2026-09-30T10:12:15Z INFO [1994/2000] 59a7a994-bc7c-4492-bb50-cab9208a7d14: attributed to 001697; 0.6 s; peak memory 672 MiB.
2026-09-30T10:12:15Z INFO [1995/2000] 59a9d0ae-cc90-406b-a137-d75ba2c9a4a9: attributed to 001697; 0.0 s; peak memory 672 MiB.
2026-09-30T10:12:16Z INFO [1996/2000] 59b21e04-3ddb-4cd1-9abd-bc3b985c1a24: attributed to 001697; 0.7 s; peak memory 672 MiB.
2026-09-30T10:12:17Z INFO [1997/2000] 59b44f4a-0a7f-4b5e-9cdf-12e3a1447958: attributed to 001697; 0.7 s; peak memory 672 MiB.
2026-09-30T10:12:17Z INFO [1998/2000] 59b703ed-2296-449a-9a0d-5eb37bbee5f7: attributed to 001697; 0.0 s; peak memory 672 MiB.
2026-09-30T10:12:17Z INFO [1999/2000] 59bcca65-c9fc-4ce9-9cc1-315133092725: attributed to 000026; 0.1 s; peak memory 672 MiB.
2026-09-30T10:12:18Z INFO [2000/2000] 59bfca89-c869-41dd-b7ab-eab92bda501d: attributed to 001697; 0.8 s; peak memory 672 MiB.
2026-09-30T10:12:19Z INFO [2000/2000] 59bfca89-c869-41dd-b7ab-eab92bda501d: checkpointed 474833 records.
2026-09-30T10:12:20Z INFO Wrote 474833 records to /tmp/derivatives/content_id_to_usage_dandiset_path.jsonl (2000 new, 0 failed) in 8.6 min (peak memory 673 MiB).
2026-09-30T10:12:20Z INFO Resolved 2000 ambiguous content IDs; 3999 of 11728 are now current, leaving 7729 for later runs.
