2026-10-01T10:32:21Z INFO Logging to /tmp/logs/update_2026-10-01T10-32-21Z.log.
2026-10-01T10:32:21Z INFO Update content-id-to-usage-dandiset-path (base directory /tmp).
2026-10-01T10:32:22Z INFO 481394 content IDs are already unique; 11748 need a heuristic.
2026-10-01T10:32:23Z INFO Fetching creation times for 60 dandisets from S3.
2026-10-01T10:32:24Z INFO Resolved 60 dandiset creation times.
2026-10-01T10:32:25Z INFO Processing 2000 items (493102 already recorded).
2026-10-01T10:32:31Z INFO [1/2000] 030b0a5d-adb1-4444-bb96-f1776118611d: attributed to 001697; 6.2 s; peak memory 691 MiB.
2026-10-01T10:32:31Z INFO [2/2000] 15902ff6-6793-475c-88a3-1c21afa38d59: attributed to 002017; 0.2 s; peak memory 691 MiB.
2026-10-01T10:32:31Z INFO [3/2000] 1783a5aa-aeb1-41fd-901e-59ddb1bddef5: attributed to 002017; 0.2 s; peak memory 691 MiB.
2026-10-01T10:32:34Z INFO [4/2000] 206c4202-5a1e-4396-9618-18abfeb63596: attributed to 000571; 2.6 s; peak memory 691 MiB.
2026-10-01T10:34:05Z INFO [5/2000] 32fb6873-0e71-4913-88fa-7ee9e5eefbdb: attributed to 000571; 91.1 s; peak memory 691 MiB.
2026-10-01T10:34:05Z INFO [6/2000] 35343f44-180b-42e6-8c13-8d87b0f82c10: attributed to 001697; 0.1 s; peak memory 691 MiB.
2026-10-01T10:36:26Z INFO [7/2000] 374d93d6-f54a-49e3-9bd4-23cc49c2e489: attributed to 001697; 141.5 s; peak memory 694 MiB.
2026-10-01T10:36:26Z INFO [8/2000] 41f68971-2ab0-4fd2-9f8a-be6d800ddd36: attributed to 001697; 0.1 s; peak memory 694 MiB.
2026-10-01T10:36:34Z INFO [9/2000] 45008c8c-2741-4f7e-87b5-968907a1ddb3: attributed to 001697; 7.7 s; peak memory 694 MiB.
2026-10-01T10:36:41Z INFO [10/2000] 57dfe0f6-8e34-4225-a438-65c0ac8b1832: attributed to 001697; 7.4 s; peak memory 694 MiB.
2026-10-01T10:36:46Z INFO [11/2000] 5815c603-3c5e-4e7f-9d94-4c09d1ed0a3d: attributed to 000571; 4.4 s; peak memory 694 MiB.
2026-10-01T10:36:47Z INFO [12/2000] 59ca8d49-e497-47bc-a55e-5453d7b728fb: attributed to 001697; 0.7 s; peak memory 694 MiB.
2026-10-01T10:36:47Z INFO [13/2000] 59cd627e-97d4-47a4-b6e6-aeb88d5ac628: attributed to 001697; 0.0 s; peak memory 694 MiB.
2026-10-01T10:36:47Z INFO [14/2000] 59cec43f-26b0-4aec-85fe-6a10db5b92fc: attributed to 000026; 0.2 s; peak memory 694 MiB.
2026-10-01T10:36:47Z INFO [15/2000] 59d0df64-a915-47b9-aa83-2d43df61e0b4: attributed to 001697; 0.0 s; peak memory 694 MiB.
2026-10-01T10:36:47Z INFO [16/2000] 59df1732-4d88-4ccb-b890-c56efd63c869: attributed to 001449; 0.2 s; peak memory 694 MiB.
2026-10-01T10:36:47Z INFO [17/2000] 59e07fbc-080a-48b1-9814-725d3952495e: attributed to 001697; 0.5 s; peak memory 694 MiB.
2026-10-01T10:36:48Z INFO [18/2000] 59fef8fc-4824-4064-94c3-a77ec81c59f4: attributed to 001697; 0.9 s; peak memory 694 MiB.
2026-10-01T10:36:49Z INFO [19/2000] 5a0b0bdf-b07f-42b2-90b7-c6db6116624d: attributed to 001697; 0.5 s; peak memory 694 MiB.
2026-10-01T10:36:49Z INFO [20/2000] 5a0c201b-df25-4a8e-b7e8-917a4f2640a2: attributed to 001697; 0.6 s; peak memory 694 MiB.
2026-10-01T10:36:50Z INFO [21/2000] 5a13d60c-f3ad-4388-ac27-8c233698169e: attributed to 001697; 0.5 s; peak memory 694 MiB.
2026-10-01T10:36:50Z INFO [22/2000] 5a17b3e3-131d-4745-ad23-04760c526549: attributed to 001697; 0.5 s; peak memory 694 MiB.
2026-10-01T10:36:51Z INFO [23/2000] 5a1e4d3a-f7ae-4b95-bf25-e7c0e2931633: attributed to 000946; 0.2 s; peak memory 694 MiB.
2026-10-01T10:36:51Z INFO [24/2000] 5a3024c6-5c66-48a6-a1d2-33871257805f: attributed to 001697; 0.0 s; peak memory 694 MiB.
2026-10-01T10:36:51Z INFO [25/2000] 5a35c653-b7e1-4294-800c-12ebf44e36eb: attributed to 000209; 0.0 s; peak memory 694 MiB.
2026-10-01T10:36:51Z INFO [26/2000] 5a35e930-ae03-405a-86f3-43ffa5606a59: attributed to 001449; 0.3 s; peak memory 694 MiB.
2026-10-01T10:36:51Z INFO [27/2000] 5a4505b1-f118-4c57-803b-33e976ca670f: attributed to 000026; 0.1 s; peak memory 694 MiB.
2026-10-01T10:36:51Z INFO [28/2000] 5a47cf65-71c9-47d6-9b3b-a8172775f6ba: attributed to 000142; 0.0 s; peak memory 694 MiB.
2026-10-01T10:36:51Z INFO [29/2000] 5a514d01-f9df-4a6a-8285-d1aa785ce5dc: attributed to 000109; 0.0 s; peak memory 694 MiB.
2026-10-01T10:36:51Z INFO [30/2000] 5a54de6d-4d46-4f8c-acef-62ed3041cceb: attributed to 001697; 0.5 s; peak memory 694 MiB.
2026-10-01T10:36:52Z INFO [31/2000] 5a58cb17-2ecc-4f5f-b398-f5d2bf840371: attributed to 000026; 0.1 s; peak memory 694 MiB.
2026-10-01T10:36:52Z INFO [32/2000] 5a61e966-2ab2-4f4a-aff3-a0999a592dfd: attributed to 001697; 0.5 s; peak memory 694 MiB.
2026-10-01T10:36:53Z INFO [33/2000] 5a64432b-726e-4972-9e00-2741941d4c6a: attributed to 001697; 0.9 s; peak memory 694 MiB.
2026-10-01T10:36:53Z INFO [34/2000] 5a7d0d86-cf16-4c9c-95d9-4a8acc1d8e40: attributed to 000293; 0.0 s; peak memory 694 MiB.
2026-10-01T10:36:53Z INFO [35/2000] 5a7f233f-bc59-46cd-91c5-7eb2553e71ea: attributed to 001449; 0.4 s; peak memory 694 MiB.
2026-10-01T10:36:53Z INFO [36/2000] 5a885af1-c6be-456f-b422-742ee2cd3405: attributed to 000946; 0.1 s; peak memory 694 MiB.
2026-10-01T10:36:53Z INFO [37/2000] 5a8bdbdc-8ce6-4803-af8e-d0056ff97091: attributed to 001697; 0.0 s; peak memory 694 MiB.
2026-10-01T10:36:54Z INFO [38/2000] 5a8c082c-e60a-4553-9ff8-7c92dbfbdff2: attributed to 000403; 0.3 s; peak memory 694 MiB.
2026-10-01T10:36:54Z INFO [39/2000] 5a8c89f7-3352-4e88-9ef5-fcd4a63eeea3: attributed to 001697; 0.0 s; peak memory 694 MiB.
2026-10-01T10:36:56Z INFO [40/2000] 5a8d6c22-f8dc-4640-af2b-eb21cf8f3074: attributed to 001873; 2.3 s; peak memory 694 MiB.
2026-10-01T10:36:56Z INFO [41/2000] 5a902085-4284-4ebf-b535-de18202de085: attributed to 001449; 0.1 s; peak memory 694 MiB.
2026-10-01T10:36:57Z INFO [42/2000] 5a9a15fa-0f44-4bd5-89ed-9117b9cf1435: attributed to 001697; 0.4 s; peak memory 694 MiB.
2026-10-01T10:36:57Z INFO [43/2000] 5a9c57bb-611f-4d2f-86ae-62b9c74296b3: attributed to 001697; 0.0 s; peak memory 694 MiB.
2026-10-01T10:36:57Z INFO [44/2000] 5a9cd9e9-ac8e-41df-98b8-10cfbf691347: attributed to 000026; 0.1 s; peak memory 694 MiB.
2026-10-01T10:36:57Z INFO [45/2000] 5a9f33e9-9c37-4891-8b9b-76e29ec592b4: attributed to 001697; 0.6 s; peak memory 694 MiB.
2026-10-01T10:36:58Z INFO [46/2000] 5aa26938-b10e-4475-ad1f-b8309e3f61c3: attributed to 001697; 0.9 s; peak memory 695 MiB.
2026-10-01T10:36:58Z INFO [47/2000] 5aa29f36-3138-4764-a3cb-9963862fb5d3: attributed to 001697; 0.0 s; peak memory 695 MiB.
2026-10-01T10:36:58Z INFO [48/2000] 5aa3f207-252f-4643-b548-b216cf6ffcab: attributed to 001697; 0.0 s; peak memory 695 MiB.
2026-10-01T10:36:59Z INFO [49/2000] 5aa73040-dba4-425d-a1f6-69051a1ef6e8: attributed to 001697; 0.5 s; peak memory 695 MiB.
2026-10-01T10:36:59Z INFO [50/2000] 5ab35c2b-f0a9-430e-8f8f-3957272dd459: attributed to 000026; 0.5 s; peak memory 695 MiB.
2026-10-01T10:37:00Z INFO [50/2000] 5ab35c2b-f0a9-430e-8f8f-3957272dd459: checkpointed 493105 records.
2026-10-01T10:37:01Z INFO [51/2000] 5ab9ac71-2241-4e59-97e2-a9e0740c951c: attributed to 001697; 0.3 s; peak memory 698 MiB.
2026-10-01T10:37:01Z INFO [52/2000] 5abd0a5e-6eaa-4ac2-8218-b0e711734c4e: attributed to 001697; 0.4 s; peak memory 698 MiB.
2026-10-01T10:37:01Z INFO [53/2000] 5aca180a-baf0-4fb6-96f5-04603a48530a: attributed to 001449; 0.2 s; peak memory 698 MiB.
2026-10-01T10:37:02Z INFO [54/2000] 5ad4ba04-3de4-491a-94e3-5cefb2c7202e: attributed to 000026; 0.8 s; peak memory 698 MiB.
2026-10-01T10:37:02Z INFO [55/2000] 5ad81ea6-b592-4721-b7ea-23e188a73561: attributed to 000946; 0.1 s; peak memory 698 MiB.
2026-10-01T10:37:02Z INFO [56/2000] 5adf4ffd-bc9b-41b7-a815-6958a2c9c9f4: attributed to 001449; 0.1 s; peak memory 698 MiB.
2026-10-01T10:37:02Z INFO [57/2000] 5ae45d97-4d41-40db-bf5b-13763f0be714: attributed to 001697; 0.0 s; peak memory 698 MiB.
2026-10-01T10:37:02Z INFO [58/2000] 5ae8f9d5-5d0c-485a-a143-c35e89a77780: attributed to 000026; 0.2 s; peak memory 698 MiB.
2026-10-01T10:37:02Z INFO [59/2000] 5af02070-6025-4e50-8656-837961a6ca0a: attributed to 001697; 0.0 s; peak memory 698 MiB.
2026-10-01T10:37:02Z INFO [60/2000] 5af05994-050c-451a-8171-5596df4ae1f7: attributed to 000142; 0.0 s; peak memory 698 MiB.
2026-10-01T10:37:02Z INFO [61/2000] 5af0687a-8f65-4682-be4c-47c605a59664: attributed to 001697; 0.0 s; peak memory 698 MiB.
2026-10-01T10:37:04Z INFO [62/2000] 5af1550f-d4b7-4cdb-8de4-e006a88b03a3: attributed to 001697; 1.1 s; peak memory 698 MiB.
2026-10-01T10:37:05Z INFO [63/2000] 5af8a736-1dbb-4394-991f-4f4ac7d73be5: attributed to 001697; 1.0 s; peak memory 698 MiB.
2026-10-01T10:37:05Z INFO [64/2000] 5afc3b49-5076-4d64-815b-5a03b67da5ed: attributed to 001697; 0.8 s; peak memory 698 MiB.
2026-10-01T10:37:05Z INFO [65/2000] 5afdc718-a93e-4de3-ab84-846faad268c8: attributed to 001697; 0.0 s; peak memory 698 MiB.
2026-10-01T10:37:05Z INFO [66/2000] 5b149109-d5e4-422c-bdb9-130c0471e5e5: attributed to 001449; 0.1 s; peak memory 698 MiB.
2026-10-01T10:37:06Z INFO [67/2000] 5b1556f4-890f-4747-a36a-cb08c4931e71: attributed to 001697; 0.6 s; peak memory 698 MiB.
2026-10-01T10:37:06Z INFO [68/2000] 5b17cfd6-ffcc-40f9-95db-e3f25f6f29cb: attributed to 000026; 0.1 s; peak memory 698 MiB.
2026-10-01T10:37:06Z INFO [69/2000] 5b19ad17-c9ab-4bb9-bf39-a9e938756f8a: attributed to 001697; 0.0 s; peak memory 698 MiB.
2026-10-01T10:37:07Z INFO [70/2000] 5b238c78-73ca-4635-a57b-e540d285af6f: attributed to 001697; 0.7 s; peak memory 698 MiB.
2026-10-01T10:37:08Z INFO [71/2000] 5b2683e5-659e-4407-8fcd-f9d58e644fb3: attributed to 001697; 0.8 s; peak memory 698 MiB.
2026-10-01T10:37:08Z INFO [72/2000] 5b296d80-9828-4770-8377-7e8fb59466e9: attributed to 000026; 0.1 s; peak memory 698 MiB.
2026-10-01T10:37:08Z INFO [73/2000] 5b2bc2d9-56a2-4ed0-805b-1484efb76c1a: attributed to 001697; 0.0 s; peak memory 698 MiB.
2026-10-01T10:37:08Z INFO [74/2000] 5b2ed7a1-0c89-49df-98c6-6bdcbf5ad3d5: attributed to 001697; 0.8 s; peak memory 698 MiB.
2026-10-01T10:37:09Z INFO [75/2000] 5b317d02-9a05-4b92-9e34-14d1f4da92fd: attributed to 001372; 0.2 s; peak memory 698 MiB.
2026-10-01T10:37:09Z INFO [76/2000] 5b357ea8-9293-4bc3-b141-39ed506f23c5: attributed to 001063; 0.2 s; peak memory 698 MiB.
2026-10-01T10:37:09Z INFO [77/2000] 5b3a53f7-587d-499b-a13f-eacfc593e5ec: attributed to 001697; 0.0 s; peak memory 698 MiB.
2026-10-01T10:37:09Z INFO [78/2000] 5b489436-3049-44ac-95db-9b7da5a650a8: attributed to 001449; 0.1 s; peak memory 698 MiB.
2026-10-01T10:37:09Z INFO [79/2000] 5b4b3d8d-4cce-45fd-94d3-3046478a5c65: attributed to 000209; 0.0 s; peak memory 698 MiB.
2026-10-01T10:37:10Z INFO [80/2000] 5b4e5c9e-3819-4d87-abc2-2eb50b2fa850: attributed to 001697; 0.6 s; peak memory 698 MiB.
2026-10-01T10:37:10Z INFO [81/2000] 5b5203ff-0ace-4c7e-ae2a-363e2b487500: attributed to 000026; 0.1 s; peak memory 698 MiB.
2026-10-01T10:37:10Z INFO [82/2000] 5b58d3bc-ec15-458b-8ac0-8b00807799f3: attributed to 000026; 0.1 s; peak memory 698 MiB.
2026-10-01T10:37:10Z INFO [83/2000] 5b5b46c8-3925-43a1-a893-3d0a1b6fc661: attributed to 000026; 0.5 s; peak memory 698 MiB.
2026-10-01T10:37:10Z INFO [84/2000] 5b5eee7c-c9cf-4338-baa7-3c0b05b0fe55: attributed to 000142; 0.0 s; peak memory 698 MiB.
2026-10-01T10:37:10Z INFO [85/2000] 5b66eaea-567e-4198-985d-aa9d6a4d3061: attributed to 001697; 0.0 s; peak memory 698 MiB.
2026-10-01T10:37:10Z INFO [86/2000] 5b6866c2-d913-4c40-b89f-db35e4892973: attributed to 001697; 0.0 s; peak memory 698 MiB.
2026-10-01T10:37:10Z INFO [87/2000] 5b6b2d46-c56e-4df7-a551-b7337eb9b36a: attributed to 000946; 0.1 s; peak memory 698 MiB.
2026-10-01T10:37:11Z INFO [88/2000] 5b6c31c3-5e70-47dc-b6e0-04f06a20bd97: attributed to 000026; 0.1 s; peak memory 698 MiB.
2026-10-01T10:37:11Z INFO [89/2000] 5b768394-d044-47c6-94e5-0c12785ad7de: attributed to 001697; 0.8 s; peak memory 698 MiB.
2026-10-01T10:37:11Z INFO [90/2000] 5b7adca2-1d88-466c-a221-f53a193238a9: attributed to 001697; 0.0 s; peak memory 698 MiB.
2026-10-01T10:37:12Z INFO [91/2000] 5b8033ea-6422-41b0-ae29-bfa1043feb6a: attributed to 000026; 0.3 s; peak memory 698 MiB.
2026-10-01T10:37:12Z INFO [92/2000] 5b8059e1-8ed3-410f-9d83-49fda2364e05: attributed to 001697; 0.0 s; peak memory 698 MiB.
2026-10-01T10:37:12Z INFO [93/2000] 5b89ac88-77bc-4228-8181-2c89bd46f8cd: attributed to 000026; 0.1 s; peak memory 698 MiB.
2026-10-01T10:37:13Z INFO [94/2000] 5b9ea13f-9053-4987-a52a-16bec17bc33e: attributed to 001697; 1.6 s; peak memory 698 MiB.
2026-10-01T10:37:13Z INFO [95/2000] 5b9fab3b-eb33-4c70-bb4b-a4642e36ce2b: attributed to 001697; 0.0 s; peak memory 698 MiB.
2026-10-01T10:37:13Z INFO [96/2000] 5ba2fd7a-01fc-4d2c-baad-45fb21a10b39: attributed to 001697; 0.0 s; peak memory 698 MiB.
2026-10-01T10:37:13Z INFO [97/2000] 5ba91ba3-285f-4ed4-b86b-c856a178fb63: attributed to 001697; 0.0 s; peak memory 698 MiB.
2026-10-01T10:37:14Z INFO [98/2000] 5baaf5ce-10d0-4ccb-ac3f-dde9cdb56094: attributed to 000026; 0.1 s; peak memory 698 MiB.
2026-10-01T10:39:31Z INFO [99/2000] 5badb2ec-1cd0-4d47-b08b-2c8e36481e34: attributed to 001697; 137.9 s; peak memory 699 MiB.
2026-10-01T10:39:31Z INFO [100/2000] 5bb5151f-94aa-464d-8781-85eb9233fc36: attributed to 001697; 0.0 s; peak memory 699 MiB.
2026-10-01T10:39:33Z INFO [100/2000] 5bb5151f-94aa-464d-8781-85eb9233fc36: checkpointed 493105 records.
2026-10-01T10:39:33Z INFO [101/2000] 5bb5487e-c282-43de-bfbc-46c655ba1aab: attributed to 000142; 0.0 s; peak memory 699 MiB.
2026-10-01T10:39:33Z INFO [102/2000] 5bba472b-14da-4a80-a8c3-979ed5f7d288: attributed to 001697; 0.0 s; peak memory 699 MiB.
2026-10-01T10:39:33Z INFO [103/2000] 5bc11f30-bde5-431a-943c-489ceb13ef3a: attributed to 001697; 0.0 s; peak memory 699 MiB.
2026-10-01T10:39:34Z INFO [104/2000] 5bcc8ce6-2f5a-422d-8177-2a072fd49709: attributed to 001873; 1.0 s; peak memory 699 MiB.
2026-10-01T10:39:34Z INFO [105/2000] 5bd1de5a-7bcc-46f9-af8a-e4a557ff9e21: attributed to 001449; 0.1 s; peak memory 699 MiB.
2026-10-01T10:39:34Z INFO [106/2000] 5be33486-defc-459f-b978-ac3b73ecf0f6: attributed to 001697; 0.5 s; peak memory 699 MiB.
2026-10-01T10:39:34Z INFO [107/2000] 5be5d7f9-09fd-4ead-8a52-765130c07a7a: attributed to 001697; 0.0 s; peak memory 699 MiB.
2026-10-01T10:39:34Z INFO [108/2000] 5be667df-8100-4122-b9c5-370012a25a78: attributed to 001697; 0.0 s; peak memory 699 MiB.
2026-10-01T10:39:35Z INFO [109/2000] 5be74dda-2f11-4ea8-b3a3-19ee4bfae700: attributed to 000946; 0.1 s; peak memory 699 MiB.
2026-10-01T10:39:35Z INFO [110/2000] 5be809fd-5534-451c-bca2-d738df07b8ea: attributed to 001697; 0.4 s; peak memory 699 MiB.
2026-10-01T10:39:35Z INFO [111/2000] 5bee9eda-ec18-4dc8-aced-7501aedb1997: attributed to 000026; 0.1 s; peak memory 699 MiB.
2026-10-01T10:39:35Z INFO [112/2000] 5bf05467-3fbb-4087-b4a6-975d9bbace7c: attributed to 001697; 0.4 s; peak memory 699 MiB.
2026-10-01T10:39:35Z INFO [113/2000] 5bf167ef-44d7-4ad6-8d18-0b560fabd629: attributed to 001697; 0.0 s; peak memory 699 MiB.
2026-10-01T10:39:36Z INFO [114/2000] 5bf2bdfd-fa6d-4780-8473-6d5f6b026e4b: attributed to 001697; 0.4 s; peak memory 699 MiB.
2026-10-01T10:39:36Z INFO [115/2000] 5bf32751-abd1-4662-9aeb-e62f64b558a4: attributed to 001697; 0.0 s; peak memory 699 MiB.
2026-10-01T10:39:36Z INFO [116/2000] 5bf62023-f419-42f6-a0d2-fedb02cfabf3: attributed to 001697; 0.3 s; peak memory 699 MiB.
2026-10-01T10:39:37Z INFO [117/2000] 5bf6c943-28b7-4877-a79d-80f890826a32: attributed to 001697; 0.6 s; peak memory 699 MiB.
2026-10-01T10:39:37Z INFO [118/2000] 5bfa874d-b16b-4928-af54-b986d5d127f3: attributed to 001697; 0.0 s; peak memory 699 MiB.
2026-10-01T10:39:37Z INFO [119/2000] 5bfb7d82-1da0-4225-8231-cce17acdfa8d: attributed to 001697; 0.3 s; peak memory 699 MiB.
2026-10-01T10:39:37Z INFO [120/2000] 5bfbd086-f267-4fa7-8a30-bdbb6de1710b: attributed to 001697; 0.3 s; peak memory 699 MiB.
2026-10-01T10:39:37Z INFO [121/2000] 5bfdc1c6-98db-4f60-8886-6bb3dad70a3a: attributed to 001697; 0.0 s; peak memory 699 MiB.
2026-10-01T10:39:37Z INFO [122/2000] 5c06d2ce-42a1-466b-88b1-5f7a84ffac7c: attributed to 000946; 0.1 s; peak memory 699 MiB.
2026-10-01T10:39:38Z INFO [123/2000] 5c0ad3fe-2e69-4214-96d2-2f0b40f4f588: attributed to 001697; 0.5 s; peak memory 699 MiB.
2026-10-01T10:39:39Z INFO [124/2000] 5c1407e8-d2af-47ae-aca5-1268657631d7: attributed to 001697; 1.1 s; peak memory 699 MiB.
2026-10-01T10:39:39Z INFO [125/2000] 5c141b24-f224-4829-ab88-42c823c519b9: attributed to 001697; 0.0 s; peak memory 699 MiB.
2026-10-01T10:39:39Z INFO [126/2000] 5c1b33d3-d7fb-4ce0-ae5e-ad0b4faa824b: attributed to 001697; 0.0 s; peak memory 699 MiB.
2026-10-01T10:39:39Z INFO [127/2000] 5c261bfc-26fc-46d7-b68c-8141433195d2: attributed to 000209; 0.0 s; peak memory 699 MiB.
2026-10-01T10:39:39Z INFO [128/2000] 5c268880-6c33-4fd9-a355-23a3e296c7a9: attributed to 000142; 0.0 s; peak memory 699 MiB.
2026-10-01T10:39:39Z INFO [129/2000] 5c28e6db-263f-490c-a816-8a6c051af53e: attributed to 001697; 0.4 s; peak memory 699 MiB.
2026-10-01T10:39:39Z INFO [130/2000] 5c2e9779-e24d-48fb-9c3d-13e7cd04f93b: attributed to 000109; 0.0 s; peak memory 699 MiB.
2026-10-01T10:39:39Z INFO [131/2000] 5c364bd5-b4d5-4979-9232-6f0cf007a809: attributed to 001697; 0.0 s; peak memory 699 MiB.
2026-10-01T10:39:40Z INFO [132/2000] 5c38c3ce-cb5b-4c4f-b999-765344d83127: attributed to 001697; 0.3 s; peak memory 699 MiB.
2026-10-01T10:39:40Z INFO [133/2000] 5c3f20bf-d8ec-4e89-abb7-cf258552e495: attributed to 001697; 0.3 s; peak memory 699 MiB.
2026-10-01T10:39:40Z INFO [134/2000] 5c410343-9f45-46ef-91e2-84412e8d3d4d: attributed to 001697; 0.3 s; peak memory 699 MiB.
2026-10-01T10:39:40Z INFO [135/2000] 5c41c6c9-efac-4864-9f4c-d8cdc61dfe8a: attributed to 001697; 0.0 s; peak memory 699 MiB.
2026-10-01T10:39:40Z INFO [136/2000] 5c48caf1-e34b-4094-970b-e6897c3576f0: attributed to 001697; 0.3 s; peak memory 699 MiB.
2026-10-01T10:39:40Z INFO [137/2000] 5c4d14be-c1dd-4f68-9ec8-0aa2b2822ae3: attributed to 001449; 0.1 s; peak memory 699 MiB.
2026-10-01T10:39:41Z INFO [138/2000] 5c4fbd1c-01d2-46fb-b5be-7fee74b40c97: attributed to 001873; 0.4 s; peak memory 699 MiB.
2026-10-01T10:39:41Z INFO [139/2000] 5c521a46-3a76-4af2-9158-c768937d0d51: attributed to 001748; 0.0 s; peak memory 699 MiB.
2026-10-01T10:39:41Z INFO [140/2000] 5c534f84-c070-4aa4-ab79-1ec0b13f0bcf: attributed to 000946; 0.1 s; peak memory 699 MiB.
2026-10-01T10:39:41Z INFO [141/2000] 5c69ef1c-d11a-4077-a918-9b3b7b77a306: attributed to 000465; 0.0 s; peak memory 699 MiB.
2026-10-01T10:39:41Z INFO [142/2000] 5c6ec748-0ab5-4b6a-9618-bb781ad2fdc2: attributed to 000026; 0.1 s; peak memory 699 MiB.
2026-10-01T10:39:41Z INFO [143/2000] 5c745a22-1c3a-4375-8558-d348a9815898: attributed to 001697; 0.0 s; peak memory 699 MiB.
2026-10-01T10:39:41Z INFO [144/2000] 5c75fd3f-fa37-4d91-ac13-24ad5a7d4044: attributed to 000026; 0.1 s; peak memory 699 MiB.
2026-10-01T10:39:41Z INFO [145/2000] 5c8400dc-1a55-425a-9153-06775fcd0aaa: attributed to 001697; 0.0 s; peak memory 699 MiB.
2026-10-01T10:39:41Z INFO [146/2000] 5c88135d-67c4-42d5-a01e-6324ffe4714b: attributed to 001697; 0.3 s; peak memory 699 MiB.
2026-10-01T10:39:41Z INFO [147/2000] 5c8a1e63-83a6-40a6-9b04-66f15942b3a8: attributed to 001697; 0.0 s; peak memory 699 MiB.
2026-10-01T10:39:41Z INFO [148/2000] 5c8ebb41-d9c4-49f2-ad87-10114407ffa6: attributed to 000403; 0.0 s; peak memory 699 MiB.
2026-10-01T10:39:41Z INFO [149/2000] 5c91be62-2d5d-45e2-b5d7-7fe4576c8515: attributed to 001697; 0.0 s; peak memory 699 MiB.
2026-10-01T10:39:42Z INFO [150/2000] 5c923d02-1a6c-40ae-9dae-9b778174aa56: attributed to 001697; 0.3 s; peak memory 699 MiB.
2026-10-01T10:39:43Z INFO [150/2000] 5c923d02-1a6c-40ae-9dae-9b778174aa56: checkpointed 493105 records.
2026-10-01T10:39:43Z INFO [151/2000] 5c982077-aad7-47b1-884e-dcaf19510de6: attributed to 000293; 0.0 s; peak memory 699 MiB.
2026-10-01T10:39:44Z INFO [152/2000] 5c9845d0-54a6-427d-90a8-70f58d53ff17: attributed to 001697; 0.4 s; peak memory 699 MiB.
2026-10-01T10:39:44Z INFO [153/2000] 5cab2950-a3f9-49bb-8a8d-8fe3e2160169: attributed to 000946; 0.1 s; peak memory 699 MiB.
2026-10-01T10:39:44Z INFO [154/2000] 5cb00816-274a-4db9-a892-8d83e2d51e07: attributed to 001063; 0.1 s; peak memory 699 MiB.
2026-10-01T10:39:44Z INFO [155/2000] 5cb10bbd-6edf-43bf-a7cf-0f2335b00654: attributed to 001697; 0.0 s; peak memory 699 MiB.
2026-10-01T10:39:44Z INFO [156/2000] 5cb202b0-187a-4cea-99ce-8305a467f561: attributed to 000026; 0.1 s; peak memory 699 MiB.
2026-10-01T10:39:44Z INFO [157/2000] 5cc09f44-cdda-47aa-aa16-8bb852f5536b: attributed to 001697; 0.3 s; peak memory 699 MiB.
2026-10-01T10:39:44Z INFO [158/2000] 5cc296aa-796f-41c9-ad27-cbb09af7795d: attributed to 001697; 0.3 s; peak memory 699 MiB.
2026-10-01T10:39:45Z INFO [159/2000] 5cc796a0-9ab2-46c5-ad2e-066c521e9b2e: attributed to 001697; 0.3 s; peak memory 699 MiB.
2026-10-01T10:39:45Z INFO [160/2000] 5cd3129f-25ff-4408-8a2c-8e5e0edb9abc: attributed to 001697; 0.0 s; peak memory 699 MiB.
2026-10-01T10:39:45Z INFO [161/2000] 5cd9bbf9-870c-4ca2-9970-ed31a590b03b: attributed to 001697; 0.3 s; peak memory 699 MiB.
2026-10-01T10:39:47Z INFO [162/2000] 5ceb13c7-13b8-4b7d-b655-330abf63499e: attributed to 000571; 2.1 s; peak memory 699 MiB.
2026-10-01T10:39:47Z INFO [163/2000] 5ceed6da-48d9-4474-abbc-6ae802cff004: attributed to 001697; 0.0 s; peak memory 699 MiB.
2026-10-01T10:39:47Z INFO [164/2000] 5cefe7bf-56e6-4580-9f12-0871bdb0918a: attributed to 001697; 0.3 s; peak memory 699 MiB.
2026-10-01T10:39:47Z INFO [165/2000] 5cf8f9ce-7679-4f48-8a97-94de5f28fdb6: attributed to 000293; 0.0 s; peak memory 699 MiB.
2026-10-01T10:39:47Z INFO [166/2000] 5cff206e-b3fb-4e4b-a5a0-ac7fcbf03c8b: attributed to 000946; 0.1 s; peak memory 699 MiB.
2026-10-01T10:39:48Z INFO [167/2000] 5d02cd9e-0aa9-4389-9136-b7d81b8dee33: attributed to 001697; 0.3 s; peak memory 699 MiB.
2026-10-01T10:39:48Z INFO [168/2000] 5d03ad3d-c3a2-4e92-af4c-abf5c464d760: attributed to 000026; 0.1 s; peak memory 699 MiB.
2026-10-01T10:39:48Z INFO [169/2000] 5d05b42e-ece3-49a7-b367-ec5c35e41ff4: attributed to 001697; 0.3 s; peak memory 699 MiB.
2026-10-01T10:39:48Z INFO [170/2000] 5d0ef9e9-966b-497a-b095-3dea6759e117: attributed to 000026; 0.1 s; peak memory 699 MiB.
2026-10-01T10:39:48Z INFO [171/2000] 5d1741ca-b055-4e9b-ba1d-55e5be676589: attributed to 001873; 0.4 s; peak memory 699 MiB.
2026-10-01T10:39:49Z INFO [172/2000] 5d1a6264-7f5f-4cb8-9de4-d52a961d61b8: attributed to 001697; 0.3 s; peak memory 699 MiB.
2026-10-01T10:39:49Z INFO [173/2000] 5d1d9cb1-6686-4e21-aae2-946cdbe4dce4: attributed to 001697; 0.3 s; peak memory 699 MiB.
2026-10-01T10:39:49Z INFO [174/2000] 5d23ed3b-4c68-434b-809f-d4a17f6f48e5: attributed to 000946; 0.1 s; peak memory 699 MiB.
2026-10-01T10:39:49Z INFO [175/2000] 5d29caab-5d01-4bf9-9b91-41a5947f4996: attributed to 000026; 0.1 s; peak memory 699 MiB.
2026-10-01T10:39:50Z INFO [176/2000] 5d29e994-e96a-43b7-ab7a-b9ad6a7c5711: attributed to 001697; 0.4 s; peak memory 699 MiB.
2026-10-01T10:39:50Z INFO [177/2000] 5d2b1869-3005-4bb8-bff0-8cfae8887537: attributed to 001697; 0.0 s; peak memory 699 MiB.
2026-10-01T10:39:50Z INFO [178/2000] 5d35279a-61be-4468-aab5-615f4cb5ea17: attributed to 001697; 0.5 s; peak memory 699 MiB.
2026-10-01T10:39:50Z INFO [179/2000] 5d3b7120-da5b-4afd-8ef4-d58e9047774d: attributed to 001063; 0.1 s; peak memory 699 MiB.
2026-10-01T10:39:51Z INFO [180/2000] 5d415269-520b-46f1-957d-590618b8139b: attributed to 001697; 0.5 s; peak memory 699 MiB.
2026-10-01T10:39:51Z INFO [181/2000] 5d41ad77-b2d0-47d3-b597-66c7882d2cf2: attributed to 001697; 0.0 s; peak memory 699 MiB.
2026-10-01T10:39:51Z INFO [182/2000] 5d4cfefc-b8af-4f90-85db-655dbab6b53d: attributed to 001749; 0.1 s; peak memory 699 MiB.
2026-10-01T10:39:51Z INFO [183/2000] 5d4e0124-8c7e-4a10-a180-2143c6c5665c: attributed to 001449; 0.1 s; peak memory 699 MiB.
2026-10-01T10:39:51Z INFO [184/2000] 5d576667-eb6e-4053-96c5-0b2e11dc2e31: attributed to 001748; 0.0 s; peak memory 699 MiB.
2026-10-01T10:39:51Z INFO [185/2000] 5d5c35b9-6288-4432-aadc-9d66a7cf603a: attributed to 001697; 0.0 s; peak memory 699 MiB.
2026-10-01T10:39:51Z INFO [186/2000] 5d60f6f0-bd8a-44c7-9ff5-88f4976364a8: attributed to 000946; 0.1 s; peak memory 699 MiB.
2026-10-01T10:39:51Z INFO [187/2000] 5d66eeb1-4fcb-469c-8dab-3bca40299690: attributed to 001697; 0.3 s; peak memory 699 MiB.
2026-10-01T10:39:52Z INFO [188/2000] 5d6cdb2a-6543-4e79-bc12-bd176706f1a2: attributed to 001697; 0.3 s; peak memory 699 MiB.
2026-10-01T10:39:52Z INFO [189/2000] 5d6ee203-bc50-46a7-905b-030da6d77ab8: attributed to 000109; 0.0 s; peak memory 699 MiB.
2026-10-01T10:39:52Z INFO [190/2000] 5d8470a8-67a8-45f6-93f2-d4dfb2ddb812: attributed to 000109; 0.0 s; peak memory 699 MiB.
2026-10-01T10:39:52Z INFO [191/2000] 5d9184df-1a09-45ed-8f3b-3f095e999dc9: attributed to 001697; 0.3 s; peak memory 699 MiB.
2026-10-01T10:39:52Z INFO [192/2000] 5d9bfb38-e84d-45f0-ac2d-a482ee7e3a17: attributed to 001697; 0.0 s; peak memory 699 MiB.
2026-10-01T10:39:52Z INFO [193/2000] 5d9e026d-e978-48fc-afa1-6631792a2afe: attributed to 001697; 0.0 s; peak memory 699 MiB.
2026-10-01T10:39:52Z INFO [194/2000] 5daaac37-e512-48fb-99df-f1d6f7486b2a: attributed to 001449; 0.1 s; peak memory 699 MiB.
2026-10-01T10:39:52Z INFO [195/2000] 5dae639e-ed81-468d-bb99-3c2c3844e806: attributed to 000026; 0.1 s; peak memory 699 MiB.
2026-10-01T10:39:52Z INFO [196/2000] 5daf778e-93b1-467d-a620-c0033b7cd094: attributed to 001697; 0.0 s; peak memory 699 MiB.
2026-10-01T10:39:52Z INFO [197/2000] 5dbcddd1-759f-4fe0-9fe1-28d0c46aff86: attributed to 001697; 0.3 s; peak memory 699 MiB.
2026-10-01T10:39:53Z INFO [198/2000] 5dc9076a-eb59-401b-bfb8-362cbdf70b6d: attributed to 001697; 0.3 s; peak memory 699 MiB.
2026-10-01T10:39:53Z INFO [199/2000] 5dd54e77-dea4-4b56-af37-cb46e631ffb6: attributed to 000026; 0.1 s; peak memory 699 MiB.
2026-10-01T10:39:53Z INFO [200/2000] 5de10a01-cc39-4c67-89bb-a8a64ebdc47c: attributed to 001697; 0.0 s; peak memory 699 MiB.
2026-10-01T10:39:54Z INFO [200/2000] 5de10a01-cc39-4c67-89bb-a8a64ebdc47c: checkpointed 493106 records.
2026-10-01T10:39:54Z INFO [201/2000] 5de89493-d2d7-4d28-a1a2-e06f9a1d4bb0: attributed to 001697; 0.0 s; peak memory 699 MiB.
2026-10-01T10:39:54Z INFO [202/2000] 5dea3d76-cad8-4d02-93ca-428fd912d44a: attributed to 000209; 0.0 s; peak memory 699 MiB.
2026-10-01T10:39:54Z INFO [203/2000] 5deb9ade-8a4d-4c3d-b64c-8082aad70ca9: attributed to 001697; 0.0 s; peak memory 699 MiB.
2026-10-01T10:39:54Z INFO [204/2000] 5df2ec3d-ec43-4a33-aa38-49a141f8f05d: attributed to 001278; 0.0 s; peak memory 699 MiB.
2026-10-01T10:39:54Z INFO [205/2000] 5dfcba6a-48d3-4193-85a3-a128ffbf350a: attributed to 001697; 0.0 s; peak memory 699 MiB.
2026-10-01T10:39:54Z INFO [206/2000] 5e0468e2-f708-498b-98bb-a8a141c2ccd5: attributed to 001697; 0.0 s; peak memory 699 MiB.
2026-10-01T10:39:54Z INFO [207/2000] 5e11f183-441e-466b-ac49-81b0344b247a: attributed to 001697; 0.0 s; peak memory 699 MiB.
2026-10-01T10:39:55Z INFO [208/2000] 5e17b321-acf5-4549-a487-ebfba8bb80b7: attributed to 001697; 0.6 s; peak memory 699 MiB.
2026-10-01T10:39:55Z INFO [209/2000] 5e270359-fbab-4443-b52f-10aa6a52eed6: attributed to 000465; 0.0 s; peak memory 699 MiB.
2026-10-01T10:39:55Z INFO [210/2000] 5e289c46-5af1-4a0c-928e-38a8e73b1f12: attributed to 000026; 0.1 s; peak memory 699 MiB.
2026-10-01T10:39:55Z INFO [211/2000] 5e29391e-53c3-4c14-90c4-358684f157f9: attributed to 001697; 0.4 s; peak memory 699 MiB.
2026-10-01T10:39:55Z INFO [212/2000] 5e3201f5-8a92-41f9-a965-cf3ea0d92336: attributed to 000026; 0.1 s; peak memory 699 MiB.
2026-10-01T10:39:55Z INFO [213/2000] 5e3ae30f-fbc9-41ba-a4da-625899cc9bf7: attributed to 001697; 0.0 s; peak memory 699 MiB.
2026-10-01T10:39:56Z INFO [214/2000] 5e3c114f-6279-49c9-a841-47d3fe5f1de9: attributed to 001697; 0.3 s; peak memory 699 MiB.
2026-10-01T10:39:56Z INFO [215/2000] 5e43d7f9-2226-47ba-a61e-08154dcf3522: attributed to 001697; 0.0 s; peak memory 699 MiB.
2026-10-01T10:39:56Z INFO [216/2000] 5e45475b-697b-40df-8281-5627b721f9de: attributed to 001449; 0.1 s; peak memory 699 MiB.
2026-10-01T10:39:56Z INFO [217/2000] 5e47312b-71fe-4521-8d9e-14b5269d0d34: attributed to 001697; 0.0 s; peak memory 699 MiB.
2026-10-01T10:39:56Z INFO [218/2000] 5e532860-3d48-45d0-9711-5b63ac93dc13: attributed to 001449; 0.1 s; peak memory 699 MiB.
2026-10-01T10:39:56Z INFO [219/2000] 5e588d54-a2ba-4e4b-8d93-37158f8a91b9: attributed to 000946; 0.1 s; peak memory 699 MiB.
2026-10-01T10:39:56Z INFO [220/2000] 5e7a4b14-f160-4548-bdfb-b65cc79a4878: attributed to 001697; 0.3 s; peak memory 699 MiB.
2026-10-01T10:39:56Z INFO [221/2000] 5e7c3441-7fed-4a2d-9a5e-6697a983fde4: attributed to 001697; 0.3 s; peak memory 699 MiB.
2026-10-01T10:39:56Z INFO [222/2000] 5e83158c-a8cb-4921-b3e6-a258b8175aea: attributed to 001697; 0.0 s; peak memory 699 MiB.
2026-10-01T10:39:57Z INFO [223/2000] 5e8ffa27-b03f-40f6-836b-d3d5fdd3f0c3: attributed to 001769; 0.4 s; peak memory 699 MiB.
2026-10-01T10:39:57Z INFO [224/2000] 5e91d6ab-6eaf-4f2e-92a2-7e052d7d2b82: attributed to 001697; 0.0 s; peak memory 699 MiB.
2026-10-01T10:39:57Z INFO [225/2000] 5ea02ec2-f009-4ac4-8927-af4a291a0097: attributed to 000209; 0.0 s; peak memory 699 MiB.
2026-10-01T10:39:57Z INFO [226/2000] 5eaa8fc1-e5c3-470f-b88d-fe7733f866e3: attributed to 001697; 0.3 s; peak memory 699 MiB.
2026-10-01T10:39:57Z INFO [227/2000] 5eb9301f-681c-4e46-b62f-2285e95383d3: attributed to 001697; 0.3 s; peak memory 699 MiB.
2026-10-01T10:39:58Z INFO [228/2000] 5ebee3d3-2d9f-4af1-a93b-f25f34ff6c12: attributed to 000946; 0.1 s; peak memory 699 MiB.
2026-10-01T10:39:58Z INFO [229/2000] 5ec8eb08-e147-4b22-977a-2f65941cc1ff: attributed to 001697; 0.0 s; peak memory 699 MiB.
2026-10-01T10:39:58Z INFO [230/2000] 5ec9d330-bcac-450c-96fa-e5584ad85494: attributed to 000142; 0.0 s; peak memory 699 MiB.
2026-10-01T10:39:58Z INFO [231/2000] 5ecd6454-e385-46bf-b0eb-6915ea92f811: attributed to 000026; 0.1 s; peak memory 699 MiB.
2026-10-01T10:39:58Z INFO [232/2000] 5ecf1e00-9508-4768-8646-31fdf9c0dcb2: attributed to 000026; 0.2 s; peak memory 699 MiB.
2026-10-01T10:39:58Z INFO [233/2000] 5ed3b4cf-491c-4763-9f89-f5402bf39a5c: attributed to 001697; 0.0 s; peak memory 699 MiB.
2026-10-01T10:39:58Z INFO [234/2000] 5ee4a92d-93f1-4e0e-9467-1d73f71f2f09: attributed to 001697; 0.3 s; peak memory 699 MiB.
2026-10-01T10:39:58Z INFO [235/2000] 5ee52bbd-0210-4288-9673-e35c5f2bddb9: attributed to 001873; 0.4 s; peak memory 699 MiB.
2026-10-01T10:39:58Z INFO [236/2000] 5eec8ee2-98e5-45ad-9bfb-ddf7da00fa10: attributed to 001697; 0.0 s; peak memory 699 MiB.
2026-10-01T10:39:58Z INFO [237/2000] 5ef503ee-544e-4503-860e-1cddec19151f: attributed to 001697; 0.0 s; peak memory 699 MiB.
2026-10-01T10:39:58Z INFO [238/2000] 5efbe366-44ed-44ff-b024-25cede6e2dad: attributed to 001697; 0.0 s; peak memory 699 MiB.
2026-10-01T10:39:59Z INFO [239/2000] 5f0155f6-5aa4-4d75-90ad-bebc305c9891: attributed to 001063; 0.1 s; peak memory 699 MiB.
2026-10-01T10:39:59Z INFO [240/2000] 5f0383f9-1f3b-48cf-98ee-61a783d23356: attributed to 000026; 0.1 s; peak memory 699 MiB.
2026-10-01T10:39:59Z INFO [241/2000] 5f06918b-13ae-456b-a37d-915997750c65: attributed to 001697; 0.3 s; peak memory 699 MiB.
2026-10-01T10:39:59Z INFO [242/2000] 5f0767d8-3f0e-497a-b34b-f83f94379516: attributed to 001697; 0.3 s; peak memory 699 MiB.
2026-10-01T10:39:59Z INFO [243/2000] 5f091703-a2c9-49d7-b737-f43c6d20b124: attributed to 001697; 0.0 s; peak memory 699 MiB.
2026-10-01T10:39:59Z INFO [244/2000] 5f0ad610-ee09-4dad-9fe6-e15e3d6fbf54: attributed to 001697; 0.0 s; peak memory 699 MiB.
2026-10-01T10:39:59Z INFO [245/2000] 5f0f9ddc-b94f-4684-beb1-0431374471d2: attributed to 001449; 0.1 s; peak memory 699 MiB.
2026-10-01T10:39:59Z INFO [246/2000] 5f103690-53f1-4295-81f6-dc9dd9161a76: attributed to 000142; 0.0 s; peak memory 699 MiB.
2026-10-01T10:39:59Z INFO [247/2000] 5f153244-0ea6-44e0-b38a-4a02952b29d3: attributed to 000946; 0.1 s; peak memory 699 MiB.
2026-10-01T10:40:00Z INFO [248/2000] 5f20e836-05bb-469d-be27-0f76eb3a6c5d: attributed to 001697; 0.9 s; peak memory 699 MiB.
2026-10-01T10:40:00Z INFO [249/2000] 5f2a4da0-145c-4128-aedf-335526098d4c: attributed to 001697; 0.0 s; peak memory 699 MiB.
2026-10-01T10:40:00Z INFO [250/2000] 5f362909-d268-4abf-870d-ccabf48a4dad: attributed to 001697; 0.0 s; peak memory 699 MiB.
2026-10-01T10:40:02Z INFO [250/2000] 5f362909-d268-4abf-870d-ccabf48a4dad: checkpointed 493106 records.
2026-10-01T10:40:02Z INFO [251/2000] 5f43af2c-891f-49f1-8f27-03471f7bf8a9: attributed to 001697; 0.3 s; peak memory 700 MiB.
2026-10-01T10:40:02Z INFO [252/2000] 5f4d788a-a5b8-4a32-a2d3-74e6f29a0f15: attributed to 000403; 0.0 s; peak memory 700 MiB.
2026-10-01T10:40:02Z INFO [253/2000] 5f525222-4cd6-4e21-b1ae-0e6f8c965280: attributed to 000026; 0.4 s; peak memory 700 MiB.
2026-10-01T10:40:03Z INFO [254/2000] 5f5348ad-2ed9-4f3c-bec4-c0ae0daf1e32: attributed to 001449; 0.3 s; peak memory 700 MiB.
2026-10-01T10:40:03Z INFO [255/2000] 5f545d51-613c-4685-88bd-0008c1023131: attributed to 001697; 0.3 s; peak memory 700 MiB.
2026-10-01T10:40:03Z INFO [256/2000] 5f55804d-1cdc-4f3c-83e1-3efec3078071: attributed to 001697; 0.0 s; peak memory 700 MiB.
2026-10-01T10:40:03Z INFO [257/2000] 5f55d014-a302-4f63-a9af-748cda00b4c7: attributed to 001697; 0.3 s; peak memory 700 MiB.
2026-10-01T10:40:03Z INFO [258/2000] 5f630a90-d6dc-48c1-a94f-c8c49a236fe8: attributed to 000946; 0.1 s; peak memory 700 MiB.
2026-10-01T10:40:04Z INFO [259/2000] 5f63335d-b9da-4f87-9180-7ea09d5d0c69: attributed to 001697; 0.3 s; peak memory 700 MiB.
2026-10-01T10:40:04Z INFO [260/2000] 5f657091-eb84-48d8-993d-d763e26e12ee: attributed to 001697; 0.0 s; peak memory 700 MiB.
2026-10-01T10:40:04Z INFO [261/2000] 5f68f422-1779-4f9a-95b9-9990d67805aa: attributed to 001697; 0.0 s; peak memory 700 MiB.
2026-10-01T10:40:04Z INFO [262/2000] 5f691b18-4287-4b3f-9d74-41dd3184a88e: attributed to 001697; 0.0 s; peak memory 700 MiB.
2026-10-01T10:40:04Z INFO [263/2000] 5f6a8fc6-306c-45b4-b9b3-84e08a2bf147: attributed to 000026; 0.4 s; peak memory 700 MiB.
2026-10-01T10:40:04Z INFO [264/2000] 5f6dc4c3-8bc3-4a20-bfdb-0212a84bae4f: attributed to 000209; 0.0 s; peak memory 700 MiB.
2026-10-01T10:40:04Z INFO [265/2000] 5f7d1dc8-765d-495e-8396-560ded0cd845: attributed to 001289; 0.1 s; peak memory 700 MiB.
2026-10-01T10:40:04Z INFO [266/2000] 5f7da49a-f610-471a-8ff9-fb6d2119622b: attributed to 000026; 0.2 s; peak memory 700 MiB.
2026-10-01T10:40:05Z INFO [267/2000] 5f83774c-e5fb-4897-bc42-77191b3944ed: attributed to 001697; 0.3 s; peak memory 700 MiB.
2026-10-01T10:40:05Z INFO [268/2000] 5f883d38-1e30-44cd-9260-cd3db6cc6e3f: attributed to 001697; 0.3 s; peak memory 700 MiB.
2026-10-01T10:40:05Z INFO [269/2000] 5f8c7150-43d4-489b-ba9d-1a082b93e23a: attributed to 001858; 0.0 s; peak memory 700 MiB.
2026-10-01T10:40:05Z INFO [270/2000] 5f9c152f-b703-4cb7-92a9-17238f7e36f8: attributed to 000026; 0.3 s; peak memory 700 MiB.
2026-10-01T10:40:06Z INFO [271/2000] 5f9cf924-33f2-4015-8dda-cc1e1232ff13: attributed to 001697; 1.1 s; peak memory 700 MiB.
2026-10-01T10:40:07Z INFO [272/2000] 5fa0eacc-fb7a-4303-87b7-54b24cc17364: attributed to 000026; 0.1 s; peak memory 700 MiB.
2026-10-01T10:40:07Z INFO [273/2000] 5fa5fce0-a9fb-44cd-a24d-d1c7fd01e856: attributed to 000026; 0.1 s; peak memory 700 MiB.
2026-10-01T10:40:07Z INFO [274/2000] 5fa66ae8-28a8-4c55-a5fb-8346ac04eba2: attributed to 001697; 0.3 s; peak memory 700 MiB.
2026-10-01T10:40:07Z INFO [275/2000] 5faa033d-0a21-4ca4-abb1-392ac86d15b7: attributed to 000209; 0.0 s; peak memory 700 MiB.
2026-10-01T10:40:07Z INFO [276/2000] 5fb079ab-b6fe-41ca-9b59-0e1d4ab4760d: attributed to 000946; 0.1 s; peak memory 700 MiB.
2026-10-01T10:40:07Z INFO [277/2000] 5fb52d4e-4cb9-4148-b2fd-d19528d01b1a: attributed to 001697; 0.0 s; peak memory 700 MiB.
2026-10-01T10:40:07Z INFO [278/2000] 5fc99668-eccf-440c-94eb-715c062e43b1: attributed to 001063; 0.1 s; peak memory 700 MiB.
2026-10-01T10:40:07Z INFO [279/2000] 5fd781c7-8241-4840-bc5c-aaf568af2ad2: attributed to 000570; 0.0 s; peak memory 700 MiB.
2026-10-01T10:40:07Z INFO [280/2000] 5fd84627-c054-44ca-a468-20c7234bef9f: attributed to 001697; 0.0 s; peak memory 700 MiB.
2026-10-01T10:40:07Z INFO [281/2000] 5fdb45d3-3bab-43fd-9750-473ab9f2fc65: attributed to 001697; 0.0 s; peak memory 700 MiB.
2026-10-01T10:40:07Z INFO [282/2000] 5fe0aa94-a316-41df-8b7b-69784df8ec97: attributed to 000109; 0.0 s; peak memory 700 MiB.
2026-10-01T10:40:07Z INFO [283/2000] 5febb650-668b-4087-9411-79d7b84f6d70: attributed to 000026; 0.1 s; peak memory 700 MiB.
2026-10-01T10:40:07Z INFO [284/2000] 5fee29b6-a517-469f-96f8-b7fa7d57e04a: attributed to 001697; 0.0 s; peak memory 700 MiB.
2026-10-01T10:40:07Z INFO [285/2000] 5feedc94-4490-4cd1-af24-adc0f5bcd3a8: attributed to 000109; 0.0 s; peak memory 700 MiB.
2026-10-01T10:40:07Z INFO [286/2000] 5fef7add-15b5-44ce-84dc-168c167658e5: attributed to 000142; 0.0 s; peak memory 700 MiB.
2026-10-01T10:40:08Z INFO [287/2000] 5ff4347e-1d71-4af3-85c1-a982de68901b: attributed to 000026; 0.3 s; peak memory 700 MiB.
2026-10-01T10:40:08Z INFO [288/2000] 5ff962bc-8470-4748-8d81-b42a59144ed0: attributed to 001697; 0.0 s; peak memory 700 MiB.
2026-10-01T10:40:08Z INFO [289/2000] 5fff5c02-3c33-4c12-823b-a2ba1e6c94cb: attributed to 000109; 0.0 s; peak memory 700 MiB.
2026-10-01T10:40:08Z INFO [290/2000] 5fffe009-5ca0-4841-8224-34895b6aed52: attributed to 001697; 0.3 s; peak memory 700 MiB.
2026-10-01T10:40:08Z INFO [291/2000] 6000e40c-c52c-40db-bc29-a5e1f3068e8f: attributed to 001449; 0.1 s; peak memory 700 MiB.
2026-10-01T10:40:08Z INFO [292/2000] 6001b526-9e8a-4081-97d2-9b7536b6b49f: attributed to 001697; 0.0 s; peak memory 700 MiB.
2026-10-01T10:40:08Z INFO [293/2000] 60026751-89ae-4754-a8be-700de64859b4: attributed to 001697; 0.3 s; peak memory 700 MiB.
2026-10-01T10:40:08Z INFO [294/2000] 6004f79c-fa5e-4be5-99f0-b44a3a8bcd59: attributed to 000570; 0.0 s; peak memory 700 MiB.
2026-10-01T10:40:08Z INFO [295/2000] 600ccddd-fd8d-4c4e-b0de-7d3870362090: attributed to 001697; 0.0 s; peak memory 700 MiB.
2026-10-01T10:40:09Z INFO [296/2000] 60113ef4-f37f-4f21-9b8a-f4e7c5531208: attributed to 001697; 0.3 s; peak memory 700 MiB.
2026-10-01T10:40:09Z INFO [297/2000] 60153fe9-9f7d-4a30-8e04-9a0685579ce8: attributed to 000624; 0.3 s; peak memory 700 MiB.
2026-10-01T10:40:09Z INFO [298/2000] 6017e024-9549-4e8c-8e24-08cf4fb7919f: attributed to 001046; 0.0 s; peak memory 700 MiB.
2026-10-01T10:40:09Z INFO [299/2000] 601e9e07-2b05-4f47-bf43-f5130fa91e40: attributed to 001697; 0.4 s; peak memory 700 MiB.
2026-10-01T10:40:12Z INFO [300/2000] 60224c5d-34da-44e5-a93b-cf6dc6ad96af: attributed to 001514; 3.1 s; peak memory 700 MiB.
2026-10-01T10:40:14Z INFO [300/2000] 60224c5d-34da-44e5-a93b-cf6dc6ad96af: checkpointed 493106 records.
2026-10-01T10:40:14Z INFO [301/2000] 602cf1b1-4c23-4074-8a3f-602ce8f56ec2: attributed to 000026; 0.1 s; peak memory 700 MiB.
2026-10-01T10:40:14Z INFO [302/2000] 60304258-0d2d-458d-8695-f8d39e855ec6: attributed to 000946; 0.1 s; peak memory 700 MiB.
2026-10-01T10:40:14Z INFO [303/2000] 6036eda3-96d5-434c-a0ab-bbf42d1fabed: attributed to 001697; 0.0 s; peak memory 700 MiB.
2026-10-01T10:40:14Z INFO [304/2000] 603805f1-2c69-4740-92c1-b09eaf86947e: attributed to 000946; 0.1 s; peak memory 700 MiB.
2026-10-01T10:40:14Z INFO [305/2000] 6039f8b0-9360-4a1a-b8da-e0997dbae105: attributed to 001697; 0.3 s; peak memory 700 MiB.
2026-10-01T10:40:15Z INFO [306/2000] 603b7597-d270-41e3-a5a4-254d9058174b: attributed to 001697; 0.3 s; peak memory 700 MiB.
2026-10-01T10:40:15Z INFO [307/2000] 603f2c76-b032-4e82-ae27-bb574b338a0c: attributed to 001697; 0.0 s; peak memory 700 MiB.
2026-10-01T10:40:26Z INFO [308/2000] 6040a361-af3d-4586-8900-a301e5c42e4a: attributed to 000571; 11.3 s; peak memory 700 MiB.
2026-10-01T10:40:26Z INFO [309/2000] 6044d6e6-5913-4d0e-bb50-a402f4f56259: attributed to 001697; 0.0 s; peak memory 700 MiB.
2026-10-01T10:40:27Z INFO [310/2000] 604a6c82-2541-497c-8c54-5559d94d3684: attributed to 000571; 1.3 s; peak memory 700 MiB.
2026-10-01T10:40:27Z INFO [311/2000] 604df156-1ba1-4213-a275-c8b4edccc02f: attributed to 000142; 0.0 s; peak memory 700 MiB.
2026-10-01T10:40:27Z INFO [312/2000] 60563344-84db-4cf7-a5db-f1f0ba683ebb: attributed to 001697; 0.0 s; peak memory 700 MiB.
2026-10-01T10:40:28Z INFO [313/2000] 605cce64-2dc6-4606-a9a5-c7340c80c5ec: attributed to 001697; 0.6 s; peak memory 700 MiB.
2026-10-01T10:40:29Z INFO [314/2000] 60668a1f-cfd5-416b-a7d4-71b8a72af7cf: attributed to 001873; 0.7 s; peak memory 700 MiB.
2026-10-01T10:40:29Z INFO [315/2000] 60691956-b331-4cc5-97ba-423a1820d7f0: attributed to 001697; 0.3 s; peak memory 700 MiB.
2026-10-01T10:40:29Z INFO [316/2000] 606a3a24-790a-4a27-833b-e8c6a9e1c519: attributed to 001697; 0.0 s; peak memory 700 MiB.
2026-10-01T10:40:29Z INFO [317/2000] 60748362-78dc-403e-816b-8e38750062fc: attributed to 001449; 0.1 s; peak memory 700 MiB.
2026-10-01T10:40:29Z INFO [318/2000] 608482be-e8e7-4688-a6b1-9ffd399c2b2a: attributed to 000026; 0.1 s; peak memory 700 MiB.
2026-10-01T10:40:29Z INFO [319/2000] 608a0851-fb52-4ec9-91f4-f3d5e30033cb: attributed to 000026; 0.1 s; peak memory 700 MiB.
2026-10-01T10:40:29Z INFO [320/2000] 608d69c6-e153-4441-bbed-637a05de9461: attributed to 001748; 0.0 s; peak memory 700 MiB.
2026-10-01T10:40:29Z INFO [321/2000] 609351df-fb6c-4a8e-a658-8b6ae864b9c8: attributed to 001697; 0.0 s; peak memory 700 MiB.
2026-10-01T10:40:29Z INFO [322/2000] 609e01f0-5709-48c7-b322-5c1c84ec6399: attributed to 001697; 0.3 s; peak memory 700 MiB.
2026-10-01T10:40:30Z INFO [323/2000] 60a05484-22f6-45b3-b4ce-a02da33923b5: attributed to 001697; 0.3 s; peak memory 700 MiB.
2026-10-01T10:40:30Z INFO [324/2000] 60b35f51-06b1-46f0-92b0-cdd2045bf210: attributed to 001697; 0.0 s; peak memory 700 MiB.
2026-10-01T10:40:30Z INFO [325/2000] 60b7dc06-91f5-4faa-ab15-5fa632249e40: attributed to 001697; 0.0 s; peak memory 700 MiB.
2026-10-01T10:40:30Z INFO [326/2000] 60b92c4c-4d70-467f-8c14-4418fad08486: attributed to 001258; 0.0 s; peak memory 700 MiB.
2026-10-01T10:40:30Z INFO [327/2000] 60bd5b7e-3109-47dc-adec-26f72e0c1b4b: attributed to 000570; 0.0 s; peak memory 700 MiB.
2026-10-01T10:40:30Z INFO [328/2000] 60c02ff4-3872-4437-a78e-7a2bc377636e: attributed to 000026; 0.1 s; peak memory 700 MiB.
2026-10-01T10:40:30Z INFO [329/2000] 60c7324f-a50c-4d7b-bc6b-00f61ba9b6d2: attributed to 001697; 0.3 s; peak memory 700 MiB.
2026-10-01T10:40:30Z INFO [330/2000] 60c88915-206c-4495-b27d-1bc67a4cd714: attributed to 001697; 0.3 s; peak memory 700 MiB.
2026-10-01T10:40:30Z INFO [331/2000] 60cab8fb-412f-437b-ae39-e4fe1164c768: attributed to 001697; 0.0 s; peak memory 700 MiB.
2026-10-01T10:40:30Z INFO [332/2000] 60cd4b78-9863-4a02-ab5b-a5faccc7add3: attributed to 001697; 0.0 s; peak memory 700 MiB.
2026-10-01T10:40:30Z INFO [333/2000] 60cf8a93-d7ba-4d18-b768-4e478e6f574e: attributed to 000209; 0.0 s; peak memory 700 MiB.
2026-10-01T10:40:31Z INFO [334/2000] 60d51c24-b345-40a8-894e-56d299005a22: attributed to 000026; 0.1 s; peak memory 700 MiB.
2026-10-01T10:40:31Z INFO [335/2000] 60d957c4-2760-4c62-912a-e8a24d0fb5a3: attributed to 001697; 0.3 s; peak memory 700 MiB.
2026-10-01T10:40:31Z INFO [336/2000] 60dd6091-3d55-4aaa-864e-b61b5cb62b2b: attributed to 000109; 0.0 s; peak memory 700 MiB.
2026-10-01T10:40:31Z INFO [337/2000] 60e6bcdd-7da7-4c8b-943e-2689a2efc9c8: attributed to 000026; 0.1 s; peak memory 700 MiB.
2026-10-01T10:40:31Z INFO [338/2000] 60e851af-8f0e-4224-9195-d6ef2d53d41d: attributed to 001697; 0.3 s; peak memory 700 MiB.
2026-10-01T10:40:31Z INFO [339/2000] 60ea168f-6800-4435-a34d-e968473a72aa: attributed to 000026; 0.1 s; peak memory 700 MiB.
2026-10-01T10:40:31Z INFO [340/2000] 60ea93cd-9acc-4df4-9f73-e3834e54dc54: attributed to 001697; 0.0 s; peak memory 700 MiB.
2026-10-01T10:40:31Z INFO [341/2000] 60ead775-6efe-4795-b052-0348ccaa61a9: attributed to 001449; 0.1 s; peak memory 700 MiB.
2026-10-01T10:40:32Z INFO [342/2000] 60ed929a-481e-4592-ad25-bc8c0cf17e43: attributed to 000946; 0.1 s; peak memory 700 MiB.
2026-10-01T10:40:32Z INFO [343/2000] 60ef768b-c01f-4e52-96ef-c90fd468b01d: attributed to 001697; 0.0 s; peak memory 700 MiB.
2026-10-01T10:40:32Z INFO [344/2000] 60f14deb-fa01-4df3-a06c-c939ebcd5f05: attributed to 000209; 0.0 s; peak memory 700 MiB.
2026-10-01T10:40:32Z INFO [345/2000] 60f5c156-732c-418e-bf9e-affdfe007f70: attributed to 001258; 0.0 s; peak memory 700 MiB.
2026-10-01T10:40:32Z INFO [346/2000] 60f64b3d-503e-4955-a0ea-e0fb56eed5c4: attributed to 000026; 0.1 s; peak memory 700 MiB.
2026-10-01T10:40:32Z INFO [347/2000] 60f8ea3e-97f3-4781-b9f3-fe3a18e503d3: attributed to 001697; 0.3 s; peak memory 700 MiB.
2026-10-01T10:40:32Z INFO [348/2000] 61091b51-3166-4dc7-9596-a92a9adada27: attributed to 000142; 0.0 s; peak memory 700 MiB.
2026-10-01T10:40:32Z INFO [349/2000] 61105313-174f-4803-958a-189c29e203e6: attributed to 001697; 0.3 s; peak memory 700 MiB.
2026-10-01T10:40:33Z INFO [350/2000] 6112f159-bf05-4f02-b329-f7a25e34c425: attributed to 001697; 0.3 s; peak memory 700 MiB.
2026-10-01T10:40:34Z INFO [350/2000] 6112f159-bf05-4f02-b329-f7a25e34c425: checkpointed 493108 records.
2026-10-01T10:40:34Z INFO [351/2000] 61170cca-a284-4cff-971d-c4fa8e0c27e9: attributed to 000142; 0.0 s; peak memory 700 MiB.
2026-10-01T10:40:34Z INFO [352/2000] 611d5d7f-3038-4c48-aba3-10fbb5b7c7f2: attributed to 001697; 0.3 s; peak memory 700 MiB.
2026-10-01T10:40:34Z INFO [353/2000] 61258353-817b-4771-b0f6-96dda3de76ce: attributed to 001697; 0.3 s; peak memory 700 MiB.
2026-10-01T10:40:35Z INFO [354/2000] 6127c4cd-c689-45b3-8b4d-b7bf80913e50: attributed to 001697; 0.3 s; peak memory 700 MiB.
2026-10-01T10:40:35Z INFO [355/2000] 612e875f-f2f8-4a53-a72a-0deea2c4a159: attributed to 001697; 0.0 s; peak memory 700 MiB.
2026-10-01T10:40:35Z INFO [356/2000] 613326a7-ae5d-49a6-b0ec-68a6f0b15e24: attributed to 000946; 0.1 s; peak memory 700 MiB.
2026-10-01T10:40:35Z INFO [357/2000] 61361b23-ea6d-43f6-93b1-3fca336faad1: attributed to 000293; 0.0 s; peak memory 700 MiB.
2026-10-01T10:40:35Z INFO [358/2000] 61399fb5-ff6a-479c-9cc6-5e84393745b5: attributed to 000026; 0.1 s; peak memory 700 MiB.
2026-10-01T10:40:37Z INFO [359/2000] 613e8b54-a1ef-4e72-a273-92344066c58a: attributed to 001697; 1.9 s; peak memory 700 MiB.
2026-10-01T10:40:37Z INFO [360/2000] 613fdff9-09a6-478f-a216-c444377ee59c: attributed to 000946; 0.1 s; peak memory 700 MiB.
2026-10-01T10:40:37Z INFO [361/2000] 614477a9-7eea-453e-a039-797177916be0: attributed to 000403; 0.0 s; peak memory 700 MiB.
2026-10-01T10:40:37Z INFO [362/2000] 61468ac6-8182-44eb-8f40-783f700693fb: attributed to 001697; 0.3 s; peak memory 700 MiB.
2026-10-01T10:40:37Z INFO [363/2000] 61503378-a0b5-4c7e-a15b-9522687a2044: attributed to 000026; 0.1 s; peak memory 700 MiB.
2026-10-01T10:40:38Z INFO [364/2000] 6151bf17-c800-44a7-83ba-63970f87e5be: attributed to 000026; 0.3 s; peak memory 700 MiB.
2026-10-01T10:40:38Z INFO [365/2000] 6153e996-faf6-41c4-a23b-534702d20292: attributed to 000026; 0.1 s; peak memory 700 MiB.
2026-10-01T10:40:38Z INFO [366/2000] 6155177d-99ef-484e-8df3-73f670c97b83: attributed to 001697; 0.3 s; peak memory 700 MiB.
2026-10-01T10:40:38Z INFO [367/2000] 6158ed3a-511f-4ea2-9609-498223e1c77f: attributed to 001697; 0.3 s; peak memory 700 MiB.
2026-10-01T10:40:39Z INFO [368/2000] 61590dd3-3908-4448-a2df-c16c84b71997: attributed to 001697; 0.3 s; peak memory 700 MiB.
2026-10-01T10:40:39Z INFO [369/2000] 615a6da3-1b04-42b6-a541-34185a18bdeb: attributed to 000026; 0.1 s; peak memory 700 MiB.
2026-10-01T10:40:39Z INFO [370/2000] 616a2bc2-10ab-49d3-8458-1c634448a8dc: attributed to 001697; 0.0 s; peak memory 700 MiB.
2026-10-01T10:40:39Z INFO [371/2000] 616fecb1-406d-46e2-955c-a4088acea5de: attributed to 000026; 0.1 s; peak memory 700 MiB.
2026-10-01T10:40:39Z INFO [372/2000] 617f4188-ab8e-46b4-8b21-b8776b5fa470: attributed to 000026; 0.1 s; peak memory 700 MiB.
2026-10-01T10:40:39Z INFO [373/2000] 6186ba5d-a461-49c0-9f53-34f6e6fa7259: attributed to 001697; 0.0 s; peak memory 700 MiB.
2026-10-01T10:40:39Z INFO [374/2000] 61a14552-206d-4d49-87f3-4dd8705200b5: attributed to 000026; 0.2 s; peak memory 700 MiB.
2026-10-01T10:40:39Z INFO [375/2000] 61a29f5a-19ac-4928-9447-6f12960c18ed: attributed to 000026; 0.1 s; peak memory 700 MiB.
2026-10-01T10:40:39Z INFO [376/2000] 61a2b546-5596-4a5b-9a30-79fba55d8e65: attributed to 001697; 0.0 s; peak memory 700 MiB.
2026-10-01T10:40:41Z INFO [377/2000] 61ae0dc1-1e5a-4abd-a10b-3f2c692a49a9: attributed to 000571; 1.9 s; peak memory 700 MiB.
2026-10-01T10:40:41Z INFO [378/2000] 61b7a6ac-2887-43f5-a770-d53af59050dc: attributed to 000026; 0.1 s; peak memory 700 MiB.
2026-10-01T10:40:41Z INFO [379/2000] 61bc0826-2ad9-4716-aa86-fd23146ddf1e: attributed to 001697; 0.0 s; peak memory 700 MiB.
2026-10-01T10:40:42Z INFO [380/2000] 61bc4f34-acb4-4836-b87e-b794d849847e: attributed to 001697; 0.5 s; peak memory 700 MiB.
2026-10-01T10:40:42Z INFO [381/2000] 61bc76ae-0b1d-42b0-a0d6-c8e2cb0e8ba8: attributed to 000142; 0.0 s; peak memory 700 MiB.
2026-10-01T10:40:42Z INFO [382/2000] 61be3a59-f4e3-4896-a416-67420ddadaab: attributed to 000026; 0.1 s; peak memory 700 MiB.
2026-10-01T10:40:42Z INFO [383/2000] 61bfe2e4-0bf1-490b-9a11-d378adfe680d: attributed to 000408; 0.0 s; peak memory 700 MiB.
2026-10-01T10:40:42Z INFO [384/2000] 61c0e160-4650-45f8-89c9-74f157e685fe: attributed to 001697; 0.0 s; peak memory 700 MiB.
2026-10-01T10:40:42Z INFO [385/2000] 61c12ec8-c148-48f3-8433-de96f76ec9e2: attributed to 000109; 0.0 s; peak memory 700 MiB.
2026-10-01T10:40:42Z INFO [386/2000] 61c3c16a-34b2-4a7c-9249-a3f9ae9f967c: attributed to 001697; 0.0 s; peak memory 700 MiB.
2026-10-01T10:40:42Z INFO [387/2000] 61c5a82a-0332-4fc3-b21b-71f94f12813a: attributed to 001697; 0.3 s; peak memory 700 MiB.
2026-10-01T10:40:42Z INFO [388/2000] 61cb98b7-1d90-4b49-9029-093867b23864: attributed to 001697; 0.0 s; peak memory 700 MiB.
2026-10-01T10:40:42Z INFO [389/2000] 61d85ce6-6ac1-49b8-99a3-7d5253a82643: attributed to 001697; 0.0 s; peak memory 700 MiB.
2026-10-01T10:40:42Z INFO [390/2000] 61e07dcd-b989-4bed-9875-275980ef77d6: attributed to 000026; 0.2 s; peak memory 700 MiB.
2026-10-01T10:40:42Z INFO [391/2000] 61e5f928-9540-4cb6-a136-f0be9c144278: attributed to 001697; 0.0 s; peak memory 700 MiB.
2026-10-01T10:40:42Z INFO [392/2000] 61ea31f5-0365-4915-8a51-206c13dea344: attributed to 001697; 0.0 s; peak memory 700 MiB.
2026-10-01T10:40:42Z INFO [393/2000] 61f0fc75-85e0-4a2e-b9ba-7f8db80b8439: attributed to 000142; 0.0 s; peak memory 700 MiB.
2026-10-01T10:40:43Z INFO [394/2000] 61f2a1a0-09f8-4591-b55b-f0602677d86f: attributed to 001697; 0.3 s; peak memory 700 MiB.
2026-10-01T10:40:43Z INFO [395/2000] 62044fb7-4a25-4cfe-8b52-0988c40b877a: attributed to 000293; 0.0 s; peak memory 700 MiB.
2026-10-01T10:40:43Z INFO [396/2000] 620687c5-46a9-4824-a8fe-7fc85e5952c6: attributed to 001697; 0.0 s; peak memory 700 MiB.
2026-10-01T10:40:43Z INFO [397/2000] 6206c00e-280b-4e25-9af2-cb3b494febe2: attributed to 001697; 0.0 s; peak memory 700 MiB.
2026-10-01T10:40:43Z INFO [398/2000] 6206d912-1d30-4eb6-b29a-05cd26fecfb3: attributed to 001697; 0.3 s; peak memory 701 MiB.
2026-10-01T10:40:43Z INFO [399/2000] 620ccdde-0719-4d5a-be9f-6d9138a596f6: attributed to 000403; 0.0 s; peak memory 701 MiB.
2026-10-01T10:40:43Z INFO [400/2000] 6212d5c1-d5e7-46ec-a901-9eb4e2f97a27: attributed to 001449; 0.1 s; peak memory 701 MiB.
2026-10-01T10:40:44Z INFO [400/2000] 6212d5c1-d5e7-46ec-a901-9eb4e2f97a27: checkpointed 493109 records.
2026-10-01T10:40:45Z INFO [401/2000] 6217dd06-2b01-4e63-9d31-bf4ba83e60f3: attributed to 001697; 0.3 s; peak memory 701 MiB.
2026-10-01T10:40:45Z INFO [402/2000] 621af747-541b-4654-8202-77bfd83ff1d3: attributed to 001697; 0.3 s; peak memory 701 MiB.
2026-10-01T10:40:45Z INFO [403/2000] 62254207-50a6-464c-8bcd-678a3b03449c: attributed to 001063; 0.1 s; peak memory 701 MiB.
2026-10-01T10:40:45Z INFO [404/2000] 622aec64-09e1-4b47-a80a-0d2cc282e0d1: attributed to 001697; 0.0 s; peak memory 701 MiB.
2026-10-01T10:40:45Z INFO [405/2000] 62365c9d-487d-4d61-aea3-36fb5cbf325e: attributed to 001873; 0.4 s; peak memory 701 MiB.
2026-10-01T10:40:45Z INFO [406/2000] 623b0115-9c6a-47a1-bf82-6e762566acb6: attributed to 001063; 0.1 s; peak memory 701 MiB.
2026-10-01T10:40:45Z INFO [407/2000] 62438a6f-565a-4f28-83be-5256c7c68882: attributed to 001748; 0.0 s; peak memory 701 MiB.
2026-10-01T10:40:45Z INFO [408/2000] 62526de1-807b-46c2-b9a0-c617a42c4006: attributed to 001697; 0.0 s; peak memory 701 MiB.
2026-10-01T10:40:46Z INFO [409/2000] 62534a56-08a3-4e2c-83dd-e6e67895048a: attributed to 000026; 0.5 s; peak memory 701 MiB.
2026-10-01T10:40:46Z INFO [410/2000] 62562eee-875e-4232-8361-fb7f123fb64c: attributed to 000946; 0.1 s; peak memory 701 MiB.
2026-10-01T10:40:46Z INFO [411/2000] 625abedd-0594-4db9-8eab-982be1fb5ef1: attributed to 001697; 0.3 s; peak memory 701 MiB.
2026-10-01T10:40:46Z INFO [412/2000] 62669cee-c7ab-46d0-885f-238cf5781fdf: attributed to 001697; 0.0 s; peak memory 701 MiB.
2026-10-01T10:40:47Z INFO [413/2000] 62701b4a-689c-497b-a38b-69baa8393332: attributed to 001697; 0.2 s; peak memory 701 MiB.
2026-10-01T10:40:47Z INFO [414/2000] 62768ea9-95dc-4f66-bc64-ebcd9f3f9a2f: attributed to 001697; 0.0 s; peak memory 701 MiB.
2026-10-01T10:40:47Z INFO [415/2000] 627daf87-efa6-4e0b-adf6-799c63501a97: attributed to 000026; 0.2 s; peak memory 701 MiB.
2026-10-01T10:40:47Z INFO [416/2000] 62800f89-6158-4e53-afdf-64b3cc3be798: attributed to 001697; 0.0 s; peak memory 701 MiB.
2026-10-01T10:40:47Z INFO [417/2000] 6287792b-db55-4679-a14d-fd39de371858: attributed to 000026; 0.1 s; peak memory 701 MiB.
2026-10-01T10:40:47Z INFO [418/2000] 628bf5ba-1005-4ce7-a93d-5d9c22ceb5c8: attributed to 000026; 0.1 s; peak memory 701 MiB.
2026-10-01T10:40:47Z INFO [419/2000] 628d6f18-8d9e-44f0-a60c-81d55800f9b4: attributed to 001749; 0.1 s; peak memory 701 MiB.
2026-10-01T10:40:47Z INFO [420/2000] 628fb250-1773-4364-bd38-011566563b34: attributed to 000946; 0.1 s; peak memory 701 MiB.
2026-10-01T10:40:47Z INFO [421/2000] 6296e868-0c94-434e-970b-3f678378df6a: attributed to 001697; 0.0 s; peak memory 701 MiB.
2026-10-01T10:40:47Z INFO [422/2000] 62994ddd-46fd-4069-8439-077e8e0c42e8: attributed to 001697; 0.3 s; peak memory 701 MiB.
2026-10-01T10:40:47Z INFO [423/2000] 629b3f42-1636-483a-8c54-e9f329be7cab: attributed to 000109; 0.0 s; peak memory 701 MiB.
2026-10-01T10:40:47Z INFO [424/2000] 629ff3f5-1742-45f6-806f-5c22c91663af: attributed to 000109; 0.0 s; peak memory 701 MiB.
2026-10-01T10:40:48Z INFO [425/2000] 62b022a4-ee34-418f-976d-12b67e53cc0e: attributed to 001697; 0.3 s; peak memory 701 MiB.
2026-10-01T10:40:48Z INFO [426/2000] 62b1d4e3-3a9a-464c-9a5f-b2707fe4f7ee: attributed to 000946; 0.1 s; peak memory 701 MiB.
2026-10-01T10:40:48Z INFO [427/2000] 62b931d4-308c-4287-bdcc-d787642d8748: attributed to 000142; 0.0 s; peak memory 701 MiB.
2026-10-01T10:40:48Z INFO [428/2000] 62bc0264-fff2-4342-b885-beedcf64ecc1: attributed to 000026; 0.1 s; peak memory 701 MiB.
2026-10-01T10:40:48Z INFO [429/2000] 62bc5fa8-644b-49cc-a7f1-42e92bf0a90f: attributed to 001697; 0.5 s; peak memory 701 MiB.
2026-10-01T10:40:49Z INFO [430/2000] 62c34f48-1dbf-4206-a847-7326222dafd6: attributed to 000026; 0.1 s; peak memory 701 MiB.
2026-10-01T10:40:49Z INFO [431/2000] 62c9b42f-8790-4344-adaa-11dede9b4021: attributed to 001697; 0.0 s; peak memory 701 MiB.
2026-10-01T10:40:49Z INFO [432/2000] 62d7058f-9b38-4d61-a22d-e361d618f950: attributed to 001697; 0.0 s; peak memory 701 MiB.
2026-10-01T10:40:49Z INFO [433/2000] 62e50676-06fb-4fc3-8177-2f0fe3bc4b89: attributed to 001697; 0.0 s; peak memory 701 MiB.
2026-10-01T10:40:49Z INFO [434/2000] 62ec32a4-75dc-4c68-a33f-03d9755447c6: attributed to 000026; 0.1 s; peak memory 701 MiB.
2026-10-01T10:40:49Z INFO [435/2000] 62ee055a-29f9-4fa6-8294-1bb27e027865: attributed to 000142; 0.0 s; peak memory 701 MiB.
2026-10-01T10:40:49Z INFO [436/2000] 62f47113-27d1-44da-83e6-b4c3c6e63e73: attributed to 000026; 0.1 s; peak memory 701 MiB.
2026-10-01T10:40:49Z INFO [437/2000] 62f51822-3c10-4aef-b412-b95fa242daee: attributed to 001697; 0.0 s; peak memory 701 MiB.
2026-10-01T10:40:49Z INFO [438/2000] 62f56380-51eb-4fa7-a99d-aeb8aea15c1e: attributed to 000108; 0.2 s; peak memory 701 MiB.
2026-10-01T10:40:49Z INFO [439/2000] 62f68ec1-b48b-48a0-a094-c7b7e18d38f3: attributed to 000946; 0.1 s; peak memory 701 MiB.
2026-10-01T10:40:49Z INFO [440/2000] 62fac445-9fba-4156-ba9d-94c81a8ca660: attributed to 001449; 0.1 s; peak memory 701 MiB.
2026-10-01T10:40:49Z INFO [441/2000] 62ff43fa-719f-44fc-a5bb-a213c12ed744: attributed to 001697; 0.0 s; peak memory 701 MiB.
2026-10-01T10:40:49Z INFO [442/2000] 630091a8-046a-4bb1-9c0d-ec2ce552917a: attributed to 001697; 0.0 s; peak memory 701 MiB.
2026-10-01T10:40:50Z INFO [443/2000] 63277ff5-d640-40a6-9ec0-b94f38d79183: attributed to 001697; 0.4 s; peak memory 701 MiB.
2026-10-01T10:40:50Z INFO [444/2000] 6328e641-cdc4-4a47-8000-a6678bb8a485: attributed to 001697; 0.4 s; peak memory 701 MiB.
2026-10-01T10:40:51Z INFO [445/2000] 6331bdb2-91ec-4595-a95b-24a90ebe7c2f: attributed to 000026; 0.5 s; peak memory 701 MiB.
2026-10-01T10:40:51Z INFO [446/2000] 63372a61-34fc-448d-99a6-2ecc6f76fa8b: attributed to 000403; 0.0 s; peak memory 701 MiB.
2026-10-01T10:40:51Z INFO [447/2000] 6343951d-4dd6-410c-819b-a561f8bebf38: attributed to 001697; 0.0 s; peak memory 701 MiB.
2026-10-01T10:40:51Z INFO [448/2000] 63442615-1aaf-4b91-97ba-445f5f27d574: attributed to 000026; 0.1 s; peak memory 701 MiB.
2026-10-01T10:40:51Z INFO [449/2000] 63458af9-2fc1-4a59-886a-3672baed412b: attributed to 001697; 0.0 s; peak memory 701 MiB.
2026-10-01T10:40:51Z INFO [450/2000] 63468959-6424-459e-a34f-a701b9089b43: attributed to 001697; 0.0 s; peak memory 701 MiB.
2026-10-01T10:40:52Z INFO [450/2000] 63468959-6424-459e-a34f-a701b9089b43: checkpointed 493109 records.
2026-10-01T10:40:52Z INFO [451/2000] 635307df-8a38-4ddd-9863-0b69e83f857a: attributed to 001697; 0.0 s; peak memory 701 MiB.
2026-10-01T10:40:52Z INFO [452/2000] 6356b33f-c341-482a-8fae-66536e4b8ea6: attributed to 000026; 0.1 s; peak memory 701 MiB.
2026-10-01T10:40:52Z INFO [453/2000] 635aa067-98b5-4dd3-b26b-4351721a3db8: attributed to 000026; 0.1 s; peak memory 701 MiB.
2026-10-01T10:40:54Z INFO [454/2000] 635aac2d-c795-4703-b32f-916635eff962: attributed to 001697; 1.8 s; peak memory 701 MiB.
2026-10-01T10:40:54Z INFO [455/2000] 6363cb0e-8e51-4b93-a530-0d84bf537196: attributed to 001697; 0.0 s; peak memory 701 MiB.
2026-10-01T10:40:54Z INFO [456/2000] 63687045-570a-466d-adf5-3dd1a54fd5a7: attributed to 001697; 0.0 s; peak memory 701 MiB.
2026-10-01T10:40:54Z INFO [457/2000] 636d1bca-380f-4588-b33f-1565cb0e185b: attributed to 001697; 0.0 s; peak memory 701 MiB.
2026-10-01T10:40:54Z INFO [458/2000] 636fb74d-1943-428c-bfa3-24a07dfda0fd: attributed to 001697; 0.0 s; peak memory 701 MiB.
2026-10-01T10:40:54Z INFO [459/2000] 63704b49-7aa7-4993-b3a7-bc3b506fc2b2: attributed to 000946; 0.1 s; peak memory 701 MiB.
2026-10-01T10:40:54Z INFO [460/2000] 6374375f-c285-463b-89da-ac6feed7c142: attributed to 000026; 0.1 s; peak memory 701 MiB.
2026-10-01T10:40:54Z INFO [461/2000] 6385a5d5-efe3-4cee-a282-9216d2686a63: attributed to 001697; 0.0 s; peak memory 701 MiB.
2026-10-01T10:40:54Z INFO [462/2000] 639c1258-6b3a-47aa-8b12-4a4333dda768: attributed to 000559; 0.2 s; peak memory 701 MiB.
2026-10-01T10:40:54Z INFO [463/2000] 639dd49d-7cc1-436d-81c3-6a99e1c36c5b: attributed to 001697; 0.0 s; peak memory 701 MiB.
2026-10-01T10:40:55Z INFO [464/2000] 639fb2d1-49b5-4d5c-b5d8-6457e555dbcd: attributed to 001697; 0.3 s; peak memory 701 MiB.
2026-10-01T10:40:55Z INFO [465/2000] 63a29bef-016e-44c0-b819-27e7e8a29c89: attributed to 001697; 0.0 s; peak memory 701 MiB.
2026-10-01T10:40:55Z INFO [466/2000] 63a59889-f33e-4146-8501-630eaa1566fe: attributed to 000946; 0.1 s; peak memory 701 MiB.
2026-10-01T10:40:55Z INFO [467/2000] 63ae3b8c-6f26-4d5d-bfb6-4aba6e201c0c: attributed to 001697; 0.0 s; peak memory 701 MiB.
2026-10-01T10:40:55Z INFO [468/2000] 63af808c-227b-43ce-ab77-9a17d6710700: attributed to 000142; 0.0 s; peak memory 701 MiB.
2026-10-01T10:40:55Z INFO [469/2000] 63ba0cfb-8ed1-4bc5-99d5-c914e43a7c11: attributed to 001697; 0.0 s; peak memory 701 MiB.
2026-10-01T10:40:55Z INFO [470/2000] 63ba7461-7f3f-4ee0-b613-ed8ad816bc0b: attributed to 001748; 0.0 s; peak memory 701 MiB.
2026-10-01T10:40:55Z INFO [471/2000] 63bf1883-6d6a-45c6-8731-7edc9a342e65: attributed to 001063; 0.1 s; peak memory 701 MiB.
2026-10-01T10:40:55Z INFO [472/2000] 63c11d82-4cd8-4643-8983-6b0d93df2c01: attributed to 001697; 0.3 s; peak memory 701 MiB.
2026-10-01T10:40:55Z INFO [473/2000] 63ce7ac6-be7f-4021-a777-db78d0c3d0c7: attributed to 001697; 0.3 s; peak memory 701 MiB.
2026-10-01T10:40:56Z INFO [474/2000] 63cf602b-33c6-41ea-863a-42c6d4b42bd3: attributed to 001697; 0.3 s; peak memory 701 MiB.
2026-10-01T10:40:56Z INFO [475/2000] 63d5cf34-c56b-487a-b638-f4d4000e7843: attributed to 001697; 0.0 s; peak memory 701 MiB.
2026-10-01T10:40:56Z INFO [476/2000] 63e2210c-706a-4965-8a0a-01eb52ef59f0: attributed to 000026; 0.1 s; peak memory 701 MiB.
2026-10-01T10:40:56Z INFO [477/2000] 63e2c102-2601-4e06-8c6a-9cb597218c87: attributed to 000026; 0.1 s; peak memory 701 MiB.
2026-10-01T10:40:56Z INFO [478/2000] 63ef4ae0-6c04-4a81-a783-ad3352cb3cab: attributed to 001697; 0.0 s; peak memory 701 MiB.
2026-10-01T10:40:56Z INFO [479/2000] 63f87dc2-6a18-413b-b16e-d9dca09f372c: attributed to 000026; 0.1 s; peak memory 701 MiB.
2026-10-01T10:40:56Z INFO [480/2000] 63f9e435-6f39-4b7b-ae70-a4ac4e9f9c3e: attributed to 001697; 0.0 s; peak memory 701 MiB.
2026-10-01T10:40:56Z INFO [481/2000] 63fb930f-15a8-4f08-a8db-871da2cf5c5c: attributed to 001697; 0.3 s; peak memory 701 MiB.
2026-10-01T10:40:56Z INFO [482/2000] 63fc5cce-f793-4664-a6fa-b73d7115d58a: attributed to 001449; 0.1 s; peak memory 701 MiB.
2026-10-01T10:40:57Z INFO [483/2000] 64066d52-69f6-4029-beff-6aeb934ca7d5: attributed to 001697; 0.3 s; peak memory 701 MiB.
2026-10-01T10:40:57Z INFO [484/2000] 64093539-00cd-43d1-848b-1dd13c140381: attributed to 001697; 0.3 s; peak memory 701 MiB.
2026-10-01T10:40:57Z INFO [485/2000] 640b5c90-294f-41c7-9b48-7e6b432ab156: attributed to 000142; 0.0 s; peak memory 701 MiB.
2026-10-01T10:40:57Z INFO [486/2000] 6415f6c8-f121-46e8-b7b3-ae072d7269e1: attributed to 000026; 0.1 s; peak memory 701 MiB.
2026-10-01T10:40:57Z INFO [487/2000] 6417f4e1-94d9-4fcb-a4eb-b3140cdc8602: attributed to 001697; 0.3 s; peak memory 701 MiB.
2026-10-01T10:40:57Z INFO [488/2000] 64217e41-c68a-4793-ad64-23f4081eb0e5: attributed to 001697; 0.0 s; peak memory 701 MiB.
2026-10-01T10:40:57Z INFO [489/2000] 642d294d-e1f0-4d4a-9bf5-e8d5141c5f61: attributed to 000026; 0.1 s; peak memory 701 MiB.
2026-10-01T10:40:58Z INFO [490/2000] 6433755d-d0ad-4468-9f0a-a56c3478c975: attributed to 001697; 0.3 s; peak memory 701 MiB.
2026-10-01T10:40:58Z INFO [491/2000] 643a1333-21f9-495a-a287-4562e05cfeeb: attributed to 000026; 0.1 s; peak memory 701 MiB.
2026-10-01T10:40:58Z INFO [492/2000] 643a4c36-97a2-4f53-b4e0-aa5b58094179: attributed to 000026; 0.3 s; peak memory 701 MiB.
2026-10-01T10:40:59Z INFO [493/2000] 643bc889-dc28-4a5d-9939-22f69b26649b: attributed to 001697; 0.3 s; peak memory 701 MiB.
2026-10-01T10:40:59Z INFO [494/2000] 6441fc9c-638d-4278-85fa-74a6441d69a3: attributed to 001510; 0.2 s; peak memory 701 MiB.
2026-10-01T10:40:59Z INFO [495/2000] 6449f929-242a-48d0-b259-ab859ea2ae48: attributed to 001697; 0.0 s; peak memory 701 MiB.
2026-10-01T10:40:59Z INFO [496/2000] 644c528f-373d-421f-9212-f139ae93d9f8: attributed to 000142; 0.0 s; peak memory 701 MiB.
2026-10-01T10:40:59Z INFO [497/2000] 644c6fe3-90ab-4932-8211-9af52edd2b13: attributed to 001697; 0.3 s; peak memory 701 MiB.
2026-10-01T10:40:59Z INFO [498/2000] 644d14ed-0780-4852-a0e6-04e13398598c: attributed to 001697; 0.0 s; peak memory 701 MiB.
2026-10-01T10:40:59Z INFO [499/2000] 6462e280-8b76-446e-b358-c4628de2e9c3: attributed to 001697; 0.3 s; peak memory 701 MiB.
2026-10-01T10:40:59Z INFO [500/2000] 6472255c-4576-4798-8201-8ee9b1771bec: attributed to 000109; 0.0 s; peak memory 701 MiB.
2026-10-01T10:41:00Z INFO [500/2000] 6472255c-4576-4798-8201-8ee9b1771bec: checkpointed 493109 records.
2026-10-01T10:41:01Z INFO [501/2000] 6474a768-7edd-467f-a293-da1675ab9200: attributed to 000026; 0.1 s; peak memory 701 MiB.
2026-10-01T10:41:01Z INFO [502/2000] 647c1e28-d070-4376-b389-3bdfff414471: attributed to 001697; 0.3 s; peak memory 701 MiB.
2026-10-01T10:41:01Z INFO [503/2000] 6484feb2-fedb-4c57-b2e1-8567af52230e: attributed to 001697; 0.3 s; peak memory 701 MiB.
2026-10-01T10:41:02Z INFO [504/2000] 64887c48-0e43-4414-9f7b-41809d6e5635: attributed to 000403; 1.3 s; peak memory 701 MiB.
2026-10-01T10:41:03Z INFO [505/2000] 648c71ac-db78-47a0-b625-f428060ab2c9: attributed to 000026; 0.1 s; peak memory 701 MiB.
2026-10-01T10:41:03Z INFO [506/2000] 648eeba7-2005-48da-ad8c-8413264d9e04: attributed to 001697; 0.0 s; peak memory 701 MiB.
2026-10-01T10:41:03Z INFO [507/2000] 64ab9438-f093-4b7c-a9d8-dde882374b96: attributed to 001697; 0.4 s; peak memory 701 MiB.
2026-10-01T10:41:03Z INFO [508/2000] 64b7f6d4-4160-4905-b5b3-004561c894f9: attributed to 001697; 0.3 s; peak memory 701 MiB.
2026-10-01T10:41:03Z INFO [509/2000] 64ba2ad2-92ac-4edb-914c-ca1abaa3949b: attributed to 000026; 0.1 s; peak memory 701 MiB.
2026-10-01T10:41:03Z INFO [510/2000] 64c6cf9a-deb8-4e01-9178-7bd632faa86f: attributed to 000026; 0.1 s; peak memory 701 MiB.
2026-10-01T10:41:04Z INFO [511/2000] 64c79be4-e985-4666-a1cb-eac3f7bf8374: attributed to 001873; 0.4 s; peak memory 701 MiB.
2026-10-01T10:41:04Z INFO [512/2000] 64cbc8b2-ab80-4357-bdd9-1a7d92b7eedd: attributed to 001697; 0.4 s; peak memory 701 MiB.
2026-10-01T10:41:05Z INFO [513/2000] 64d17a42-dcf8-4005-a03b-132890424935: attributed to 001697; 0.4 s; peak memory 701 MiB.
2026-10-01T10:41:06Z INFO [514/2000] 64d71046-4301-4a82-a38b-5e38afcebda0: attributed to 001697; 1.1 s; peak memory 701 MiB.
2026-10-01T10:41:06Z INFO [515/2000] 64daeaea-a65f-4bd7-b04e-90f207a798d8: attributed to 001765; 0.2 s; peak memory 701 MiB.
2026-10-01T10:41:06Z INFO [516/2000] 64dfb247-d902-48d7-926e-e6fcd44be0e3: attributed to 001697; 0.0 s; peak memory 701 MiB.
2026-10-01T10:41:06Z INFO [517/2000] 64e156c5-3d84-474f-8df4-f761d8776955: attributed to 001697; 0.0 s; peak memory 701 MiB.
2026-10-01T10:41:06Z INFO [518/2000] 64e7c812-99f4-4cc0-9320-e164cbba1831: attributed to 001697; 0.4 s; peak memory 701 MiB.
2026-10-01T10:41:07Z INFO [519/2000] 64e81995-4669-4124-b297-a13249d18866: attributed to 001697; 0.3 s; peak memory 701 MiB.
2026-10-01T10:41:07Z INFO [520/2000] 64ebb0fb-77f9-4fc2-aecb-43f8716d37e3: attributed to 001697; 0.0 s; peak memory 701 MiB.
2026-10-01T10:41:07Z INFO [521/2000] 64ed0fe5-6336-454e-a517-b150e4651bed: attributed to 001697; 0.3 s; peak memory 701 MiB.
2026-10-01T10:41:07Z INFO [522/2000] 64ed202c-cb18-4f11-97c4-807f88655ad1: attributed to 001697; 0.3 s; peak memory 701 MiB.
2026-10-01T10:41:07Z INFO [523/2000] 64ee14aa-c2f8-498d-85c6-ec4c02e31d7e: attributed to 001791; 0.2 s; peak memory 701 MiB.
2026-10-01T10:41:08Z INFO [524/2000] 64fba4a5-55e1-49eb-bf70-0a74159e4421: attributed to 000026; 0.1 s; peak memory 701 MiB.
2026-10-01T10:41:08Z INFO [525/2000] 64fef687-5983-4d3b-bf92-7c4dc15d93a9: attributed to 001697; 0.4 s; peak memory 701 MiB.
2026-10-01T10:41:08Z INFO [526/2000] 6502a47e-c959-4c1f-906b-deba2c9a680b: attributed to 000026; 0.2 s; peak memory 701 MiB.
2026-10-01T10:41:08Z INFO [527/2000] 65126a0e-b58e-44e7-b39f-29af5b3076cc: attributed to 000026; 0.1 s; peak memory 701 MiB.
2026-10-01T10:41:08Z INFO [528/2000] 6512d7c3-f7e2-44f3-8917-e67f05122d16: attributed to 001697; 0.0 s; peak memory 701 MiB.
2026-10-01T10:41:08Z INFO [529/2000] 651e1804-74d6-478a-8707-8941d9eb36ea: attributed to 001697; 0.0 s; peak memory 701 MiB.
2026-10-01T10:41:08Z INFO [530/2000] 6523b22a-3d38-48b4-8044-bd59faa23838: attributed to 000026; 0.1 s; peak memory 701 MiB.
2026-10-01T10:41:08Z INFO [531/2000] 65247a3d-90ce-46b4-834f-ecee781d0e2d: attributed to 001697; 0.0 s; peak memory 701 MiB.
2026-10-01T10:41:08Z INFO [532/2000] 652cebfa-c694-4b9a-8e7b-4b1ee230e613: attributed to 001697; 0.0 s; peak memory 701 MiB.
2026-10-01T10:41:08Z INFO [533/2000] 65300ec6-bbc0-4405-a0f2-848b35c13ea7: attributed to 000026; 0.1 s; peak memory 701 MiB.
2026-10-01T10:41:09Z INFO [534/2000] 6531c2b2-c93d-44fb-9409-1d709c9bb2c4: attributed to 001697; 0.3 s; peak memory 701 MiB.
2026-10-01T10:41:09Z INFO [535/2000] 653296e7-82e3-4136-a6b2-7685dbd24654: attributed to 001873; 0.4 s; peak memory 701 MiB.
2026-10-01T10:41:09Z INFO [536/2000] 6536546d-25cb-4970-92f5-0057a4760daf: attributed to 001697; 0.0 s; peak memory 701 MiB.
2026-10-01T10:41:09Z INFO [537/2000] 653df399-6bde-40da-905e-fb768b36bc0e: attributed to 001697; 0.0 s; peak memory 701 MiB.
2026-10-01T10:41:09Z INFO [538/2000] 65459357-c47a-4459-a4c4-a0983626a6ec: attributed to 001697; 0.3 s; peak memory 701 MiB.
2026-10-01T10:41:09Z INFO [539/2000] 654fc8ca-9245-4810-8730-32b7e8220cb9: attributed to 001697; 0.0 s; peak memory 701 MiB.
2026-10-01T10:41:10Z INFO [540/2000] 65561564-c567-471a-9ba3-defbaf5432aa: attributed to 001697; 0.3 s; peak memory 701 MiB.
2026-10-01T10:41:10Z INFO [541/2000] 65568a3b-252f-4ace-8005-d1020b15d6e5: attributed to 001697; 0.3 s; peak memory 701 MiB.
2026-10-01T10:41:10Z INFO [542/2000] 6558f099-05c9-4ab2-a31c-5f8e609ecee5: attributed to 001697; 0.4 s; peak memory 701 MiB.
2026-10-01T10:41:10Z INFO [543/2000] 65598d06-bd43-4621-ab6c-62b32def1d6d: attributed to 000946; 0.1 s; peak memory 701 MiB.
2026-10-01T10:41:10Z INFO [544/2000] 6559e6d5-538c-4102-bd1f-9cf4cdb18f82: attributed to 001697; 0.0 s; peak memory 701 MiB.
2026-10-01T10:41:11Z INFO [545/2000] 655eb3e1-504d-4c6e-b001-d8160bf4a8af: attributed to 001063; 0.1 s; peak memory 701 MiB.
2026-10-01T10:41:11Z INFO [546/2000] 6563d98b-b2b9-4b59-a7f6-212c7864bb9e: attributed to 001697; 0.0 s; peak memory 701 MiB.
2026-10-01T10:41:11Z INFO [547/2000] 656a39a4-18c5-4c6f-bd73-483d0ca10adc: attributed to 001697; 0.0 s; peak memory 701 MiB.
2026-10-01T10:41:11Z INFO [548/2000] 65700313-37ba-4d4d-b965-b4854ad9c763: attributed to 001697; 0.9 s; peak memory 701 MiB.
2026-10-01T10:41:11Z INFO [549/2000] 6579626f-edfe-47e8-9faf-0e946abb9d00: attributed to 001697; 0.0 s; peak memory 701 MiB.
2026-10-01T10:41:12Z INFO [550/2000] 657fefeb-ab08-472b-9d80-3e601cb964d5: attributed to 000026; 0.2 s; peak memory 701 MiB.
2026-10-01T10:41:13Z INFO [550/2000] 657fefeb-ab08-472b-9d80-3e601cb964d5: checkpointed 493109 records.
2026-10-01T10:41:13Z INFO [551/2000] 658d0742-3472-4eba-a5b0-964ad9b0e668: attributed to 001697; 0.5 s; peak memory 701 MiB.
2026-10-01T10:41:13Z INFO [552/2000] 65a358a6-71bc-4b87-a9d2-c869a66a9839: attributed to 001258; 0.0 s; peak memory 701 MiB.
2026-10-01T10:41:13Z INFO [553/2000] 65a69607-555b-4dfa-9f31-c63267ccc6f7: attributed to 000293; 0.0 s; peak memory 701 MiB.
2026-10-01T10:41:14Z INFO [554/2000] 65b219db-c264-4e1b-9e70-8b67e37b4ad2: attributed to 000026; 0.1 s; peak memory 701 MiB.
2026-10-01T10:41:14Z INFO [555/2000] 65b2fe2a-c694-435f-afc9-b0c1be53eb1d: attributed to 001748; 0.0 s; peak memory 701 MiB.
2026-10-01T10:41:14Z INFO [556/2000] 65bb4f8d-dac2-423f-b628-059cddf5b770: attributed to 000403; 0.0 s; peak memory 701 MiB.
2026-10-01T10:41:14Z INFO [557/2000] 65bdb5c9-cbde-4047-908b-60dee5d7fd2b: attributed to 000026; 0.1 s; peak memory 701 MiB.
2026-10-01T10:41:14Z INFO [558/2000] 65c19b37-e1ff-4102-bd50-d828e93335ab: attributed to 000026; 0.1 s; peak memory 701 MiB.
2026-10-01T10:41:14Z INFO [559/2000] 65c27bba-01b8-4173-ae46-63e87338aa59: attributed to 000026; 0.1 s; peak memory 701 MiB.
2026-10-01T10:41:14Z INFO [560/2000] 65c38d22-02f3-4f20-9b7d-91b21f4aab80: attributed to 000403; 0.0 s; peak memory 701 MiB.
2026-10-01T10:41:14Z INFO [561/2000] 65c821c0-0c11-433e-a18a-dde6ef1da4d9: attributed to 000946; 0.1 s; peak memory 701 MiB.
2026-10-01T10:41:14Z INFO [562/2000] 65c833bb-5ad8-4f51-93fd-c5f094efe22d: attributed to 001697; 0.4 s; peak memory 701 MiB.
2026-10-01T10:41:15Z INFO [563/2000] 65c9d6ba-61ec-4ce0-ab7f-c45e34e2671d: attributed to 001697; 0.4 s; peak memory 701 MiB.
2026-10-01T10:41:15Z INFO [564/2000] 65d2e240-5e57-475b-bc52-b90d0c4112aa: attributed to 001697; 0.4 s; peak memory 701 MiB.
2026-10-01T10:41:15Z INFO [565/2000] 65d423f8-dd8c-449d-9d10-b90aedeb330f: attributed to 001449; 0.1 s; peak memory 701 MiB.
2026-10-01T10:41:16Z INFO [566/2000] 65e31330-7f62-4bf0-9bd7-004d6aabb4d9: attributed to 001697; 0.3 s; peak memory 701 MiB.
2026-10-01T10:41:16Z INFO [567/2000] 65e46b63-b67d-4398-9054-d0ea4f3ac3e2: attributed to 000946; 0.1 s; peak memory 701 MiB.
2026-10-01T10:41:16Z INFO [568/2000] 65e5eb60-b9e3-48e4-a9ca-dc54aae4394f: attributed to 001697; 0.0 s; peak memory 701 MiB.
2026-10-01T10:41:16Z INFO [569/2000] 65e9b8f2-ccbb-4145-bea3-b468809971f3: attributed to 000946; 0.1 s; peak memory 701 MiB.
2026-10-01T10:41:16Z INFO [570/2000] 65e9d25a-1144-4f79-926a-d39a28c0a5f9: attributed to 000026; 0.1 s; peak memory 701 MiB.
2026-10-01T10:41:16Z INFO [571/2000] 65ed40a7-cdf3-494a-8a11-c176a976a135: attributed to 001697; 0.4 s; peak memory 701 MiB.
2026-10-01T10:41:16Z INFO [572/2000] 65ed78f2-c327-4ca4-abca-1b7e42c05b16: attributed to 001697; 0.3 s; peak memory 701 MiB.
2026-10-01T10:41:17Z INFO [573/2000] 65ff23cf-3f44-4102-92b4-2cbff7fda2c1: attributed to 001697; 0.5 s; peak memory 701 MiB.
2026-10-01T10:41:17Z INFO [574/2000] 661b49e3-f9bd-49ed-a625-8b4669abdb90: attributed to 000142; 0.0 s; peak memory 701 MiB.
2026-10-01T10:41:17Z INFO [575/2000] 661c8039-ade6-4fc6-832b-c7957317fa39: attributed to 001697; 0.0 s; peak memory 701 MiB.
2026-10-01T10:41:17Z INFO [576/2000] 661e0ba7-e7b0-494f-8041-9bce05e3df34: attributed to 001697; 0.0 s; peak memory 701 MiB.
2026-10-01T10:41:17Z INFO [577/2000] 6627e586-5c71-46b6-9f57-dfe453536331: attributed to 000026; 0.1 s; peak memory 701 MiB.
2026-10-01T10:41:17Z INFO [578/2000] 662fdda5-4fd8-4bf0-811b-614dacb46f96: attributed to 000026; 0.1 s; peak memory 701 MiB.
2026-10-01T10:41:17Z INFO [579/2000] 66345c51-7d99-4ec9-ac7d-0e2939fc711f: attributed to 000142; 0.0 s; peak memory 701 MiB.
2026-10-01T10:41:17Z INFO [580/2000] 6637aab5-5071-47ec-a231-28056e8757f4: attributed to 001697; 0.0 s; peak memory 701 MiB.
2026-10-01T10:41:17Z INFO [581/2000] 663c5413-d21f-48ea-bc9e-01a8999bf66c: attributed to 001697; 0.0 s; peak memory 701 MiB.
2026-10-01T10:41:17Z INFO [582/2000] 663e8453-d41b-4920-b987-631451574692: attributed to 001697; 0.3 s; peak memory 701 MiB.
2026-10-01T10:41:18Z INFO [583/2000] 66425aa0-216a-45ee-8032-74a5f2de5c00: attributed to 001697; 0.4 s; peak memory 701 MiB.
2026-10-01T10:41:18Z INFO [584/2000] 66443b03-5266-48ba-af4b-f2fe4026acff: attributed to 000570; 0.0 s; peak memory 701 MiB.
2026-10-01T10:41:18Z INFO [585/2000] 6646126e-9003-4353-bf5b-f73668905ca1: attributed to 000026; 0.1 s; peak memory 701 MiB.
2026-10-01T10:41:18Z INFO [586/2000] 66479491-2bc5-4eb9-be78-c7c6f327e1ec: attributed to 001449; 0.3 s; peak memory 701 MiB.
2026-10-01T10:41:18Z INFO [587/2000] 664f395e-62d5-478d-9652-183bad3b0a2e: attributed to 000026; 0.1 s; peak memory 701 MiB.
2026-10-01T10:41:19Z INFO [588/2000] 66573ce0-04e9-4ca4-8c5c-8a854d47c0e2: attributed to 001171; 0.1 s; peak memory 701 MiB.
2026-10-01T10:41:19Z INFO [589/2000] 66598f21-059a-43ab-9c33-5231e7dad1f1: attributed to 001258; 0.0 s; peak memory 701 MiB.
2026-10-01T10:41:19Z INFO [590/2000] 665c33a6-6846-452a-aea1-c10e3223a9ec: attributed to 001697; 0.0 s; peak memory 701 MiB.
2026-10-01T10:41:19Z INFO [591/2000] 6663d45f-0fba-4ce7-8aea-692deb3babb3: attributed to 001449; 0.1 s; peak memory 701 MiB.
2026-10-01T10:41:19Z INFO [592/2000] 666ac987-98ba-4ac7-83ee-962df4162175: attributed to 000026; 0.1 s; peak memory 701 MiB.
2026-10-01T10:41:19Z INFO [593/2000] 6670117b-e2c3-4eda-8d08-138999ff6eed: attributed to 000026; 0.1 s; peak memory 701 MiB.
2026-10-01T10:41:19Z INFO [594/2000] 6671f1d6-cddd-431d-96fb-e845d835a583: attributed to 001697; 0.0 s; peak memory 701 MiB.
2026-10-01T10:41:19Z INFO [595/2000] 66744974-1211-404c-b872-c252fb892ceb: attributed to 001697; 0.4 s; peak memory 701 MiB.
2026-10-01T10:41:19Z INFO [596/2000] 6675cbbb-ebf7-40e0-806e-40b2e8741525: attributed to 000026; 0.1 s; peak memory 701 MiB.
2026-10-01T10:41:19Z INFO [597/2000] 66781d56-0d68-46a2-bc3b-0ee7489d7a1d: attributed to 000026; 0.1 s; peak memory 701 MiB.
2026-10-01T10:41:20Z INFO [598/2000] 66868022-001d-499a-b5a3-8d14a645226d: attributed to 000108; 0.1 s; peak memory 701 MiB.
2026-10-01T10:41:20Z INFO [599/2000] 668b2046-a1c8-4302-b34f-22d94ec19fd7: attributed to 001782; 0.1 s; peak memory 701 MiB.
2026-10-01T10:41:20Z INFO [600/2000] 66918ed2-9887-44a5-9a2f-52a0dfeb2809: attributed to 001697; 0.4 s; peak memory 701 MiB.
2026-10-01T10:41:21Z INFO [600/2000] 66918ed2-9887-44a5-9a2f-52a0dfeb2809: checkpointed 493109 records.
2026-10-01T10:41:21Z INFO [601/2000] 669c6c93-5fb8-41f2-8827-da3ab7ba22a5: attributed to 000026; 0.1 s; peak memory 701 MiB.
2026-10-01T10:41:21Z INFO [602/2000] 669c9624-a6cb-47f0-9564-27c4df023bca: attributed to 000109; 0.0 s; peak memory 701 MiB.
2026-10-01T10:41:21Z INFO [603/2000] 66a2566f-baf3-4466-a58c-7da2e17fc324: attributed to 001697; 0.0 s; peak memory 701 MiB.
2026-10-01T10:41:21Z INFO [604/2000] 66a9ff0d-ad40-442c-a816-d7e944d15a70: attributed to 001697; 0.0 s; peak memory 701 MiB.
2026-10-01T10:41:21Z INFO [605/2000] 66ab736c-5afe-4821-8823-01b9181042df: attributed to 001697; 0.0 s; peak memory 701 MiB.
2026-10-01T10:41:22Z INFO [606/2000] 66b6e231-19f4-4622-bd87-707768186d25: attributed to 000026; 0.1 s; peak memory 701 MiB.
2026-10-01T10:41:22Z INFO [607/2000] 66b96881-1a12-4983-9860-45fd54cdc317: attributed to 000293; 0.0 s; peak memory 701 MiB.
2026-10-01T10:41:22Z INFO [608/2000] 66ba2a40-a043-4893-976a-989ceccef097: attributed to 001697; 0.0 s; peak memory 701 MiB.
2026-10-01T10:41:22Z INFO [609/2000] 66bd7d99-eae3-4b22-ac76-4673b096ba78: attributed to 001697; 0.0 s; peak memory 701 MiB.
2026-10-01T10:41:22Z INFO [610/2000] 66bedb2f-3feb-484d-89c6-2a1a331dc992: attributed to 000142; 0.0 s; peak memory 701 MiB.
2026-10-01T10:41:22Z INFO [611/2000] 66bfa87f-21c2-4344-9abf-e964ff38f929: attributed to 000026; 0.2 s; peak memory 701 MiB.
2026-10-01T10:41:22Z INFO [612/2000] 66c74380-7fd1-4ab6-84d6-21b0129e61cb: attributed to 000026; 0.1 s; peak memory 701 MiB.
2026-10-01T10:41:22Z INFO [613/2000] 66cd1d63-e962-4ca2-bfa9-41c3311efb88: attributed to 000293; 0.0 s; peak memory 701 MiB.
2026-10-01T10:41:22Z INFO [614/2000] 66d24454-8022-473b-a021-f8d762389eb5: attributed to 001697; 0.5 s; peak memory 701 MiB.
2026-10-01T10:41:22Z INFO [615/2000] 66e768bf-ba01-4e6d-8f30-56aff0eae304: attributed to 000026; 0.1 s; peak memory 701 MiB.
2026-10-01T10:41:23Z INFO [616/2000] 66eb194e-ef5e-426d-81b3-33c4d0112fef: attributed to 001697; 0.5 s; peak memory 701 MiB.
2026-10-01T10:41:23Z INFO [617/2000] 66ecbdae-540d-4dff-8b42-92b5a1ffdcbc: attributed to 001697; 0.5 s; peak memory 701 MiB.
2026-10-01T10:41:23Z INFO [618/2000] 66ece944-26fa-4b90-b034-de340e90d885: attributed to 001697; 0.0 s; peak memory 701 MiB.
2026-10-01T10:41:24Z INFO [619/2000] 66eee512-278f-458b-a976-3932cdf038a5: attributed to 001449; 0.1 s; peak memory 701 MiB.
2026-10-01T10:41:24Z INFO [620/2000] 66f51435-c7cd-47f5-983d-7c8fddc75da6: attributed to 001697; 0.0 s; peak memory 701 MiB.
2026-10-01T10:41:24Z INFO [621/2000] 66f8c162-2596-435e-a46f-08d2c50ccdf5: attributed to 000293; 0.0 s; peak memory 701 MiB.
2026-10-01T10:41:24Z INFO [622/2000] 66fd2484-ad20-40e9-ae01-a5c42181992c: attributed to 001858; 0.0 s; peak memory 701 MiB.
2026-10-01T10:41:24Z INFO [623/2000] 67023d45-7282-4675-8544-c1379595745e: attributed to 001697; 0.0 s; peak memory 701 MiB.
2026-10-01T10:41:24Z INFO [624/2000] 67024726-3d2a-4455-9196-4b18d26d7e07: attributed to 000209; 0.0 s; peak memory 701 MiB.
2026-10-01T10:41:24Z INFO [625/2000] 670ea365-e516-4ece-bca3-c5ae3da62352: attributed to 000026; 0.1 s; peak memory 701 MiB.
2026-10-01T10:41:24Z INFO [626/2000] 67138364-5c70-40d2-847c-dd2a52855d11: attributed to 001697; 0.0 s; peak memory 701 MiB.
2026-10-01T10:41:24Z INFO [627/2000] 671c7d43-5dc7-495b-9707-a6a69fb75467: attributed to 001697; 0.0 s; peak memory 701 MiB.
2026-10-01T10:41:24Z INFO [628/2000] 67210284-1742-40e4-93d7-740e69a6046b: attributed to 001697; 0.0 s; peak memory 701 MiB.
2026-10-01T10:41:24Z INFO [629/2000] 672634b0-2cd2-4b3e-8ae8-c88b24043469: attributed to 000946; 0.1 s; peak memory 701 MiB.
2026-10-01T10:41:24Z INFO [630/2000] 672c48f1-87b5-41d4-a5a8-dd8274026c8b: attributed to 001697; 0.0 s; peak memory 701 MiB.
2026-10-01T10:41:24Z INFO [631/2000] 673080bc-ac6c-4350-8588-a5f8de501aeb: attributed to 002017; 0.2 s; peak memory 701 MiB.
2026-10-01T10:41:24Z INFO [632/2000] 6733fa50-ebfb-475a-b6cd-d6487c54b7a4: attributed to 001697; 0.0 s; peak memory 701 MiB.
2026-10-01T10:41:24Z INFO [633/2000] 673477ce-eaed-42ad-8fa4-c19a8d4d0025: attributed to 000026; 0.1 s; peak memory 701 MiB.
2026-10-01T10:41:24Z INFO [634/2000] 673a2677-72c9-422a-a744-f44bd6598eda: attributed to 000142; 0.0 s; peak memory 701 MiB.
2026-10-01T10:41:24Z INFO [635/2000] 673fc4e9-ab02-4ee9-b57e-89d7ae4ec75a: attributed to 001697; 0.0 s; peak memory 701 MiB.
2026-10-01T10:41:24Z INFO [636/2000] 674693ee-9c61-40cb-97b7-6e001e97485e: attributed to 001437; 0.1 s; peak memory 701 MiB.
2026-10-01T10:41:25Z INFO [637/2000] 6746feda-dd11-4c93-b4d2-b2df0b12d57e: attributed to 001697; 0.4 s; peak memory 701 MiB.
2026-10-01T10:41:25Z INFO [638/2000] 674eaed0-a90d-4673-aa59-f421bf2995a2: attributed to 001858; 0.0 s; peak memory 701 MiB.
2026-10-01T10:41:25Z INFO [639/2000] 67508fa9-8ea8-432e-9614-3d4c5e9665ed: attributed to 000946; 0.1 s; peak memory 701 MiB.
2026-10-01T10:41:25Z INFO [640/2000] 6750cddf-8693-4c70-a0b5-ed6300a9ce3c: attributed to 001697; 0.4 s; peak memory 701 MiB.
2026-10-01T10:41:25Z INFO [641/2000] 6751da2a-555a-4d0e-b855-c8aa9228302f: attributed to 000026; 0.1 s; peak memory 701 MiB.
2026-10-01T10:41:25Z INFO [642/2000] 67523578-dd24-48e1-a7ef-f596aacc1025: attributed to 001697; 0.0 s; peak memory 701 MiB.
2026-10-01T10:41:25Z INFO [643/2000] 675ce3f5-be6d-48c6-be06-6a997600a017: attributed to 000109; 0.0 s; peak memory 701 MiB.
2026-10-01T10:41:25Z INFO [644/2000] 67616b0a-9bd6-4f84-8f3b-f5d9e7b58a21: attributed to 000026; 0.2 s; peak memory 701 MiB.
2026-10-01T10:41:26Z INFO [645/2000] 67616d88-d29a-44b9-89cd-b768a331fa81: attributed to 001697; 0.6 s; peak memory 701 MiB.
2026-10-01T10:41:26Z INFO [646/2000] 67671509-402c-4ed4-b2bf-9ef7a1be8182: attributed to 001697; 0.5 s; peak memory 701 MiB.
2026-10-01T10:41:26Z INFO [647/2000] 676afea6-1932-4828-bf50-afe9f6910a1b: attributed to 001697; 0.0 s; peak memory 701 MiB.
2026-10-01T10:41:26Z INFO [648/2000] 677cfa4b-6a71-4968-b540-13be7f3463f4: attributed to 000293; 0.0 s; peak memory 701 MiB.
2026-10-01T10:41:27Z INFO [649/2000] 6782f6d5-2b98-425d-a4a6-20986158cc7a: attributed to 001697; 0.5 s; peak memory 701 MiB.
2026-10-01T10:41:27Z INFO [650/2000] 6783d32f-883a-4720-8428-ad3c2040a7dd: attributed to 001697; 0.3 s; peak memory 701 MiB.
2026-10-01T10:41:29Z INFO [650/2000] 6783d32f-883a-4720-8428-ad3c2040a7dd: checkpointed 493110 records.
2026-10-01T10:41:29Z INFO [651/2000] 6785ac74-2fb2-4900-968c-8083231cdbd2: attributed to 001697; 0.6 s; peak memory 701 MiB.
2026-10-01T10:41:30Z INFO [652/2000] 678907fd-4a58-45db-8f33-974f71c8a79e: attributed to 000026; 0.8 s; peak memory 701 MiB.
2026-10-01T10:41:30Z INFO [653/2000] 6790c007-999b-44fa-8dba-edbf0e2d21c7: attributed to 001697; 0.4 s; peak memory 701 MiB.
2026-10-01T10:41:31Z INFO [654/2000] 6790c2b7-af72-4cba-8724-cc5c41ca66cc: attributed to 000026; 0.1 s; peak memory 701 MiB.
2026-10-01T10:41:31Z INFO [655/2000] 6793b14d-9da7-4776-85eb-b2b4959bd423: attributed to 001697; 0.4 s; peak memory 701 MiB.
2026-10-01T10:41:31Z INFO [656/2000] 67972df6-3959-4da9-bc46-a0e4abfa9ba8: attributed to 001697; 0.5 s; peak memory 701 MiB.
2026-10-01T10:41:31Z INFO [657/2000] 6798e2ac-a987-4aaa-883f-e53a47e092c2: attributed to 001697; 0.0 s; peak memory 701 MiB.
2026-10-01T10:41:33Z INFO [658/2000] 67a3ecf3-1854-4dbd-b7db-a5d8df7c8bf1: attributed to 000571; 1.4 s; peak memory 701 MiB.
2026-10-01T10:41:34Z INFO [659/2000] 67affb94-382e-4c21-b623-62d62d410c24: attributed to 001697; 0.8 s; peak memory 701 MiB.
2026-10-01T10:41:34Z INFO [660/2000] 67b2af7d-6bd8-4979-a02d-080f2c8dc67f: attributed to 001858; 0.0 s; peak memory 701 MiB.
2026-10-01T10:41:34Z INFO [661/2000] 67b41d0d-9537-421b-9a4a-1c22b9a4d5ac: attributed to 001063; 0.1 s; peak memory 701 MiB.
2026-10-01T10:41:34Z INFO [662/2000] 67bd3f03-1d73-4cda-8999-9cbadf3b7da8: attributed to 001873; 0.6 s; peak memory 702 MiB.
2026-10-01T10:41:34Z INFO [663/2000] 67be2945-e8c2-4d2c-a356-d55fba58be35: attributed to 001697; 0.0 s; peak memory 702 MiB.
2026-10-01T10:41:34Z INFO [664/2000] 67cc19c6-7708-4920-b5ad-4a5a7939e1cc: attributed to 000209; 0.0 s; peak memory 702 MiB.
2026-10-01T10:41:35Z INFO [665/2000] 67d1a190-3761-419a-9c55-42b05e18f4af: attributed to 000026; 0.3 s; peak memory 702 MiB.
2026-10-01T10:41:35Z INFO [666/2000] 67d2b579-ce38-438d-8283-03e32fc5a078: attributed to 001697; 0.5 s; peak memory 702 MiB.
2026-10-01T10:41:35Z INFO [667/2000] 67d420ed-059f-4d7b-ae35-b4f564f28cbc: attributed to 001697; 0.0 s; peak memory 702 MiB.
2026-10-01T10:41:35Z INFO [668/2000] 67d4b142-6c4c-4ddf-b8b8-ee7c39afd399: attributed to 000026; 0.1 s; peak memory 702 MiB.
2026-10-01T10:41:35Z INFO [669/2000] 67e28345-648b-4323-b230-442d38f4f86c: attributed to 000026; 0.1 s; peak memory 702 MiB.
2026-10-01T10:41:35Z INFO [670/2000] 67e59ab3-15d1-4b0f-b155-6b09c40dc757: attributed to 000026; 0.1 s; peak memory 702 MiB.
2026-10-01T10:41:36Z INFO [671/2000] 67ef9bbc-a0e1-49b4-a42e-29b9dd87c17d: attributed to 001697; 0.7 s; peak memory 702 MiB.
2026-10-01T10:41:36Z INFO [672/2000] 67f03bf9-9af1-4d91-9681-13678e3326c6: attributed to 001697; 0.0 s; peak memory 702 MiB.
2026-10-01T10:41:37Z INFO [673/2000] 67f2b17d-9919-488e-a8d7-2a731556aa4a: attributed to 001697; 0.6 s; peak memory 702 MiB.
2026-10-01T10:41:37Z INFO [674/2000] 67f6f824-d3fc-4c5b-9ddb-803738bae736: attributed to 001697; 0.6 s; peak memory 702 MiB.
2026-10-01T10:41:38Z INFO [675/2000] 67faf51a-5001-44a0-9cd2-fb2980d2d052: attributed to 001697; 0.4 s; peak memory 702 MiB.
2026-10-01T10:41:38Z INFO [676/2000] 67fe58a1-3659-42a2-a9c7-89b352d560f2: attributed to 001697; 0.5 s; peak memory 702 MiB.
2026-10-01T10:41:38Z INFO [677/2000] 6804d865-16be-4e89-8253-beb4871965c7: attributed to 001697; 0.0 s; peak memory 702 MiB.
2026-10-01T10:41:38Z INFO [678/2000] 6807c372-8599-4ab9-bc13-a28b0f49c6b4: attributed to 001697; 0.0 s; peak memory 702 MiB.
2026-10-01T10:41:38Z INFO [679/2000] 68080d66-ed79-4c8d-9fff-63583d4ea66b: attributed to 001697; 0.4 s; peak memory 702 MiB.
2026-10-01T10:41:38Z INFO [680/2000] 6811c5fd-7880-4fdc-a10e-ec189bfe796b: attributed to 001697; 0.0 s; peak memory 702 MiB.
2026-10-01T10:41:39Z INFO [681/2000] 68141154-1729-44f2-8a3a-7d50d2b954b6: attributed to 001697; 0.4 s; peak memory 702 MiB.
2026-10-01T10:41:39Z INFO [682/2000] 68178c02-88fa-4982-b677-32b96142b3e8: attributed to 000946; 0.1 s; peak memory 702 MiB.
2026-10-01T10:41:39Z INFO [683/2000] 681c1269-b716-4c66-82cc-169909e95516: attributed to 001697; 0.4 s; peak memory 702 MiB.
2026-10-01T10:41:39Z INFO [684/2000] 68260c86-ca65-459f-9f16-5472302f91c9: attributed to 000209; 0.0 s; peak memory 702 MiB.
2026-10-01T10:41:39Z INFO [685/2000] 68266e71-efd2-4a80-b8b9-60132e9078c4: attributed to 001697; 0.0 s; peak memory 702 MiB.
2026-10-01T10:41:39Z INFO [686/2000] 68269f60-9300-4c8a-ba55-b205e4ceabb9: attributed to 001697; 0.0 s; peak memory 702 MiB.
2026-10-01T10:41:40Z INFO [687/2000] 68394948-68f7-46c4-9c76-a23657e327d3: attributed to 001697; 0.4 s; peak memory 702 MiB.
2026-10-01T10:41:40Z INFO [688/2000] 683d0aa5-ecf4-444b-bb39-29b171e4fef1: attributed to 001697; 0.4 s; peak memory 702 MiB.
2026-10-01T10:41:40Z INFO [689/2000] 683e2ddb-30ab-49a2-be36-d7737949b8a4: attributed to 001697; 0.0 s; peak memory 702 MiB.
2026-10-01T10:41:40Z INFO [690/2000] 683f1c68-21c9-48f8-8521-87aabed02434: attributed to 000026; 0.1 s; peak memory 702 MiB.
2026-10-01T10:41:43Z INFO [691/2000] 6848606f-0e9f-4177-bcf3-d1cc20206ffe: attributed to 000571; 3.1 s; peak memory 702 MiB.
2026-10-01T10:41:44Z INFO [692/2000] 685275b2-b68d-4c7f-a199-59059260b951: attributed to 001697; 0.7 s; peak memory 702 MiB.
2026-10-01T10:41:44Z INFO [693/2000] 6852ac9c-bd55-4dbc-afe3-4edb0699d460: attributed to 000026; 0.1 s; peak memory 702 MiB.
2026-10-01T10:41:44Z INFO [694/2000] 6854f405-3dc1-42eb-95d9-b3e23419dc58: attributed to 000209; 0.0 s; peak memory 702 MiB.
2026-10-01T10:41:45Z INFO [695/2000] 685562b2-e79b-44d8-97d3-fb17052aa61f: attributed to 001697; 0.5 s; peak memory 702 MiB.
2026-10-01T10:41:45Z INFO [696/2000] 68684e99-acb8-4a3f-9f7a-253824361346: attributed to 001203; 0.1 s; peak memory 702 MiB.
2026-10-01T10:41:45Z INFO [697/2000] 686ac306-4845-475b-ac3c-ad30f79e91c5: attributed to 001697; 0.6 s; peak memory 702 MiB.
2026-10-01T10:41:45Z INFO [698/2000] 6873f36f-37b2-4ab2-9cda-8cb29872267b: attributed to 001697; 0.0 s; peak memory 702 MiB.
2026-10-01T10:41:45Z INFO [699/2000] 68742170-5470-46cf-b79e-35bfeba515a0: attributed to 001258; 0.0 s; peak memory 702 MiB.
2026-10-01T10:41:45Z INFO [700/2000] 6876e5af-447f-467f-9d00-6c64a25927b8: attributed to 000209; 0.0 s; peak memory 702 MiB.
2026-10-01T10:41:47Z INFO [700/2000] 6876e5af-447f-467f-9d00-6c64a25927b8: checkpointed 493112 records.
2026-10-01T10:41:47Z INFO [701/2000] 687aacbe-d4cc-4be8-b131-87d33ad308c0: attributed to 001697; 0.0 s; peak memory 702 MiB.
2026-10-01T10:41:47Z INFO [702/2000] 688469c5-df6b-4c94-8188-9fb85e57f67b: attributed to 001697; 0.0 s; peak memory 702 MiB.
2026-10-01T10:41:47Z INFO [703/2000] 68859027-1629-4a39-9dfd-5f63940f7b5b: attributed to 001697; 0.0 s; peak memory 702 MiB.
2026-10-01T10:41:47Z INFO [704/2000] 6891162e-e8d9-499c-a892-48214bb59d97: attributed to 000946; 0.1 s; peak memory 702 MiB.
2026-10-01T10:41:48Z INFO [705/2000] 68982378-c397-400d-9c6f-f7da4c2dd7e9: attributed to 001697; 0.4 s; peak memory 702 MiB.
2026-10-01T10:41:48Z INFO [706/2000] 68a007ae-ed2f-4d38-9a5d-a1184823ef59: attributed to 000570; 0.0 s; peak memory 702 MiB.
2026-10-01T10:41:48Z INFO [707/2000] 68ae06ea-efca-42c4-9249-762b621d9492: attributed to 001697; 0.3 s; peak memory 702 MiB.
2026-10-01T10:41:48Z INFO [708/2000] 68c2228f-1818-4a57-b98e-929ab7bc7888: attributed to 000026; 0.1 s; peak memory 702 MiB.
2026-10-01T10:41:48Z INFO [709/2000] 68c49e51-e4be-43e9-9141-7939427588cd: attributed to 001697; 0.0 s; peak memory 702 MiB.
2026-10-01T10:41:48Z INFO [710/2000] 68c94faf-fa00-40d2-95bd-2defa9569a0d: attributed to 001697; 0.0 s; peak memory 702 MiB.
2026-10-01T10:41:48Z INFO [711/2000] 68cc7eb9-317a-4454-a384-2c2cd93df304: attributed to 001697; 0.3 s; peak memory 702 MiB.
2026-10-01T10:41:48Z INFO [712/2000] 68e324ef-3be2-40dd-9810-876bdeaff517: attributed to 000142; 0.0 s; peak memory 702 MiB.
2026-10-01T10:41:48Z INFO [713/2000] 68f04501-b66d-4651-93d3-9c02d6e1b987: attributed to 000946; 0.1 s; peak memory 702 MiB.
2026-10-01T10:41:49Z INFO [714/2000] 68f67c6c-c849-4864-a5fa-f8c8cb52d7e7: attributed to 001697; 0.3 s; peak memory 702 MiB.
2026-10-01T10:41:49Z INFO [715/2000] 68f9f072-e3a9-4491-9193-7fc0c05c1740: attributed to 000026; 0.1 s; peak memory 702 MiB.
2026-10-01T10:41:49Z INFO [716/2000] 6902b25d-c09b-4fd1-9783-99a3a90bbff9: attributed to 001697; 0.3 s; peak memory 702 MiB.
2026-10-01T10:41:49Z INFO [717/2000] 69071ecb-26ff-45b0-a70e-57e17181d946: attributed to 001697; 0.0 s; peak memory 702 MiB.
2026-10-01T10:41:49Z INFO [718/2000] 6909a199-62ab-4e83-b9f2-9f8757b5228c: attributed to 001697; 0.0 s; peak memory 702 MiB.
2026-10-01T10:41:49Z INFO [719/2000] 690fbbd7-1e21-4308-9135-24378a4407e1: attributed to 001697; 0.0 s; peak memory 702 MiB.
2026-10-01T10:41:49Z INFO [720/2000] 69161581-37cd-4e3d-b15d-171870c5472c: attributed to 001697; 0.3 s; peak memory 702 MiB.
2026-10-01T10:41:49Z INFO [721/2000] 6917ce30-c4c9-4e58-a531-fcf965b04e21: attributed to 001697; 0.3 s; peak memory 702 MiB.
2026-10-01T10:41:49Z INFO [722/2000] 6918c4cf-7481-404c-87ca-2a79b7820ef4: attributed to 000142; 0.0 s; peak memory 702 MiB.
2026-10-01T10:41:50Z INFO [723/2000] 692651b8-acbd-42c3-91ca-d55e161f9bd4: attributed to 000026; 0.1 s; peak memory 702 MiB.
2026-10-01T10:41:50Z INFO [724/2000] 6938959d-0401-4d07-a2f5-4ebace31bc84: attributed to 000209; 0.0 s; peak memory 702 MiB.
2026-10-01T10:41:50Z INFO [725/2000] 693a3efd-b8e3-40e6-ab70-34294a18420b: attributed to 000946; 0.1 s; peak memory 702 MiB.
2026-10-01T10:41:50Z INFO [726/2000] 693e68d3-ace8-4d12-b6dd-382c9bf6a676: attributed to 000946; 0.1 s; peak memory 702 MiB.
2026-10-01T10:41:50Z INFO [727/2000] 693eff54-a700-4919-b45c-cf7fd61ead28: attributed to 000946; 0.1 s; peak memory 702 MiB.
2026-10-01T10:41:50Z INFO [728/2000] 6949e5e8-8a5d-4a9c-8f10-56fc8cd98033: attributed to 000142; 0.0 s; peak memory 702 MiB.
2026-10-01T10:41:50Z INFO [729/2000] 694a595c-81ea-464c-96f4-7812779a2ac1: attributed to 001697; 0.3 s; peak memory 702 MiB.
2026-10-01T10:41:50Z INFO [730/2000] 694c4b6b-5a1f-4d80-90ed-85ef417f5f67: attributed to 001449; 0.1 s; peak memory 702 MiB.
2026-10-01T10:41:51Z INFO [731/2000] 695199b3-feff-44e4-922d-896307a4cf0d: attributed to 001697; 0.3 s; peak memory 702 MiB.
2026-10-01T10:41:51Z INFO [732/2000] 695a0abc-a255-4022-9853-a1660d9de25a: attributed to 000142; 0.0 s; peak memory 702 MiB.
2026-10-01T10:41:51Z INFO [733/2000] 695ba7dc-7a10-487b-9bd7-14f5a16b608d: attributed to 000946; 0.1 s; peak memory 702 MiB.
2026-10-01T10:41:51Z INFO [734/2000] 695c3e74-f642-4618-baeb-a2cce9172c4f: attributed to 001697; 0.0 s; peak memory 702 MiB.
2026-10-01T10:41:51Z INFO [735/2000] 6965b4ec-0f6b-4df0-9e00-1ee9737d5bd4: attributed to 001697; 0.0 s; peak memory 702 MiB.
2026-10-01T10:41:51Z INFO [736/2000] 696b3540-cef0-41a1-ace9-6fcf7504a113: attributed to 001697; 0.3 s; peak memory 702 MiB.
2026-10-01T10:41:51Z INFO [737/2000] 69723b6c-78fa-496b-9e20-76dfca25278d: attributed to 000403; 0.0 s; peak memory 702 MiB.
2026-10-01T10:41:51Z INFO [738/2000] 6976c60b-25e8-4108-9065-f6655416f56b: attributed to 000946; 0.1 s; peak memory 702 MiB.
2026-10-01T10:41:51Z INFO [739/2000] 697bc70a-3426-4750-a14d-fd1d26b862dd: attributed to 000142; 0.0 s; peak memory 702 MiB.
2026-10-01T10:41:51Z INFO [740/2000] 697d0ba1-953e-4a39-9b6f-3cc448e17104: attributed to 001697; 0.0 s; peak memory 702 MiB.
2026-10-01T10:41:51Z INFO [741/2000] 6982fee2-6542-4ee6-a1f5-bcc3d16258b6: attributed to 001697; 0.3 s; peak memory 702 MiB.
2026-10-01T10:41:51Z INFO [742/2000] 69837356-68b0-4c2e-a95e-fdbf18b516f0: attributed to 000946; 0.1 s; peak memory 702 MiB.
2026-10-01T10:41:52Z INFO [743/2000] 698422c5-bc9f-4ebb-b261-52f284c36400: attributed to 001697; 0.3 s; peak memory 702 MiB.
2026-10-01T10:41:52Z INFO [744/2000] 69873286-a766-450b-b21c-46904c397967: attributed to 001697; 0.3 s; peak memory 702 MiB.
2026-10-01T10:41:52Z INFO [745/2000] 6996d650-d113-44d3-ac4f-9e66a6a06f19: attributed to 001697; 0.0 s; peak memory 702 MiB.
2026-10-01T10:41:52Z INFO [746/2000] 699b472d-dd5c-44fa-bdea-7472f3950edb: attributed to 001697; 0.0 s; peak memory 702 MiB.
2026-10-01T10:41:52Z INFO [747/2000] 699c1b23-43af-4739-83ec-e0589028e1b4: attributed to 000026; 0.3 s; peak memory 702 MiB.
2026-10-01T10:41:52Z INFO [748/2000] 69a1eba5-e8af-4777-b3d3-895c97c001e7: attributed to 000946; 0.1 s; peak memory 702 MiB.
2026-10-01T10:41:53Z INFO [749/2000] 69a3a291-f5fe-4463-8774-76031c1afe57: attributed to 001697; 0.3 s; peak memory 702 MiB.
2026-10-01T10:41:53Z INFO [750/2000] 69a534a7-37fb-4767-9d7c-27dbde67f68e: attributed to 000026; 0.1 s; peak memory 702 MiB.
2026-10-01T10:41:54Z INFO [750/2000] 69a534a7-37fb-4767-9d7c-27dbde67f68e: checkpointed 493112 records.
2026-10-01T10:41:54Z INFO [751/2000] 69b4a616-7c1e-4984-b28f-0d01d9da5955: attributed to 001697; 0.3 s; peak memory 702 MiB.
2026-10-01T10:41:55Z INFO [752/2000] 69c31af0-2e7d-49ed-a9c5-f4a42b2d9963: attributed to 001697; 0.3 s; peak memory 702 MiB.
2026-10-01T10:41:55Z INFO [753/2000] 69c75243-d9b7-4d3e-b666-a065e934e013: attributed to 001697; 0.3 s; peak memory 702 MiB.
2026-10-01T10:41:55Z INFO [754/2000] 69ceb0de-4e30-4d22-aec1-109a74fa63e9: attributed to 001697; 0.3 s; peak memory 702 MiB.
2026-10-01T10:41:55Z INFO [755/2000] 69d4dc19-d47f-43a1-a519-56b1c3db4ac7: attributed to 000026; 0.1 s; peak memory 702 MiB.
2026-10-01T10:41:55Z INFO [756/2000] 69daa102-b65c-42b1-ab2c-bc048402ba05: attributed to 000026; 0.1 s; peak memory 702 MiB.
2026-10-01T10:41:56Z INFO [757/2000] 69decc4a-5cd0-4a8f-9cfa-4a859161e9c9: attributed to 001063; 0.1 s; peak memory 702 MiB.
2026-10-01T10:41:56Z INFO [758/2000] 69df6d10-b852-452a-acd7-240528b2b8de: attributed to 000946; 0.1 s; peak memory 702 MiB.
2026-10-01T10:41:56Z INFO [759/2000] 69e5fa93-9fce-45df-a062-295de03c7645: attributed to 001697; 0.3 s; peak memory 702 MiB.
2026-10-01T10:41:56Z INFO [760/2000] 69ef3b26-388c-4910-81fb-0699884a25ef: attributed to 000026; 0.2 s; peak memory 702 MiB.
2026-10-01T10:41:56Z INFO [761/2000] 69f90fb7-e1e5-477d-b8f1-a9a7bc2bf848: attributed to 000026; 0.1 s; peak memory 702 MiB.
2026-10-01T10:41:57Z INFO [762/2000] 69f9b285-b7df-40c8-a776-565f14f896d5: attributed to 001697; 0.3 s; peak memory 702 MiB.
2026-10-01T10:41:57Z INFO [763/2000] 69fa71d1-aae6-423e-b634-cc1f44ffa7ca: attributed to 001697; 0.4 s; peak memory 702 MiB.
2026-10-01T10:41:57Z INFO [764/2000] 69fb6be5-1d4e-4f17-99d4-41ff4bea9495: attributed to 001697; 0.0 s; peak memory 702 MiB.
2026-10-01T10:41:57Z INFO [765/2000] 69fd6f43-bd41-44cb-9ca8-ea92f6f0b1af: attributed to 001362; 0.2 s; peak memory 702 MiB.
2026-10-01T10:41:57Z INFO [766/2000] 69ffeede-90ca-4927-8496-4192ee5c132b: attributed to 001697; 0.4 s; peak memory 702 MiB.
2026-10-01T10:41:58Z INFO [767/2000] 6a06d790-3a34-43aa-a126-1c7eacf1596c: attributed to 000026; 0.1 s; peak memory 702 MiB.
2026-10-01T10:41:58Z INFO [768/2000] 6a0a24db-47f2-4c0d-9413-ef1f7e11c80d: attributed to 000142; 0.0 s; peak memory 702 MiB.
2026-10-01T10:41:58Z INFO [769/2000] 6a0b5f2d-185a-45fc-a4be-7e80f4e20670: attributed to 000109; 0.0 s; peak memory 702 MiB.
2026-10-01T10:41:58Z INFO [770/2000] 6a102c43-1c55-4a28-942e-2cecad3cb325: attributed to 001697; 0.5 s; peak memory 702 MiB.
2026-10-01T10:41:58Z INFO [771/2000] 6a221b4f-c72d-4ded-a602-e558912535d9: attributed to 001697; 0.0 s; peak memory 702 MiB.
2026-10-01T10:41:58Z INFO [772/2000] 6a22e5ff-427a-4297-a266-b9f277e7040f: attributed to 000946; 0.1 s; peak memory 702 MiB.
2026-10-01T10:41:58Z INFO [773/2000] 6a2c1e2d-05bd-476c-a3da-0a006aeb22ac: attributed to 000209; 0.0 s; peak memory 702 MiB.
2026-10-01T10:41:58Z INFO [774/2000] 6a31602c-fc48-4da5-b28b-47f760718343: attributed to 000109; 0.0 s; peak memory 702 MiB.
2026-10-01T10:41:59Z INFO [775/2000] 6a316f44-8b33-4b73-a83a-966553741fb4: attributed to 001697; 0.4 s; peak memory 702 MiB.
2026-10-01T10:41:59Z INFO [776/2000] 6a3732cc-c250-4edc-8f85-3194330422e4: attributed to 000026; 0.5 s; peak memory 702 MiB.
2026-10-01T10:41:59Z INFO [777/2000] 6a3e1a6c-b6bb-447c-854d-fef339f017e0: attributed to 000026; 0.1 s; peak memory 702 MiB.
2026-10-01T10:41:59Z INFO [778/2000] 6a44cbf2-96b0-4e2a-a76e-b5ba886af7a3: attributed to 001697; 0.0 s; peak memory 702 MiB.
2026-10-01T10:41:59Z INFO [779/2000] 6a5cafa5-88aa-4aa1-a804-ec902aad6fdd: attributed to 001697; 0.3 s; peak memory 702 MiB.
2026-10-01T10:41:59Z INFO [780/2000] 6a62316d-5898-4335-92dd-55338816ce0c: attributed to 001697; 0.0 s; peak memory 702 MiB.
2026-10-01T10:42:00Z INFO [781/2000] 6a72c1f0-e5b2-41de-9995-3cb110a088d5: attributed to 001697; 0.3 s; peak memory 702 MiB.
2026-10-01T10:42:00Z INFO [782/2000] 6a823412-0f1e-4e51-b078-e87128b64dad: attributed to 000026; 0.1 s; peak memory 702 MiB.
2026-10-01T10:42:00Z INFO [783/2000] 6a88e4a3-4fe9-4269-98e2-78307ced9fed: attributed to 000026; 0.1 s; peak memory 702 MiB.
2026-10-01T10:42:00Z INFO [784/2000] 6a8ff4f4-cb5a-4fc9-864c-27ea87bfda2c: attributed to 000231; 0.3 s; peak memory 702 MiB.
2026-10-01T10:42:00Z INFO [785/2000] 6a90919d-745e-4887-a2e0-1bb0b494f44e: attributed to 001697; 0.3 s; peak memory 702 MiB.
2026-10-01T10:42:00Z INFO [786/2000] 6a963305-e5fa-453b-89ac-f3e428141b5d: attributed to 000403; 0.0 s; peak memory 702 MiB.
2026-10-01T10:42:01Z INFO [787/2000] 6a97ca5e-003d-4d9a-afa2-2fd476b571db: attributed to 000946; 0.1 s; peak memory 702 MiB.
2026-10-01T10:42:01Z INFO [788/2000] 6a9a2c03-5faf-43b1-8a11-ac1aa6b66bc9: attributed to 001873; 0.4 s; peak memory 702 MiB.
2026-10-01T10:42:01Z INFO [789/2000] 6a9f4572-94ac-4baa-8d73-9a5428fbac60: attributed to 001697; 0.3 s; peak memory 702 MiB.
2026-10-01T10:42:01Z INFO [790/2000] 6aa38d19-77be-4bfc-a0d2-f7ccde682d10: attributed to 000109; 0.0 s; peak memory 702 MiB.
2026-10-01T10:42:01Z INFO [791/2000] 6aa6ff88-f8e2-4862-b1b5-0913c92e4e6a: attributed to 000026; 0.1 s; peak memory 702 MiB.
2026-10-01T10:42:02Z INFO [792/2000] 6aaa9903-5c2e-42bb-a7f6-68f1b87efddc: attributed to 001697; 0.3 s; peak memory 702 MiB.
2026-10-01T10:42:02Z INFO [793/2000] 6aabcaf4-2fe5-47f0-bbea-eea46cd93004: attributed to 000026; 0.1 s; peak memory 702 MiB.
2026-10-01T10:42:02Z INFO [794/2000] 6abcc566-07a6-491d-800c-5975f77a1c9c: attributed to 001697; 0.0 s; peak memory 702 MiB.
2026-10-01T10:42:02Z INFO [795/2000] 6ac7dd0a-f0ba-4b41-b080-402d494a0a3c: attributed to 000570; 0.0 s; peak memory 702 MiB.
2026-10-01T10:42:02Z INFO [796/2000] 6ac942bf-3c87-4de4-8a3b-452fca5c9929: attributed to 001449; 0.1 s; peak memory 702 MiB.
2026-10-01T10:42:02Z INFO [797/2000] 6ad17a2b-9bd4-4c60-b87b-9655f79070c4: attributed to 001697; 0.3 s; peak memory 702 MiB.
2026-10-01T10:42:02Z INFO [798/2000] 6ad552eb-d371-417e-817f-19b338d2b9c1: attributed to 000026; 0.2 s; peak memory 702 MiB.
2026-10-01T10:42:02Z INFO [799/2000] 6ada95dd-9732-4f7b-918c-b32419b40bf7: attributed to 000026; 0.1 s; peak memory 702 MiB.
2026-10-01T10:42:03Z INFO [800/2000] 6add2434-def9-4858-9122-d370091c5d04: attributed to 001697; 0.3 s; peak memory 702 MiB.
2026-10-01T10:42:04Z INFO [800/2000] 6add2434-def9-4858-9122-d370091c5d04: checkpointed 493112 records.
2026-10-01T10:42:04Z INFO [801/2000] 6ae46806-3f4d-49f6-92eb-ea58aa4c91f7: attributed to 000559; 0.1 s; peak memory 702 MiB.
2026-10-01T10:42:04Z INFO [802/2000] 6ae91359-57eb-4f02-9412-b69d15ec10a9: attributed to 000946; 0.1 s; peak memory 702 MiB.
2026-10-01T10:42:04Z INFO [803/2000] 6aea41da-ecca-4f88-8e99-bf95564af99c: attributed to 000293; 0.0 s; peak memory 702 MiB.
2026-10-01T10:42:04Z INFO [804/2000] 6af2f76d-866f-4be2-b721-9c5d4dc0e53d: attributed to 001449; 0.1 s; peak memory 702 MiB.
2026-10-01T10:42:04Z INFO [805/2000] 6af9ee01-f747-4e39-bce4-d7c2b779ff2e: attributed to 000026; 0.1 s; peak memory 702 MiB.
2026-10-01T10:42:04Z INFO [806/2000] 6afb884b-2fe2-4c77-a5f2-983aadc5e9af: attributed to 001697; 0.0 s; peak memory 702 MiB.
2026-10-01T10:42:04Z INFO [807/2000] 6b01ef39-3f1a-4627-98b5-70d3dabda9cd: attributed to 001697; 0.0 s; peak memory 702 MiB.
2026-10-01T10:42:05Z INFO [808/2000] 6b0829f7-e214-4d54-b197-b1c1a2fa929b: attributed to 001063; 0.1 s; peak memory 702 MiB.
2026-10-01T10:42:05Z INFO [809/2000] 6b1a0061-3c1a-404d-9884-4adcad6f1480: attributed to 001697; 0.5 s; peak memory 702 MiB.
2026-10-01T10:42:05Z INFO [810/2000] 6b20cedb-9a49-4df5-a359-4b343d732210: attributed to 000026; 0.1 s; peak memory 702 MiB.
2026-10-01T10:42:05Z INFO [811/2000] 6b22a717-0b8f-4901-b89b-28366afb4725: attributed to 000946; 0.1 s; peak memory 702 MiB.
2026-10-01T10:42:06Z INFO [812/2000] 6b24a135-d045-4396-846e-c8bf41063d54: attributed to 001697; 0.3 s; peak memory 702 MiB.
2026-10-01T10:42:06Z INFO [813/2000] 6b2b91ad-4ebb-42a2-ae12-76aee2c9f90a: attributed to 001697; 0.0 s; peak memory 702 MiB.
2026-10-01T10:42:06Z INFO [814/2000] 6b33763f-2e5d-4c44-bd06-83574d33594a: attributed to 000026; 0.1 s; peak memory 702 MiB.
2026-10-01T10:42:06Z INFO [815/2000] 6b364191-a0a1-4a9f-b82b-443ae9c958a1: attributed to 001697; 0.3 s; peak memory 702 MiB.
2026-10-01T10:42:06Z INFO [816/2000] 6b48f301-593c-410f-ae63-50cceb2e8f53: attributed to 001697; 0.3 s; peak memory 702 MiB.
2026-10-01T10:42:06Z INFO [817/2000] 6b51bffc-17b4-496a-b8a8-66477d95fb2b: attributed to 000293; 0.0 s; peak memory 702 MiB.
2026-10-01T10:42:07Z INFO [818/2000] 6b535d3b-d15e-4053-a743-34cafbb0a5c3: attributed to 001697; 0.4 s; peak memory 702 MiB.
2026-10-01T10:42:07Z INFO [819/2000] 6b56a135-b02a-474c-bd68-d7fc33f497d6: attributed to 001697; 0.4 s; peak memory 702 MiB.
2026-10-01T10:42:07Z INFO [820/2000] 6b6048cf-7687-4514-aaa6-1b49970dcf72: attributed to 001449; 0.1 s; peak memory 702 MiB.
2026-10-01T10:42:07Z INFO [821/2000] 6b6228d2-6785-4806-8c32-fb2c9103f622: attributed to 001363; 0.1 s; peak memory 702 MiB.
2026-10-01T10:42:07Z INFO [822/2000] 6b63b827-c556-4073-b1f0-c1b7e669a111: attributed to 001697; 0.0 s; peak memory 702 MiB.
2026-10-01T10:42:08Z INFO [823/2000] 6b65714d-4440-452b-8b91-44684b468e1e: attributed to 001697; 0.3 s; peak memory 702 MiB.
2026-10-01T10:42:08Z INFO [824/2000] 6b659c83-369d-4159-80bd-5afe24ea69af: attributed to 000209; 0.0 s; peak memory 702 MiB.
2026-10-01T10:42:08Z INFO [825/2000] 6b679409-cf82-4f50-ba7e-b0a77c5c1d90: attributed to 001697; 0.0 s; peak memory 702 MiB.
2026-10-01T10:42:08Z INFO [826/2000] 6b6b1939-f596-4aa8-9a3b-b3ef63ed1adb: attributed to 000026; 0.5 s; peak memory 702 MiB.
2026-10-01T10:42:08Z INFO [827/2000] 6b6f4169-f65b-43c9-a255-37b2495b324e: attributed to 001697; 0.3 s; peak memory 702 MiB.
2026-10-01T10:42:08Z INFO [828/2000] 6b71f8f1-4e9d-44d1-b81c-5707fb28ea08: attributed to 000173; 0.1 s; peak memory 702 MiB.
2026-10-01T10:42:09Z INFO [829/2000] 6b80253d-b84d-4117-a560-fcd58e9f69fc: attributed to 001697; 0.3 s; peak memory 702 MiB.
2026-10-01T10:42:09Z INFO [830/2000] 6b86825e-7b75-49c8-ad7f-ebdf19e08827: attributed to 000946; 0.1 s; peak memory 702 MiB.
2026-10-01T10:42:09Z INFO [831/2000] 6b8c4c1a-65a3-4ebc-889d-6f4794968c7c: attributed to 001697; 0.3 s; peak memory 702 MiB.
2026-10-01T10:42:09Z INFO [832/2000] 6b90935b-e676-43c7-a75b-c1e88281f4b3: attributed to 000026; 0.1 s; peak memory 702 MiB.
2026-10-01T10:42:09Z INFO [833/2000] 6b959668-e2d7-483d-99d7-542311b3e8a8: attributed to 001697; 0.0 s; peak memory 702 MiB.
2026-10-01T10:42:09Z INFO [834/2000] 6b9b98b5-cb5d-4046-ac5b-5b48d4e65795: attributed to 001697; 0.0 s; peak memory 702 MiB.
2026-10-01T10:42:10Z INFO [835/2000] 6ba36b76-99a5-4636-901b-9aec940ab985: attributed to 001697; 0.3 s; peak memory 702 MiB.
2026-10-01T10:42:10Z INFO [836/2000] 6ba4a7ea-399f-4c57-9067-972554f40d8a: attributed to 000142; 0.0 s; peak memory 702 MiB.
2026-10-01T10:42:10Z INFO [837/2000] 6bb27470-3ae7-4630-8ac4-3e8951d89b10: attributed to 000568; 0.1 s; peak memory 702 MiB.
2026-10-01T10:42:10Z INFO [838/2000] 6bb687f0-86ce-453e-a301-b360299ed5f2: attributed to 000026; 0.1 s; peak memory 702 MiB.
2026-10-01T10:42:10Z INFO [839/2000] 6bb8a07a-1928-498e-9a8d-28b64145156d: attributed to 000293; 0.0 s; peak memory 702 MiB.
2026-10-01T10:42:10Z INFO [840/2000] 6bbd7a7a-47e0-4385-a5aa-e99dc38d6a83: attributed to 001697; 0.3 s; peak memory 702 MiB.
2026-10-01T10:42:10Z INFO [841/2000] 6bc133ce-6fb1-418b-8951-4a8000e2d6ed: attributed to 001697; 0.0 s; peak memory 702 MiB.
2026-10-01T10:42:10Z INFO [842/2000] 6bc21af5-c850-443c-a4af-03718c6ead78: attributed to 001697; 0.3 s; peak memory 702 MiB.
2026-10-01T10:42:11Z INFO [843/2000] 6bc45c8e-d4e7-4f12-985d-17b095100146: attributed to 001697; 0.4 s; peak memory 702 MiB.
2026-10-01T10:42:11Z INFO [844/2000] 6bc863f0-547f-48a4-a4f0-08867336d642: attributed to 001697; 0.6 s; peak memory 702 MiB.
2026-10-01T10:42:11Z INFO [845/2000] 6bc87b26-54a4-411a-8cfd-4b78533dd6b5: attributed to 001697; 0.0 s; peak memory 702 MiB.
2026-10-01T10:42:11Z INFO [846/2000] 6bd1828b-2e35-4d5b-80ef-95dc23f9f811: attributed to 001697; 0.0 s; peak memory 702 MiB.
2026-10-01T10:42:11Z INFO [847/2000] 6bdcd02d-cee9-4b40-a40b-61da35a0ff10: attributed to 001697; 0.0 s; peak memory 702 MiB.
2026-10-01T10:42:11Z INFO [848/2000] 6bef7211-be71-4a5a-b85e-3373b033df9d: attributed to 001697; 0.0 s; peak memory 702 MiB.
2026-10-01T10:42:11Z INFO [849/2000] 6bfab006-918d-4dca-83ee-55f9e8a0cf2d: attributed to 000946; 0.1 s; peak memory 702 MiB.
2026-10-01T10:42:12Z INFO [850/2000] 6c0b61f2-0143-425e-ac22-2dac2428e929: attributed to 000946; 0.1 s; peak memory 702 MiB.
2026-10-01T10:42:13Z INFO [850/2000] 6c0b61f2-0143-425e-ac22-2dac2428e929: checkpointed 493112 records.
2026-10-01T10:42:13Z INFO [851/2000] 6c0ca7c2-25aa-4e67-b19b-0d62b482a3a1: attributed to 000026; 0.1 s; peak memory 702 MiB.
2026-10-01T10:42:13Z INFO [852/2000] 6c13d92e-b4f0-41de-8815-473f818ef13b: attributed to 000465; 0.0 s; peak memory 702 MiB.
2026-10-01T10:42:13Z INFO [853/2000] 6c15e1a5-80a9-4701-9505-69f57139b371: attributed to 000026; 0.1 s; peak memory 702 MiB.
2026-10-01T10:42:13Z INFO [854/2000] 6c17e6cf-d095-46f3-84cf-992b5204fbee: attributed to 001873; 0.3 s; peak memory 702 MiB.
2026-10-01T10:42:13Z INFO [855/2000] 6c1cd55f-c19f-4d03-842e-6cd5889650ee: attributed to 000142; 0.0 s; peak memory 702 MiB.
2026-10-01T10:42:13Z INFO [856/2000] 6c21cfab-d426-4772-9865-c2b128805701: attributed to 001449; 0.1 s; peak memory 702 MiB.
2026-10-01T10:42:14Z INFO [857/2000] 6c31224c-6d9b-47e7-94b1-7aac848e09e5: attributed to 001697; 0.3 s; peak memory 702 MiB.
2026-10-01T10:42:14Z INFO [858/2000] 6c39d2a4-94e3-4203-aa85-ba9ae758869e: attributed to 000109; 0.0 s; peak memory 702 MiB.
2026-10-01T10:42:14Z INFO [859/2000] 6c3a0597-5462-4a60-91f7-30caf4010652: attributed to 001697; 0.3 s; peak memory 702 MiB.
2026-10-01T10:42:14Z INFO [860/2000] 6c3cfe20-20c0-4009-a977-2d9d6aec848d: attributed to 001697; 0.0 s; peak memory 702 MiB.
2026-10-01T10:42:14Z INFO [861/2000] 6c470aae-1af3-494b-a98b-207999785885: attributed to 001697; 0.3 s; peak memory 702 MiB.
2026-10-01T10:42:14Z INFO [862/2000] 6c4817ab-2067-4356-8ddc-b4fb6a163d06: attributed to 001697; 0.0 s; peak memory 702 MiB.
2026-10-01T10:42:14Z INFO [863/2000] 6c483ab5-4757-4b4b-a303-7f19e402fe56: attributed to 001697; 0.0 s; peak memory 702 MiB.
2026-10-01T10:42:14Z INFO [864/2000] 6c495b5e-36fd-4e9d-9b82-48a97c56cad9: attributed to 000946; 0.1 s; peak memory 702 MiB.
2026-10-01T10:42:14Z INFO [865/2000] 6c4d25e5-32eb-45ff-91be-213e929e83c7: attributed to 001697; 0.0 s; peak memory 702 MiB.
2026-10-01T10:42:14Z INFO [866/2000] 6c5f3e91-453a-4901-ae2d-351a378fe1a1: attributed to 001697; 0.0 s; peak memory 702 MiB.
2026-10-01T10:42:14Z INFO [867/2000] 6c600e31-c325-411c-9ed4-3f03e5daf825: attributed to 000403; 0.0 s; peak memory 702 MiB.
2026-10-01T10:42:15Z INFO [868/2000] 6c72d492-afd1-4d50-a0bb-b75de3c5b9b9: attributed to 001697; 0.5 s; peak memory 702 MiB.
2026-10-01T10:42:15Z INFO [869/2000] 6c73682c-b7b9-4eb5-87a4-1429c95ada6f: attributed to 000624; 0.2 s; peak memory 702 MiB.
2026-10-01T10:42:15Z INFO [870/2000] 6c781811-6482-453f-8c3d-3ae0797b87df: attributed to 001449; 0.2 s; peak memory 702 MiB.
2026-10-01T10:42:15Z INFO [871/2000] 6c7ba513-249a-47a6-89a0-bfd4da754f0a: attributed to 000026; 0.1 s; peak memory 702 MiB.
2026-10-01T10:42:15Z INFO [872/2000] 6c7f0e74-45d9-4876-bb09-3e791a5997ab: attributed to 001697; 0.0 s; peak memory 702 MiB.
2026-10-01T10:42:16Z INFO [873/2000] 6c80ee49-98f5-4ed4-83b6-35ca706ad941: attributed to 001697; 0.3 s; peak memory 702 MiB.
2026-10-01T10:42:16Z INFO [874/2000] 6c8993af-f687-4507-87e2-c8b5ab99e0ca: attributed to 001697; 0.0 s; peak memory 702 MiB.
2026-10-01T10:42:16Z INFO [875/2000] 6c8ee02b-08f9-48d3-aaf2-0484efe5e0a1: attributed to 000173; 0.1 s; peak memory 702 MiB.
2026-10-01T10:42:16Z INFO [876/2000] 6c93918e-5014-40b0-95b3-47be8678763f: attributed to 000946; 0.1 s; peak memory 702 MiB.
2026-10-01T10:42:16Z INFO [877/2000] 6c940777-ea88-4322-a12d-e27435aa3486: attributed to 001697; 0.3 s; peak memory 702 MiB.
2026-10-01T10:42:16Z INFO [878/2000] 6c9b0d5a-7226-4f01-85d6-3f357a97dde2: attributed to 000026; 0.1 s; peak memory 702 MiB.
2026-10-01T10:42:16Z INFO [879/2000] 6ca39648-753c-4093-992d-196cdf4d284b: attributed to 001697; 0.0 s; peak memory 702 MiB.
2026-10-01T10:42:16Z INFO [880/2000] 6cab3902-1d11-4b86-b6bd-31249ec8a84b: attributed to 001697; 0.1 s; peak memory 702 MiB.
2026-10-01T10:42:17Z INFO [881/2000] 6cb10038-ad16-4566-83e4-4c129784e99f: attributed to 000026; 0.3 s; peak memory 702 MiB.
2026-10-01T10:42:17Z INFO [882/2000] 6cb1ac71-4985-4d50-b0b0-5c115d0a65fe: attributed to 001697; 0.3 s; peak memory 702 MiB.
2026-10-01T10:42:17Z INFO [883/2000] 6cb54aa8-7c2b-4574-8d75-b91344d6798a: attributed to 000209; 0.0 s; peak memory 702 MiB.
2026-10-01T10:42:17Z INFO [884/2000] 6cb5b2d2-a423-4579-bfee-7d8a6440c321: attributed to 000026; 0.1 s; peak memory 702 MiB.
2026-10-01T10:42:17Z INFO [885/2000] 6cb7cb43-3f18-4ad2-b871-1d79a0169f59: attributed to 001697; 0.3 s; peak memory 702 MiB.
2026-10-01T10:42:17Z INFO [886/2000] 6cb86f4b-64f6-43bb-a6b7-4a7467632d92: attributed to 001697; 0.0 s; peak memory 702 MiB.
2026-10-01T10:42:17Z INFO [887/2000] 6cc020c5-e95e-448b-b5e3-9c930009caa9: attributed to 000026; 0.1 s; peak memory 702 MiB.
2026-10-01T10:42:17Z INFO [888/2000] 6cc9a916-fc48-42bd-bbfc-d201ddfc27b2: attributed to 001697; 0.0 s; peak memory 702 MiB.
2026-10-01T10:42:17Z INFO [889/2000] 6ccd5df6-ea78-4741-b539-b88a96387ac5: attributed to 000026; 0.1 s; peak memory 702 MiB.
2026-10-01T10:42:18Z INFO [890/2000] 6ccdcbeb-46de-49aa-ab6c-d3181e2cc951: attributed to 001697; 0.5 s; peak memory 702 MiB.
2026-10-01T10:42:18Z INFO [891/2000] 6cce223c-1eb8-4b7b-9e4b-e6d916bf65d0: attributed to 001697; 0.0 s; peak memory 702 MiB.
2026-10-01T10:42:18Z INFO [892/2000] 6cd131dc-a7d0-4ab2-b285-a97dc4455a91: attributed to 001697; 0.0 s; peak memory 702 MiB.
2026-10-01T10:42:18Z INFO [893/2000] 6cd514ac-5094-444a-b6ff-98b3de203198: attributed to 001697; 0.5 s; peak memory 702 MiB.
2026-10-01T10:42:18Z INFO [894/2000] 6cdabad1-de2e-4ef6-a410-86e26b79f0a6: attributed to 001697; 0.0 s; peak memory 702 MiB.
2026-10-01T10:42:19Z INFO [895/2000] 6ce8bbd4-db95-441f-93b8-81b8f331cd11: attributed to 001697; 0.7 s; peak memory 702 MiB.
2026-10-01T10:42:19Z INFO [896/2000] 6ced8ce6-984c-4cc7-b27d-da1bde8ede81: attributed to 000026; 0.1 s; peak memory 702 MiB.
2026-10-01T10:42:20Z INFO [897/2000] 6cedf664-4f6a-47bf-aa6b-a8f6655aa09f: attributed to 001697; 0.8 s; peak memory 702 MiB.
2026-10-01T10:42:20Z INFO [898/2000] 6cf55050-45ec-4bf4-89e3-c921a7c4aee3: attributed to 000026; 0.1 s; peak memory 702 MiB.
2026-10-01T10:42:20Z INFO [899/2000] 6cfab352-204b-4ca9-8419-56297e67e782: attributed to 000026; 0.1 s; peak memory 702 MiB.
2026-10-01T10:42:21Z INFO [900/2000] 6d066a68-e7f9-40b9-a3f5-39551a9f5dea: attributed to 001697; 0.9 s; peak memory 702 MiB.
2026-10-01T10:42:22Z INFO [900/2000] 6d066a68-e7f9-40b9-a3f5-39551a9f5dea: checkpointed 493112 records.
2026-10-01T10:42:22Z INFO [901/2000] 6d0daf5c-b334-49b8-bdb6-c6b3e0fea477: attributed to 001697; 0.0 s; peak memory 702 MiB.
2026-10-01T10:42:23Z INFO [902/2000] 6d0ecaea-4bb8-420f-b512-cee72a469dbe: attributed to 001697; 0.9 s; peak memory 702 MiB.
2026-10-01T10:42:24Z INFO [903/2000] 6d0fd8cc-b017-41c6-abf5-b80bf512f599: attributed to 001697; 0.5 s; peak memory 702 MiB.
2026-10-01T10:42:24Z INFO [904/2000] 6d1fc8f4-056f-4b12-a14a-7140d8f41e61: attributed to 001697; 0.0 s; peak memory 702 MiB.
2026-10-01T10:42:24Z INFO [905/2000] 6d217a48-ee6c-4047-adb2-c1a4590d33c5: attributed to 000561; 0.1 s; peak memory 702 MiB.
2026-10-01T10:42:24Z INFO [906/2000] 6d2bf44c-a04c-4a11-add2-86ed3e9649ff: attributed to 001697; 0.0 s; peak memory 702 MiB.
2026-10-01T10:42:24Z INFO [907/2000] 6d2d7684-ccc4-454e-8d36-c0aea9a2e2c5: attributed to 000026; 0.1 s; peak memory 702 MiB.
2026-10-01T10:42:24Z INFO [908/2000] 6d3646cb-42b3-41b3-b566-ef4f68bb680d: attributed to 001697; 0.3 s; peak memory 702 MiB.
2026-10-01T10:42:24Z INFO [909/2000] 6d37dd69-5d53-4b2f-8d7d-98d3cc6f179d: attributed to 001697; 0.0 s; peak memory 702 MiB.
2026-10-01T10:42:25Z INFO [910/2000] 6d47033f-93c5-437c-9d41-a80437024a42: attributed to 000946; 0.1 s; peak memory 702 MiB.
2026-10-01T10:42:25Z INFO [911/2000] 6d52dd8c-7f71-4102-b6b3-e53fb6f5157a: attributed to 001697; 0.0 s; peak memory 702 MiB.
2026-10-01T10:42:25Z INFO [912/2000] 6d531c6a-2610-4887-a2c4-1f366c6d829c: attributed to 001697; 0.7 s; peak memory 702 MiB.
2026-10-01T10:42:25Z INFO [913/2000] 6d53b534-2efb-423e-a58d-4e40376afbcb: attributed to 000026; 0.1 s; peak memory 702 MiB.
2026-10-01T10:42:27Z INFO [914/2000] 6d57a88f-11e1-403a-bd56-593f1d8fff50: attributed to 001697; 1.4 s; peak memory 702 MiB.
2026-10-01T10:42:27Z INFO [915/2000] 6d5bdfc1-92b1-4fc6-b216-b1280b53121e: attributed to 001697; 0.0 s; peak memory 702 MiB.
2026-10-01T10:42:27Z INFO [916/2000] 6d670bad-31f9-44cb-861b-7d9bf1b93b02: attributed to 000026; 0.1 s; peak memory 702 MiB.
2026-10-01T10:42:27Z INFO [917/2000] 6d6801b6-cf03-4d32-8286-4bcce8d67b14: attributed to 001697; 0.3 s; peak memory 702 MiB.
2026-10-01T10:42:27Z INFO [918/2000] 6d6f7f92-8a5e-4668-aa9c-d5efa309ca21: attributed to 001697; 0.3 s; peak memory 702 MiB.
2026-10-01T10:42:28Z INFO [919/2000] 6d71fa85-8b21-49a0-9a91-5a76a92403f7: attributed to 001697; 0.3 s; peak memory 702 MiB.
2026-10-01T10:42:28Z INFO [920/2000] 6d722b8f-040c-485d-a822-a01a232e458f: attributed to 001697; 0.0 s; peak memory 702 MiB.
2026-10-01T10:42:28Z INFO [921/2000] 6d751b9f-7487-4f0f-92a1-2f8187a86eaa: attributed to 001697; 0.3 s; peak memory 702 MiB.
2026-10-01T10:42:28Z INFO [922/2000] 6d799fa9-5af2-4592-a2a5-8960ed2be27c: attributed to 000026; 0.1 s; peak memory 702 MiB.
2026-10-01T10:42:28Z INFO [923/2000] 6d7ebe20-1e6d-4cf6-87a3-77e1972a5d36: attributed to 000403; 0.0 s; peak memory 702 MiB.
2026-10-01T10:42:28Z INFO [924/2000] 6d8432bf-8971-4526-97b2-45ed6dccef40: attributed to 001697; 0.0 s; peak memory 702 MiB.
2026-10-01T10:42:28Z INFO [925/2000] 6da5a3bc-da85-4e7e-a70d-51b7c93dcbda: attributed to 000026; 0.1 s; peak memory 702 MiB.
2026-10-01T10:42:29Z INFO [926/2000] 6dac3d76-8a50-43bb-8aaf-95c254b083e0: attributed to 001697; 0.3 s; peak memory 702 MiB.
2026-10-01T10:42:29Z INFO [927/2000] 6daf9e2a-74b1-4659-b588-a4cd1f0cb636: attributed to 001697; 0.0 s; peak memory 702 MiB.
2026-10-01T10:42:29Z INFO [928/2000] 6db2b9f0-95b3-4116-b090-374f24bd57f2: attributed to 000026; 0.1 s; peak memory 702 MiB.
2026-10-01T10:42:29Z INFO [929/2000] 6db3a409-705d-44d3-9a29-7e4359954f44: attributed to 001697; 0.0 s; peak memory 702 MiB.
2026-10-01T10:42:29Z INFO [930/2000] 6dbacf3a-274f-401c-9235-f8498f72cd7d: attributed to 000026; 0.1 s; peak memory 702 MiB.
2026-10-01T10:42:29Z INFO [931/2000] 6dbe30b8-443f-43be-939d-1671fd0c6a53: attributed to 000946; 0.1 s; peak memory 702 MiB.
2026-10-01T10:42:29Z INFO [932/2000] 6dc0a18a-6dac-4490-9f63-cc639f298118: attributed to 001697; 0.0 s; peak memory 702 MiB.
2026-10-01T10:42:29Z INFO [933/2000] 6dcdfd80-b860-4a74-b69d-eeb97bcb6585: attributed to 001697; 0.0 s; peak memory 702 MiB.
2026-10-01T10:42:29Z INFO [934/2000] 6dcedb08-b480-4b1c-ba09-c89db0952101: attributed to 001697; 0.0 s; peak memory 702 MiB.
2026-10-01T10:42:29Z INFO [935/2000] 6dd01aed-a5d1-4889-8eca-b4b167e4c0a3: attributed to 001697; 0.3 s; peak memory 702 MiB.
2026-10-01T10:42:29Z INFO [936/2000] 6dd1334d-29f2-401c-bc50-dad925a375d1: attributed to 001063; 0.1 s; peak memory 702 MiB.
2026-10-01T10:42:29Z INFO [937/2000] 6dd66cb6-8b9c-4fec-9e66-30e55c521cbf: attributed to 001697; 0.0 s; peak memory 702 MiB.
2026-10-01T10:42:29Z INFO [938/2000] 6dd7e6bb-df4c-49bf-81f3-32e539bba2b3: attributed to 001697; 0.0 s; peak memory 702 MiB.
2026-10-01T10:42:29Z INFO [939/2000] 6ddbae54-b905-48ff-82e2-d0a4e40dda2e: attributed to 001697; 0.0 s; peak memory 702 MiB.
2026-10-01T10:42:29Z INFO [940/2000] 6ddf709d-537a-40f7-aab7-a23f3658b59e: attributed to 001697; 0.0 s; peak memory 702 MiB.
2026-10-01T10:42:29Z INFO [941/2000] 6de42ed0-c180-4c7b-af1a-3f6dcd97690b: attributed to 000570; 0.0 s; peak memory 702 MiB.
2026-10-01T10:42:29Z INFO [942/2000] 6def5e83-3cc3-49a0-980b-0f4dd8548f64: attributed to 000946; 0.1 s; peak memory 702 MiB.
2026-10-01T10:42:30Z INFO [943/2000] 6df66023-4ccc-44a6-9401-0caec22cf14f: attributed to 001697; 0.3 s; peak memory 702 MiB.
2026-10-01T10:42:30Z INFO [944/2000] 6df7a1f3-5ec2-4c48-9b5b-9526ebda218b: attributed to 000946; 0.1 s; peak memory 702 MiB.
2026-10-01T10:42:30Z INFO [945/2000] 6dfa56f2-433e-4c1f-9d94-89f61a6a51ce: attributed to 001697; 0.3 s; peak memory 702 MiB.
2026-10-01T10:42:30Z INFO [946/2000] 6dfccd79-9287-4348-be29-bee03531cb99: attributed to 001697; 0.3 s; peak memory 702 MiB.
2026-10-01T10:42:30Z INFO [947/2000] 6e034fe5-5c11-44f6-bab6-8861daf2406c: attributed to 001697; 0.0 s; peak memory 702 MiB.
2026-10-01T10:42:30Z INFO [948/2000] 6e05311d-c7be-4208-890d-f6d98369a334: attributed to 001697; 0.0 s; peak memory 702 MiB.
2026-10-01T10:42:31Z INFO [949/2000] 6e05ae7d-a46f-48ab-91fb-1e2b9ee158fe: attributed to 001697; 0.3 s; peak memory 702 MiB.
2026-10-01T10:42:31Z INFO [950/2000] 6e102e3c-ee3b-47a7-9306-95fd175c9f15: attributed to 001697; 0.6 s; peak memory 702 MiB.
2026-10-01T10:42:32Z INFO [950/2000] 6e102e3c-ee3b-47a7-9306-95fd175c9f15: checkpointed 493112 records.
2026-10-01T10:42:33Z INFO [951/2000] 6e1411aa-9bb0-46b1-b7a2-1c64a577a9b4: attributed to 001697; 0.3 s; peak memory 702 MiB.
2026-10-01T10:42:33Z INFO [952/2000] 6e1ccdac-6d71-43ea-ade2-8afdecf5fa53: attributed to 000946; 0.1 s; peak memory 702 MiB.
2026-10-01T10:42:33Z INFO [953/2000] 6e20c4cc-8404-4369-beca-4162e3e0cc74: attributed to 000026; 0.1 s; peak memory 702 MiB.
2026-10-01T10:42:33Z INFO [954/2000] 6e3000d4-a892-46c0-9f51-98ee97a9f050: attributed to 001858; 0.0 s; peak memory 702 MiB.
2026-10-01T10:42:33Z INFO [955/2000] 6e301342-7de2-45df-a22f-18a88a39ac92: attributed to 001697; 0.3 s; peak memory 702 MiB.
2026-10-01T10:42:34Z INFO [956/2000] 6e33539b-ecc5-499b-bba5-f9dd7f0e168f: attributed to 001697; 0.3 s; peak memory 702 MiB.
2026-10-01T10:42:34Z INFO [957/2000] 6e3618a1-05ea-4601-a7f1-1b2c8d6ed3cf: attributed to 000946; 0.1 s; peak memory 702 MiB.
2026-10-01T10:42:34Z INFO [958/2000] 6e3a8b49-fad8-42f6-96ec-43bcdc5c41ff: attributed to 001697; 0.3 s; peak memory 702 MiB.
2026-10-01T10:42:34Z INFO [959/2000] 6e3ac283-f90d-465f-9c15-867f0925e5ff: attributed to 001697; 0.3 s; peak memory 702 MiB.
2026-10-01T10:42:35Z INFO [960/2000] 6e3ea109-ec54-422c-811e-0ea43fa40c1a: attributed to 001697; 0.3 s; peak memory 702 MiB.
2026-10-01T10:42:35Z INFO [961/2000] 6e3f689a-6322-4d58-815a-23bbf0e11edf: attributed to 001697; 0.0 s; peak memory 702 MiB.
2026-10-01T10:42:35Z INFO [962/2000] 6e46a3c1-b96c-497e-bf18-34b0b0012304: attributed to 000026; 0.2 s; peak memory 702 MiB.
2026-10-01T10:42:35Z INFO [963/2000] 6e4cdba1-2bff-4fbf-860f-c6f4caef6c66: attributed to 000026; 0.1 s; peak memory 702 MiB.
2026-10-01T10:42:36Z INFO [964/2000] 6e556ba3-82ea-4666-b493-24860b8163eb: attributed to 001697; 1.1 s; peak memory 702 MiB.
2026-10-01T10:42:36Z INFO [965/2000] 6e585263-7477-4da8-8a6d-8a580668d7c5: attributed to 001697; 0.0 s; peak memory 702 MiB.
2026-10-01T10:42:36Z INFO [966/2000] 6e61bd08-7ea1-4332-9bca-5be5c5e282f5: attributed to 001697; 0.0 s; peak memory 702 MiB.
2026-10-01T10:42:36Z INFO [967/2000] 6e74d9b0-d776-4bcc-b007-20f338161063: attributed to 000026; 0.2 s; peak memory 702 MiB.
2026-10-01T10:42:36Z INFO [968/2000] 6e7540c6-a0eb-41e2-92c4-6f2b05daf0f5: attributed to 000026; 0.1 s; peak memory 702 MiB.
2026-10-01T10:42:36Z INFO [969/2000] 6e7a6e2a-b754-4cfc-bac9-25fea969e47d: attributed to 001697; 0.0 s; peak memory 702 MiB.
2026-10-01T10:42:36Z INFO [970/2000] 6e7c1c50-1693-4a50-8989-c1c250b3e8ef: attributed to 001697; 0.0 s; peak memory 702 MiB.
2026-10-01T10:42:36Z INFO [971/2000] 6e7c86a5-0df7-49f4-b0e5-44e9d936a93b: attributed to 001697; 0.0 s; peak memory 702 MiB.
2026-10-01T10:42:37Z INFO [972/2000] 6e7f1422-9cc6-4e3d-b5d5-e5c8215dc530: attributed to 001697; 0.5 s; peak memory 702 MiB.
2026-10-01T10:42:37Z INFO [973/2000] 6e82cc2b-0170-4509-85ce-f47594ed56ab: attributed to 001697; 0.3 s; peak memory 702 MiB.
2026-10-01T10:42:37Z INFO [974/2000] 6e8452da-9092-41af-a6ec-5c801d83fa03: attributed to 001697; 0.3 s; peak memory 702 MiB.
2026-10-01T10:42:37Z INFO [975/2000] 6e97177c-9009-4223-aecb-9c6dbac9e865: attributed to 001697; 0.0 s; peak memory 702 MiB.
2026-10-01T10:42:37Z INFO [976/2000] 6e98ef8f-c8f8-49bd-acb7-08efcfc97f55: attributed to 001697; 0.0 s; peak memory 702 MiB.
2026-10-01T10:42:37Z INFO [977/2000] 6e9fd3cc-5138-45df-81a3-353be8523106: attributed to 001697; 0.0 s; peak memory 702 MiB.
2026-10-01T10:42:37Z INFO [978/2000] 6ead53d1-0f80-4ee6-ad35-61d196de602d: attributed to 000173; 0.1 s; peak memory 702 MiB.
2026-10-01T10:42:37Z INFO [979/2000] 6eb0ee71-d71d-4457-b522-0eab5046b55c: attributed to 001697; 0.0 s; peak memory 702 MiB.
2026-10-01T10:42:38Z INFO [980/2000] 6eb37597-07a6-4796-a345-3d68b378f473: attributed to 001203; 0.1 s; peak memory 702 MiB.
2026-10-01T10:42:38Z INFO [981/2000] 6eb3f30d-64b3-4a29-8179-3bbba929dc7c: attributed to 001697; 0.3 s; peak memory 702 MiB.
2026-10-01T10:42:38Z INFO [982/2000] 6ebf1d63-7e10-45a6-bb06-e0e8cd8c8dfb: attributed to 001697; 0.0 s; peak memory 702 MiB.
2026-10-01T10:42:38Z INFO [983/2000] 6ebf7600-4f4d-4751-b86a-ab2643720842: attributed to 000209; 0.0 s; peak memory 702 MiB.
2026-10-01T10:42:38Z INFO [984/2000] 6ec0372c-8182-4a30-993b-4625710810b0: attributed to 000571; 0.1 s; peak memory 702 MiB.
2026-10-01T10:42:38Z INFO [985/2000] 6ec5101d-52da-490f-9fd5-b854b3215148: attributed to 000209; 0.0 s; peak memory 702 MiB.
2026-10-01T10:42:38Z INFO [986/2000] 6edc63a7-d98c-4b1c-b7f7-83d7a67d5786: attributed to 001697; 0.3 s; peak memory 702 MiB.
2026-10-01T10:42:38Z INFO [987/2000] 6ede7262-753c-492f-ac81-66efad191b68: attributed to 000946; 0.1 s; peak memory 702 MiB.
2026-10-01T10:42:38Z INFO [988/2000] 6ee1a0c5-1657-49d2-8256-c25928bdbb79: attributed to 001697; 0.0 s; peak memory 702 MiB.
2026-10-01T10:42:39Z INFO [989/2000] 6ee697b3-0bcb-4498-b35e-5be814c959fc: attributed to 001697; 0.3 s; peak memory 702 MiB.
2026-10-01T10:42:39Z INFO [990/2000] 6eebff61-c98d-4c51-aaa8-0ee3d31980d5: attributed to 001697; 0.3 s; peak memory 702 MiB.
2026-10-01T10:42:39Z INFO [991/2000] 6ef2d8ef-3499-4151-bd1b-ddf1d129d1d7: attributed to 001697; 0.3 s; peak memory 702 MiB.
2026-10-01T10:42:39Z INFO [992/2000] 6ef48f51-d61c-4e31-a375-83def115d8cd: attributed to 001697; 0.0 s; peak memory 702 MiB.
2026-10-01T10:42:39Z INFO [993/2000] 6f03d90c-d797-4c33-a0ed-6638fe9d6fec: attributed to 000946; 0.1 s; peak memory 702 MiB.
2026-10-01T10:42:40Z INFO [994/2000] 6f13ce47-76d8-4b16-b26a-99b481eb1ad6: attributed to 000026; 0.1 s; peak memory 702 MiB.
2026-10-01T10:42:40Z INFO [995/2000] 6f1dbf47-e611-4274-9ffa-547b707f2b9b: attributed to 001697; 0.3 s; peak memory 702 MiB.
2026-10-01T10:42:40Z INFO [996/2000] 6f1e1bdf-1685-4726-b3e6-96cbebbdece1: attributed to 001697; 0.3 s; peak memory 702 MiB.
2026-10-01T10:42:41Z INFO [997/2000] 6f27c55a-a1c4-44fd-bd59-9d680cf07bee: attributed to 001697; 0.4 s; peak memory 702 MiB.
2026-10-01T10:42:41Z INFO [998/2000] 6f39ae4d-ce2b-417a-91df-f327a25b572c: attributed to 001697; 0.0 s; peak memory 702 MiB.
2026-10-01T10:42:41Z INFO [999/2000] 6f3c3d82-4548-4293-9ddf-7f9316c833e5: attributed to 000109; 0.0 s; peak memory 702 MiB.
2026-10-01T10:42:41Z INFO [1000/2000] 6f3cb387-ebc8-4fc4-97c8-f1bd96c646e5: attributed to 001697; 0.0 s; peak memory 702 MiB.
2026-10-01T10:42:42Z INFO [1000/2000] 6f3cb387-ebc8-4fc4-97c8-f1bd96c646e5: checkpointed 493112 records.
2026-10-01T10:42:42Z INFO [1001/2000] 6f3fd7ea-c08d-4dd7-94b9-5682dce9c6a1: attributed to 000109; 0.0 s; peak memory 702 MiB.
2026-10-01T10:42:42Z INFO [1002/2000] 6f435b7b-96b9-425d-bae9-4f96bcad24bc: attributed to 001697; 0.0 s; peak memory 702 MiB.
2026-10-01T10:42:42Z INFO [1003/2000] 6f590532-8678-422d-b676-cfb517489d7d: attributed to 001697; 0.4 s; peak memory 702 MiB.
2026-10-01T10:42:42Z INFO [1004/2000] 6f5fbbd0-73cf-4926-a37b-9a1c4ae6e943: attributed to 001697; 0.3 s; peak memory 702 MiB.
2026-10-01T10:42:43Z INFO [1005/2000] 6f65732a-e508-4a54-9dfb-a77192f2abdd: attributed to 000026; 0.1 s; peak memory 702 MiB.
2026-10-01T10:42:43Z INFO [1006/2000] 6f657933-3daf-4910-a7b0-ab84eb4529c2: attributed to 001697; 0.6 s; peak memory 702 MiB.
2026-10-01T10:42:43Z INFO [1007/2000] 6f7c0e96-1d92-4e37-bb1d-ea1631a5b436: attributed to 000026; 0.1 s; peak memory 702 MiB.
2026-10-01T10:42:43Z INFO [1008/2000] 6f8286bf-bffb-4756-8b5c-fca0661a8996: attributed to 000142; 0.0 s; peak memory 702 MiB.
2026-10-01T10:42:44Z INFO [1009/2000] 6f85939b-da94-4a3e-a0f2-7361ec9dee26: attributed to 001697; 0.4 s; peak memory 702 MiB.
2026-10-01T10:42:44Z INFO [1010/2000] 6f927010-5901-4254-9351-4ad29a69048c: attributed to 000173; 0.1 s; peak memory 702 MiB.
2026-10-01T10:42:44Z INFO [1011/2000] 6f93f5fe-f951-47ed-b754-9d885d5403fd: attributed to 001697; 0.0 s; peak memory 702 MiB.
2026-10-01T10:42:44Z INFO [1012/2000] 6f953492-4e7a-428d-9ebb-6b61a33198a7: attributed to 001697; 0.0 s; peak memory 702 MiB.
2026-10-01T10:42:44Z INFO [1013/2000] 6fa26f56-11ae-45ed-bd3f-e3843a702fbb: attributed to 000026; 0.3 s; peak memory 702 MiB.
2026-10-01T10:42:45Z INFO [1014/2000] 6fa4c274-1ae8-4a1f-9064-74e8bd3921a2: attributed to 001873; 0.5 s; peak memory 702 MiB.
2026-10-01T10:42:45Z INFO [1015/2000] 6fa7b19b-cfef-442a-9bb9-b306dd0a9f1a: attributed to 001697; 0.0 s; peak memory 702 MiB.
2026-10-01T10:42:45Z INFO [1016/2000] 6fa98dc8-0407-4307-bfa3-5ec7366e4967: attributed to 001697; 0.0 s; peak memory 702 MiB.
2026-10-01T10:42:45Z INFO [1017/2000] 6fb13667-29e7-47ee-8e5d-3513da7051d2: attributed to 001858; 0.0 s; peak memory 702 MiB.
2026-10-01T10:42:45Z INFO [1018/2000] 6fb2efa0-5c19-4d47-a951-018baa65a209: attributed to 001697; 0.3 s; peak memory 702 MiB.
2026-10-01T10:42:45Z INFO [1019/2000] 6fb77b36-a0b6-4bc7-8eaf-979ec1e24ced: attributed to 000570; 0.0 s; peak memory 702 MiB.
2026-10-01T10:42:45Z INFO [1020/2000] 6fbc04c0-8c78-493c-af7a-aea0f1c268a0: attributed to 001697; 0.0 s; peak memory 702 MiB.
2026-10-01T10:42:45Z INFO [1021/2000] 6fc297e6-ed20-4f0b-98a6-2a054e0fc3d2: attributed to 001697; 0.3 s; peak memory 702 MiB.
2026-10-01T10:42:46Z INFO [1022/2000] 6fc5c834-7cc4-40d9-9011-0d8ed1525b08: attributed to 001873; 0.4 s; peak memory 702 MiB.
2026-10-01T10:42:46Z INFO [1023/2000] 6fce7f37-5c16-4fc6-a830-1792780b8b1d: attributed to 000142; 0.0 s; peak memory 702 MiB.
2026-10-01T10:42:46Z INFO [1024/2000] 6fd8b2f3-75f8-4884-8530-52f826d87283: attributed to 001697; 0.3 s; peak memory 702 MiB.
2026-10-01T10:42:46Z INFO [1025/2000] 6fda6744-b1d0-405a-a65c-2022c4ef09b1: attributed to 000142; 0.0 s; peak memory 702 MiB.
2026-10-01T10:42:46Z INFO [1026/2000] 6fdcc59b-1035-4a39-b3f3-b627759a58e0: attributed to 000026; 0.3 s; peak memory 702 MiB.
2026-10-01T10:42:46Z INFO [1027/2000] 6fdeb110-5692-4cf8-a264-a9ce71dd160b: attributed to 001697; 0.3 s; peak memory 702 MiB.
2026-10-01T10:42:47Z INFO [1028/2000] 6fee2c05-2ee7-4c34-ae49-7f79acf6b6a7: attributed to 001697; 0.3 s; peak memory 702 MiB.
2026-10-01T10:42:47Z INFO [1029/2000] 6ff94d12-4dea-4a77-8a5c-ed328739f718: attributed to 000946; 0.1 s; peak memory 702 MiB.
2026-10-01T10:42:47Z INFO [1030/2000] 70121843-08b4-4a8c-853d-79f393e17588: attributed to 001697; 0.0 s; peak memory 702 MiB.
2026-10-01T10:42:47Z INFO [1031/2000] 70167810-2008-4143-8282-b45495b7f1b2: attributed to 001697; 0.0 s; peak memory 702 MiB.
2026-10-01T10:42:47Z INFO [1032/2000] 7017e36f-3c24-4ebd-9500-526330dba945: attributed to 001697; 0.3 s; peak memory 702 MiB.
2026-10-01T10:42:47Z INFO [1033/2000] 701b29b2-258a-450f-be62-63ef439d7480: attributed to 001697; 0.3 s; peak memory 702 MiB.
2026-10-01T10:42:48Z INFO [1034/2000] 70207f5d-e378-4eb2-afef-5bea5408930d: attributed to 001697; 0.3 s; peak memory 702 MiB.
2026-10-01T10:42:48Z INFO [1035/2000] 70259cae-1b47-4c41-8545-0141c7b16630: attributed to 001697; 0.3 s; peak memory 702 MiB.
2026-10-01T10:42:48Z INFO [1036/2000] 702f084d-cf85-487e-b309-1a2f9467d6d0: attributed to 000026; 0.5 s; peak memory 702 MiB.
2026-10-01T10:42:49Z INFO [1037/2000] 702fb6cf-91c0-4070-9061-36dbf0e241ae: attributed to 000571; 0.9 s; peak memory 702 MiB.
2026-10-01T10:42:50Z INFO [1038/2000] 70382f70-06af-4a7a-ad12-97b9edfbb401: attributed to 001697; 0.3 s; peak memory 702 MiB.
2026-10-01T10:42:50Z INFO [1039/2000] 7049c0f9-17a8-415a-8156-a3c5ed1f3a47: attributed to 000026; 0.1 s; peak memory 702 MiB.
2026-10-01T10:42:50Z INFO [1040/2000] 705451cc-db6e-40dc-b1a8-c5ac3dbbbb4f: attributed to 001697; 0.0 s; peak memory 702 MiB.
2026-10-01T10:42:50Z INFO [1041/2000] 705466aa-e147-4d8c-94fd-b2ad2ae6f6ad: attributed to 001697; 0.3 s; peak memory 702 MiB.
2026-10-01T10:42:50Z INFO [1042/2000] 705d4a9f-1259-4678-835f-36d75744ae78: attributed to 001697; 0.3 s; peak memory 702 MiB.
2026-10-01T10:42:50Z INFO [1043/2000] 70661cdf-3412-4525-b4d8-57c77a8fbd8a: attributed to 000026; 0.1 s; peak memory 702 MiB.
2026-10-01T10:42:50Z INFO [1044/2000] 706f0b0a-a20a-4120-a234-b65009ef3121: attributed to 001697; 0.0 s; peak memory 702 MiB.
2026-10-01T10:42:51Z INFO [1045/2000] 707143c6-d2db-40af-ad61-18317172a834: attributed to 001449; 0.1 s; peak memory 702 MiB.
2026-10-01T10:42:51Z INFO [1046/2000] 70717460-59f9-469a-a337-4507f961b269: attributed to 001697; 0.3 s; peak memory 702 MiB.
2026-10-01T10:42:51Z INFO [1047/2000] 70742957-2cb2-4888-a44e-4346188b091b: attributed to 001697; 0.3 s; peak memory 702 MiB.
2026-10-01T10:42:51Z INFO [1048/2000] 707e03ce-f957-4d94-b944-ec03dc441446: attributed to 001697; 0.3 s; peak memory 702 MiB.
2026-10-01T10:42:51Z INFO [1049/2000] 707ee312-65f7-4791-bba4-87007885add9: attributed to 000026; 0.1 s; peak memory 702 MiB.
2026-10-01T10:42:52Z INFO [1050/2000] 707fbd12-eef3-41f6-8c2b-05a50a9484dc: attributed to 000026; 0.1 s; peak memory 702 MiB.
2026-10-01T10:42:53Z INFO [1050/2000] 707fbd12-eef3-41f6-8c2b-05a50a9484dc: checkpointed 493112 records.
2026-10-01T10:42:53Z INFO [1051/2000] 70833a50-4e78-4237-b5d0-51efaf70144a: attributed to 000026; 0.1 s; peak memory 702 MiB.
2026-10-01T10:42:53Z INFO [1052/2000] 70846abd-0905-42b3-a02f-eb969151b88e: attributed to 001697; 0.0 s; peak memory 702 MiB.
2026-10-01T10:42:53Z INFO [1053/2000] 708839fa-18aa-4ced-ae9c-eba6bdb0d7fe: attributed to 000293; 0.0 s; peak memory 702 MiB.
2026-10-01T10:42:53Z INFO [1054/2000] 708c10bf-2c20-43e4-bba0-97ffa8009a5a: attributed to 000026; 0.1 s; peak memory 702 MiB.
2026-10-01T10:42:53Z INFO [1055/2000] 70917d3c-0060-42d1-9843-b6a5f0e8dd0a: attributed to 001697; 0.3 s; peak memory 702 MiB.
2026-10-01T10:42:54Z INFO [1056/2000] 7095cac0-763a-4570-bd5b-8745d6e2a38c: attributed to 001697; 0.3 s; peak memory 702 MiB.
2026-10-01T10:42:54Z INFO [1057/2000] 70a7fd00-0d64-446d-8b0f-2d6907fce09f: attributed to 001697; 0.3 s; peak memory 702 MiB.
2026-10-01T10:42:54Z INFO [1058/2000] 70b1a4b4-da42-45c4-9826-abe5dfc8f27c: attributed to 001697; 0.3 s; peak memory 702 MiB.
2026-10-01T10:42:54Z INFO [1059/2000] 70b4452c-4886-45aa-96ac-5f562cd4c60b: attributed to 000142; 0.0 s; peak memory 702 MiB.
2026-10-01T10:42:54Z INFO [1060/2000] 70b5dd8a-ed27-4a8b-947f-0ecfb68ffdea: attributed to 000026; 0.1 s; peak memory 702 MiB.
2026-10-01T10:42:54Z INFO [1061/2000] 70b67527-6624-418c-b890-5174e4e0d75f: attributed to 000209; 0.0 s; peak memory 702 MiB.
2026-10-01T10:42:54Z INFO [1062/2000] 70b68809-ae7a-45ad-8205-22d5c20b2730: attributed to 001449; 0.1 s; peak memory 702 MiB.
2026-10-01T10:42:54Z INFO [1063/2000] 70c2852b-2dc0-4fc8-99b2-c452847942ea: attributed to 001748; 0.0 s; peak memory 702 MiB.
2026-10-01T10:42:55Z INFO [1064/2000] 70c4a5e1-35c4-4a7d-a3f5-aee91b6f3e1d: attributed to 000026; 0.1 s; peak memory 702 MiB.
2026-10-01T10:42:55Z INFO [1065/2000] 70c5ea93-1abd-47b3-9576-1169d0268035: attributed to 001697; 0.3 s; peak memory 702 MiB.
2026-10-01T10:42:55Z INFO [1066/2000] 70c829d6-74a8-4b54-9d92-6860b4b69350: attributed to 000026; 0.1 s; peak memory 702 MiB.
2026-10-01T10:42:55Z INFO [1067/2000] 70c8390d-e4ed-41d8-9e2a-fcf3f4ca9866: attributed to 000026; 0.1 s; peak memory 702 MiB.
2026-10-01T10:42:55Z INFO [1068/2000] 70ceefd1-8793-4949-8a86-274cca75e8d8: attributed to 000142; 0.0 s; peak memory 702 MiB.
2026-10-01T10:42:55Z INFO [1069/2000] 70cf8a56-6009-4966-bb0a-a9479f5cf9cc: attributed to 001697; 0.3 s; peak memory 702 MiB.
2026-10-01T10:42:55Z INFO [1070/2000] 70d72bd6-63b9-4e83-a7aa-c75e617a48ee: attributed to 001697; 0.0 s; peak memory 702 MiB.
2026-10-01T10:42:55Z INFO [1071/2000] 70d79b6a-8361-46bb-b29a-c12c0b2cbc85: attributed to 000465; 0.0 s; peak memory 702 MiB.
2026-10-01T10:42:55Z INFO [1072/2000] 70d808db-6116-4585-a593-a510fdd06aad: attributed to 000403; 0.0 s; peak memory 702 MiB.
2026-10-01T10:42:55Z INFO [1073/2000] 70ddcfb6-87ec-4c08-81cf-f22025ea78e2: attributed to 000559; 0.1 s; peak memory 702 MiB.
2026-10-01T10:42:56Z INFO [1074/2000] 70e7ad9c-dc7d-47d7-ba88-23b99033907a: attributed to 000026; 0.1 s; peak memory 702 MiB.
2026-10-01T10:42:56Z INFO [1075/2000] 70f21d81-5610-410f-9365-fb4b6864aaf0: attributed to 000570; 0.0 s; peak memory 702 MiB.
2026-10-01T10:42:56Z INFO [1076/2000] 70f5e4a2-7d5d-46b9-9311-23acb79dd4f5: attributed to 001697; 0.0 s; peak memory 702 MiB.
2026-10-01T10:42:56Z INFO [1077/2000] 70f79c24-4f39-438d-a79d-f873a920684b: attributed to 001697; 0.0 s; peak memory 702 MiB.
2026-10-01T10:42:56Z INFO [1078/2000] 70faf17a-0760-4070-a384-007c359197f1: attributed to 001697; 0.3 s; peak memory 702 MiB.
2026-10-01T10:42:56Z INFO [1079/2000] 7100ccd9-1ebc-4994-a4dd-4c86fb468202: attributed to 001697; 0.5 s; peak memory 702 MiB.
2026-10-01T10:42:57Z INFO [1080/2000] 7104d3af-e7c5-4e46-bacb-b6e654d1623c: attributed to 001697; 0.4 s; peak memory 702 MiB.
2026-10-01T10:42:57Z INFO [1081/2000] 7106747f-a4b0-4187-ab00-7819794d1128: attributed to 000026; 0.2 s; peak memory 702 MiB.
2026-10-01T10:42:57Z INFO [1082/2000] 71095568-fd9d-441a-b7ed-92d0d1ac131f: attributed to 001697; 0.0 s; peak memory 702 MiB.
2026-10-01T10:42:57Z INFO [1083/2000] 710c4ffa-dd18-46f0-8e65-cd555a3cb38b: attributed to 000570; 0.0 s; peak memory 702 MiB.
2026-10-01T10:42:57Z INFO [1084/2000] 71131832-f418-46a7-b08f-c8c12e5a0075: attributed to 001697; 0.3 s; peak memory 702 MiB.
2026-10-01T10:42:57Z INFO [1085/2000] 71184bc0-e5ec-45a0-9029-7a191d2a32a2: attributed to 001697; 0.0 s; peak memory 702 MiB.
2026-10-01T10:42:58Z INFO [1086/2000] 71193142-ced6-4be8-a38d-440569a38097: attributed to 001697; 0.3 s; peak memory 702 MiB.
2026-10-01T10:42:58Z INFO [1087/2000] 711ceed5-c52f-4e78-938e-c83d7dcf47f7: attributed to 000109; 0.0 s; peak memory 702 MiB.
2026-10-01T10:42:58Z INFO [1088/2000] 71202e45-55b5-4fd4-84ee-e662f64c8893: attributed to 001697; 0.3 s; peak memory 702 MiB.
2026-10-01T10:42:58Z INFO [1089/2000] 71203f38-0506-4c1d-a94c-8494a0b1e9d0: attributed to 000570; 0.0 s; peak memory 702 MiB.
2026-10-01T10:42:58Z INFO [1090/2000] 7120b2e5-fd5e-4e5c-9530-7c7c72eafdb0: attributed to 001697; 0.3 s; peak memory 702 MiB.
2026-10-01T10:42:58Z INFO [1091/2000] 71247239-d22c-4bcf-bbc6-9536b4b4e477: attributed to 000109; 0.0 s; peak memory 702 MiB.
2026-10-01T10:42:58Z INFO [1092/2000] 71266773-cad1-470c-967b-94608fbcbbcd: attributed to 000209; 0.0 s; peak memory 702 MiB.
2026-10-01T10:42:58Z INFO [1093/2000] 71279ca5-ffc5-43db-ad5a-8c6723278ce5: attributed to 001697; 0.3 s; peak memory 702 MiB.
2026-10-01T10:42:59Z INFO [1094/2000] 7140bedf-4352-47d4-bb7c-da27854c912a: attributed to 000026; 0.1 s; peak memory 702 MiB.
2026-10-01T10:42:59Z INFO [1095/2000] 71413d4c-e117-4e09-8b2b-945548946e4d: attributed to 001858; 0.0 s; peak memory 702 MiB.
2026-10-01T10:42:59Z INFO [1096/2000] 7146a354-c4fd-435a-bafd-6474f43c8dd3: attributed to 001063; 0.1 s; peak memory 702 MiB.
2026-10-01T10:42:59Z INFO [1097/2000] 71492e0b-7b95-4b11-8bb7-2885fbe69cad: attributed to 000209; 0.0 s; peak memory 702 MiB.
2026-10-01T10:42:59Z INFO [1098/2000] 714ff015-1355-4550-b9f8-eaab22761123: attributed to 001697; 0.3 s; peak memory 702 MiB.
2026-10-01T10:42:59Z INFO [1099/2000] 71529a67-1ca7-4941-8e7d-9e1c30e420a4: attributed to 001449; 0.1 s; peak memory 702 MiB.
2026-10-01T10:42:59Z INFO [1100/2000] 7158644b-89a8-49c8-93d7-2efff015a900: attributed to 001437; 0.1 s; peak memory 702 MiB.
2026-10-01T10:43:00Z INFO [1100/2000] 7158644b-89a8-49c8-93d7-2efff015a900: checkpointed 493112 records.
2026-10-01T10:43:00Z INFO [1101/2000] 715fd132-c647-4385-bc3d-239ac8791f36: attributed to 000026; 0.1 s; peak memory 702 MiB.
2026-10-01T10:43:01Z INFO [1102/2000] 71777b60-f4da-4626-a568-2540efcbcd0b: attributed to 001449; 0.2 s; peak memory 702 MiB.
2026-10-01T10:43:01Z INFO [1103/2000] 71793f32-2a3a-4e84-a1dc-4b578884f348: attributed to 001697; 0.3 s; peak memory 702 MiB.
2026-10-01T10:43:01Z INFO [1104/2000] 71827a33-3b5f-4508-9766-26f8f9359f46: attributed to 001697; 0.3 s; peak memory 702 MiB.
2026-10-01T10:43:01Z INFO [1105/2000] 719495b7-f0ee-412d-83aa-82a6fd85ea13: attributed to 001697; 0.0 s; peak memory 702 MiB.
2026-10-01T10:43:01Z INFO [1106/2000] 7194b1ad-f9c3-4e73-aeec-cf0fac728cce: attributed to 001697; 0.3 s; peak memory 702 MiB.
2026-10-01T10:43:02Z INFO [1107/2000] 719a4102-10ed-4b85-8b05-11ba34908a46: attributed to 001697; 0.3 s; peak memory 702 MiB.
2026-10-01T10:43:02Z INFO [1108/2000] 71a3e88c-e19f-4565-9e27-3cdc7e9b2729: attributed to 001697; 0.0 s; peak memory 702 MiB.
2026-10-01T10:43:02Z INFO [1109/2000] 71a47726-5bb3-4bb5-8b95-584499cf2db9: attributed to 001697; 0.0 s; peak memory 702 MiB.
2026-10-01T10:43:02Z INFO [1110/2000] 71a5974e-b867-4851-9cdd-858271ce6672: attributed to 001697; 0.0 s; peak memory 702 MiB.
2026-10-01T10:43:02Z INFO [1111/2000] 71aac22f-730f-4f52-8143-8211e85bf57f: attributed to 001697; 0.3 s; peak memory 702 MiB.
2026-10-01T10:43:02Z INFO [1112/2000] 71acc290-410d-49d1-8520-44fcd0882695: attributed to 001697; 0.3 s; peak memory 702 MiB.
2026-10-01T10:43:02Z INFO [1113/2000] 71b1b713-7d1e-402f-b1a3-de8ee681e4e1: attributed to 000026; 0.1 s; peak memory 702 MiB.
2026-10-01T10:43:03Z INFO [1114/2000] 71b393ae-53dc-450d-b58a-5a9880818e0b: attributed to 000026; 0.3 s; peak memory 702 MiB.
2026-10-01T10:43:03Z INFO [1115/2000] 71ba6e19-5075-49fa-a32e-f6a30d10b888: attributed to 001697; 0.6 s; peak memory 702 MiB.
2026-10-01T10:43:03Z INFO [1116/2000] 71bbcce9-d8dc-4a8f-9854-13c51f7b1177: attributed to 001697; 0.0 s; peak memory 702 MiB.
2026-10-01T10:43:03Z INFO [1117/2000] 71c1210a-0f71-406e-ae05-7b845997a7da: attributed to 000026; 0.1 s; peak memory 702 MiB.
2026-10-01T10:43:03Z INFO [1118/2000] 71c14ddd-185d-44fe-93a6-3dab27e0df77: attributed to 001791; 0.1 s; peak memory 702 MiB.
2026-10-01T10:43:03Z INFO [1119/2000] 71c294e5-8f8f-44cf-8cca-950fd35798da: attributed to 000946; 0.1 s; peak memory 702 MiB.
2026-10-01T10:43:04Z INFO [1120/2000] 71c2f6e9-a3e0-42ec-8616-22d3c48f33ad: attributed to 000026; 0.1 s; peak memory 702 MiB.
2026-10-01T10:43:04Z INFO [1121/2000] 71c74f03-71f3-4eef-80b9-b0b26c53052c: attributed to 001697; 0.6 s; peak memory 702 MiB.
2026-10-01T10:43:04Z INFO [1122/2000] 71ca081f-5677-422f-9d9d-10e0b9910b28: attributed to 001437; 0.1 s; peak memory 702 MiB.
2026-10-01T10:43:05Z INFO [1123/2000] 71ccd478-3429-4a4c-b3b2-b4372dfc3df8: attributed to 001697; 0.3 s; peak memory 702 MiB.
2026-10-01T10:43:05Z INFO [1124/2000] 71dbf5ae-5d05-4172-9ecd-0bcb4708b45f: attributed to 001697; 0.0 s; peak memory 702 MiB.
2026-10-01T10:43:05Z INFO [1125/2000] 71dc6680-c0db-4f94-8ecb-b3019c9a7570: attributed to 000946; 0.1 s; peak memory 702 MiB.
2026-10-01T10:43:05Z INFO [1126/2000] 71e3ed42-c073-4915-b2f6-4494283c8cef: attributed to 001697; 0.4 s; peak memory 702 MiB.
2026-10-01T10:43:05Z INFO [1127/2000] 71e535d0-1625-4097-80a1-63f66096b1a7: attributed to 001697; 0.0 s; peak memory 702 MiB.
2026-10-01T10:43:05Z INFO [1128/2000] 71e58720-f7f0-4ad0-a052-f306711595de: attributed to 001697; 0.0 s; peak memory 702 MiB.
2026-10-01T10:43:06Z INFO [1129/2000] 71e8a4c5-b209-4564-bc04-30ec1aff604c: attributed to 001697; 0.5 s; peak memory 702 MiB.
2026-10-01T10:43:06Z INFO [1130/2000] 71ec6b09-49e7-4879-9cb0-9be777517339: attributed to 000408; 0.0 s; peak memory 702 MiB.
2026-10-01T10:43:06Z INFO [1131/2000] 71ee2f46-3e9e-475c-9be2-61c22d9b39e4: attributed to 001449; 0.1 s; peak memory 702 MiB.
2026-10-01T10:43:11Z INFO [1132/2000] 71f12cac-a0c5-4d6e-8254-ace75f7c0774: attributed to 001449; 5.7 s; peak memory 702 MiB.
2026-10-01T10:43:13Z INFO [1133/2000] 71fa4410-d49d-41c1-b3a6-9ebad5c09536: attributed to 001697; 1.2 s; peak memory 702 MiB.
2026-10-01T10:43:13Z INFO [1134/2000] 72014cd8-8f33-4a02-9004-68d9a882765c: attributed to 000142; 0.0 s; peak memory 702 MiB.
2026-10-01T10:43:13Z INFO [1135/2000] 7204ba28-7f24-4f6c-a3d6-2c6c5591cadf: attributed to 001697; 0.5 s; peak memory 702 MiB.
2026-10-01T10:43:13Z INFO [1136/2000] 7208999f-ccc5-4d74-b8e7-e74a847a213a: attributed to 000026; 0.1 s; peak memory 702 MiB.
2026-10-01T10:43:13Z INFO [1137/2000] 72162791-7acb-4b8e-aef4-665e34a0dd11: attributed to 001697; 0.0 s; peak memory 702 MiB.
2026-10-01T10:43:13Z INFO [1138/2000] 721ff000-16e6-431a-aa4d-8468942d1cea: attributed to 000109; 0.0 s; peak memory 702 MiB.
2026-10-01T10:43:13Z INFO [1139/2000] 72268ed2-06ae-4435-8ad2-574787901d1a: attributed to 001697; 0.0 s; peak memory 702 MiB.
2026-10-01T10:43:14Z INFO [1140/2000] 722b772b-489a-46e0-8269-9a32809e72a0: attributed to 001697; 0.5 s; peak memory 702 MiB.
2026-10-01T10:43:15Z INFO [1141/2000] 7230928b-0d01-47cc-91f0-744825ca2427: attributed to 001697; 1.0 s; peak memory 702 MiB.
2026-10-01T10:43:17Z INFO [1142/2000] 72353747-d7c4-4ea7-9edf-5f59a7744c20: attributed to 000571; 1.8 s; peak memory 702 MiB.
2026-10-01T10:43:17Z INFO [1143/2000] 723cd9e4-b971-498a-944b-14e0b09c4c38: attributed to 001697; 0.0 s; peak memory 702 MiB.
2026-10-01T10:43:17Z INFO [1144/2000] 723d6f6c-7546-4ac7-b942-d470e83154ba: attributed to 001697; 0.0 s; peak memory 702 MiB.
2026-10-01T10:43:17Z INFO [1145/2000] 7244aa8e-ff50-43fd-88b5-cf58d1ad3893: attributed to 001697; 0.0 s; peak memory 702 MiB.
2026-10-01T10:43:17Z INFO [1146/2000] 7244c8f2-dbc8-49bf-8b60-7053fca86820: attributed to 000570; 0.0 s; peak memory 702 MiB.
2026-10-01T10:43:17Z INFO [1147/2000] 7247f3e6-9ebc-4ac5-a3f7-d960e6dd784b: attributed to 001697; 0.0 s; peak memory 702 MiB.
2026-10-01T10:43:17Z INFO [1148/2000] 724be137-84d8-4db7-8b29-51aeca97e971: attributed to 001697; 0.3 s; peak memory 702 MiB.
2026-10-01T10:43:17Z INFO [1149/2000] 724cf594-b5d0-4461-957a-d6ca254652e4: attributed to 000026; 0.1 s; peak memory 702 MiB.
2026-10-01T10:43:17Z INFO [1150/2000] 72543106-8786-43ae-a474-21c29348e6aa: attributed to 000570; 0.0 s; peak memory 702 MiB.
2026-10-01T10:43:18Z INFO [1150/2000] 72543106-8786-43ae-a474-21c29348e6aa: checkpointed 493112 records.
2026-10-01T10:43:18Z INFO [1151/2000] 726024d4-d870-4512-b36b-2b50030eb5f0: attributed to 000026; 0.1 s; peak memory 702 MiB.
2026-10-01T10:43:19Z INFO [1152/2000] 72639f6d-f2ec-44c3-8631-5a85e8f95107: attributed to 001697; 0.3 s; peak memory 702 MiB.
2026-10-01T10:43:19Z INFO [1153/2000] 7264847f-8ec5-4305-bb99-107a4e5cf122: attributed to 000026; 0.5 s; peak memory 702 MiB.
2026-10-01T10:43:19Z INFO [1154/2000] 7266c735-2521-4d3e-97c4-6032bf7dab0b: attributed to 001697; 0.0 s; peak memory 702 MiB.
2026-10-01T10:43:19Z INFO [1155/2000] 726fd15f-4420-4fa7-a620-d7ea18accb4e: attributed to 001697; 0.0 s; peak memory 702 MiB.
2026-10-01T10:43:19Z INFO [1156/2000] 7270af39-372a-472e-a783-83f46ba897b1: attributed to 000403; 0.0 s; peak memory 702 MiB.
2026-10-01T10:43:19Z INFO [1157/2000] 727878b4-21cc-46d8-8546-807ea20b00f4: attributed to 000026; 0.1 s; peak memory 702 MiB.
2026-10-01T10:43:19Z INFO [1158/2000] 727b8429-7bda-4e2b-bfe0-8df7d1dc1184: attributed to 001266; 0.1 s; peak memory 702 MiB.
2026-10-01T10:43:20Z INFO [1159/2000] 729a8afe-f9fe-4832-978d-b7ce837f1d3c: attributed to 001697; 0.3 s; peak memory 702 MiB.
2026-10-01T10:43:20Z INFO [1160/2000] 729c38a7-f687-4730-af16-b9662523f4dd: attributed to 000026; 0.1 s; peak memory 702 MiB.
2026-10-01T10:43:20Z INFO [1161/2000] 729e6dd0-01b0-41e0-8e00-5f01761e1175: attributed to 001697; 0.0 s; peak memory 702 MiB.
2026-10-01T10:43:20Z INFO [1162/2000] 72b1ca03-9e2c-407d-874b-1de95c10b23c: attributed to 000026; 0.1 s; peak memory 702 MiB.
2026-10-01T10:43:20Z INFO [1163/2000] 72b22513-9323-47d4-9a44-7120a42dca54: attributed to 000026; 0.1 s; peak memory 702 MiB.
2026-10-01T10:43:20Z INFO [1164/2000] 72b23c93-0ca3-4a8d-83bb-5a96414b00a6: attributed to 000026; 0.1 s; peak memory 702 MiB.
2026-10-01T10:43:20Z INFO [1165/2000] 72b8b510-53b6-49cc-a9bf-22ad9a5566d7: attributed to 001697; 0.0 s; peak memory 702 MiB.
2026-10-01T10:43:20Z INFO [1166/2000] 72be7545-5d82-43ef-8f8e-45f1162d1b7a: attributed to 000026; 0.1 s; peak memory 702 MiB.
2026-10-01T10:43:20Z INFO [1167/2000] 72bfb10d-63c9-4ac9-b24f-3e59c4fc5f1b: attributed to 001697; 0.0 s; peak memory 702 MiB.
2026-10-01T10:43:20Z INFO [1168/2000] 72c68fea-7d3e-42ee-9ad3-fc6d3c070e80: attributed to 000026; 0.1 s; peak memory 702 MiB.
2026-10-01T10:43:20Z INFO [1169/2000] 72c6fa0f-9239-41ce-b654-e0352c5ba720: attributed to 001697; 0.0 s; peak memory 702 MiB.
2026-10-01T10:43:20Z INFO [1170/2000] 72cc92a2-1e57-456d-9de7-53da9ae01402: attributed to 001697; 0.0 s; peak memory 702 MiB.
2026-10-01T10:43:20Z INFO [1171/2000] 72da1bb3-6436-4ad6-9521-13921851b526: attributed to 000026; 0.1 s; peak memory 702 MiB.
2026-10-01T10:43:21Z INFO [1172/2000] 72dcb82c-d788-4b45-8580-058dbf8b2189: attributed to 001697; 0.3 s; peak memory 702 MiB.
2026-10-01T10:43:21Z INFO [1173/2000] 72dd4a7e-4114-4718-8a28-68233733204b: attributed to 001697; 0.0 s; peak memory 702 MiB.
2026-10-01T10:43:21Z INFO [1174/2000] 72f67e2b-c94b-4183-996c-00d673bc8789: attributed to 000946; 0.1 s; peak memory 702 MiB.
2026-10-01T10:43:21Z INFO [1175/2000] 72f77f31-e5a6-4e48-9683-a45ddd864d61: attributed to 001697; 0.3 s; peak memory 702 MiB.
2026-10-01T10:43:21Z INFO [1176/2000] 72fc8b9b-6391-4fca-94b6-d0a858d6560a: attributed to 001782; 0.1 s; peak memory 702 MiB.
2026-10-01T10:43:21Z INFO [1177/2000] 73000a0c-7083-4c57-bbe3-1beafaa92024: attributed to 001697; 0.0 s; peak memory 702 MiB.
2026-10-01T10:43:21Z INFO [1178/2000] 7302c105-8afc-4779-9e29-2e83de5e6b36: attributed to 001697; 0.4 s; peak memory 702 MiB.
2026-10-01T10:43:22Z INFO [1179/2000] 73098074-23e5-47fa-a978-252045c2c741: attributed to 001697; 0.3 s; peak memory 702 MiB.
2026-10-01T10:43:22Z INFO [1180/2000] 730bb764-9b89-485f-83b0-1c4c7e4f2db3: attributed to 000142; 0.0 s; peak memory 702 MiB.
2026-10-01T10:43:22Z INFO [1181/2000] 730d3044-ec70-4ad3-ba35-442cdf44137d: attributed to 000026; 0.1 s; peak memory 702 MiB.
2026-10-01T10:43:22Z INFO [1182/2000] 7312cf74-1d59-481e-b07e-b078b8d8b084: attributed to 001697; 0.0 s; peak memory 702 MiB.
2026-10-01T10:43:22Z INFO [1183/2000] 731697f6-80f5-4ede-a7e5-8df9e88caf8f: attributed to 000026; 0.1 s; peak memory 702 MiB.
2026-10-01T10:43:22Z INFO [1184/2000] 732430fa-ccd4-4cb1-8011-f8b7830d15a2: attributed to 001697; 0.0 s; peak memory 702 MiB.
2026-10-01T10:43:22Z INFO [1185/2000] 73269ec6-db7b-4c5e-aeef-9c73cd2a5906: attributed to 001697; 0.4 s; peak memory 702 MiB.
2026-10-01T10:43:22Z INFO [1186/2000] 732b04c4-6587-4831-b94b-fc52c25d629d: attributed to 000026; 0.1 s; peak memory 702 MiB.
2026-10-01T10:43:22Z INFO [1187/2000] 732c9401-f9c6-4ee7-9cf8-8fb0f30123ea: attributed to 000142; 0.0 s; peak memory 702 MiB.
2026-10-01T10:43:23Z INFO [1188/2000] 73306f09-1255-4d5d-9687-e72555e49ced: attributed to 001697; 0.4 s; peak memory 702 MiB.
2026-10-01T10:43:23Z INFO [1189/2000] 7331622a-b137-4ea7-ad49-e0d6836ee88a: attributed to 001697; 0.0 s; peak memory 702 MiB.
2026-10-01T10:43:23Z INFO [1190/2000] 7338f1b1-91b0-441e-b712-bb94a97f992f: attributed to 000026; 0.1 s; peak memory 702 MiB.
2026-10-01T10:43:23Z INFO [1191/2000] 7344ed71-20a0-4075-b660-1c158eed4072: attributed to 001697; 0.0 s; peak memory 702 MiB.
2026-10-01T10:43:23Z INFO [1192/2000] 73463210-66b3-4f53-82d2-f6f39e105d7e: attributed to 000109; 0.0 s; peak memory 702 MiB.
2026-10-01T10:43:23Z INFO [1193/2000] 734b95ce-05ef-4289-8b2b-d0805b132ab1: attributed to 001697; 0.0 s; peak memory 702 MiB.
2026-10-01T10:43:23Z INFO [1194/2000] 7354333e-b547-4b9e-8415-95a5aad6bcc2: attributed to 000026; 0.1 s; peak memory 702 MiB.
2026-10-01T10:43:23Z INFO [1195/2000] 7354c819-8f67-4aa6-811c-ce2acbe0ae65: attributed to 000109; 0.0 s; peak memory 702 MiB.
2026-10-01T10:43:24Z INFO [1196/2000] 7357d00b-aa6c-4cad-8e5e-7e60af352d79: attributed to 001697; 0.5 s; peak memory 702 MiB.
2026-10-01T10:43:24Z INFO [1197/2000] 735a03f1-a1f5-4f52-aaf3-e21bd6bf214d: attributed to 000568; 0.1 s; peak memory 702 MiB.
2026-10-01T10:43:24Z INFO [1198/2000] 7373a88a-27e7-494f-8032-1b8c00ae5c04: attributed to 000026; 0.1 s; peak memory 702 MiB.
2026-10-01T10:43:24Z INFO [1199/2000] 73773260-e22d-4eb3-945a-c284a98a744f: attributed to 001697; 0.0 s; peak memory 702 MiB.
2026-10-01T10:43:24Z INFO [1200/2000] 7377d661-a4ca-4ef4-9ca4-95960abb53d9: attributed to 001697; 0.0 s; peak memory 702 MiB.
2026-10-01T10:43:25Z INFO [1200/2000] 7377d661-a4ca-4ef4-9ca4-95960abb53d9: checkpointed 493112 records.
2026-10-01T10:43:25Z INFO [1201/2000] 73781da7-01a9-462d-9b5d-9bb40fc47cb4: attributed to 000946; 0.1 s; peak memory 702 MiB.
2026-10-01T10:43:25Z INFO [1202/2000] 737c1abe-09d4-4768-b231-f0a874643b32: attributed to 001697; 0.0 s; peak memory 702 MiB.
2026-10-01T10:43:25Z INFO [1203/2000] 7383507e-c716-49d1-a033-d0cf2689fe1d: attributed to 001258; 0.0 s; peak memory 702 MiB.
2026-10-01T10:43:25Z INFO [1204/2000] 73868f0e-d9af-4e62-892b-8adc4a223f8d: attributed to 000403; 0.0 s; peak memory 702 MiB.
2026-10-01T10:43:26Z INFO [1205/2000] 738907e0-4d0b-436b-b9ea-8e669f36b6db: attributed to 001697; 0.7 s; peak memory 702 MiB.
2026-10-01T10:43:26Z INFO [1206/2000] 738a411b-36de-439c-8ff2-f90c2c2fed56: attributed to 001449; 0.4 s; peak memory 702 MiB.
2026-10-01T10:43:26Z INFO [1207/2000] 738c8a02-5658-4ef7-9140-9cdcbc93cc72: attributed to 001697; 0.0 s; peak memory 702 MiB.
2026-10-01T10:43:26Z INFO [1208/2000] 739381f8-c630-4138-8e84-af8b5a382e3c: attributed to 001697; 0.0 s; peak memory 702 MiB.
2026-10-01T10:43:27Z INFO [1209/2000] 7393d858-5fb3-4cf1-ae31-148c56205b0c: attributed to 001697; 0.7 s; peak memory 702 MiB.
2026-10-01T10:43:27Z INFO [1210/2000] 73a093a8-6034-4fcf-bd47-9b44752ca6ef: attributed to 001697; 0.0 s; peak memory 702 MiB.
2026-10-01T10:43:27Z INFO [1211/2000] 73a70f42-67d2-4a8e-8058-a630f7007500: attributed to 001697; 0.0 s; peak memory 702 MiB.
2026-10-01T10:43:27Z INFO [1212/2000] 73abac9a-dcbb-4287-a9dd-143124097011: attributed to 001449; 0.1 s; peak memory 702 MiB.
2026-10-01T10:43:27Z INFO [1213/2000] 73b06673-1ee5-413d-9ef7-c0062b012d9b: attributed to 001372; 0.1 s; peak memory 702 MiB.
2026-10-01T10:43:27Z INFO [1214/2000] 73c3157d-36e0-4a94-b67b-db3a92415b40: attributed to 001697; 0.0 s; peak memory 702 MiB.
2026-10-01T10:43:27Z INFO [1215/2000] 73c6d92f-2047-46b8-858d-2ef36e6f5c56: attributed to 001697; 0.0 s; peak memory 702 MiB.
2026-10-01T10:43:28Z INFO [1216/2000] 73db5c5f-9665-4956-bf27-7832792426ab: attributed to 000571; 0.4 s; peak memory 702 MiB.
2026-10-01T10:43:28Z INFO [1217/2000] 73e49d29-ba06-43a7-a150-319260dcff44: attributed to 001697; 0.3 s; peak memory 702 MiB.
2026-10-01T10:43:28Z INFO [1218/2000] 73ec4054-0822-40b9-8387-399104b0ba44: attributed to 000026; 0.4 s; peak memory 702 MiB.
2026-10-01T10:43:28Z INFO [1219/2000] 73f39e5f-bd6e-42e0-81e3-477d8a99ba76: attributed to 000465; 0.0 s; peak memory 702 MiB.
2026-10-01T10:43:28Z INFO [1220/2000] 73f6aade-6d95-4c3b-bacd-333f704bdc4e: attributed to 000026; 0.1 s; peak memory 702 MiB.
2026-10-01T10:43:29Z INFO [1221/2000] 73fe8f88-0cd7-47ae-8293-272aea78c71f: attributed to 000946; 0.2 s; peak memory 702 MiB.
2026-10-01T10:43:29Z INFO [1222/2000] 73fe9994-d65a-404a-9b4d-df628443026f: attributed to 001697; 0.0 s; peak memory 702 MiB.
2026-10-01T10:43:29Z INFO [1223/2000] 74080553-f688-49f4-9579-c00666257220: attributed to 001697; 0.0 s; peak memory 702 MiB.
2026-10-01T10:43:29Z INFO [1224/2000] 74080a4d-337e-4a87-8667-66233199e077: attributed to 000026; 0.1 s; peak memory 702 MiB.
2026-10-01T10:43:29Z INFO [1225/2000] 740b6491-102f-4ab6-8349-e4f62bb2f9df: attributed to 001697; 0.0 s; peak memory 702 MiB.
2026-10-01T10:43:29Z INFO [1226/2000] 740d15bf-5638-4cc3-a57b-aafc00ed6972: attributed to 000142; 0.0 s; peak memory 702 MiB.
2026-10-01T10:43:29Z INFO [1227/2000] 741f570e-7eee-49b3-a946-4cfc4051bb73: attributed to 001697; 0.3 s; peak memory 702 MiB.
2026-10-01T10:43:29Z INFO [1228/2000] 74274331-e1dd-4fb0-811d-86af67499dd4: attributed to 001697; 0.0 s; peak memory 702 MiB.
2026-10-01T10:43:29Z INFO [1229/2000] 7427cba6-2740-44f6-bc3d-951d5f4c5337: attributed to 001697; 0.0 s; peak memory 702 MiB.
2026-10-01T10:43:29Z INFO [1230/2000] 7428294c-78f9-402d-9fe7-31fefd1f74b9: attributed to 001697; 0.0 s; peak memory 702 MiB.
2026-10-01T10:43:29Z INFO [1231/2000] 7433faf8-27c3-4112-90f9-1c56d30a7669: attributed to 001697; 0.3 s; peak memory 702 MiB.
2026-10-01T10:43:29Z INFO [1232/2000] 74379382-6ce5-4872-8a56-06264893ae90: attributed to 001449; 0.1 s; peak memory 702 MiB.
2026-10-01T10:43:29Z INFO [1233/2000] 743f1826-ecfb-4628-9a14-733f00af3d02: attributed to 001697; 0.0 s; peak memory 702 MiB.
2026-10-01T10:43:30Z INFO [1234/2000] 7441494d-e4cf-4292-9ece-799384c77ef6: attributed to 000026; 0.1 s; peak memory 702 MiB.
2026-10-01T10:43:30Z INFO [1235/2000] 7443efea-86f7-47e7-90ad-6c32b9ff97f7: attributed to 001697; 0.0 s; peak memory 702 MiB.
2026-10-01T10:43:30Z INFO [1236/2000] 744e18dc-5c19-48cf-bfee-8a9809adeea3: attributed to 001697; 0.0 s; peak memory 702 MiB.
2026-10-01T10:43:30Z INFO [1237/2000] 7458d7c4-8243-4ce9-b6c0-159dd1490640: attributed to 001697; 0.4 s; peak memory 702 MiB.
2026-10-01T10:43:30Z INFO [1238/2000] 74612203-fc45-4987-ab9a-1bda3a33c7bb: attributed to 001697; 0.0 s; peak memory 702 MiB.
2026-10-01T10:43:30Z INFO [1239/2000] 746275cc-af43-49ed-8052-030133d7c112: attributed to 000403; 0.0 s; peak memory 702 MiB.
2026-10-01T10:43:30Z INFO [1240/2000] 7469e883-2165-4808-8914-5f2507fa8d5e: attributed to 001697; 0.3 s; peak memory 702 MiB.
2026-10-01T10:43:30Z INFO [1241/2000] 746a6d4d-ea0c-4bb9-95af-8398dbc60b79: attributed to 000026; 0.2 s; peak memory 702 MiB.
2026-10-01T10:43:30Z INFO [1242/2000] 7470ec60-c20e-46e4-ab0e-349fbf712aff: attributed to 001697; 0.0 s; peak memory 702 MiB.
2026-10-01T10:43:32Z INFO [1243/2000] 74743ac1-365a-4a01-ad51-9715e947adb4: attributed to 001346; 1.3 s; peak memory 702 MiB.
2026-10-01T10:43:32Z INFO [1244/2000] 7480b8ab-f217-4d3c-852a-6637a65dea00: attributed to 001697; 0.3 s; peak memory 702 MiB.
2026-10-01T10:43:32Z INFO [1245/2000] 748175fb-ce75-4199-8007-a673431d0918: attributed to 000109; 0.0 s; peak memory 702 MiB.
2026-10-01T10:43:32Z INFO [1246/2000] 7483d810-887f-4cc2-a9af-cb707fb24247: attributed to 001697; 0.3 s; peak memory 702 MiB.
2026-10-01T10:43:32Z INFO [1247/2000] 748c9020-dd78-4782-8a9e-cbc6eb488850: attributed to 001697; 0.0 s; peak memory 702 MiB.
2026-10-01T10:43:32Z INFO [1248/2000] 748d32c0-2e7f-4e0b-9fba-8ead3abb641c: attributed to 000403; 0.0 s; peak memory 702 MiB.
2026-10-01T10:43:33Z INFO [1249/2000] 7491669f-6132-4272-8497-3ca71be86b13: attributed to 001697; 0.3 s; peak memory 702 MiB.
2026-10-01T10:43:33Z INFO [1250/2000] 7496e2d5-2df2-44cb-a0fa-0cc71b207eb1: attributed to 000946; 0.1 s; peak memory 702 MiB.
2026-10-01T10:43:34Z INFO [1250/2000] 7496e2d5-2df2-44cb-a0fa-0cc71b207eb1: checkpointed 493112 records.
2026-10-01T10:43:35Z INFO [1251/2000] 749c2105-d641-4102-87e1-b5e0db4e1453: attributed to 001697; 0.6 s; peak memory 702 MiB.
2026-10-01T10:43:35Z INFO [1252/2000] 749f6608-82ed-4420-9414-4cc4377ecbbc: attributed to 001697; 0.0 s; peak memory 702 MiB.
2026-10-01T10:43:35Z INFO [1253/2000] 74a544be-1476-40c2-8083-6f47e42ba588: attributed to 000165; 0.1 s; peak memory 702 MiB.
2026-10-01T10:43:35Z INFO [1254/2000] 74a6b6da-9c70-4124-92cf-d7247edeb49f: attributed to 000026; 0.1 s; peak memory 702 MiB.
2026-10-01T10:43:35Z INFO [1255/2000] 74af57b2-6a99-498e-92c3-c615d154d8dd: attributed to 000026; 0.1 s; peak memory 702 MiB.
2026-10-01T10:43:35Z INFO [1256/2000] 74bb497a-0812-4ca0-865d-fd7671a4b9be: attributed to 000026; 0.1 s; peak memory 702 MiB.
2026-10-01T10:43:36Z INFO [1257/2000] 74c4c30d-14d1-4f96-930e-7433a2b812dc: attributed to 001697; 0.4 s; peak memory 702 MiB.
2026-10-01T10:43:36Z INFO [1258/2000] 74d75fb1-6a05-464b-b804-d0b98c23e4f8: attributed to 001697; 0.3 s; peak memory 702 MiB.
2026-10-01T10:43:36Z INFO [1259/2000] 74dbf5b7-66ec-4039-bfa3-04c5c08ca5e3: attributed to 001697; 0.0 s; peak memory 702 MiB.
2026-10-01T10:43:36Z INFO [1260/2000] 74dfe408-6b20-4d3a-bd10-8a6c866c93db: attributed to 000026; 0.1 s; peak memory 702 MiB.
2026-10-01T10:43:36Z INFO [1261/2000] 74f3eac2-cd1b-43b6-bda6-55f661239591: attributed to 001782; 0.1 s; peak memory 702 MiB.
2026-10-01T10:43:36Z INFO [1262/2000] 74f6c7a5-4703-4823-b788-eb36b0f8ca8b: attributed to 000026; 0.1 s; peak memory 702 MiB.
2026-10-01T10:43:37Z INFO [1263/2000] 74fdb1af-b4c1-45db-b4d8-6fc24c1675da: attributed to 001697; 0.3 s; peak memory 702 MiB.
2026-10-01T10:43:37Z INFO [1264/2000] 74fe35a6-3982-4443-b8ea-d75fee94ccf4: attributed to 001697; 0.4 s; peak memory 702 MiB.
2026-10-01T10:43:37Z INFO [1265/2000] 75005abe-1905-4c7a-a754-76ef28851f54: attributed to 001697; 0.3 s; peak memory 702 MiB.
2026-10-01T10:43:37Z INFO [1266/2000] 750280aa-93b3-4c44-b753-4df65fd413bb: attributed to 000571; 0.2 s; peak memory 702 MiB.
2026-10-01T10:43:37Z INFO [1267/2000] 75036438-4c73-4056-88db-0fe28a059054: attributed to 001697; 0.0 s; peak memory 702 MiB.
2026-10-01T10:43:37Z INFO [1268/2000] 750c941b-2a88-4c74-b904-0a4c5cb1329d: attributed to 001046; 0.0 s; peak memory 702 MiB.
2026-10-01T10:43:37Z INFO [1269/2000] 750e62da-e3cd-4195-b4e8-af6bf1a120b7: attributed to 001697; 0.0 s; peak memory 702 MiB.
2026-10-01T10:43:38Z INFO [1270/2000] 7511e025-c7aa-489c-bdad-099fabe400db: attributed to 001697; 0.3 s; peak memory 702 MiB.
2026-10-01T10:43:38Z INFO [1271/2000] 751271fc-8d7c-4f81-b4de-4e715738e806: attributed to 001697; 0.0 s; peak memory 702 MiB.
2026-10-01T10:43:38Z INFO [1272/2000] 751694f7-7330-4ee0-8a3f-7bc155039334: attributed to 000026; 0.1 s; peak memory 702 MiB.
2026-10-01T10:43:38Z INFO [1273/2000] 7517a628-cd51-4eba-b0bf-3e8a886a0e5b: attributed to 001697; 0.3 s; peak memory 702 MiB.
2026-10-01T10:43:38Z INFO [1274/2000] 751be3ea-2b45-40fb-bfdb-029bbf0ca7cb: attributed to 001697; 0.4 s; peak memory 702 MiB.
2026-10-01T10:43:39Z INFO [1275/2000] 751d0bb8-e3bd-4f6f-9593-e2dc86643cf3: attributed to 001449; 0.1 s; peak memory 702 MiB.
2026-10-01T10:43:39Z INFO [1276/2000] 75218923-cd3d-4d41-9092-e45caaca70f5: attributed to 000570; 0.0 s; peak memory 702 MiB.
2026-10-01T10:43:39Z INFO [1277/2000] 752a7f94-877c-4cf4-a238-601046c04f78: attributed to 000026; 0.1 s; peak memory 702 MiB.
2026-10-01T10:43:39Z INFO [1278/2000] 752cc8b8-c27a-4c6d-9c16-1ee7afa51f75: attributed to 000026; 0.1 s; peak memory 702 MiB.
2026-10-01T10:43:39Z INFO [1279/2000] 752ef6c3-d6d6-4931-b97a-0c2119598408: attributed to 001697; 0.0 s; peak memory 702 MiB.
2026-10-01T10:43:39Z INFO [1280/2000] 7530ee74-bf0a-4495-be74-c562046c6f3d: attributed to 000026; 0.1 s; peak memory 702 MiB.
2026-10-01T10:43:39Z INFO [1281/2000] 7535cc18-3efc-4d91-9ebf-1f879602e204: attributed to 001697; 0.4 s; peak memory 702 MiB.
2026-10-01T10:43:40Z INFO [1282/2000] 75365429-722c-4d3c-9c59-b5832426ae80: attributed to 001697; 0.3 s; peak memory 702 MiB.
2026-10-01T10:43:40Z INFO [1283/2000] 753ec166-e23c-42d5-bd44-03d3544061ab: attributed to 000026; 0.7 s; peak memory 702 MiB.
2026-10-01T10:43:40Z INFO [1284/2000] 7543260a-8886-4f5c-b4c3-3227481a3287: attributed to 001258; 0.0 s; peak memory 702 MiB.
2026-10-01T10:43:40Z INFO [1285/2000] 755b8241-6df2-4f9b-b279-ad635faba871: attributed to 001449; 0.1 s; peak memory 702 MiB.
2026-10-01T10:43:41Z INFO [1286/2000] 755eb148-c829-406a-98d0-5764cca372ed: attributed to 001697; 0.4 s; peak memory 702 MiB.
2026-10-01T10:43:41Z INFO [1287/2000] 75659e67-0099-4167-83cc-50e133377e00: attributed to 001697; 0.4 s; peak memory 702 MiB.
2026-10-01T10:43:42Z INFO [1288/2000] 75681c02-14b9-4eff-9b67-beb4edf0e18f: attributed to 001697; 0.4 s; peak memory 702 MiB.
2026-10-01T10:43:42Z INFO [1289/2000] 756a4ff3-f351-45b0-85fc-62e0e858461f: attributed to 000946; 0.1 s; peak memory 702 MiB.
2026-10-01T10:43:42Z INFO [1290/2000] 7573d680-ee11-4e52-ac93-eb864634359d: attributed to 001697; 0.3 s; peak memory 702 MiB.
2026-10-01T10:43:42Z INFO [1291/2000] 75782c36-540f-4763-80f7-7497b4030cd4: attributed to 001697; 0.0 s; peak memory 702 MiB.
2026-10-01T10:43:42Z INFO [1292/2000] 7578ac98-e782-4022-9498-eb451c1e1b2e: attributed to 001697; 0.4 s; peak memory 702 MiB.
2026-10-01T10:43:42Z INFO [1293/2000] 758c0d28-201b-4243-b6b3-ba8c683b2a2e: attributed to 001697; 0.0 s; peak memory 702 MiB.
2026-10-01T10:43:42Z INFO [1294/2000] 759b2e85-3b5f-457c-b7d4-c1d24c86210e: attributed to 000026; 0.1 s; peak memory 702 MiB.
2026-10-01T10:43:43Z INFO [1295/2000] 759f7a19-f4c5-4998-bf89-4e1f530f9709: attributed to 001697; 0.3 s; peak memory 702 MiB.
2026-10-01T10:43:43Z INFO [1296/2000] 75a42c69-84b2-4b52-be9a-f0f1e5c738bb: attributed to 001063; 0.1 s; peak memory 702 MiB.
2026-10-01T10:43:43Z INFO [1297/2000] 75b63096-1c3a-4ddd-83c7-330d61cec21a: attributed to 001697; 0.0 s; peak memory 702 MiB.
2026-10-01T10:43:43Z INFO [1298/2000] 75b97ee1-d8bb-45ab-8bf7-6787bb0321e3: attributed to 000026; 0.1 s; peak memory 702 MiB.
2026-10-01T10:43:43Z INFO [1299/2000] 75bb4b3c-7196-4a7e-b36a-36d392864158: attributed to 001697; 0.3 s; peak memory 702 MiB.
2026-10-01T10:43:44Z INFO [1300/2000] 75cbd5bb-0024-4c19-a93f-c37b0d57e870: attributed to 001697; 0.5 s; peak memory 702 MiB.
2026-10-01T10:43:45Z INFO [1300/2000] 75cbd5bb-0024-4c19-a93f-c37b0d57e870: checkpointed 493112 records.
2026-10-01T10:43:45Z INFO [1301/2000] 75ccf3e8-72d6-4992-ba11-0e888654847c: attributed to 001697; 0.3 s; peak memory 702 MiB.
2026-10-01T10:43:45Z INFO [1302/2000] 75d190c1-9b79-41bd-a3ba-d99318c47074: attributed to 000026; 0.1 s; peak memory 702 MiB.
2026-10-01T10:43:45Z INFO [1303/2000] 75d1bc0a-98ff-4ac1-8624-5322aeda18d7: attributed to 000209; 0.0 s; peak memory 702 MiB.
2026-10-01T10:43:45Z INFO [1304/2000] 75d20786-ed51-45e4-99ad-273fb9ed6407: attributed to 001748; 0.0 s; peak memory 702 MiB.
2026-10-01T10:43:46Z INFO [1305/2000] 75d811c1-a00c-436f-aeae-02acc0378860: attributed to 001697; 0.4 s; peak memory 702 MiB.
2026-10-01T10:43:46Z INFO [1306/2000] 75ea224a-9b35-4950-af0d-ee762895b8d6: attributed to 000946; 0.1 s; peak memory 702 MiB.
2026-10-01T10:43:46Z INFO [1307/2000] 75ed38d8-9108-4029-b722-23ecdb53e868: attributed to 001697; 0.0 s; peak memory 702 MiB.
2026-10-01T10:43:46Z INFO [1308/2000] 75f8f5a6-934e-4215-82d9-5f09ac06de6e: attributed to 000946; 0.1 s; peak memory 702 MiB.
2026-10-01T10:43:46Z INFO [1309/2000] 75fae8be-3855-4246-ace5-65c20b0bc677: attributed to 001697; 0.3 s; peak memory 702 MiB.
2026-10-01T10:43:46Z INFO [1310/2000] 75fd92a1-1cca-48f6-a328-b0556bfa8f1e: attributed to 001697; 0.0 s; peak memory 702 MiB.
2026-10-01T10:43:46Z INFO [1311/2000] 75ff381f-dac7-47a5-9b72-f690bc6f8eca: attributed to 001697; 0.0 s; peak memory 702 MiB.
2026-10-01T10:43:46Z INFO [1312/2000] 76003758-02da-44eb-9e2a-854e4e504f7b: attributed to 001697; 0.3 s; peak memory 702 MiB.
2026-10-01T10:43:46Z INFO [1313/2000] 7607e6ff-d058-413b-b4b0-4241d26a38e3: attributed to 001697; 0.0 s; peak memory 702 MiB.
2026-10-01T10:43:46Z INFO [1314/2000] 760a1384-f5fe-46d3-88d5-d9952c800da6: attributed to 000026; 0.1 s; peak memory 702 MiB.
2026-10-01T10:43:46Z INFO [1315/2000] 7618644b-2cf0-4b65-927e-778eaf0b7d6b: attributed to 001697; 0.0 s; peak memory 702 MiB.
2026-10-01T10:43:46Z INFO [1316/2000] 76231009-2b06-4538-abe4-df0ebd5ebd9c: attributed to 001697; 0.0 s; peak memory 702 MiB.
2026-10-01T10:43:47Z INFO [1317/2000] 7628e344-2228-4ec0-ac08-691637171cf4: attributed to 001697; 0.4 s; peak memory 702 MiB.
2026-10-01T10:43:47Z INFO [1318/2000] 762eb885-55e5-4770-8f46-4fe3aa295230: attributed to 000946; 0.1 s; peak memory 702 MiB.
2026-10-01T10:43:47Z INFO [1319/2000] 763140a9-2a56-44b1-b7ca-76d15c80df61: attributed to 001697; 0.3 s; peak memory 702 MiB.
2026-10-01T10:43:48Z INFO [1320/2000] 764a7409-bf74-4bef-a959-b7b8f74f586b: attributed to 001697; 0.3 s; peak memory 702 MiB.
2026-10-01T10:43:48Z INFO [1321/2000] 764acd72-99c8-4920-a2e5-4ce416d9b9e2: attributed to 001697; 0.0 s; peak memory 702 MiB.
2026-10-01T10:43:48Z INFO [1322/2000] 764c93e4-9f4a-4eed-a9ee-1463fc329357: attributed to 000026; 0.1 s; peak memory 702 MiB.
2026-10-01T10:43:49Z INFO [1323/2000] 765110f7-8939-41cb-9d57-9119b8c1314d: attributed to 000571; 1.1 s; peak memory 702 MiB.
2026-10-01T10:43:49Z INFO [1324/2000] 765301d5-8745-4c8f-8c68-f9302a8c39fc: attributed to 001697; 0.0 s; peak memory 702 MiB.
2026-10-01T10:43:50Z INFO [1325/2000] 7657cef7-6f28-4554-a06d-06144ab1ad06: attributed to 001697; 0.8 s; peak memory 702 MiB.
2026-10-01T10:43:50Z INFO [1326/2000] 76586738-244a-4ef3-81cc-47bc392796a4: attributed to 001697; 0.3 s; peak memory 702 MiB.
2026-10-01T10:43:50Z INFO [1327/2000] 765dbe11-5254-4743-b95f-854b86920562: attributed to 001697; 0.0 s; peak memory 702 MiB.
2026-10-01T10:43:50Z INFO [1328/2000] 765ffe1e-ed47-408b-afd0-877b5fb3494f: attributed to 001697; 0.0 s; peak memory 702 MiB.
2026-10-01T10:43:50Z INFO [1329/2000] 76633510-f000-4522-9633-f70287cab68e: attributed to 001697; 0.3 s; peak memory 702 MiB.
2026-10-01T10:43:50Z INFO [1330/2000] 76666439-21ef-48f9-9f41-60e118864f28: attributed to 000946; 0.1 s; peak memory 702 MiB.
2026-10-01T10:43:50Z INFO [1331/2000] 766b5f26-765e-4d7c-93b6-43418362103a: attributed to 000209; 0.0 s; peak memory 702 MiB.
2026-10-01T10:43:50Z INFO [1332/2000] 76707689-7be9-49d1-ad97-3f6e70350ead: attributed to 001697; 0.0 s; peak memory 702 MiB.
2026-10-01T10:43:50Z INFO [1333/2000] 7676c38f-dd5c-46f9-975f-67f97f1f92f7: attributed to 000946; 0.1 s; peak memory 702 MiB.
2026-10-01T10:43:50Z INFO [1334/2000] 767a6f6c-595a-41b9-bb3e-daef420af069: attributed to 000946; 0.1 s; peak memory 702 MiB.
2026-10-01T10:43:51Z INFO [1335/2000] 767bb90d-d7c8-43cb-a548-ceba7e99a412: attributed to 001697; 0.3 s; peak memory 702 MiB.
2026-10-01T10:43:51Z INFO [1336/2000] 767cf8d3-28d3-4088-ab73-c97c9010b961: attributed to 000026; 0.1 s; peak memory 702 MiB.
2026-10-01T10:43:51Z INFO [1337/2000] 767d1d56-1e5f-4a57-9a1c-55efaadb9b80: attributed to 000026; 0.1 s; peak memory 702 MiB.
2026-10-01T10:43:51Z INFO [1338/2000] 767e6d75-c8d7-427a-a659-e1b924a9f9b0: attributed to 000946; 0.1 s; peak memory 702 MiB.
2026-10-01T10:43:51Z INFO [1339/2000] 7685360e-6e71-4b7d-a533-52041a880944: attributed to 000026; 0.1 s; peak memory 702 MiB.
2026-10-01T10:43:51Z INFO [1340/2000] 7686d612-a70b-4f08-9e70-ec9a48fa805d: attributed to 001697; 0.3 s; peak memory 702 MiB.
2026-10-01T10:43:52Z INFO [1341/2000] 7696372e-5db7-4651-b989-426e6a0562b7: attributed to 000946; 0.1 s; peak memory 702 MiB.
2026-10-01T10:43:52Z INFO [1342/2000] 76978df9-7365-4323-af7a-8067d1248986: attributed to 001697; 0.0 s; peak memory 702 MiB.
2026-10-01T10:43:52Z INFO [1343/2000] 76b1a168-b3ca-425b-87a9-2fbe5739980d: attributed to 001697; 0.4 s; peak memory 702 MiB.
2026-10-01T10:43:52Z INFO [1344/2000] 76b20578-8a3f-4b36-8316-c275a98f659a: attributed to 001697; 0.3 s; peak memory 702 MiB.
2026-10-01T10:43:52Z INFO [1345/2000] 76b9c440-2cb5-48a7-bc8a-9ecee65cee6d: attributed to 001697; 0.0 s; peak memory 702 MiB.
2026-10-01T10:43:53Z INFO [1346/2000] 76bcfc21-9e60-4dfb-b8a2-719d7ca829e8: attributed to 001697; 0.4 s; peak memory 702 MiB.
2026-10-01T10:43:53Z INFO [1347/2000] 76bd07f0-f98d-4b0b-97e4-6bbb11ced1e0: attributed to 000026; 0.1 s; peak memory 702 MiB.
2026-10-01T10:43:53Z INFO [1348/2000] 76bdec96-72f6-49b5-818b-dd1776f58e67: attributed to 001697; 0.0 s; peak memory 702 MiB.
2026-10-01T10:43:53Z INFO [1349/2000] 76c2d860-0a22-464e-9264-c8e251a85674: attributed to 001791; 0.1 s; peak memory 702 MiB.
2026-10-01T10:43:53Z INFO [1350/2000] 76c55b41-d7ee-47b8-b0c2-a3dd85e7a0b8: attributed to 000142; 0.0 s; peak memory 702 MiB.
2026-10-01T10:43:54Z INFO [1350/2000] 76c55b41-d7ee-47b8-b0c2-a3dd85e7a0b8: checkpointed 493113 records.
2026-10-01T10:43:54Z INFO [1351/2000] 76d0c735-badb-466d-a161-5e88f90ade00: attributed to 000026; 0.2 s; peak memory 702 MiB.
2026-10-01T10:43:54Z INFO [1352/2000] 76d3b245-8675-47c9-b88e-254eac39efd0: attributed to 001697; 0.3 s; peak memory 702 MiB.
2026-10-01T10:43:54Z INFO [1353/2000] 76d5ae16-8ab5-416d-a966-1abfd8423666: attributed to 001697; 0.0 s; peak memory 702 MiB.
2026-10-01T10:43:54Z INFO [1354/2000] 76d68551-32d9-4703-bdf3-258ed8682c69: attributed to 001697; 0.0 s; peak memory 702 MiB.
2026-10-01T10:43:55Z INFO [1355/2000] 76d7b3f9-6046-4708-ac18-3189dcefbe41: attributed to 001697; 0.3 s; peak memory 702 MiB.
2026-10-01T10:43:55Z INFO [1356/2000] 76e32783-f8ad-4394-bed6-9d5f77eedc33: attributed to 001697; 0.3 s; peak memory 702 MiB.
2026-10-01T10:43:56Z INFO [1357/2000] 76e68b85-afd5-4f54-ab97-4415b86a3707: attributed to 001697; 0.6 s; peak memory 702 MiB.
2026-10-01T10:43:56Z INFO [1358/2000] 76e9920b-7da9-49c9-aa3d-e2c77b2a0411: attributed to 000570; 0.0 s; peak memory 702 MiB.
2026-10-01T10:43:56Z INFO [1359/2000] 76ebad2c-abb3-47b0-a7ab-d5aa70566e9e: attributed to 001697; 0.0 s; peak memory 702 MiB.
2026-10-01T10:43:56Z INFO [1360/2000] 76f653e7-730e-4823-83c5-feb20f496028: attributed to 000026; 0.1 s; peak memory 702 MiB.
2026-10-01T10:43:56Z INFO [1361/2000] 76fbb6e0-2d0c-4347-a79e-cba951362d65: attributed to 001697; 0.5 s; peak memory 702 MiB.
2026-10-01T10:43:56Z INFO [1362/2000] 770da48e-cbee-430d-95c7-95a821703878: attributed to 000109; 0.0 s; peak memory 702 MiB.
2026-10-01T10:43:57Z INFO [1363/2000] 7712052b-12f5-446c-9e9b-6da3b010cdab: attributed to 001697; 0.5 s; peak memory 702 MiB.
2026-10-01T10:43:57Z INFO [1364/2000] 771b9a54-27f5-44c9-b8f6-5fc717c51101: attributed to 001697; 0.0 s; peak memory 702 MiB.
2026-10-01T10:43:57Z INFO [1365/2000] 772805ac-a690-40a0-aaa5-d4b2fbf3aede: attributed to 000026; 0.1 s; peak memory 702 MiB.
2026-10-01T10:43:57Z INFO [1366/2000] 77283323-f7f8-455a-98a0-92992769ad66: attributed to 001782; 0.1 s; peak memory 702 MiB.
2026-10-01T10:43:57Z INFO [1367/2000] 77333619-9fed-4243-ae93-761979c6c8a3: attributed to 000568; 0.1 s; peak memory 702 MiB.
2026-10-01T10:43:57Z INFO [1368/2000] 773c34a1-1900-4d46-91e9-9a84d7f7eae3: attributed to 001697; 0.4 s; peak memory 702 MiB.
2026-10-01T10:43:57Z INFO [1369/2000] 7742423b-d5d2-4e64-aa6d-4283c6a8b5ce: attributed to 001697; 0.0 s; peak memory 702 MiB.
2026-10-01T10:43:58Z INFO [1370/2000] 77426d65-a9f6-44de-ba7e-fb0e2f15c275: attributed to 001873; 0.8 s; peak memory 702 MiB.
2026-10-01T10:43:58Z INFO [1371/2000] 7749332c-3fe5-44bd-a3c6-947719a2f363: attributed to 000026; 0.1 s; peak memory 702 MiB.
2026-10-01T10:43:58Z INFO [1372/2000] 77536f28-1ed0-4e2e-8f9a-be45b4237413: attributed to 001697; 0.0 s; peak memory 702 MiB.
2026-10-01T10:43:58Z INFO [1373/2000] 77569caa-25b7-405c-85dd-c4624b845f22: attributed to 000946; 0.1 s; peak memory 702 MiB.
2026-10-01T10:43:58Z INFO [1374/2000] 7759fdc9-f7bb-4a19-8f98-8320f6d73af7: attributed to 000026; 0.1 s; peak memory 702 MiB.
2026-10-01T10:43:58Z INFO [1375/2000] 775e826b-f048-4361-b940-1f8e7360d3cf: attributed to 001697; 0.0 s; peak memory 702 MiB.
2026-10-01T10:43:58Z INFO [1376/2000] 77611995-0127-4c56-97d8-fd99f616c623: attributed to 001697; 0.0 s; peak memory 702 MiB.
2026-10-01T10:43:59Z INFO [1377/2000] 7767f722-176a-4e43-a345-9ba14c895fe6: attributed to 001697; 0.5 s; peak memory 702 MiB.
2026-10-01T10:43:59Z INFO [1378/2000] 7771f482-3fff-4312-80fa-1f1f2ae069a3: attributed to 001697; 0.0 s; peak memory 702 MiB.
2026-10-01T10:43:59Z INFO [1379/2000] 7776bb82-c190-41bb-9831-ed61f71da192: attributed to 000142; 0.0 s; peak memory 702 MiB.
2026-10-01T10:43:59Z INFO [1380/2000] 7779dc24-3eb1-4589-a823-d4423cad2081: attributed to 000026; 0.1 s; peak memory 702 MiB.
2026-10-01T10:43:59Z INFO [1381/2000] 77843fde-03e3-4e2e-8661-bf2132584ddf: attributed to 001449; 0.1 s; peak memory 702 MiB.
2026-10-01T10:43:59Z INFO [1382/2000] 7784ca8e-97c1-4f1a-9688-6f025e72d9ed: attributed to 000571; 0.1 s; peak memory 702 MiB.
2026-10-01T10:44:01Z INFO [1383/2000] 778578a8-a7ef-4c9d-9412-629a1a40217f: attributed to 001449; 1.9 s; peak memory 702 MiB.
2026-10-01T10:44:01Z INFO [1384/2000] 77993c8a-3527-4c9c-aec2-5fb53397b8b3: attributed to 000026; 0.1 s; peak memory 702 MiB.
2026-10-01T10:44:01Z INFO [1385/2000] 77993d41-a15a-40ce-9510-07298f9e9222: attributed to 001697; 0.0 s; peak memory 702 MiB.
2026-10-01T10:44:01Z INFO [1386/2000] 779c6ded-1c3d-4461-b62e-cfffd6d1a117: attributed to 000173; 0.1 s; peak memory 702 MiB.
2026-10-01T10:44:02Z INFO [1387/2000] 779d924c-69e2-4f4f-bf56-0df4ed83bb4e: attributed to 001697; 0.3 s; peak memory 702 MiB.
2026-10-01T10:44:02Z INFO [1388/2000] 77ad838d-8389-48cb-95a0-2b8dc19f13ea: attributed to 000465; 0.0 s; peak memory 702 MiB.
2026-10-01T10:44:02Z INFO [1389/2000] 77add6dd-f2da-4f49-a469-faa98e9d1167: attributed to 001697; 0.0 s; peak memory 702 MiB.
2026-10-01T10:44:02Z INFO [1390/2000] 77b57ad3-0e16-476d-8fa1-704e8b6bbfc0: attributed to 001697; 0.0 s; peak memory 702 MiB.
2026-10-01T10:44:02Z INFO [1391/2000] 77bcbc49-1fef-4b81-8a1c-f9d6956d92f4: attributed to 001697; 0.0 s; peak memory 702 MiB.
2026-10-01T10:44:02Z INFO [1392/2000] 77c86c0d-46bb-4165-b903-d5814401bdee: attributed to 001697; 0.3 s; peak memory 702 MiB.
2026-10-01T10:44:02Z INFO [1393/2000] 77cbeaad-610f-4da1-9be2-c27f19522f67: attributed to 001697; 0.3 s; peak memory 702 MiB.
2026-10-01T10:44:02Z INFO [1394/2000] 77d7ad04-61d6-4d8e-80b3-d5f5cda58b9c: attributed to 001697; 0.0 s; peak memory 702 MiB.
2026-10-01T10:44:02Z INFO [1395/2000] 77de770f-2fb6-4d26-8f3d-d9d232fec46a: attributed to 001697; 0.0 s; peak memory 702 MiB.
2026-10-01T10:44:02Z INFO [1396/2000] 77ea7e11-3153-4086-b7b6-831bbe16079b: attributed to 001697; 0.3 s; peak memory 702 MiB.
2026-10-01T10:44:02Z INFO [1397/2000] 77f0897a-3a7b-4ce3-a152-173e0d4447ce: attributed to 000408; 0.0 s; peak memory 702 MiB.
2026-10-01T10:44:02Z INFO [1398/2000] 77f30c9f-2e71-4bfe-b1c6-cd91068e450a: attributed to 000946; 0.1 s; peak memory 702 MiB.
2026-10-01T10:44:04Z INFO [1399/2000] 77f44bf9-d3c4-4186-a177-2ff640f0e219: attributed to 001697; 2.0 s; peak memory 702 MiB.
2026-10-01T10:44:05Z INFO [1400/2000] 77f5ecf1-5393-49af-a232-33f3891c44ed: attributed to 001697; 0.4 s; peak memory 702 MiB.
2026-10-01T10:44:06Z INFO [1400/2000] 77f5ecf1-5393-49af-a232-33f3891c44ed: checkpointed 493113 records.
2026-10-01T10:44:06Z INFO [1401/2000] 77f5f3b7-cafd-431c-9280-6347162b2390: attributed to 001873; 0.4 s; peak memory 702 MiB.
2026-10-01T10:44:06Z INFO [1402/2000] 77fad896-5756-41ec-b915-bfaa741c000f: attributed to 001697; 0.0 s; peak memory 702 MiB.
2026-10-01T10:44:07Z INFO [1403/2000] 77fdae74-59bc-44d3-ba30-5cd70322fd65: attributed to 001697; 0.3 s; peak memory 702 MiB.
2026-10-01T10:44:07Z INFO [1404/2000] 78023f13-d21b-434b-8dac-c0eec1a8caed: attributed to 001697; 0.0 s; peak memory 702 MiB.
2026-10-01T10:44:07Z INFO [1405/2000] 78055e4e-9c10-414f-9169-2438fbf7cae4: attributed to 000946; 0.1 s; peak memory 702 MiB.
2026-10-01T10:44:07Z INFO [1406/2000] 780f4818-d08e-42da-b195-659015eacdbe: attributed to 001697; 0.0 s; peak memory 702 MiB.
2026-10-01T10:44:07Z INFO [1407/2000] 781588bc-2520-4bfc-bf8f-6fbb67d053e1: attributed to 001697; 0.3 s; peak memory 702 MiB.
2026-10-01T10:44:07Z INFO [1408/2000] 78163efa-66ac-40a7-856a-1c137b50016f: attributed to 000026; 0.1 s; peak memory 702 MiB.
2026-10-01T10:44:09Z INFO [1409/2000] 7819272e-0693-4370-842b-f69715f97fe4: attributed to 001697; 1.9 s; peak memory 702 MiB.
2026-10-01T10:44:09Z INFO [1410/2000] 781c8c18-26f4-49b3-b8bd-c239f8145801: attributed to 000026; 0.1 s; peak memory 702 MiB.
2026-10-01T10:44:09Z INFO [1411/2000] 781d4630-1974-4aaa-bc47-d86af7ab54d9: attributed to 001748; 0.0 s; peak memory 702 MiB.
2026-10-01T10:44:09Z INFO [1412/2000] 7825911c-3ed0-41a8-8b65-f0f93edf5e8c: attributed to 001697; 0.0 s; peak memory 702 MiB.
2026-10-01T10:44:09Z INFO [1413/2000] 78271092-196b-4aea-9df3-83c47b523bce: attributed to 001697; 0.3 s; peak memory 702 MiB.
2026-10-01T10:44:10Z INFO [1414/2000] 782ade6e-e89c-4e51-a102-d04241de528d: attributed to 001697; 0.3 s; peak memory 702 MiB.
2026-10-01T10:44:10Z INFO [1415/2000] 7836e720-6be5-4b44-b03e-d054823d5477: attributed to 001452; 0.3 s; peak memory 702 MiB.
2026-10-01T10:44:10Z INFO [1416/2000] 7836ec32-5848-4690-979b-083eb50ff798: attributed to 001063; 0.1 s; peak memory 702 MiB.
2026-10-01T10:44:10Z INFO [1417/2000] 7837fb5f-bb11-428d-998e-633bde4554e3: attributed to 001697; 0.3 s; peak memory 702 MiB.
2026-10-01T10:44:10Z INFO [1418/2000] 7839566b-91a2-4911-a509-8b898702dd5f: attributed to 000408; 0.0 s; peak memory 702 MiB.
2026-10-01T10:44:11Z INFO [1419/2000] 783c4971-9e0c-472d-8d65-333e7417d940: attributed to 001697; 0.3 s; peak memory 702 MiB.
2026-10-01T10:44:11Z INFO [1420/2000] 783d5cf1-7db1-4ba6-b632-8b0e028f150d: attributed to 001697; 0.4 s; peak memory 702 MiB.
2026-10-01T10:44:17Z INFO [1421/2000] 7853251a-e173-4fe3-90ff-2fe8e9ff0ede: attributed to 000052; 6.0 s; peak memory 702 MiB.
2026-10-01T10:44:17Z INFO [1422/2000] 7859b563-c15b-4242-a527-f16c6aa92968: attributed to 000109; 0.0 s; peak memory 702 MiB.
2026-10-01T10:44:17Z INFO [1423/2000] 7859dd1d-11f0-4721-8e42-c41551fd9742: attributed to 001697; 0.0 s; peak memory 702 MiB.
2026-10-01T10:44:19Z INFO [1424/2000] 785a2e2d-f476-4c79-a407-565da7c2aadd: attributed to 001697; 1.6 s; peak memory 702 MiB.
2026-10-01T10:44:19Z INFO [1425/2000] 785fde01-3387-4a39-9174-ee2eb8aaff79: attributed to 001697; 0.0 s; peak memory 702 MiB.
2026-10-01T10:44:19Z INFO [1426/2000] 7861edac-8428-4faa-92a5-dc42b5aee83a: attributed to 001697; 0.0 s; peak memory 702 MiB.
2026-10-01T10:44:19Z INFO [1427/2000] 7864dae1-0081-4b21-a11d-aa9e3a606d17: attributed to 000026; 0.1 s; peak memory 702 MiB.
2026-10-01T10:44:19Z INFO [1428/2000] 7867c7e3-6934-48e6-924d-5f9256134c99: attributed to 000026; 0.1 s; peak memory 702 MiB.
2026-10-01T10:44:19Z INFO [1429/2000] 7882545a-b863-40e5-9d8c-1749b9cb92d3: attributed to 000026; 0.1 s; peak memory 702 MiB.
2026-10-01T10:44:19Z INFO [1430/2000] 788aeee4-5ec0-444d-98f7-5c842ddd989d: attributed to 001697; 0.0 s; peak memory 702 MiB.
2026-10-01T10:44:19Z INFO [1431/2000] 7890ee40-5278-443e-aa02-c13ec5a7d811: attributed to 001697; 0.3 s; peak memory 702 MiB.
2026-10-01T10:44:19Z INFO [1432/2000] 789471ac-28ac-442d-ada5-06186e8afe38: attributed to 001697; 0.0 s; peak memory 702 MiB.
2026-10-01T10:44:19Z INFO [1433/2000] 7897a924-9fe6-424b-94ca-5584ea6dfa1d: attributed to 001697; 0.3 s; peak memory 702 MiB.
2026-10-01T10:44:20Z INFO [1434/2000] 78a0423c-5480-4212-bd0b-ee2caf9fc6d1: attributed to 001697; 0.3 s; peak memory 702 MiB.
2026-10-01T10:44:20Z INFO [1435/2000] 78af7103-eecd-41e0-a27b-c08655a1aeab: attributed to 001697; 0.0 s; peak memory 702 MiB.
2026-10-01T10:44:20Z INFO [1436/2000] 78b36e07-8638-43a3-934b-2df018344e20: attributed to 001697; 0.0 s; peak memory 702 MiB.
2026-10-01T10:44:20Z INFO [1437/2000] 78bcaa47-f2f1-4db1-987b-aa7514881725: attributed to 001858; 0.0 s; peak memory 702 MiB.
2026-10-01T10:44:20Z INFO [1438/2000] 78bd426a-3882-4e3b-afdf-812035c0fe30: attributed to 001449; 0.1 s; peak memory 702 MiB.
2026-10-01T10:44:20Z INFO [1439/2000] 78bf25ef-5a63-44cc-8ae4-16c88b343c40: attributed to 001697; 0.0 s; peak memory 702 MiB.
2026-10-01T10:44:20Z INFO [1440/2000] 78bfc10f-3473-4c67-a10a-f41ef4d04d7d: attributed to 001873; 0.4 s; peak memory 702 MiB.
2026-10-01T10:44:20Z INFO [1441/2000] 78c72944-b166-44fa-8492-87e4c37d592e: attributed to 001697; 0.3 s; peak memory 702 MiB.
2026-10-01T10:44:21Z INFO [1442/2000] 78cb1b7d-3dd2-4b8f-86aa-b1a0b60d9fb4: attributed to 001697; 0.3 s; peak memory 702 MiB.
2026-10-01T10:44:21Z INFO [1443/2000] 78d2443a-cac6-4a86-aecb-43c3626df14b: attributed to 001697; 0.0 s; peak memory 702 MiB.
2026-10-01T10:44:21Z INFO [1444/2000] 78d40137-ae80-4b8e-ab04-6237050bf290: attributed to 001697; 0.0 s; peak memory 702 MiB.
2026-10-01T10:44:21Z INFO [1445/2000] 78d45887-5f3c-444f-aee5-f8e36b1339b4: attributed to 001697; 0.4 s; peak memory 702 MiB.
2026-10-01T10:44:21Z INFO [1446/2000] 78d66022-6327-43f1-a4ef-6efb26c38ea9: attributed to 001697; 0.1 s; peak memory 702 MiB.
2026-10-01T10:44:22Z INFO [1447/2000] 78d6a029-213a-4ae0-9b63-69a75277b83f: attributed to 001697; 0.4 s; peak memory 702 MiB.
2026-10-01T10:44:22Z INFO [1448/2000] 78e2c595-34fa-4c9e-bb89-00ada9ff078d: attributed to 001697; 0.0 s; peak memory 702 MiB.
2026-10-01T10:44:22Z INFO [1449/2000] 78e5f387-af2e-4ccc-884a-4894cf1e2258: attributed to 001697; 0.3 s; peak memory 702 MiB.
2026-10-01T10:44:22Z INFO [1450/2000] 78f2a052-f025-4583-b418-90cdefe21458: attributed to 001697; 0.3 s; peak memory 702 MiB.
2026-10-01T10:44:23Z INFO [1450/2000] 78f2a052-f025-4583-b418-90cdefe21458: checkpointed 493113 records.
2026-10-01T10:44:24Z INFO [1451/2000] 78f74dc2-53e3-42b5-8abd-a78df8edef5d: attributed to 001697; 0.3 s; peak memory 702 MiB.
2026-10-01T10:44:24Z INFO [1452/2000] 790007fe-fa9b-43ba-831f-2746a1a66c9b: attributed to 001697; 0.3 s; peak memory 702 MiB.
2026-10-01T10:44:24Z INFO [1453/2000] 79058188-6521-4c3c-a874-42bcb9446a68: attributed to 001697; 0.3 s; peak memory 702 MiB.
2026-10-01T10:44:24Z INFO [1454/2000] 790a5892-af3d-4294-a99c-d611e2d1163a: attributed to 001697; 0.0 s; peak memory 702 MiB.
2026-10-01T10:44:24Z INFO [1455/2000] 790cdfae-81c6-4bd9-b013-e73bcef9bc5f: attributed to 001697; 0.3 s; peak memory 702 MiB.
2026-10-01T10:44:24Z INFO [1456/2000] 790d0ee5-0908-45a9-8872-8acb7fce51aa: attributed to 001697; 0.0 s; peak memory 702 MiB.
2026-10-01T10:44:24Z INFO [1457/2000] 790f298c-53fe-45b9-9e4d-b9202f046ea2: attributed to 001697; 0.0 s; peak memory 702 MiB.
2026-10-01T10:44:25Z INFO [1458/2000] 7916c02b-f4d0-4ee4-93bd-c8d8d84a9836: attributed to 000026; 0.1 s; peak memory 702 MiB.
2026-10-01T10:44:25Z INFO [1459/2000] 7917deae-3c63-4ed7-a733-2b7b26510adc: attributed to 001697; 0.3 s; peak memory 702 MiB.
2026-10-01T10:44:25Z INFO [1460/2000] 7919af24-191d-40df-a6e7-6d8d12b19de4: attributed to 001697; 0.0 s; peak memory 702 MiB.
2026-10-01T10:44:25Z INFO [1461/2000] 791a54c8-b960-4976-9fd9-86d86a215356: attributed to 001697; 0.0 s; peak memory 702 MiB.
2026-10-01T10:44:25Z INFO [1462/2000] 791c18b6-647e-477d-8a6b-ae040325bc87: attributed to 001697; 0.3 s; peak memory 702 MiB.
2026-10-01T10:44:25Z INFO [1463/2000] 791e7374-8683-4e11-8cba-81e26d6c95d7: attributed to 001697; 0.0 s; peak memory 702 MiB.
2026-10-01T10:44:25Z INFO [1464/2000] 7929a4fb-ce64-4df7-85d4-f67982694364: attributed to 001697; 0.0 s; peak memory 702 MiB.
2026-10-01T10:44:25Z INFO [1465/2000] 7929ffc9-db42-42ec-8009-7b921efbc854: attributed to 001697; 0.0 s; peak memory 702 MiB.
2026-10-01T10:44:25Z INFO [1466/2000] 792b67ee-c1b3-4358-85da-ee2ed5464f54: attributed to 001697; 0.3 s; peak memory 702 MiB.
2026-10-01T10:44:26Z INFO [1467/2000] 79394cc3-8050-4f5a-af82-5dae6fdf1ec3: attributed to 001873; 0.5 s; peak memory 702 MiB.
2026-10-01T10:44:27Z INFO [1468/2000] 793f74c6-3b92-4382-8e34-667357751fc7: attributed to 001697; 0.7 s; peak memory 702 MiB.
2026-10-01T10:44:27Z INFO [1469/2000] 79460f90-20f9-45c1-a41b-fd867aa81e3c: attributed to 001697; 0.3 s; peak memory 702 MiB.
2026-10-01T10:44:27Z INFO [1470/2000] 7946242c-6f3a-4a7d-86b7-74927e06e864: attributed to 000142; 0.0 s; peak memory 702 MiB.
2026-10-01T10:44:27Z INFO [1471/2000] 79482e83-96df-46ee-a83c-d81a8cc6c588: attributed to 001697; 0.0 s; peak memory 702 MiB.
2026-10-01T10:44:27Z INFO [1472/2000] 7949bed6-35a7-4df7-b52a-32be37b86e28: attributed to 001697; 0.3 s; peak memory 702 MiB.
2026-10-01T10:44:27Z INFO [1473/2000] 7960feb2-76e3-45a0-a89b-9247e26281ee: attributed to 001697; 0.0 s; peak memory 702 MiB.
2026-10-01T10:44:27Z INFO [1474/2000] 7961ff70-8061-44eb-bf95-ccd221623c13: attributed to 000209; 0.0 s; peak memory 702 MiB.
2026-10-01T10:44:27Z INFO [1475/2000] 796318f1-b8e3-4f02-bb02-b8d9dee56862: attributed to 001697; 0.3 s; peak memory 702 MiB.
2026-10-01T10:44:28Z INFO [1476/2000] 7967f026-0133-4993-ac8a-25fd8279eb0e: attributed to 001449; 0.1 s; peak memory 702 MiB.
2026-10-01T10:44:28Z INFO [1477/2000] 79695c64-7205-4a5b-8ad4-630661512241: attributed to 000026; 0.3 s; peak memory 702 MiB.
2026-10-01T10:44:28Z INFO [1478/2000] 796ef9ab-1a85-47b6-ad41-fd6a7fb64cef: attributed to 000026; 0.1 s; peak memory 702 MiB.
2026-10-01T10:44:28Z INFO [1479/2000] 796f3c80-f8eb-4046-9c6c-b1619be33dbc: attributed to 001697; 0.3 s; peak memory 702 MiB.
2026-10-01T10:44:28Z INFO [1480/2000] 7976a7de-6591-41ce-8711-71c142195ce1: attributed to 000026; 0.1 s; peak memory 702 MiB.
2026-10-01T10:44:28Z INFO [1481/2000] 797a979b-a55a-40d3-bbf5-2b928a1232d4: attributed to 001697; 0.0 s; peak memory 702 MiB.
2026-10-01T10:44:29Z INFO [1482/2000] 797ab2b6-deb4-4e9f-990b-d3358d3d0e29: attributed to 001697; 0.3 s; peak memory 702 MiB.
2026-10-01T10:44:29Z INFO [1483/2000] 797b38e7-cc50-470f-ae0e-33ebbef77c26: attributed to 001697; 0.3 s; peak memory 702 MiB.
2026-10-01T10:44:29Z INFO [1484/2000] 797e765c-d30f-4e83-840a-81b1b9f4c725: attributed to 000403; 0.0 s; peak memory 702 MiB.
2026-10-01T10:44:29Z INFO [1485/2000] 798f4e76-3cf3-4ee2-adc5-e1abef30c75d: attributed to 000570; 0.0 s; peak memory 702 MiB.
2026-10-01T10:44:29Z INFO [1486/2000] 79930389-c282-4f33-acab-d87d045df633: attributed to 001697; 0.0 s; peak memory 702 MiB.
2026-10-01T10:44:29Z INFO [1487/2000] 79968c37-1065-4fb5-adec-37aa44bb1829: attributed to 001697; 0.0 s; peak memory 702 MiB.
2026-10-01T10:44:29Z INFO [1488/2000] 79984224-6ec3-4c9e-97bc-1f7767c63ebc: attributed to 001697; 0.0 s; peak memory 702 MiB.
2026-10-01T10:44:29Z INFO [1489/2000] 799a6061-87f2-4cfd-b1f0-05cce5ac3ded: attributed to 001697; 0.3 s; peak memory 702 MiB.
2026-10-01T10:44:29Z INFO [1490/2000] 799f96ec-7bb9-4fe3-aacc-6289297c04cd: attributed to 001697; 0.0 s; peak memory 702 MiB.
2026-10-01T10:44:29Z INFO [1491/2000] 799f9a72-3d34-49cb-ac4e-34fbab7e9fa7: attributed to 001697; 0.3 s; peak memory 702 MiB.
2026-10-01T10:44:30Z INFO [1492/2000] 79b1b1b2-9466-41a9-88ea-308bdbd18af5: attributed to 001449; 0.1 s; peak memory 702 MiB.
2026-10-01T10:44:30Z INFO [1493/2000] 79b29cba-27b2-4e83-93e0-2f4f2df11073: attributed to 001697; 0.3 s; peak memory 702 MiB.
2026-10-01T10:44:30Z INFO [1494/2000] 79b4afeb-8085-4c58-a77b-8abae99396f3: attributed to 000026; 0.1 s; peak memory 702 MiB.
2026-10-01T10:44:30Z INFO [1495/2000] 79b76907-9d64-4b9f-8335-1996aea2e33b: attributed to 001697; 0.4 s; peak memory 702 MiB.
2026-10-01T10:44:31Z INFO [1496/2000] 79b90cfb-c844-4d3e-8133-f8ec5e5f9dce: attributed to 001697; 0.4 s; peak memory 702 MiB.
2026-10-01T10:44:31Z INFO [1497/2000] 79bd9a0c-195d-4b0d-a871-077fcb17ee52: attributed to 001697; 0.0 s; peak memory 702 MiB.
2026-10-01T10:44:31Z INFO [1498/2000] 79c6998c-556c-412c-ba38-7aab8c6ee6c7: attributed to 000946; 0.1 s; peak memory 702 MiB.
2026-10-01T10:44:31Z INFO [1499/2000] 79ce124a-2810-4173-b125-b98b5c9eae04: attributed to 001697; 0.3 s; peak memory 702 MiB.
2026-10-01T10:44:31Z INFO [1500/2000] 79cff0ba-faa6-4262-b3f5-7b7a6d03e8dd: attributed to 001697; 0.3 s; peak memory 702 MiB.
2026-10-01T10:44:33Z INFO [1500/2000] 79cff0ba-faa6-4262-b3f5-7b7a6d03e8dd: checkpointed 493113 records.
2026-10-01T10:44:33Z INFO [1501/2000] 79d55a37-b85c-462c-9644-9d9cf5f30bca: attributed to 001697; 0.3 s; peak memory 702 MiB.
2026-10-01T10:44:33Z INFO [1502/2000] 79d7c312-e007-4174-9f24-048ba53ee0a8: attributed to 001697; 0.3 s; peak memory 702 MiB.
2026-10-01T10:44:33Z INFO [1503/2000] 79d8d32c-c30f-4231-a80c-cfb67f99dc38: attributed to 000026; 0.1 s; peak memory 702 MiB.
2026-10-01T10:44:33Z INFO [1504/2000] 79da3d86-ad78-4788-9ab4-472c9f925c8b: attributed to 001449; 0.1 s; peak memory 702 MiB.
2026-10-01T10:44:35Z INFO [1505/2000] 79de8578-8aa9-4c90-8f21-ffc8f68b359a: attributed to 001697; 1.1 s; peak memory 702 MiB.
2026-10-01T10:44:35Z INFO [1506/2000] 79f1972c-dc04-45c1-b01c-b41d1d06fe2c: attributed to 001697; 0.0 s; peak memory 702 MiB.
2026-10-01T10:44:35Z INFO [1507/2000] 79f50f6d-501a-4bb4-ad07-ff5abb545f48: attributed to 000568; 0.1 s; peak memory 702 MiB.
2026-10-01T10:44:35Z INFO [1508/2000] 79f5a0bf-3f4c-4735-975e-44ac15abda91: attributed to 001697; 0.3 s; peak memory 702 MiB.
2026-10-01T10:44:35Z INFO [1509/2000] 79f6cd17-f9fc-4b95-94ff-cf70b019a31a: attributed to 000026; 0.1 s; peak memory 702 MiB.
2026-10-01T10:44:35Z INFO [1510/2000] 7a07b341-5bb8-4ed2-83ae-f9428f8e48b9: attributed to 001791; 0.1 s; peak memory 702 MiB.
2026-10-01T10:44:35Z INFO [1511/2000] 7a0b8ca4-aa3d-4f87-89e7-b7b3a9c4924e: attributed to 000946; 0.1 s; peak memory 702 MiB.
2026-10-01T10:44:35Z INFO [1512/2000] 7a1ec99e-d0db-4be3-9525-6937dc45ae18: attributed to 001697; 0.0 s; peak memory 702 MiB.
2026-10-01T10:44:35Z INFO [1513/2000] 7a33c643-5aa4-445a-a91c-aa613d436658: attributed to 000026; 0.1 s; peak memory 702 MiB.
2026-10-01T10:44:35Z INFO [1514/2000] 7a401d1c-dd29-4d95-9b34-42cfef5326b6: attributed to 001697; 0.0 s; peak memory 702 MiB.
2026-10-01T10:44:36Z INFO [1515/2000] 7a418444-5142-4b57-b236-0bfa056bb48a: attributed to 001697; 1.1 s; peak memory 702 MiB.
2026-10-01T10:44:36Z INFO [1516/2000] 7a4a52f3-bc13-4c0d-9e3c-cf40e678c1b0: attributed to 001697; 0.0 s; peak memory 702 MiB.
2026-10-01T10:44:37Z INFO [1517/2000] 7a53d346-df60-4128-8dfe-adb41f2e7d7c: attributed to 000026; 0.1 s; peak memory 702 MiB.
2026-10-01T10:44:37Z INFO [1518/2000] 7a54ba40-e8ba-4ea8-9450-eeccfd9d1033: attributed to 001697; 0.0 s; peak memory 702 MiB.
2026-10-01T10:44:37Z INFO [1519/2000] 7a5b2d03-c6c8-4e44-830c-e40a72cbffcd: attributed to 001697; 0.0 s; peak memory 702 MiB.
2026-10-01T10:44:37Z INFO [1520/2000] 7a5c7708-931d-4e5f-aa24-a43927a09be8: attributed to 001697; 0.0 s; peak memory 702 MiB.
2026-10-01T10:44:37Z INFO [1521/2000] 7a65902f-9d17-4cf7-b28b-618015277174: attributed to 001765; 0.1 s; peak memory 702 MiB.
2026-10-01T10:44:37Z INFO [1522/2000] 7a6c51cb-4bf9-48ec-aac1-fea35df25a59: attributed to 000403; 0.0 s; peak memory 702 MiB.
2026-10-01T10:44:37Z INFO [1523/2000] 7a6deb70-3fc8-461b-9a06-5fe676ffde93: attributed to 001873; 0.4 s; peak memory 702 MiB.
2026-10-01T10:44:37Z INFO [1524/2000] 7a7c5dad-1f65-41e3-b930-1afe3ccd4cb1: attributed to 000026; 0.1 s; peak memory 702 MiB.
2026-10-01T10:44:37Z INFO [1525/2000] 7a7d035d-d604-4ff1-be44-23137ed1f35d: attributed to 001697; 0.0 s; peak memory 702 MiB.
2026-10-01T10:44:37Z INFO [1526/2000] 7a853495-82fa-46f4-85b5-b1f0c0b1a02d: attributed to 001697; 0.0 s; peak memory 702 MiB.
2026-10-01T10:44:38Z INFO [1527/2000] 7a8ae9df-a65e-4736-9c6e-c18eef882a41: attributed to 001697; 0.5 s; peak memory 702 MiB.
2026-10-01T10:44:38Z INFO [1528/2000] 7a8f594f-8498-49c8-9a4b-b7cd9f5ef1bc: attributed to 001697; 0.5 s; peak memory 702 MiB.
2026-10-01T10:44:38Z INFO [1529/2000] 7a915aea-2acc-4f4a-aebf-a4ecf7027fca: attributed to 000142; 0.0 s; peak memory 702 MiB.
2026-10-01T10:44:38Z INFO [1530/2000] 7a98f792-05b5-48c5-8e86-bbd082eb8b49: attributed to 000026; 0.1 s; peak memory 702 MiB.
2026-10-01T10:44:38Z INFO [1531/2000] 7a9903ae-ded4-460e-96e8-5dc6abf1489b: attributed to 001449; 0.1 s; peak memory 702 MiB.
2026-10-01T10:44:39Z INFO [1532/2000] 7aa3e95d-37d3-44d4-b921-d313a71e72c4: attributed to 000173; 0.1 s; peak memory 702 MiB.
2026-10-01T10:44:39Z INFO [1533/2000] 7aa8b66b-3eb5-4c6b-8bf9-5f6847695c44: attributed to 001697; 0.4 s; peak memory 702 MiB.
2026-10-01T10:44:39Z INFO [1534/2000] 7ab60759-ac3d-4286-b1c7-7bc7dcff37b8: attributed to 000142; 0.0 s; peak memory 702 MiB.
2026-10-01T10:44:39Z INFO [1535/2000] 7ab68069-119a-42fe-a4d1-e8695d7a8618: attributed to 000026; 0.1 s; peak memory 702 MiB.
2026-10-01T10:44:39Z INFO [1536/2000] 7abe9535-042e-4999-a321-17d19d32a66f: attributed to 001697; 0.3 s; peak memory 702 MiB.
2026-10-01T10:44:39Z INFO [1537/2000] 7ac11c4d-3224-48f3-8b39-2aad65cbe0c1: attributed to 000026; 0.1 s; peak memory 702 MiB.
2026-10-01T10:44:40Z INFO [1538/2000] 7ac173b8-8e4f-4fc6-8c88-53b834d601e5: attributed to 001697; 0.3 s; peak memory 702 MiB.
2026-10-01T10:44:40Z INFO [1539/2000] 7ac6204c-0949-4fb8-a20b-9e952d5fba23: attributed to 001697; 0.3 s; peak memory 702 MiB.
2026-10-01T10:44:40Z INFO [1540/2000] 7aca0c2f-19d2-4d31-bd77-761500f2c842: attributed to 001873; 0.3 s; peak memory 702 MiB.
2026-10-01T10:44:40Z INFO [1541/2000] 7accd05f-2edb-4bb6-97ca-4b4e16733d58: attributed to 000026; 0.1 s; peak memory 702 MiB.
2026-10-01T10:44:40Z INFO [1542/2000] 7ad12cc8-a0c6-451d-9a4e-a6f3871a04a4: attributed to 001697; 0.0 s; peak memory 702 MiB.
2026-10-01T10:44:41Z INFO [1543/2000] 7adb4c01-eec5-49db-83ba-6505555f624d: attributed to 001697; 0.3 s; peak memory 702 MiB.
2026-10-01T10:44:41Z INFO [1544/2000] 7adbfc7f-7911-49eb-bec0-4ec1aff1a0a0: attributed to 000026; 0.1 s; peak memory 702 MiB.
2026-10-01T10:44:41Z INFO [1545/2000] 7ae18882-eb9b-446c-865b-95ab0a662b7d: attributed to 000946; 0.1 s; peak memory 702 MiB.
2026-10-01T10:44:41Z INFO [1546/2000] 7ae435c4-8f42-4432-83c0-231b653502a0: attributed to 001697; 0.3 s; peak memory 702 MiB.
2026-10-01T10:44:42Z INFO [1547/2000] 7ae598f3-bd92-48a4-830b-563fe4e88c41: attributed to 001697; 0.3 s; peak memory 702 MiB.
2026-10-01T10:44:42Z INFO [1548/2000] 7aea2e46-ed2d-4dfd-b1b3-d0b79a12c070: attributed to 000026; 0.2 s; peak memory 702 MiB.
2026-10-01T10:44:42Z INFO [1549/2000] 7af4c8f4-6f6f-48ef-b639-6110dae73614: attributed to 001697; 0.3 s; peak memory 702 MiB.
2026-10-01T10:44:42Z INFO [1550/2000] 7b01a0fc-a344-49ac-859e-455661eb36a3: attributed to 001697; 0.0 s; peak memory 702 MiB.
2026-10-01T10:44:43Z INFO [1550/2000] 7b01a0fc-a344-49ac-859e-455661eb36a3: checkpointed 493113 records.
2026-10-01T10:44:43Z INFO [1551/2000] 7b0b6ee3-dc73-4804-8ad3-2ed872d75e79: attributed to 001697; 0.4 s; peak memory 702 MiB.
2026-10-01T10:44:44Z INFO [1552/2000] 7b0feb05-d4da-490f-9047-34e75271eec2: attributed to 001697; 0.7 s; peak memory 702 MiB.
2026-10-01T10:44:44Z INFO [1553/2000] 7b117f11-5f95-4ea3-9db4-4837729151a3: attributed to 001697; 0.0 s; peak memory 702 MiB.
2026-10-01T10:44:44Z INFO [1554/2000] 7b143358-22ab-45ff-b80e-8ba621764a92: attributed to 001697; 0.0 s; peak memory 702 MiB.
2026-10-01T10:44:45Z INFO [1555/2000] 7b17f9b1-ffc5-4f05-931e-a526b50b046e: attributed to 001697; 0.5 s; peak memory 702 MiB.
2026-10-01T10:44:45Z INFO [1556/2000] 7b2185b2-dc3e-405c-a192-6e927b2a150a: attributed to 000142; 0.0 s; peak memory 702 MiB.
2026-10-01T10:44:46Z INFO [1557/2000] 7b21eb95-d6b6-4fae-8936-7301c6af7a3a: attributed to 001697; 1.0 s; peak memory 702 MiB.
2026-10-01T10:44:46Z INFO [1558/2000] 7b23211f-8511-47ef-b42c-81795ee99e25: attributed to 001748; 0.0 s; peak memory 702 MiB.
2026-10-01T10:44:46Z INFO [1559/2000] 7b276a6c-181d-45e2-af9c-abb145378ac2: attributed to 000173; 0.1 s; peak memory 702 MiB.
2026-10-01T10:44:46Z INFO [1560/2000] 7b2be033-5731-4cd1-a589-db8866107816: attributed to 001697; 0.3 s; peak memory 702 MiB.
2026-10-01T10:44:46Z INFO [1561/2000] 7b2dccd7-163d-4552-ab9f-46128eb6c41f: attributed to 001697; 0.3 s; peak memory 702 MiB.
2026-10-01T10:44:47Z INFO [1562/2000] 7b2f20a9-9d88-4db3-b714-bbf8fc80623b: attributed to 001697; 0.3 s; peak memory 702 MiB.
2026-10-01T10:44:47Z INFO [1563/2000] 7b3e51f1-f6a1-4373-aa37-504523ceb2cd: attributed to 001697; 0.0 s; peak memory 702 MiB.
2026-10-01T10:44:47Z INFO [1564/2000] 7b3ec632-7971-4c18-9d96-1b86f70acb22: attributed to 001258; 0.0 s; peak memory 702 MiB.
2026-10-01T10:44:47Z INFO [1565/2000] 7b52316f-ce78-408d-8d65-593e66a62fa0: attributed to 001697; 0.0 s; peak memory 702 MiB.
2026-10-01T10:44:47Z INFO [1566/2000] 7b54bd93-d45f-4caf-9be3-a8d7053c3e13: attributed to 001063; 0.2 s; peak memory 702 MiB.
2026-10-01T10:44:47Z INFO [1567/2000] 7b552829-78d6-4040-9376-fe8a81fdea4b: attributed to 001697; 0.0 s; peak memory 702 MiB.
2026-10-01T10:44:47Z INFO [1568/2000] 7b56fc12-4278-4a77-8481-c026102e0d08: attributed to 001697; 0.0 s; peak memory 702 MiB.
2026-10-01T10:44:47Z INFO [1569/2000] 7b5cad00-4b36-455c-baba-9c0820fcc9da: attributed to 000946; 0.1 s; peak memory 702 MiB.
2026-10-01T10:44:47Z INFO [1570/2000] 7b5f3d33-5ea2-4115-90fe-163ddd0d8202: attributed to 001697; 0.0 s; peak memory 702 MiB.
2026-10-01T10:44:47Z INFO [1571/2000] 7b8cfcd7-15c2-4b8c-aa1c-2d970bc9c962: attributed to 001449; 0.1 s; peak memory 702 MiB.
2026-10-01T10:44:47Z INFO [1572/2000] 7b9f0e8c-4052-4ce4-bcaf-436c5a3abd3a: attributed to 001449; 0.1 s; peak memory 702 MiB.
2026-10-01T10:44:47Z INFO [1573/2000] 7ba634fa-fc98-4ad9-9ca5-0a3201b604d1: attributed to 001449; 0.1 s; peak memory 702 MiB.
2026-10-01T10:44:47Z INFO [1574/2000] 7bac25bc-f6d5-4e04-98ac-e03152d9678c: attributed to 001697; 0.0 s; peak memory 702 MiB.
2026-10-01T10:44:48Z INFO [1575/2000] 7bb322f4-c0b3-4ec8-b4bb-8b671f173839: attributed to 001449; 0.3 s; peak memory 702 MiB.
2026-10-01T10:44:48Z INFO [1576/2000] 7bbd9bf1-5fba-4df1-8b42-2ec367037b99: attributed to 001697; 0.3 s; peak memory 702 MiB.
2026-10-01T10:44:48Z INFO [1577/2000] 7bbe1803-1646-419a-8bc3-d33cc9f34aa1: attributed to 001697; 0.0 s; peak memory 702 MiB.
2026-10-01T10:44:49Z INFO [1578/2000] 7bbf9d5e-bd56-4e84-bc81-a4be43451044: attributed to 001697; 1.0 s; peak memory 702 MiB.
2026-10-01T10:44:49Z INFO [1579/2000] 7bc60c17-ce66-46cd-b630-79b91e6b4fbf: attributed to 000026; 0.2 s; peak memory 702 MiB.
2026-10-01T10:44:49Z INFO [1580/2000] 7bc7d24c-1d09-416a-81c4-516591e4b2b6: attributed to 001749; 0.1 s; peak memory 702 MiB.
2026-10-01T10:44:49Z INFO [1581/2000] 7bc84850-6e5e-46b8-aac4-2f7bad6eafc3: attributed to 001697; 0.0 s; peak memory 702 MiB.
2026-10-01T10:44:49Z INFO [1582/2000] 7bcc92c9-3dfb-4b3a-948c-4a1706e144f6: attributed to 000946; 0.1 s; peak memory 702 MiB.
2026-10-01T10:44:49Z INFO [1583/2000] 7bd0f7a0-5a47-41bb-b420-92e9293bc56a: attributed to 000026; 0.1 s; peak memory 702 MiB.
2026-10-01T10:44:50Z INFO [1584/2000] 7bd2aee9-6402-4244-b478-422642ae81f2: attributed to 000571; 0.3 s; peak memory 702 MiB.
2026-10-01T10:44:50Z INFO [1585/2000] 7bd485d1-469b-49ff-a386-0daa9ba1ebc6: attributed to 001697; 0.3 s; peak memory 702 MiB.
2026-10-01T10:44:50Z INFO [1586/2000] 7bd82c09-cc87-44d2-92cd-a8e2ba4f228b: attributed to 000026; 0.1 s; peak memory 702 MiB.
2026-10-01T10:44:50Z INFO [1587/2000] 7bdcdac6-4e82-4327-817b-66c54574f98c: attributed to 001697; 0.3 s; peak memory 702 MiB.
2026-10-01T10:44:50Z INFO [1588/2000] 7be20719-34ea-4d3a-b029-fe4248ed38c3: attributed to 000026; 0.1 s; peak memory 702 MiB.
2026-10-01T10:44:50Z INFO [1589/2000] 7bf2255a-00a0-49b8-b9b1-3780bdc321a1: attributed to 001749; 0.1 s; peak memory 702 MiB.
2026-10-01T10:44:50Z INFO [1590/2000] 7bf829ad-5b8e-43fa-9924-4ffcd91b7a0f: attributed to 000142; 0.0 s; peak memory 702 MiB.
2026-10-01T10:44:51Z INFO [1591/2000] 7bf8d053-5022-494f-845c-32d535d8a5b4: attributed to 001697; 0.3 s; peak memory 702 MiB.
2026-10-01T10:44:51Z INFO [1592/2000] 7c02c694-cab8-4425-8800-e3ec27e41fd6: attributed to 001697; 0.3 s; peak memory 702 MiB.
2026-10-01T10:44:51Z INFO [1593/2000] 7c07287b-d8d5-4b12-8ad7-5fec1edb2070: attributed to 001697; 0.3 s; peak memory 702 MiB.
2026-10-01T10:44:52Z INFO [1594/2000] 7c0a5f31-021b-4e74-9833-029e5f2c28f4: attributed to 001697; 0.3 s; peak memory 702 MiB.
2026-10-01T10:44:52Z INFO [1595/2000] 7c1462f7-aa5b-48f8-8fc0-eccf85f6954a: attributed to 000026; 0.2 s; peak memory 702 MiB.
2026-10-01T10:44:52Z INFO [1596/2000] 7c1559ff-7608-4fe8-a6bb-74f0f0e3c5cd: attributed to 001697; 0.0 s; peak memory 702 MiB.
2026-10-01T10:44:53Z INFO [1597/2000] 7c16efcb-161e-4e53-827e-4e4bf936f94a: attributed to 001697; 1.0 s; peak memory 702 MiB.
2026-10-01T10:44:53Z INFO [1598/2000] 7c250852-5a52-4de0-bd35-1899ab517b03: attributed to 001697; 0.0 s; peak memory 702 MiB.
2026-10-01T10:44:53Z INFO [1599/2000] 7c3ad498-b6c8-4744-afb6-f10c45637595: attributed to 001697; 0.0 s; peak memory 702 MiB.
2026-10-01T10:44:53Z INFO [1600/2000] 7c3ba6de-2259-44d9-a129-89b20c5de201: attributed to 000570; 0.0 s; peak memory 702 MiB.
2026-10-01T10:44:54Z INFO [1600/2000] 7c3ba6de-2259-44d9-a129-89b20c5de201: checkpointed 493113 records.
2026-10-01T10:44:54Z INFO [1601/2000] 7c46966a-fcee-44e2-9ab4-ad9b3eab6af0: attributed to 000026; 0.1 s; peak memory 702 MiB.
2026-10-01T10:44:54Z INFO [1602/2000] 7c49b132-aa8d-4afd-844b-18970c3eef3b: attributed to 000568; 0.1 s; peak memory 702 MiB.
2026-10-01T10:44:55Z INFO [1603/2000] 7c55db4e-d14c-41fd-b092-af976317521a: attributed to 000026; 0.1 s; peak memory 702 MiB.
2026-10-01T10:44:55Z INFO [1604/2000] 7c5839f0-c55d-4320-9b53-ea66c026009c: attributed to 001697; 0.0 s; peak memory 702 MiB.
2026-10-01T10:44:55Z INFO [1605/2000] 7c5a5fd8-1c05-4ddb-921f-8c26a784faa4: attributed to 001697; 0.0 s; peak memory 702 MiB.
2026-10-01T10:44:55Z INFO [1606/2000] 7c5f83bb-a751-4483-9e80-aada876c70a4: attributed to 000026; 0.1 s; peak memory 702 MiB.
2026-10-01T10:44:55Z INFO [1607/2000] 7c6c6a0a-b0d1-41d0-a98a-42e33bc407e9: attributed to 001697; 0.3 s; peak memory 702 MiB.
2026-10-01T10:44:55Z INFO [1608/2000] 7c854873-0367-43d8-92b4-08c99d747fe9: attributed to 000403; 0.0 s; peak memory 702 MiB.
2026-10-01T10:44:55Z INFO [1609/2000] 7c8d4235-f572-4781-ba97-582e35408338: attributed to 000026; 0.4 s; peak memory 702 MiB.
2026-10-01T10:44:56Z INFO [1610/2000] 7c9187f1-41fd-446d-82c6-ed1b2626fb60: attributed to 001873; 0.4 s; peak memory 702 MiB.
2026-10-01T10:44:56Z INFO [1611/2000] 7c94b68f-ff51-4488-8240-d7d9142b4dc4: attributed to 001697; 0.3 s; peak memory 702 MiB.
2026-10-01T10:44:56Z INFO [1612/2000] 7c95cf2a-5ffa-469f-82d3-7baaf299aacb: attributed to 001697; 0.3 s; peak memory 702 MiB.
2026-10-01T10:44:57Z INFO [1613/2000] 7c97ff3f-fd12-44a9-b760-67704672cd47: attributed to 001697; 0.3 s; peak memory 702 MiB.
2026-10-01T10:44:57Z INFO [1614/2000] 7c9f42b6-2c2b-41f6-9a14-58e09fd77409: attributed to 000026; 0.2 s; peak memory 702 MiB.
2026-10-01T10:44:57Z INFO [1615/2000] 7ca4888e-ec13-4b31-bd81-16fc6af6b576: attributed to 001697; 0.3 s; peak memory 702 MiB.
2026-10-01T10:44:57Z INFO [1616/2000] 7cafc022-1685-401a-a0f3-d3794e66d3ff: attributed to 001697; 0.3 s; peak memory 702 MiB.
2026-10-01T10:44:57Z INFO [1617/2000] 7cb00a89-4161-4979-8bb3-0b34fdf6e613: attributed to 000403; 0.0 s; peak memory 702 MiB.
2026-10-01T10:44:58Z INFO [1618/2000] 7cb19771-ca71-45b8-9356-a9037f0ce8c3: attributed to 001449; 0.1 s; peak memory 702 MiB.
2026-10-01T10:44:58Z INFO [1619/2000] 7cb40e10-2d3d-4691-a712-9f1ac6cd403b: attributed to 001449; 0.1 s; peak memory 702 MiB.
2026-10-01T10:44:58Z INFO [1620/2000] 7cb741a5-ebc0-4e4f-9f22-ec0de0d5ee1c: attributed to 001697; 0.3 s; peak memory 702 MiB.
2026-10-01T10:44:58Z INFO [1621/2000] 7cb7a360-294b-442d-880b-9e09e0c64723: attributed to 000568; 0.1 s; peak memory 702 MiB.
2026-10-01T10:44:58Z INFO [1622/2000] 7cba2a14-95c0-4557-8b38-999e8fc2da37: attributed to 001697; 0.3 s; peak memory 702 MiB.
2026-10-01T10:44:58Z INFO [1623/2000] 7cc1b20e-6d00-4e19-a53e-b7e92f3a2a50: attributed to 000570; 0.0 s; peak memory 702 MiB.
2026-10-01T10:44:58Z INFO [1624/2000] 7cc1ecc9-3131-4ab7-b8b5-51306284e985: attributed to 001697; 0.0 s; peak memory 702 MiB.
2026-10-01T10:44:58Z INFO [1625/2000] 7cc24041-1381-437c-b8a0-2006bd923127: attributed to 001697; 0.0 s; peak memory 702 MiB.
2026-10-01T10:44:58Z INFO [1626/2000] 7ccc7ac6-769c-42ac-815d-f81a9141c09c: attributed to 000403; 0.0 s; peak memory 702 MiB.
2026-10-01T10:44:58Z INFO [1627/2000] 7cd1a40d-3a54-402e-8d3a-c9f7b8863847: attributed to 001697; 0.0 s; peak memory 702 MiB.
2026-10-01T10:44:59Z INFO [1628/2000] 7cd351c9-16c5-41c2-aa62-57220a3c8a87: attributed to 001697; 0.3 s; peak memory 702 MiB.
2026-10-01T10:44:59Z INFO [1629/2000] 7cd8425f-beac-4306-8174-442ae2a0aad1: attributed to 001437; 0.1 s; peak memory 702 MiB.
2026-10-01T10:44:59Z INFO [1630/2000] 7cd8afde-40f3-470b-a1a8-b405057acbde: attributed to 001697; 0.0 s; peak memory 702 MiB.
2026-10-01T10:44:59Z INFO [1631/2000] 7cd9b307-b28f-442b-aba1-afb799fcf3bc: attributed to 000026; 0.1 s; peak memory 702 MiB.
2026-10-01T10:44:59Z INFO [1632/2000] 7cde4e74-f45c-444b-a4ae-fafe71267d73: attributed to 001697; 0.3 s; peak memory 702 MiB.
2026-10-01T10:44:59Z INFO [1633/2000] 7ceed8b9-4ff1-405a-a338-89666e9f2aef: attributed to 001697; 0.0 s; peak memory 702 MiB.
2026-10-01T10:44:59Z INFO [1634/2000] 7cf00981-52c7-4b6a-a519-fdb72306c8f6: attributed to 001697; 0.0 s; peak memory 702 MiB.
2026-10-01T10:44:59Z INFO [1635/2000] 7cfe3390-4182-43fa-866e-29d70f4f20be: attributed to 001697; 0.0 s; peak memory 702 MiB.
2026-10-01T10:44:59Z INFO [1636/2000] 7d01ab7f-35db-4754-bf5e-15e983e131ad: attributed to 001449; 0.3 s; peak memory 702 MiB.
2026-10-01T10:44:59Z INFO [1637/2000] 7d03f32a-7139-4d0d-8123-d4aee6bcc3d4: attributed to 001697; 0.0 s; peak memory 702 MiB.
2026-10-01T10:45:00Z INFO [1638/2000] 7d0485ba-9c9c-4d2f-98ad-5b0a3a23d094: attributed to 001873; 0.4 s; peak memory 702 MiB.
2026-10-01T10:45:00Z INFO [1639/2000] 7d0b765b-eaf5-4169-837d-3067a6af1f34: attributed to 000026; 0.2 s; peak memory 702 MiB.
2026-10-01T10:45:00Z INFO [1640/2000] 7d0fc84e-ba70-441b-b934-e8222cec3ade: attributed to 001697; 0.3 s; peak memory 702 MiB.
2026-10-01T10:45:00Z INFO [1641/2000] 7d1d4be1-6963-4879-b732-c7585a4d7b44: attributed to 001697; 0.0 s; peak memory 702 MiB.
2026-10-01T10:45:00Z INFO [1642/2000] 7d2301b9-bfb6-4d07-bbce-3b0809f644ae: attributed to 000026; 0.1 s; peak memory 702 MiB.
2026-10-01T10:45:01Z INFO [1643/2000] 7d2c4490-7380-4585-b41e-e59bb672700c: attributed to 001697; 0.3 s; peak memory 702 MiB.
2026-10-01T10:45:01Z INFO [1644/2000] 7d303fc3-8f39-4f68-9f74-cfc8828f1244: attributed to 001697; 0.3 s; peak memory 702 MiB.
2026-10-01T10:45:01Z INFO [1645/2000] 7d382981-c1af-43ec-8063-f844fb9690ef: attributed to 001858; 0.0 s; peak memory 702 MiB.
2026-10-01T10:45:01Z INFO [1646/2000] 7d412e89-b1b5-460a-aac6-c750bf114d0b: attributed to 000946; 0.1 s; peak memory 702 MiB.
2026-10-01T10:45:01Z INFO [1647/2000] 7d42d877-3b6c-4599-b44c-5570ddc37708: attributed to 000026; 0.1 s; peak memory 702 MiB.
2026-10-01T10:45:01Z INFO [1648/2000] 7d439fab-dd1d-400f-8225-b24f8e4d710a: attributed to 000026; 0.1 s; peak memory 702 MiB.
2026-10-01T10:45:01Z INFO [1649/2000] 7d4711d2-fe9f-49a8-9fd3-f828e388c88e: attributed to 000561; 0.1 s; peak memory 702 MiB.
2026-10-01T10:45:02Z INFO [1650/2000] 7d492d7e-69c1-42b1-bbb8-6e5eab71f645: attributed to 001697; 0.5 s; peak memory 702 MiB.
2026-10-01T10:45:03Z INFO [1650/2000] 7d492d7e-69c1-42b1-bbb8-6e5eab71f645: checkpointed 493113 records.
2026-10-01T10:45:03Z INFO [1651/2000] 7d57c9c7-1329-4e2e-a474-386b8ee7372a: attributed to 000026; 0.1 s; peak memory 702 MiB.
2026-10-01T10:45:04Z INFO [1652/2000] 7d5cd53b-03ee-42a1-bb21-e4031a9f693d: attributed to 001697; 0.3 s; peak memory 702 MiB.
2026-10-01T10:45:04Z INFO [1653/2000] 7d68d979-83d8-499b-8165-06a4d08049f3: attributed to 001697; 0.0 s; peak memory 702 MiB.
2026-10-01T10:45:04Z INFO [1654/2000] 7d6e6c76-2fc6-470b-b132-478655f664c5: attributed to 001697; 0.0 s; peak memory 702 MiB.
2026-10-01T10:45:04Z INFO [1655/2000] 7d72aad0-06f2-4b89-bbfc-9504ad8a7dde: attributed to 001697; 0.0 s; peak memory 702 MiB.
2026-10-01T10:45:04Z INFO [1656/2000] 7d76e7e4-d7d0-4587-8de3-a90099c88698: attributed to 000026; 0.1 s; peak memory 702 MiB.
2026-10-01T10:45:04Z INFO [1657/2000] 7d8f44d7-7e80-4e11-9bdd-05652be56397: attributed to 000142; 0.0 s; peak memory 702 MiB.
2026-10-01T10:45:06Z INFO [1658/2000] 7d950c83-c834-4f88-a2a3-97dbe184abf5: attributed to 000231; 1.9 s; peak memory 702 MiB.
2026-10-01T10:45:06Z INFO [1659/2000] 7dae40c3-9596-4e20-8d76-ffeb0d6d58fe: attributed to 001697; 0.3 s; peak memory 702 MiB.
2026-10-01T10:45:06Z INFO [1660/2000] 7dc3241d-730d-4a0f-9f93-2d81c85f985b: attributed to 001697; 0.3 s; peak memory 702 MiB.
2026-10-01T10:45:07Z INFO [1661/2000] 7dcf4517-e0e9-4b64-bf30-7f205a62814d: attributed to 001697; 0.4 s; peak memory 702 MiB.
2026-10-01T10:45:07Z INFO [1662/2000] 7ddfb3d8-adba-41b8-84af-8c6190b3dbaf: attributed to 001697; 0.0 s; peak memory 702 MiB.
2026-10-01T10:45:07Z INFO [1663/2000] 7de23c94-6dcf-44e7-a605-016fe1de3082: attributed to 001873; 0.4 s; peak memory 702 MiB.
2026-10-01T10:45:07Z INFO [1664/2000] 7de2cccf-1bea-477b-9631-c8b96abfba1c: attributed to 000026; 0.1 s; peak memory 702 MiB.
2026-10-01T10:45:07Z INFO [1665/2000] 7de48d23-c6fa-461e-b701-0f014f12e11c: attributed to 000109; 0.0 s; peak memory 702 MiB.
2026-10-01T10:45:08Z INFO [1666/2000] 7de4d4de-24d0-43b5-bfab-cf4a31cd2d7d: attributed to 001873; 0.4 s; peak memory 702 MiB.
2026-10-01T10:45:08Z INFO [1667/2000] 7defdccf-1169-4fef-961d-4d75b4df7d7a: attributed to 000946; 0.1 s; peak memory 702 MiB.
2026-10-01T10:45:08Z INFO [1668/2000] 7df202f2-f852-46d3-b14e-8e27e3c8f804: attributed to 000026; 0.1 s; peak memory 702 MiB.
2026-10-01T10:45:08Z INFO [1669/2000] 7df578d6-1faa-44ad-827b-50ff1ec73f88: attributed to 001697; 0.3 s; peak memory 702 MiB.
2026-10-01T10:45:08Z INFO [1670/2000] 7dfa721d-2b99-4461-a850-e75e3458e045: attributed to 000946; 0.1 s; peak memory 702 MiB.
2026-10-01T10:45:08Z INFO [1671/2000] 7dfd15e5-8269-46d7-8cc5-12fb67f5a059: attributed to 000026; 0.1 s; peak memory 702 MiB.
2026-10-01T10:45:08Z INFO [1672/2000] 7e09d4e6-3c1b-43d1-be02-42b5a4e53894: attributed to 001697; 0.0 s; peak memory 702 MiB.
2026-10-01T10:45:09Z INFO [1673/2000] 7e0fd2d8-2ec8-46a8-9c2f-a3c264213afb: attributed to 001697; 0.3 s; peak memory 702 MiB.
2026-10-01T10:45:09Z INFO [1674/2000] 7e1a4495-75b0-46ed-aa30-8976399cfea2: attributed to 001697; 0.3 s; peak memory 702 MiB.
2026-10-01T10:45:09Z INFO [1675/2000] 7e1dc5e9-77d1-4b7d-b322-00cf3d577412: attributed to 000946; 0.1 s; peak memory 702 MiB.
2026-10-01T10:45:09Z INFO [1676/2000] 7e1f4d7c-fd4e-4875-ad53-1a382a7584cd: attributed to 001697; 0.0 s; peak memory 702 MiB.
2026-10-01T10:45:09Z INFO [1677/2000] 7e24b456-f2d1-49ce-9718-c53003d9c47a: attributed to 001697; 0.0 s; peak memory 702 MiB.
2026-10-01T10:45:09Z INFO [1678/2000] 7e25283a-d151-46bd-81c4-10badc5aae75: attributed to 001697; 0.0 s; peak memory 702 MiB.
2026-10-01T10:45:09Z INFO [1679/2000] 7e298cf7-c4e1-4825-91ff-e9df7a6e02be: attributed to 001697; 0.3 s; peak memory 702 MiB.
2026-10-01T10:45:10Z INFO [1680/2000] 7e2f7d19-2d91-4aba-bb2d-73f032b452ba: attributed to 000571; 0.7 s; peak memory 702 MiB.
2026-10-01T10:45:10Z INFO [1681/2000] 7e3d74b5-38ed-4f91-902e-04347d8794ad: attributed to 001697; 0.4 s; peak memory 702 MiB.
2026-10-01T10:45:11Z INFO [1682/2000] 7e3d8bfe-68b7-4b3f-8218-c37c9b24bf39: attributed to 001697; 0.4 s; peak memory 702 MiB.
2026-10-01T10:45:11Z INFO [1683/2000] 7e40d51e-3cc6-42b0-887f-8a1b2888e279: attributed to 001697; 0.4 s; peak memory 702 MiB.
2026-10-01T10:45:11Z INFO [1684/2000] 7e4a7b48-bc8f-46e6-911a-4f09ee3305e6: attributed to 000946; 0.1 s; peak memory 702 MiB.
2026-10-01T10:45:11Z INFO [1685/2000] 7e4af2e5-4b78-44d8-babd-3c124b33a965: attributed to 000142; 0.0 s; peak memory 702 MiB.
2026-10-01T10:45:11Z INFO [1686/2000] 7e4bafda-ddf1-4f82-8ddd-a1598e7f9738: attributed to 001697; 0.0 s; peak memory 702 MiB.
2026-10-01T10:45:11Z INFO [1687/2000] 7e4e795d-efb3-44a8-9175-049c12aad4f5: attributed to 001697; 0.0 s; peak memory 702 MiB.
2026-10-01T10:45:11Z INFO [1688/2000] 7e59eb4b-909d-489d-8beb-f2433f05df35: attributed to 001697; 0.0 s; peak memory 702 MiB.
2026-10-01T10:45:12Z INFO [1689/2000] 7e7693a6-e4b6-4e30-89be-a60e0b93e814: attributed to 000026; 0.5 s; peak memory 702 MiB.
2026-10-01T10:45:12Z INFO [1690/2000] 7e78aede-31fb-42a6-bd93-ce1623f205eb: attributed to 000946; 0.1 s; peak memory 702 MiB.
2026-10-01T10:45:12Z INFO [1691/2000] 7e7d3b84-7e3c-400f-a87f-9cf2c096f135: attributed to 001697; 0.0 s; peak memory 702 MiB.
2026-10-01T10:45:12Z INFO [1692/2000] 7e81c136-430d-4f95-a7b0-322d2c53ff8e: attributed to 001063; 0.1 s; peak memory 702 MiB.
2026-10-01T10:45:12Z INFO [1693/2000] 7e8296ec-b223-4cc9-b7dc-5b360bd916a5: attributed to 001697; 0.5 s; peak memory 702 MiB.
2026-10-01T10:45:12Z INFO [1694/2000] 7e834265-19f0-4b18-bb24-2f6ca2606e29: attributed to 000403; 0.0 s; peak memory 702 MiB.
2026-10-01T10:45:12Z INFO [1695/2000] 7e8a9abf-d10a-4f4d-a519-0e4d9db8399e: attributed to 001697; 0.0 s; peak memory 702 MiB.
2026-10-01T10:45:12Z INFO [1696/2000] 7e8c01ad-f344-403c-bb29-12a571284049: attributed to 001697; 0.0 s; peak memory 702 MiB.
2026-10-01T10:45:12Z INFO [1697/2000] 7e8f0370-ad63-42d9-b8c7-d352369bb6d3: attributed to 001697; 0.0 s; peak memory 702 MiB.
2026-10-01T10:45:13Z INFO [1698/2000] 7e986490-e94d-4714-9ddb-b3add08ad3c7: attributed to 001697; 0.3 s; peak memory 702 MiB.
2026-10-01T10:45:13Z INFO [1699/2000] 7ea79459-105c-42ce-b0d4-994304b9d1d1: attributed to 000946; 0.1 s; peak memory 702 MiB.
2026-10-01T10:45:13Z INFO [1700/2000] 7eaadea7-58a2-46d6-938d-fc137dbd2a25: attributed to 001697; 0.0 s; peak memory 702 MiB.
2026-10-01T10:45:14Z INFO [1700/2000] 7eaadea7-58a2-46d6-938d-fc137dbd2a25: checkpointed 493113 records.
2026-10-01T10:45:14Z INFO [1701/2000] 7eb39fcc-8a9c-44d0-b26f-300fbba0bb15: attributed to 001697; 0.0 s; peak memory 702 MiB.
2026-10-01T10:45:15Z INFO [1702/2000] 7eb679e7-3262-468b-af8f-1d1fa70cc23a: attributed to 001697; 0.9 s; peak memory 702 MiB.
2026-10-01T10:45:15Z INFO [1703/2000] 7ebe5110-234a-4d5f-97c5-56f08c184935: attributed to 001858; 0.0 s; peak memory 702 MiB.
2026-10-01T10:45:15Z INFO [1704/2000] 7ebf041b-7156-4704-8c5a-c405546d3fbb: attributed to 001697; 0.5 s; peak memory 702 MiB.
2026-10-01T10:45:16Z INFO [1705/2000] 7ec69093-3a62-4aae-aa46-455a190fe5c9: attributed to 000946; 0.1 s; peak memory 702 MiB.
2026-10-01T10:45:16Z INFO [1706/2000] 7eccf001-7b88-4f00-a529-60e0c91571d1: attributed to 000026; 0.1 s; peak memory 702 MiB.
2026-10-01T10:45:16Z INFO [1707/2000] 7ecd0573-9d2e-4b0f-ae0a-6fc900bbf980: attributed to 001697; 0.4 s; peak memory 702 MiB.
2026-10-01T10:45:16Z INFO [1708/2000] 7ed08a74-5429-46b6-8cbb-398eb39a6517: attributed to 001278; 0.2 s; peak memory 702 MiB.
2026-10-01T10:45:16Z INFO [1709/2000] 7ed23302-a209-4cad-b6fb-28c25c6fa0d9: attributed to 000026; 0.1 s; peak memory 702 MiB.
2026-10-01T10:45:16Z INFO [1710/2000] 7ed48a32-60a9-4a91-8c89-f8ff5a53c5a5: attributed to 001697; 0.0 s; peak memory 702 MiB.
2026-10-01T10:45:16Z INFO [1711/2000] 7ed5f707-a940-4d99-bacc-dab8306d7c51: attributed to 000026; 0.1 s; peak memory 702 MiB.
2026-10-01T10:45:17Z INFO [1712/2000] 7ed7e8cb-bc34-4846-813d-5f0e31c82c29: attributed to 001697; 0.4 s; peak memory 702 MiB.
2026-10-01T10:45:17Z INFO [1713/2000] 7ef0b576-c18e-46b1-981f-c79d47fdcaee: attributed to 000109; 0.0 s; peak memory 702 MiB.
2026-10-01T10:45:17Z INFO [1714/2000] 7ef631d4-e31d-4909-bb61-475eed5cd0ed: attributed to 000026; 0.1 s; peak memory 702 MiB.
2026-10-01T10:45:17Z INFO [1715/2000] 7efdabd9-b17f-4f21-87e9-ac672fdf7b0e: attributed to 001697; 0.0 s; peak memory 702 MiB.
2026-10-01T10:45:17Z INFO [1716/2000] 7efe26ca-40ff-4574-af45-100548a121a6: attributed to 001697; 0.0 s; peak memory 702 MiB.
2026-10-01T10:45:17Z INFO [1717/2000] 7f03953b-3114-4e81-9368-23bd3adc237b: attributed to 001697; 0.0 s; peak memory 702 MiB.
2026-10-01T10:45:18Z INFO [1718/2000] 7f03d4f5-2bc7-420d-aa69-345606963649: attributed to 000026; 0.7 s; peak memory 702 MiB.
2026-10-01T10:45:18Z INFO [1719/2000] 7f040a26-9983-4dd4-a0f3-99771a5d3129: attributed to 001697; 0.5 s; peak memory 702 MiB.
2026-10-01T10:45:18Z INFO [1720/2000] 7f0691de-4a1b-42f2-891f-a667b089bdfd: attributed to 000403; 0.0 s; peak memory 702 MiB.
2026-10-01T10:45:18Z INFO [1721/2000] 7f07e334-7e89-410a-bc85-ac7c4119e2d8: attributed to 001697; 0.0 s; peak memory 702 MiB.
2026-10-01T10:45:18Z INFO [1722/2000] 7f09afb6-6854-4ea8-a6bd-5b41e370af37: attributed to 001697; 0.3 s; peak memory 702 MiB.
2026-10-01T10:45:19Z INFO [1723/2000] 7f1a4cad-f5c1-46c1-addb-54de749d029c: attributed to 001697; 0.5 s; peak memory 702 MiB.
2026-10-01T10:45:19Z INFO [1724/2000] 7f2a8f8e-e4da-4185-bbae-d956d306478f: attributed to 001697; 0.4 s; peak memory 702 MiB.
2026-10-01T10:45:19Z INFO [1725/2000] 7f2c869a-ed51-4d17-9d11-4cdd9da97bf7: attributed to 000026; 0.1 s; peak memory 702 MiB.
2026-10-01T10:45:20Z INFO [1726/2000] 7f336854-da46-4f8c-93a7-0bfdeea2e1b6: attributed to 001697; 0.4 s; peak memory 702 MiB.
2026-10-01T10:45:20Z INFO [1727/2000] 7f370d09-614c-499a-8cd0-c850a5f60f83: attributed to 001873; 0.6 s; peak memory 702 MiB.
2026-10-01T10:45:20Z INFO [1728/2000] 7f3f2226-194d-4227-8edf-ab55ead5afac: attributed to 001697; 0.0 s; peak memory 702 MiB.
2026-10-01T10:45:21Z INFO [1729/2000] 7f4836a3-9ff0-43ee-88ba-afb516ab1667: attributed to 001697; 0.5 s; peak memory 702 MiB.
2026-10-01T10:45:21Z INFO [1730/2000] 7f55ace9-1e65-43a1-95e0-a00708c547ec: attributed to 000026; 0.1 s; peak memory 702 MiB.
2026-10-01T10:45:21Z INFO [1731/2000] 7f6c4609-9c1b-4d51-8374-f9d2c3e230c9: attributed to 001697; 0.4 s; peak memory 702 MiB.
2026-10-01T10:45:22Z INFO [1732/2000] 7f73ef8c-349c-4da5-b326-da2d7f7ea8ca: attributed to 001873; 0.7 s; peak memory 702 MiB.
2026-10-01T10:45:23Z INFO [1733/2000] 7f81810d-b114-4849-af87-6ecb1227dc98: attributed to 001697; 0.5 s; peak memory 702 MiB.
2026-10-01T10:45:23Z INFO [1734/2000] 7f8420d6-1d0f-4b37-b1dd-701bd32b996b: attributed to 001697; 0.0 s; peak memory 702 MiB.
2026-10-01T10:45:23Z INFO [1735/2000] 7f9ce0e6-45c0-4712-aa19-8cc76ce082a9: attributed to 001697; 0.3 s; peak memory 702 MiB.
2026-10-01T10:45:23Z INFO [1736/2000] 7fa164cc-5b74-4a5a-84bf-8610f80c52a9: attributed to 001697; 0.4 s; peak memory 702 MiB.
2026-10-01T10:45:24Z INFO [1737/2000] 7fb37153-61cb-48bb-bb68-557e7be821aa: attributed to 001697; 0.5 s; peak memory 702 MiB.
2026-10-01T10:45:24Z INFO [1738/2000] 7fb752bd-4608-49a1-89c0-feda64ee0763: attributed to 001697; 0.0 s; peak memory 702 MiB.
2026-10-01T10:45:24Z INFO [1739/2000] 7fc1f8a6-0203-4549-8ff4-cad83cb395e2: attributed to 000026; 0.2 s; peak memory 702 MiB.
2026-10-01T10:45:24Z INFO [1740/2000] 7fc4c696-2001-4aa2-bab7-42f76097f821: attributed to 000946; 0.1 s; peak memory 702 MiB.
2026-10-01T10:45:24Z INFO [1741/2000] 7fc58d6a-e071-435b-9ba7-1aa84d4bdcc7: attributed to 000026; 0.2 s; peak memory 702 MiB.
2026-10-01T10:45:25Z INFO [1742/2000] 7fd0d4a8-a0ea-48b7-a6fc-ca9c7632595c: attributed to 001697; 0.3 s; peak memory 702 MiB.
2026-10-01T10:45:25Z INFO [1743/2000] 7fd74bf2-37e2-427b-8883-4731a6c8861f: attributed to 000946; 0.1 s; peak memory 702 MiB.
2026-10-01T10:45:25Z INFO [1744/2000] 7fe6d9cd-b822-4f43-84ce-1865a46db010: attributed to 001697; 0.4 s; peak memory 702 MiB.
2026-10-01T10:45:26Z INFO [1745/2000] 7ff36182-3b0c-4ae3-bcaa-15524c3544b7: attributed to 001697; 0.4 s; peak memory 702 MiB.
2026-10-01T10:45:26Z INFO [1746/2000] 7ffd0f6f-41ed-4fc7-b52a-64145b99272e: attributed to 000026; 0.1 s; peak memory 702 MiB.
2026-10-01T10:45:26Z INFO [1747/2000] 7fff96be-1405-4ce2-9911-e5617b6f11cb: attributed to 000026; 0.1 s; peak memory 702 MiB.
2026-10-01T10:45:26Z INFO [1748/2000] 80026436-ee7b-41d0-8800-2a08220bab3c: attributed to 001258; 0.0 s; peak memory 702 MiB.
2026-10-01T10:45:26Z INFO [1749/2000] 800d3318-1ae8-4e81-bc6e-afb926cbd9c2: attributed to 001449; 0.4 s; peak memory 702 MiB.
2026-10-01T10:45:26Z INFO [1750/2000] 80101a2c-5a63-4154-a953-bd4d0b89aadf: attributed to 000408; 0.0 s; peak memory 702 MiB.
2026-10-01T10:45:27Z INFO [1750/2000] 80101a2c-5a63-4154-a953-bd4d0b89aadf: checkpointed 493113 records.
2026-10-01T10:45:28Z INFO [1751/2000] 801ad66b-721e-452f-852e-025c08e346c2: attributed to 001697; 0.3 s; peak memory 702 MiB.
2026-10-01T10:45:28Z INFO [1752/2000] 802328a8-1a7d-4bed-8c06-6e85bca014e4: attributed to 000026; 0.3 s; peak memory 702 MiB.
2026-10-01T10:45:28Z INFO [1753/2000] 802deeaa-2639-4c9d-9056-31a7f14cc086: attributed to 001697; 0.3 s; peak memory 702 MiB.
2026-10-01T10:45:29Z INFO [1754/2000] 803078e2-7c1a-42b8-9cc4-c58eebb2f2c4: attributed to 001697; 0.3 s; peak memory 702 MiB.
2026-10-01T10:45:29Z INFO [1755/2000] 8033783e-acfd-4489-8617-72ad52cbce5c: attributed to 000946; 0.1 s; peak memory 702 MiB.
2026-10-01T10:45:29Z INFO [1756/2000] 8035096d-f363-4bc4-97fa-46c907760077: attributed to 001697; 0.0 s; peak memory 702 MiB.
2026-10-01T10:45:29Z INFO [1757/2000] 803762e0-50cc-44ac-a69d-440b6165de40: attributed to 001697; 0.3 s; peak memory 702 MiB.
2026-10-01T10:45:29Z INFO [1758/2000] 80399f38-0efc-4889-acbf-d8009c57a416: attributed to 000026; 0.3 s; peak memory 702 MiB.
2026-10-01T10:45:30Z INFO [1759/2000] 803f787d-adfd-41c7-9e6c-14be07470c2a: attributed to 000026; 0.1 s; peak memory 702 MiB.
2026-10-01T10:45:30Z INFO [1760/2000] 8041fac7-064b-49ac-a590-09305b56c31c: attributed to 000946; 0.1 s; peak memory 702 MiB.
2026-10-01T10:45:30Z INFO [1761/2000] 80511421-b2c2-4e76-bbaa-c11a2a8fc950: attributed to 001697; 0.3 s; peak memory 702 MiB.
2026-10-01T10:45:30Z INFO [1762/2000] 80610d1b-673b-4495-89df-b8da92ed7843: attributed to 001697; 0.0 s; peak memory 702 MiB.
2026-10-01T10:45:31Z INFO [1763/2000] 80640270-a83b-4661-b820-2385d6c5485a: attributed to 001873; 1.1 s; peak memory 702 MiB.
2026-10-01T10:45:31Z INFO [1764/2000] 80655c01-a2a1-4c3f-8d04-8998dbcabf67: attributed to 001697; 0.3 s; peak memory 702 MiB.
2026-10-01T10:45:31Z INFO [1765/2000] 80658c63-8464-4f94-95f1-ce1c5a7c8760: attributed to 001258; 0.0 s; peak memory 702 MiB.
2026-10-01T10:45:31Z INFO [1766/2000] 80697cd4-e3eb-4ce3-9169-a23ba911165c: attributed to 001697; 0.0 s; peak memory 702 MiB.
2026-10-01T10:45:31Z INFO [1767/2000] 8069e5de-3a2c-4c1d-9e82-5cdc76d05060: attributed to 001697; 0.0 s; peak memory 702 MiB.
2026-10-01T10:45:32Z INFO [1768/2000] 807b5f57-4b2d-4743-9cca-cd83344d472d: attributed to 001697; 0.4 s; peak memory 702 MiB.
2026-10-01T10:45:32Z INFO [1769/2000] 807bac26-4ec3-480a-9076-7df2142cec9d: attributed to 000026; 0.1 s; peak memory 702 MiB.
2026-10-01T10:45:32Z INFO [1770/2000] 807cc96a-4401-43fa-8d10-157112803f6e: attributed to 000026; 0.2 s; peak memory 702 MiB.
2026-10-01T10:45:32Z INFO [1771/2000] 807e1715-970f-453c-8adc-943cd2496462: attributed to 001697; 0.5 s; peak memory 702 MiB.
2026-10-01T10:45:32Z INFO [1772/2000] 8085feaa-a2de-48cf-925e-fd41a30a4c97: attributed to 000570; 0.0 s; peak memory 702 MiB.
2026-10-01T10:45:32Z INFO [1773/2000] 808e017b-5b63-4b98-8fa4-8262146ab252: attributed to 001697; 0.0 s; peak memory 702 MiB.
2026-10-01T10:45:32Z INFO [1774/2000] 808fb22e-4a2a-462c-bc62-91e272dcc9a3: attributed to 001697; 0.0 s; peak memory 702 MiB.
2026-10-01T10:45:32Z INFO [1775/2000] 809077ee-ad2e-4b0a-ac3f-f5965e712832: attributed to 000403; 0.0 s; peak memory 702 MiB.
2026-10-01T10:45:32Z INFO [1776/2000] 8093ed9b-3e69-4801-b0de-d7b35a77806b: attributed to 000570; 0.0 s; peak memory 702 MiB.
2026-10-01T10:45:32Z INFO [1777/2000] 809428da-8c46-466f-ba71-0e123fd6df7c: attributed to 001697; 0.0 s; peak memory 702 MiB.
2026-10-01T10:45:33Z INFO [1778/2000] 8095e9f4-0590-4499-babc-6b67b9a88b20: attributed to 000946; 0.1 s; peak memory 702 MiB.
2026-10-01T10:45:33Z INFO [1779/2000] 80a29aec-6528-48f4-9d34-17ccf63050a7: attributed to 000026; 0.1 s; peak memory 702 MiB.
2026-10-01T10:45:33Z INFO [1780/2000] 80ad4d04-cf58-41c1-902f-d16e87adfcbe: attributed to 001697; 0.7 s; peak memory 702 MiB.
2026-10-01T10:45:34Z INFO [1781/2000] 80c641c7-4831-48aa-b266-3a056e0520d6: attributed to 000026; 0.2 s; peak memory 702 MiB.
2026-10-01T10:45:34Z INFO [1782/2000] 80c8c097-a454-4fb2-bed6-7a78fdd8b700: attributed to 001697; 0.0 s; peak memory 702 MiB.
2026-10-01T10:45:34Z INFO [1783/2000] 80cd7b95-6c04-4327-bf1c-5256cb5f2674: attributed to 001697; 0.3 s; peak memory 702 MiB.
2026-10-01T10:45:34Z INFO [1784/2000] 80d315e0-a5a9-4f7c-b88b-d023bddc202b: attributed to 001350; 0.5 s; peak memory 702 MiB.
2026-10-01T10:45:34Z INFO [1785/2000] 80d68115-cc47-4091-b3d5-99603bfef9f3: attributed to 000209; 0.0 s; peak memory 702 MiB.
2026-10-01T10:45:34Z INFO [1786/2000] 80e51de4-c96e-451d-9729-8e53f7f992a3: attributed to 000142; 0.0 s; peak memory 702 MiB.
2026-10-01T10:45:34Z INFO [1787/2000] 80e54397-9470-4854-b59d-a2a94a78635a: attributed to 001697; 0.0 s; peak memory 702 MiB.
2026-10-01T10:45:35Z INFO [1788/2000] 80ea294e-494f-4afe-8c1c-a84bd8751e03: attributed to 001697; 0.3 s; peak memory 702 MiB.
2026-10-01T10:45:35Z INFO [1789/2000] 80f149b3-cd19-4890-a986-242a058ee616: attributed to 001697; 0.0 s; peak memory 702 MiB.
2026-10-01T10:45:35Z INFO [1790/2000] 80f4ec44-7e17-48b5-9cb3-51376e419d66: attributed to 001697; 0.3 s; peak memory 702 MiB.
2026-10-01T10:45:35Z INFO [1791/2000] 8105cb2e-ef26-44b8-8ce5-5bb103a2a69d: attributed to 001697; 0.0 s; peak memory 702 MiB.
2026-10-01T10:45:35Z INFO [1792/2000] 810d4a3e-1e10-48e1-985e-f8c2f6dc32e1: attributed to 000293; 0.0 s; peak memory 702 MiB.
2026-10-01T10:45:35Z INFO [1793/2000] 8111d2ca-d11c-4fcd-8bd2-72d338c277c6: attributed to 001697; 0.3 s; peak memory 702 MiB.
2026-10-01T10:45:35Z INFO [1794/2000] 81188476-9a62-417c-834d-eaad8d3d5a6e: attributed to 000026; 0.1 s; peak memory 702 MiB.
2026-10-01T10:45:35Z INFO [1795/2000] 811a643c-09f1-4c74-a6e4-d9f66c6450d9: attributed to 000946; 0.1 s; peak memory 702 MiB.
2026-10-01T10:45:36Z INFO [1796/2000] 811b75bd-b6e4-456b-845d-9684e46b1090: attributed to 000026; 0.3 s; peak memory 702 MiB.
2026-10-01T10:45:36Z INFO [1797/2000] 81230dac-b642-4e40-aca5-9260248536d2: attributed to 000026; 0.1 s; peak memory 702 MiB.
2026-10-01T10:45:36Z INFO [1798/2000] 8125364f-e0cb-4584-aeb1-14d505e18d09: attributed to 001444; 0.2 s; peak memory 702 MiB.
2026-10-01T10:45:36Z INFO [1799/2000] 8126890c-883c-4ff7-8ca0-02f747fc1927: attributed to 001697; 0.4 s; peak memory 702 MiB.
2026-10-01T10:45:36Z INFO [1800/2000] 81344d7a-d6e0-4d73-bb8b-62834542152a: attributed to 000142; 0.0 s; peak memory 702 MiB.
2026-10-01T10:45:38Z INFO [1800/2000] 81344d7a-d6e0-4d73-bb8b-62834542152a: checkpointed 493113 records.
2026-10-01T10:45:38Z INFO [1801/2000] 81351e21-3b56-405e-a34b-cda4bdc4ecb0: attributed to 000209; 0.0 s; peak memory 702 MiB.
2026-10-01T10:45:38Z INFO [1802/2000] 81362eeb-71d2-45a4-9b68-46b522e2416a: attributed to 001697; 0.0 s; peak memory 702 MiB.
2026-10-01T10:45:38Z INFO [1803/2000] 813d5398-66c7-455e-8396-ba657e230950: attributed to 001697; 0.0 s; peak memory 702 MiB.
2026-10-01T10:45:38Z INFO [1804/2000] 813f1758-822e-4fcd-bdeb-874225322766: attributed to 001697; 0.0 s; peak memory 702 MiB.
2026-10-01T10:45:39Z INFO [1805/2000] 81434e74-e795-4d0e-b23a-54d635030c6c: attributed to 001344; 1.0 s; peak memory 702 MiB.
2026-10-01T10:45:39Z INFO [1806/2000] 814c8a4f-d783-40fc-a2c7-580797efb7ee: attributed to 001697; 0.0 s; peak memory 702 MiB.
2026-10-01T10:45:39Z INFO [1807/2000] 815b8263-0404-442d-a496-4993626319df: attributed to 000946; 0.1 s; peak memory 702 MiB.
2026-10-01T10:45:39Z INFO [1808/2000] 815e3ea3-ddd8-4379-b453-7e141628cd58: attributed to 001697; 0.0 s; peak memory 702 MiB.
2026-10-01T10:45:39Z INFO [1809/2000] 815ea19d-ef14-405b-8f98-7138f6e38c07: attributed to 001697; 0.0 s; peak memory 702 MiB.
2026-10-01T10:45:39Z INFO [1810/2000] 81623c15-a60a-42f5-b319-394595baad1f: attributed to 000403; 0.0 s; peak memory 702 MiB.
2026-10-01T10:45:39Z INFO [1811/2000] 8164f83a-614a-4268-83ea-44bbad81bc96: attributed to 001873; 0.4 s; peak memory 702 MiB.
2026-10-01T10:45:39Z INFO [1812/2000] 8168b521-8ae0-4daf-b280-a27fc783510f: attributed to 001203; 0.1 s; peak memory 702 MiB.
2026-10-01T10:45:39Z INFO [1813/2000] 81694784-5416-447f-8fe9-1cc5cf023429: attributed to 001063; 0.1 s; peak memory 702 MiB.
2026-10-01T10:45:40Z INFO [1814/2000] 81723986-adfb-49b3-ac1c-a075bc96ed52: attributed to 001697; 0.3 s; peak memory 702 MiB.
2026-10-01T10:45:40Z INFO [1815/2000] 817b5a8d-d5a0-4c8b-b35a-a72400e8c10d: attributed to 001697; 0.0 s; peak memory 702 MiB.
2026-10-01T10:45:40Z INFO [1816/2000] 818b0ad9-5a79-4c54-a0ca-da6eb8fb4abd: attributed to 001697; 0.5 s; peak memory 702 MiB.
2026-10-01T10:45:40Z INFO [1817/2000] 818ff12c-8238-4273-a68f-e3bfbfeaf53f: attributed to 001697; 0.0 s; peak memory 702 MiB.
2026-10-01T10:45:40Z INFO [1818/2000] 8190c2f8-b5a2-487f-a9a2-344da27bce6c: attributed to 001697; 0.0 s; peak memory 702 MiB.
2026-10-01T10:45:40Z INFO [1819/2000] 8196ef5b-23ce-44e4-b1ad-dade3fc2c8f7: attributed to 000026; 0.1 s; peak memory 702 MiB.
2026-10-01T10:45:40Z INFO [1820/2000] 819fa372-7443-46e1-97a7-38a06d87bfc8: attributed to 000026; 0.1 s; peak memory 702 MiB.
2026-10-01T10:45:40Z INFO [1821/2000] 81b739b7-c3c1-4cdd-ab54-c4d8710a5825: attributed to 000946; 0.1 s; peak memory 702 MiB.
2026-10-01T10:45:41Z INFO [1822/2000] 81c6848c-dacd-40d9-9e65-4329cc478b87: attributed to 001697; 0.4 s; peak memory 702 MiB.
2026-10-01T10:45:41Z INFO [1823/2000] 81c73147-b000-4cde-87dc-60501755b421: attributed to 001697; 0.0 s; peak memory 702 MiB.
2026-10-01T10:45:41Z INFO [1824/2000] 81cbacde-4490-4fef-9225-54aa6774a21b: attributed to 001697; 0.0 s; peak memory 702 MiB.
2026-10-01T10:45:41Z INFO [1825/2000] 81dd5d37-3634-4c7b-abb6-b3d9aa3d0e0a: attributed to 001697; 0.0 s; peak memory 702 MiB.
2026-10-01T10:45:41Z INFO [1826/2000] 81f1906d-f426-4dac-8e9d-e28e170edcda: attributed to 001697; 0.0 s; peak memory 702 MiB.
2026-10-01T10:45:41Z INFO [1827/2000] 81fc8686-b418-45c2-9bf7-a6f33468b6ad: attributed to 000026; 0.1 s; peak memory 702 MiB.
2026-10-01T10:45:41Z INFO [1828/2000] 81fe5ab0-2ed6-4ec0-a106-eeb757b0707c: attributed to 001697; 0.4 s; peak memory 702 MiB.
2026-10-01T10:45:41Z INFO [1829/2000] 821094e5-fcb8-4a4d-a627-0f83a02388a3: attributed to 000142; 0.0 s; peak memory 702 MiB.
2026-10-01T10:45:41Z INFO [1830/2000] 8210a252-54e6-4407-9a4e-612f8d5c051d: attributed to 000946; 0.1 s; peak memory 702 MiB.
2026-10-01T10:45:41Z INFO [1831/2000] 8217a46a-9814-47bd-8c25-30dc7eba347d: attributed to 001697; 0.0 s; peak memory 702 MiB.
2026-10-01T10:45:41Z INFO [1832/2000] 82220b02-7b2d-4fa3-ab1f-9143c1fcb1b6: attributed to 001449; 0.1 s; peak memory 702 MiB.
2026-10-01T10:45:42Z INFO [1833/2000] 8227b8c6-3ab2-4272-8acd-5434ec9f55b9: attributed to 000026; 0.1 s; peak memory 702 MiB.
2026-10-01T10:45:42Z INFO [1834/2000] 822e1f70-c9ca-4ae6-88a4-3866759e6c0f: attributed to 000570; 0.0 s; peak memory 702 MiB.
2026-10-01T10:45:42Z INFO [1835/2000] 822facc7-1c24-430a-9e70-4a34494c644c: attributed to 001437; 0.1 s; peak memory 702 MiB.
2026-10-01T10:45:42Z INFO [1836/2000] 822fcebd-b1ff-4b39-8e45-ec517c1d1e1a: attributed to 001697; 0.4 s; peak memory 702 MiB.
2026-10-01T10:45:42Z INFO [1837/2000] 8241f897-f6f8-4ffa-a8b9-f51575df79b2: attributed to 001697; 0.0 s; peak memory 702 MiB.
2026-10-01T10:45:42Z INFO [1838/2000] 82560d34-3041-4449-930c-d6f3babeb81c: attributed to 001697; 0.4 s; peak memory 702 MiB.
2026-10-01T10:45:43Z INFO [1839/2000] 8256e936-ab22-4e5a-b869-9ed3e5103823: attributed to 001697; 0.4 s; peak memory 702 MiB.
2026-10-01T10:45:43Z INFO [1840/2000] 8264e3f0-53cf-4955-a449-a7ddc7640cbf: attributed to 001697; 0.0 s; peak memory 702 MiB.
2026-10-01T10:45:44Z INFO [1841/2000] 82677709-c3ff-4614-b41a-b9dc7887e9ca: attributed to 002012; 0.9 s; peak memory 702 MiB.
2026-10-01T10:45:44Z INFO [1842/2000] 827394d4-0854-4294-ac3a-f510b93dc724: attributed to 000403; 0.0 s; peak memory 702 MiB.
2026-10-01T10:45:44Z INFO [1843/2000] 8278670a-b163-49a4-b04d-103f49546756: attributed to 000209; 0.0 s; peak memory 702 MiB.
2026-10-01T10:45:44Z INFO [1844/2000] 828e6db7-7b4b-4976-832a-f779913945d0: attributed to 001697; 0.4 s; peak memory 702 MiB.
2026-10-01T10:45:44Z INFO [1845/2000] 828eb034-b92c-4ac5-bee7-7031645829ec: attributed to 001697; 0.0 s; peak memory 702 MiB.
2026-10-01T10:45:44Z INFO [1846/2000] 82902394-c7b8-4297-8d17-0f6892d0f1ba: attributed to 001697; 0.4 s; peak memory 702 MiB.
2026-10-01T10:45:44Z INFO [1847/2000] 829557de-6a2e-4ada-a519-1645f9c28d6f: attributed to 000142; 0.0 s; peak memory 702 MiB.
2026-10-01T10:45:45Z INFO [1848/2000] 829b13e6-0316-4b06-9c7d-17ff3862824d: attributed to 000946; 0.1 s; peak memory 702 MiB.
2026-10-01T10:45:45Z INFO [1849/2000] 82a4989f-70fb-4e76-8e84-1609d1329c93: attributed to 001697; 0.0 s; peak memory 702 MiB.
2026-10-01T10:45:45Z INFO [1850/2000] 82a81e66-5fed-49af-9fe5-66b8c4a8daab: attributed to 001697; 0.3 s; peak memory 702 MiB.
2026-10-01T10:45:46Z INFO [1850/2000] 82a81e66-5fed-49af-9fe5-66b8c4a8daab: checkpointed 493113 records.
2026-10-01T10:45:46Z INFO [1851/2000] 82abf09b-df67-4469-93c5-9cb480f007d2: attributed to 000026; 0.1 s; peak memory 702 MiB.
2026-10-01T10:45:46Z INFO [1852/2000] 82adea7a-4a91-47c8-b5de-921ff3763f18: attributed to 001697; 0.0 s; peak memory 702 MiB.
2026-10-01T10:45:47Z INFO [1853/2000] 82b0a2b1-4927-4c36-819a-0ff95607a739: attributed to 001697; 0.4 s; peak memory 702 MiB.
2026-10-01T10:45:47Z INFO [1854/2000] 82b22922-5a87-4974-83a4-5a598ce3304f: attributed to 001697; 0.4 s; peak memory 702 MiB.
2026-10-01T10:45:47Z INFO [1855/2000] 82b7345c-e370-4132-8f83-08fb37f46d90: attributed to 001697; 0.0 s; peak memory 702 MiB.
2026-10-01T10:45:47Z INFO [1856/2000] 82c2cf35-0cdd-4d97-b58a-1853e73dba50: attributed to 001697; 0.4 s; peak memory 702 MiB.
2026-10-01T10:45:47Z INFO [1857/2000] 82c55b05-5698-4a6e-8d61-a38a339e5e76: attributed to 001697; 0.0 s; peak memory 702 MiB.
2026-10-01T10:45:47Z INFO [1858/2000] 82c66b75-e29f-43ff-8065-aa4e429d58f9: attributed to 000026; 0.1 s; peak memory 702 MiB.
2026-10-01T10:45:48Z INFO [1859/2000] 82c698f5-0840-4462-9221-11d4913dbd87: attributed to 001697; 0.4 s; peak memory 702 MiB.
2026-10-01T10:45:48Z INFO [1860/2000] 82cc6192-1394-4d50-92c6-bb484f75c9cd: attributed to 001697; 0.4 s; peak memory 702 MiB.
2026-10-01T10:45:48Z INFO [1861/2000] 82ce1e4c-f8be-4621-a916-90be97cb8156: attributed to 000946; 0.1 s; peak memory 702 MiB.
2026-10-01T10:45:48Z INFO [1862/2000] 82d750eb-6b8c-463b-bf27-de57f2c1f0ff: attributed to 000142; 0.0 s; peak memory 702 MiB.
2026-10-01T10:45:49Z INFO [1863/2000] 82d8dda1-bc6a-4c2d-9441-223d86645a59: attributed to 001697; 0.4 s; peak memory 702 MiB.
2026-10-01T10:45:49Z INFO [1864/2000] 82ea154d-884b-4b55-80bb-f71944ef9322: attributed to 001697; 0.0 s; peak memory 702 MiB.
2026-10-01T10:45:49Z INFO [1865/2000] 82ee3358-39b7-42e1-b5fd-fe2b378260f7: attributed to 001765; 0.2 s; peak memory 702 MiB.
2026-10-01T10:45:49Z INFO [1866/2000] 82f470ea-dc6e-40b9-8f2a-dd535622ab33: attributed to 001697; 0.0 s; peak memory 702 MiB.
2026-10-01T10:45:49Z INFO [1867/2000] 830bc72b-f9b1-4f75-949f-9cd61fd87c22: attributed to 001697; 0.5 s; peak memory 702 MiB.
2026-10-01T10:45:50Z INFO [1868/2000] 830c0438-0193-4fc7-a58b-836d204100ca: attributed to 001697; 0.4 s; peak memory 702 MiB.
2026-10-01T10:45:50Z INFO [1869/2000] 830f753c-d779-4a0d-8bb7-835736a33843: attributed to 001697; 0.3 s; peak memory 702 MiB.
2026-10-01T10:45:50Z INFO [1870/2000] 83127b58-b171-4939-8bde-805a1ac6efed: attributed to 001697; 0.3 s; peak memory 702 MiB.
2026-10-01T10:45:50Z INFO [1871/2000] 831295bf-03af-4103-a03f-ab547251c1be: attributed to 001063; 0.1 s; peak memory 702 MiB.
2026-10-01T10:45:50Z INFO [1872/2000] 831442ed-0343-4d42-85f4-1fce5da18a34: attributed to 000109; 0.0 s; peak memory 702 MiB.
2026-10-01T10:45:50Z INFO [1873/2000] 8317bda9-22e7-452a-870a-77259d472d14: attributed to 001449; 0.1 s; peak memory 702 MiB.
2026-10-01T10:45:50Z INFO [1874/2000] 832af483-585f-4e29-b5ff-c1fffb04f2bd: attributed to 000109; 0.0 s; peak memory 702 MiB.
2026-10-01T10:45:51Z INFO [1875/2000] 832eb2d1-450b-49fe-ad86-f232ab977498: attributed to 001697; 0.4 s; peak memory 702 MiB.
2026-10-01T10:45:51Z INFO [1876/2000] 83316c82-1eee-4124-86e6-37f19f76becf: attributed to 000142; 0.0 s; peak memory 702 MiB.
2026-10-01T10:45:51Z INFO [1877/2000] 833999ba-aecf-46f7-a030-87b7c4a15ef2: attributed to 000109; 0.0 s; peak memory 702 MiB.
2026-10-01T10:45:51Z INFO [1878/2000] 833b1f93-9ace-4f15-a8eb-680cfcae888d: attributed to 001697; 0.4 s; peak memory 702 MiB.
2026-10-01T10:45:52Z INFO [1879/2000] 833cbdf1-c8f1-4fef-bc35-d3a6053b392a: attributed to 001697; 0.4 s; peak memory 702 MiB.
2026-10-01T10:45:52Z INFO [1880/2000] 833d9918-4059-4fd1-af44-92a89d4bd7aa: attributed to 001697; 0.0 s; peak memory 702 MiB.
2026-10-01T10:45:52Z INFO [1881/2000] 83448efc-a03d-4a57-b6b1-5f4472e2e1ab: attributed to 001697; 0.0 s; peak memory 702 MiB.
2026-10-01T10:45:52Z INFO [1882/2000] 83454646-c31d-4d7a-b116-7ebc12429ca1: attributed to 000209; 0.0 s; peak memory 702 MiB.
2026-10-01T10:45:52Z INFO [1883/2000] 83485ef7-f9c5-445f-b55f-263023b1f8f6: attributed to 001697; 0.4 s; peak memory 702 MiB.
2026-10-01T10:45:52Z INFO [1884/2000] 8349cdd6-5fb0-4308-ac65-bbe1357f71c8: attributed to 001697; 0.0 s; peak memory 702 MiB.
2026-10-01T10:45:52Z INFO [1885/2000] 834a022e-c95d-4c4c-8a24-494dce5ef702: attributed to 000026; 0.1 s; peak memory 702 MiB.
2026-10-01T10:45:52Z INFO [1886/2000] 834a351b-6a72-4859-87fd-eff3776be8e7: attributed to 000026; 0.2 s; peak memory 702 MiB.
2026-10-01T10:45:52Z INFO [1887/2000] 834f324d-4f31-4ee7-ba21-d28faf0f9919: attributed to 000026; 0.2 s; peak memory 702 MiB.
2026-10-01T10:45:53Z INFO [1888/2000] 834f5cae-ed78-47a7-b550-131584e36ac2: attributed to 000946; 0.1 s; peak memory 702 MiB.
2026-10-01T10:45:53Z INFO [1889/2000] 8352133a-b0a1-4ae8-bbfd-b958a4fde628: attributed to 001697; 0.0 s; peak memory 702 MiB.
2026-10-01T10:45:53Z INFO [1890/2000] 83522ab0-61f8-4e98-a655-6823b9ceab84: attributed to 000109; 0.0 s; peak memory 702 MiB.
2026-10-01T10:45:53Z INFO [1891/2000] 8355d465-f296-4a60-8daf-1d601cf861f8: attributed to 001063; 0.1 s; peak memory 702 MiB.
2026-10-01T10:45:53Z INFO [1892/2000] 835d32e4-592f-4e11-97c4-d528b549ee48: attributed to 001697; 0.3 s; peak memory 702 MiB.
2026-10-01T10:45:53Z INFO [1893/2000] 8363a07f-42f5-44bd-92d0-a9f76976cb4f: attributed to 001063; 0.1 s; peak memory 702 MiB.
2026-10-01T10:45:53Z INFO [1894/2000] 83652b1a-4810-4596-a6d3-3ec2cca8f4ce: attributed to 001697; 0.0 s; peak memory 702 MiB.
2026-10-01T10:45:53Z INFO [1895/2000] 8367e759-a0c7-4458-b6b0-2d069ced9724: attributed to 000026; 0.1 s; peak memory 702 MiB.
2026-10-01T10:45:53Z INFO [1896/2000] 836a22e5-7563-4e78-be2a-31036de1a839: attributed to 001697; 0.0 s; peak memory 702 MiB.
2026-10-01T10:45:53Z INFO [1897/2000] 8375717e-47fa-43a0-9003-93ca2d965303: attributed to 000946; 0.1 s; peak memory 702 MiB.
2026-10-01T10:45:53Z INFO [1898/2000] 83882155-e468-4bc9-9a91-12cfc0e9529b: attributed to 001697; 0.0 s; peak memory 702 MiB.
2026-10-01T10:45:53Z INFO [1899/2000] 83889606-7192-4bfd-80cb-69edca21c13b: attributed to 001697; 0.0 s; peak memory 702 MiB.
2026-10-01T10:45:53Z INFO [1900/2000] 8397b5e1-42ef-46d6-8099-bb4d5f19d211: attributed to 000109; 0.0 s; peak memory 702 MiB.
2026-10-01T10:45:55Z INFO [1900/2000] 8397b5e1-42ef-46d6-8099-bb4d5f19d211: checkpointed 493113 records.
2026-10-01T10:45:55Z INFO [1901/2000] 839829ed-f117-417b-8378-a54955fde58d: attributed to 000026; 0.1 s; peak memory 702 MiB.
2026-10-01T10:45:56Z INFO [1902/2000] 83a0bc24-c715-48db-ba08-2ed121c72a15: attributed to 001697; 0.8 s; peak memory 702 MiB.
2026-10-01T10:45:56Z INFO [1903/2000] 83a378f2-16a5-4cfe-b0c2-7d2c22e61c20: attributed to 001791; 0.1 s; peak memory 702 MiB.
2026-10-01T10:45:56Z INFO [1904/2000] 83ae01b4-d8cf-4272-ab08-172038453161: attributed to 001873; 0.5 s; peak memory 702 MiB.
2026-10-01T10:45:57Z INFO [1905/2000] 83af5573-412a-4365-b4ee-1a9f47b2aa19: attributed to 001697; 0.4 s; peak memory 702 MiB.
2026-10-01T10:45:57Z INFO [1906/2000] 83b03dac-ccc9-404b-87c8-a1727451678d: attributed to 000026; 0.1 s; peak memory 702 MiB.
2026-10-01T10:45:57Z INFO [1907/2000] 83b148f5-1a92-4248-9b99-aafd4fd7e7e7: attributed to 000026; 0.1 s; peak memory 702 MiB.
2026-10-01T10:45:57Z INFO [1908/2000] 83b170e3-ae73-436c-be92-e63c05384a44: attributed to 001697; 0.0 s; peak memory 702 MiB.
2026-10-01T10:45:57Z INFO [1909/2000] 83b32384-ae0d-4442-bb21-3460c53d32e5: attributed to 000026; 0.1 s; peak memory 702 MiB.
2026-10-01T10:45:57Z INFO [1910/2000] 83c15d18-8d4f-489c-af6b-cc1426b7f529: attributed to 001697; 0.3 s; peak memory 702 MiB.
2026-10-01T10:45:57Z INFO [1911/2000] 83c64128-9f3e-410d-aab4-c2288b2ef27e: attributed to 000946; 0.1 s; peak memory 702 MiB.
2026-10-01T10:45:57Z INFO [1912/2000] 83c67ff3-257f-4af7-add3-93b1e195190d: attributed to 000026; 0.1 s; peak memory 702 MiB.
2026-10-01T10:45:58Z INFO [1913/2000] 83cbb2ce-b3c3-489a-b77d-759b9a321c11: attributed to 001697; 0.3 s; peak memory 702 MiB.
2026-10-01T10:45:58Z INFO [1914/2000] 83ce08b1-d427-4013-b713-0c152ebc9404: attributed to 001697; 0.0 s; peak memory 702 MiB.
2026-10-01T10:45:58Z INFO [1915/2000] 83cfb266-2a06-4290-883c-83b4a4e4bd00: attributed to 000946; 0.1 s; peak memory 702 MiB.
2026-10-01T10:45:58Z INFO [1916/2000] 83d0ab65-7881-4312-a7bb-4e5fdf5e3d53: attributed to 001697; 0.0 s; peak memory 702 MiB.
2026-10-01T10:45:58Z INFO [1917/2000] 83d6b481-dfcd-4fcb-bc76-bcc8461abc42: attributed to 000293; 0.0 s; peak memory 702 MiB.
2026-10-01T10:45:58Z INFO [1918/2000] 83f56512-ad8e-4994-9282-d9af5d04e572: attributed to 001697; 0.3 s; peak memory 702 MiB.
2026-10-01T10:45:58Z INFO [1919/2000] 8402cae4-0daf-4668-aa07-ff24bd5acafb: attributed to 001697; 0.3 s; peak memory 702 MiB.
2026-10-01T10:45:58Z INFO [1920/2000] 840363b3-5177-445f-8b5e-25b0f6af7b22: attributed to 000946; 0.1 s; peak memory 702 MiB.
2026-10-01T10:45:58Z INFO [1921/2000] 840a4411-85d3-4d54-9dc6-2d93dfa0a875: attributed to 001697; 0.0 s; peak memory 702 MiB.
2026-10-01T10:45:58Z INFO [1922/2000] 840c5907-34b3-468a-b90e-d1bd200f3f54: attributed to 001697; 0.0 s; peak memory 702 MiB.
2026-10-01T10:45:58Z INFO [1923/2000] 840f7b3f-fbd2-4c47-9091-c9c16de94b96: attributed to 001449; 0.1 s; peak memory 702 MiB.
2026-10-01T10:45:59Z INFO [1924/2000] 841160be-cc26-49ca-a006-d8b819e8db28: attributed to 001697; 0.7 s; peak memory 702 MiB.
2026-10-01T10:45:59Z INFO [1925/2000] 841c0770-47a7-487c-8330-08a62602324b: attributed to 001782; 0.1 s; peak memory 702 MiB.
2026-10-01T10:45:59Z INFO [1926/2000] 843422ae-5c83-419a-a8e8-f85b42e07b60: attributed to 000946; 0.1 s; peak memory 702 MiB.
2026-10-01T10:45:59Z INFO [1927/2000] 8435bd58-5ac0-480d-a8ba-a62b4caf060a: attributed to 001765; 0.1 s; peak memory 702 MiB.
2026-10-01T10:46:00Z INFO [1928/2000] 843d1d2e-4025-448b-89b3-64ef3113a997: attributed to 001697; 0.5 s; peak memory 702 MiB.
2026-10-01T10:46:00Z INFO [1929/2000] 84420bda-12e5-4e04-a847-5110636e0ae7: attributed to 001697; 0.0 s; peak memory 702 MiB.
2026-10-01T10:46:01Z INFO [1930/2000] 844737a8-5034-4d12-ad71-314c3035487b: attributed to 001697; 0.6 s; peak memory 702 MiB.
2026-10-01T10:46:01Z INFO [1931/2000] 8448cbb2-7fe0-446f-977b-1d9869b7cbf6: attributed to 001697; 0.0 s; peak memory 702 MiB.
2026-10-01T10:46:01Z INFO [1932/2000] 844d8117-bf50-400e-8a67-6fc0eed7516b: attributed to 001697; 0.7 s; peak memory 702 MiB.
2026-10-01T10:46:01Z INFO [1933/2000] 844ee17a-a095-472a-95e2-c1ebc9f76061: attributed to 001063; 0.1 s; peak memory 702 MiB.
2026-10-01T10:46:02Z INFO [1934/2000] 84551929-cc68-4790-b7e2-831ac0f1036d: attributed to 001697; 0.3 s; peak memory 702 MiB.
2026-10-01T10:46:02Z INFO [1935/2000] 8462d13c-d639-4ca0-b318-febf807aef18: attributed to 001697; 0.4 s; peak memory 702 MiB.
2026-10-01T10:46:02Z INFO [1936/2000] 8468879d-3222-45fd-81b3-548b6a046e9d: attributed to 001697; 0.4 s; peak memory 702 MiB.
2026-10-01T10:46:03Z INFO [1937/2000] 846977be-bcfd-40e4-a175-00bfc1347236: attributed to 000026; 0.1 s; peak memory 702 MiB.
2026-10-01T10:46:03Z INFO [1938/2000] 84727b25-8995-4d5d-bdb9-88af9e2c618c: attributed to 001697; 0.0 s; peak memory 702 MiB.
2026-10-01T10:46:03Z INFO [1939/2000] 84752602-90c2-42b8-9235-4018ac24474e: attributed to 001697; 0.0 s; peak memory 702 MiB.
2026-10-01T10:46:03Z INFO [1940/2000] 84771d6f-57f3-4362-b1ac-81bd455f7cbf: attributed to 001697; 0.0 s; peak memory 702 MiB.
2026-10-01T10:46:03Z INFO [1941/2000] 847d05a6-d910-4305-be7f-5f6d7222c840: attributed to 001697; 0.4 s; peak memory 702 MiB.
2026-10-01T10:46:03Z INFO [1942/2000] 847d661c-595a-41f9-be5c-bf5086f122c3: attributed to 001697; 0.0 s; peak memory 702 MiB.
2026-10-01T10:46:03Z INFO [1943/2000] 848bc6ec-903d-4045-9d66-b0d32c2fbc36: attributed to 001449; 0.1 s; peak memory 702 MiB.
2026-10-01T10:46:03Z INFO [1944/2000] 849142bf-f5cd-4ae4-b2c0-a7d5b6670f50: attributed to 000946; 0.1 s; peak memory 702 MiB.
2026-10-01T10:46:03Z INFO [1945/2000] 84923cf4-8d3a-4e7b-b0b6-ca2d2b9ee65d: attributed to 001697; 0.3 s; peak memory 702 MiB.
2026-10-01T10:46:03Z INFO [1946/2000] 8494093d-56d9-4a36-aefd-76190f3dcd3d: attributed to 000403; 0.0 s; peak memory 702 MiB.
2026-10-01T10:46:04Z INFO [1947/2000] 849638cb-6103-4013-a890-740011100d7c: attributed to 001063; 0.1 s; peak memory 702 MiB.
2026-10-01T10:46:04Z INFO [1948/2000] 8499b30b-f154-415f-a33e-7bb0324a1620: attributed to 001697; 0.0 s; peak memory 702 MiB.
2026-10-01T10:46:04Z INFO [1949/2000] 84a9e06e-0398-43f4-9496-5b6ddd923323: attributed to 000173; 0.1 s; peak memory 702 MiB.
2026-10-01T10:46:04Z INFO [1950/2000] 84ae28aa-fad8-4954-8551-293fc78dc2ff: attributed to 001697; 0.3 s; peak memory 702 MiB.
2026-10-01T10:46:05Z INFO [1950/2000] 84ae28aa-fad8-4954-8551-293fc78dc2ff: checkpointed 493113 records.
2026-10-01T10:46:05Z INFO [1951/2000] 84b2cd1f-959d-4fc4-a40c-fee4dcfff3a2: attributed to 000026; 0.2 s; peak memory 702 MiB.
2026-10-01T10:46:06Z INFO [1952/2000] 84b3efdc-5cf0-46d5-ac02-eb45b3cd8dd4: attributed to 001697; 0.4 s; peak memory 702 MiB.
2026-10-01T10:46:06Z INFO [1953/2000] 84c03d20-2d79-4df5-8566-a4f6110697d9: attributed to 001697; 0.0 s; peak memory 702 MiB.
2026-10-01T10:46:06Z INFO [1954/2000] 84cc1d01-727b-4dab-8daa-67a7a0a6750c: attributed to 000571; 0.1 s; peak memory 702 MiB.
2026-10-01T10:46:06Z INFO [1955/2000] 84d1ff75-60de-494d-8854-7c6ed27edb79: attributed to 001697; 0.4 s; peak memory 702 MiB.
2026-10-01T10:46:06Z INFO [1956/2000] 84d5fdf9-7c48-4283-92f3-d20ffe0e4ebb: attributed to 000026; 0.1 s; peak memory 702 MiB.
2026-10-01T10:46:06Z INFO [1957/2000] 84d902b2-67c5-479b-9ddb-1b34e1533d17: attributed to 001258; 0.0 s; peak memory 702 MiB.
2026-10-01T10:46:07Z INFO [1958/2000] 84e169fe-cc0f-490e-a823-4b2f69a24bc2: attributed to 001697; 0.6 s; peak memory 702 MiB.
2026-10-01T10:46:07Z INFO [1959/2000] 84e8eb4d-a3d0-43a8-af05-1cc206cebc73: attributed to 000026; 0.2 s; peak memory 702 MiB.
2026-10-01T10:46:07Z INFO [1960/2000] 84ea8ca6-6d5c-4a3a-9199-e7006e9de352: attributed to 001697; 0.0 s; peak memory 702 MiB.
2026-10-01T10:46:07Z INFO [1961/2000] 84f0d397-c032-4125-8cb5-b2063f62d97a: attributed to 001063; 0.1 s; peak memory 702 MiB.
2026-10-01T10:46:07Z INFO [1962/2000] 84f3f080-bd65-409a-ba7f-4cc8768cada2: attributed to 001697; 0.0 s; peak memory 702 MiB.
2026-10-01T10:46:08Z INFO [1963/2000] 84fa0c1d-b3f3-4989-ba59-cd60d7da11b2: attributed to 001697; 0.5 s; peak memory 702 MiB.
2026-10-01T10:46:08Z INFO [1964/2000] 84fdd0be-1556-4e65-83ff-729285cc82ae: attributed to 001697; 0.0 s; peak memory 702 MiB.
2026-10-01T10:46:08Z INFO [1965/2000] 84fe6439-98d1-48f8-8603-cd68681e5003: attributed to 000946; 0.1 s; peak memory 702 MiB.
2026-10-01T10:46:08Z INFO [1966/2000] 850702d6-11ee-4b38-8111-e654651d8a4c: attributed to 001697; 0.0 s; peak memory 702 MiB.
2026-10-01T10:46:08Z INFO [1967/2000] 851182b6-abbe-4b30-b1a3-ec5a2f887863: attributed to 000026; 0.2 s; peak memory 702 MiB.
2026-10-01T10:46:08Z INFO [1968/2000] 851768f9-bfe6-4fd9-a858-fe5021ce12f2: attributed to 001697; 0.0 s; peak memory 702 MiB.
2026-10-01T10:46:09Z INFO [1969/2000] 851a97e5-45a9-47b8-93d3-66d2d0e0f2fc: attributed to 001873; 0.4 s; peak memory 702 MiB.
2026-10-01T10:46:09Z INFO [1970/2000] 852136cb-9116-4b0d-8a28-c5eff3f53b88: attributed to 000026; 0.1 s; peak memory 702 MiB.
2026-10-01T10:46:09Z INFO [1971/2000] 85273747-6142-4a7f-9e38-ebd1ba4c8e39: attributed to 001697; 0.3 s; peak memory 702 MiB.
2026-10-01T10:46:09Z INFO [1972/2000] 8527989a-4be1-4a17-a113-ed44cf3bcc40: attributed to 001697; 0.4 s; peak memory 702 MiB.
2026-10-01T10:46:09Z INFO [1973/2000] 852a39d8-8404-401f-8c12-9318f67c615d: attributed to 001449; 0.1 s; peak memory 702 MiB.
2026-10-01T10:46:10Z INFO [1974/2000] 852c1b16-7335-49bf-98c8-48382d8ecd96: attributed to 000026; 0.1 s; peak memory 702 MiB.
2026-10-01T10:46:10Z INFO [1975/2000] 852ef692-be78-4835-b91f-ad6a0a978a9d: attributed to 001697; 0.0 s; peak memory 702 MiB.
2026-10-01T10:46:10Z INFO [1976/2000] 85300787-a02c-4a43-aa40-84b590e08387: attributed to 000026; 0.5 s; peak memory 702 MiB.
2026-10-01T10:46:10Z INFO [1977/2000] 853345b5-4c86-4fc9-b843-949005788f07: attributed to 001697; 0.4 s; peak memory 702 MiB.
2026-10-01T10:46:11Z INFO [1978/2000] 853c6179-eb6c-4611-a311-82dca01ec878: attributed to 001749; 0.1 s; peak memory 702 MiB.
2026-10-01T10:46:11Z INFO [1979/2000] 853f2276-abb8-4fea-bfdb-a22e3316e533: attributed to 001697; 0.0 s; peak memory 702 MiB.
2026-10-01T10:46:11Z INFO [1980/2000] 85460451-0227-42f7-aacd-0d55d623ff30: attributed to 000209; 0.0 s; peak memory 702 MiB.
2026-10-01T10:46:11Z INFO [1981/2000] 8547770b-b35b-44b7-b487-3ac62f1f7d51: attributed to 000946; 0.1 s; peak memory 702 MiB.
2026-10-01T10:46:11Z INFO [1982/2000] 85591d4a-9ad5-4aff-b6d5-8b2845fbdd75: attributed to 001697; 0.0 s; peak memory 702 MiB.
2026-10-01T10:46:11Z INFO [1983/2000] 855a409a-ab80-4eee-8912-c86f65b7ef02: attributed to 001697; 0.0 s; peak memory 702 MiB.
2026-10-01T10:46:11Z INFO [1984/2000] 855b6592-3f74-47d4-adbf-bb5060bcddfc: attributed to 000142; 0.0 s; peak memory 702 MiB.
2026-10-01T10:46:11Z INFO [1985/2000] 8562204b-69fd-47a5-9836-6a26298637f0: attributed to 001697; 0.0 s; peak memory 702 MiB.
2026-10-01T10:46:11Z INFO [1986/2000] 85672607-89a5-42c2-bdbf-22816db5ad25: attributed to 001697; 0.0 s; peak memory 702 MiB.
2026-10-01T10:46:11Z INFO [1987/2000] 857044dd-f6b8-4377-8f2f-e9505aafadae: attributed to 001697; 0.5 s; peak memory 702 MiB.
2026-10-01T10:46:11Z INFO [1988/2000] 857994ac-7ede-46a4-88f5-9d5f890ab098: attributed to 001697; 0.0 s; peak memory 702 MiB.
2026-10-01T10:46:11Z INFO [1989/2000] 857e4de9-c0d3-4c29-8171-3bd470343ed9: attributed to 001697; 0.0 s; peak memory 702 MiB.
2026-10-01T10:46:12Z INFO [1990/2000] 858614d1-8804-46da-96d6-3dbb26a2103b: attributed to 001697; 0.9 s; peak memory 702 MiB.
2026-10-01T10:46:13Z INFO [1991/2000] 858e673c-6530-4775-9c93-83f31cf09bb8: attributed to 001697; 0.9 s; peak memory 702 MiB.
2026-10-01T10:46:14Z INFO [1992/2000] 8590fe6e-3289-4793-8e63-496ceb6a53e2: attributed to 001873; 0.6 s; peak memory 702 MiB.
2026-10-01T10:46:14Z INFO [1993/2000] 85912da3-c9b4-48b1-a1c9-403dfecc1dd0: attributed to 001697; 0.0 s; peak memory 702 MiB.
2026-10-01T10:46:14Z INFO [1994/2000] 85933844-fc2f-4833-bf29-20363bfda2bd: attributed to 000026; 0.2 s; peak memory 702 MiB.
2026-10-01T10:46:14Z INFO [1995/2000] 859486fd-e437-4892-80ed-053c21aa1a59: attributed to 001697; 0.5 s; peak memory 702 MiB.
2026-10-01T10:46:14Z INFO [1996/2000] 859bdd75-3500-4736-9bde-7e2195186c00: attributed to 001697; 0.0 s; peak memory 702 MiB.
2026-10-01T10:46:14Z INFO [1997/2000] 85a65b98-b1a1-4b6d-a4c0-3d8434a0f1ed: attributed to 001697; 0.0 s; peak memory 702 MiB.
2026-10-01T10:46:14Z INFO [1998/2000] 85a89c71-7d8b-45ac-8b39-cdb80c01d98b: attributed to 001697; 0.0 s; peak memory 702 MiB.
2026-10-01T10:46:14Z INFO [1999/2000] 85a8de2a-e2dc-4fda-98d2-9521acef62fc: attributed to 000026; 0.1 s; peak memory 702 MiB.
2026-10-01T10:46:14Z INFO [2000/2000] 85afe60f-82da-4c32-80f5-62535ac79324: attributed to 001697; 0.0 s; peak memory 702 MiB.
2026-10-01T10:46:15Z INFO [2000/2000] 85afe60f-82da-4c32-80f5-62535ac79324: checkpointed 493113 records.
2026-10-01T10:46:17Z INFO Wrote 493113 records to /tmp/derivatives/content_id_to_usage_dandiset_path.jsonl (2000 new, 0 failed) in 13.8 min (peak memory 702 MiB).
2026-10-01T10:46:17Z INFO Resolved 2000 ambiguous content IDs; 5994 of 11748 are now current, leaving 5754 for later runs.
